Dialogue_ID,Utterance_ID,Speaker,Emotion,Utterance
0,0,Ses01F_impro01_F,neutral,Excuse me.
0,1,Ses01F_impro01_M,frustration,Do you have your forms?
0,2,Ses01F_impro01_F,neutral,Yeah.
0,3,Ses01F_impro01_M,frustration,Let me see them.
0,4,Ses01F_impro01_F,neutral,Is there a problem?
0,5,Ses01F_impro01_M,frustration,Who told you to get in this line?
0,6,Ses01F_impro01_F,neutral,You did.
0,7,Ses01F_impro01_F,neutral,You were standing at the beginning and you directed me.
0,8,Ses01F_impro01_M,frustration,Okay. But I didn't tell you to get in this line if you are filling out this particular form.
0,9,Ses01F_impro01_F,neutral,Well what's the problem?  Let me change it.
0,10,Ses01F_impro01_M,frustration,This form is a Z.X.four.
0,11,Ses01F_impro01_M,frustration,"You can't--  This is not the line for Z.X.four.  If you're going to fill out the Z.X.four, you need to have a different form of ID."
0,12,Ses01F_impro01_F,frustration,What?  I'm getting an ID.  This is why I'm here.  My wallet was stolen.
0,13,Ses01F_impro01_M,frustration,No. I need another set of ID to prove this is actually you.
0,14,Ses01F_impro01_F,frustration,How am I supposed to get an ID without an ID?  How does a person get an ID in the first place?
0,15,Ses01F_impro01_M,frustration,I don't know.  But I need an ID to pass this form along.  I can't just send it along without an ID.
0,16,Ses01F_impro01_F,frustration,I'm here to get an ID.
0,17,Ses01F_impro01_M,frustration,"No.  I need another ID, a separate one."
0,18,Ses01F_impro01_F,frustration,Like what?  Like a birth certificate?
0,19,Ses01F_impro01_M,frustration,"A birth certificate, a passport...a student ID; didn't you go to school?  Anything?"
0,20,Ses01F_impro01_F,neutral,Who the hell has a birth certificate?
0,21,Ses01F_impro01_F,frustration,"Yes but my wallet was stolen, I don't have anything.  I don't have any credit cards, I don't have my ID.  Don't you have things on file here?"
0,22,Ses01F_impro01_M,frustration,"Yeah.  We keep it on file, but we need an ID to access that file."
0,23,Ses01F_impro01_F,anger,That's out of control.
0,24,Ses01F_impro01_M,anger,I don't understand why this is so complicated for people when they get here.  It's just a simple form.  I just need an ID.
0,25,Ses01F_impro01_F,frustration,How long have you been working here?
0,26,Ses01F_impro01_M,neutral,Actually too long.
0,27,Ses01F_impro01_F,neutral,"Clearly.  You know, do you have like a supervisor or something?"
0,28,Ses01F_impro01_M,anger,Yeah.  Do you want to see my supervisor?  Huh? Yeah.  Do you want to see my supervisor?  Fine.  I'll be right back.
0,29,Ses01F_impro01_F,frustration,That would - I would appreciate that.  Yeah.
1,0,Ses01F_impro02_F,sadness,Did you get the mail? So you saw my letter?
1,1,Ses01F_impro02_M,neutral,It's not fair.
1,2,Ses01F_impro02_F,sadness,Yeah.  I know.
1,3,Ses01F_impro02_M,sadness,"I don't understand.  You've already done so much, I don't know why do you have to go back."
1,4,Ses01F_impro02_F,sadness,I don't know.  I put in that. request too. They didn't...
1,5,Ses01F_impro02_F,neutral,"I guess, you know, everybody has to make sacrifices."
1,6,Ses01F_impro02_M,neutral,"I don't know, it's just not fair.  I think you've already made your sacrifice."
1,7,Ses01F_impro02_F,sadness,"There's people that have given more though, you know?"
1,8,Ses01F_impro02_M,frustration,I just don't see how they can make you leave when you have a new baby - we have a new kid.
1,9,Ses01F_impro02_F,sadness,I know.
1,10,Ses01F_impro02_M,neutral,Then why is that fair?  Why--
1,11,Ses01F_impro02_F,neutral,"There's babies over there, though, that need mothers."
1,12,Ses01F_impro02_M,sadness,I don't know how you can be okay with this?  I don't know why you're not-- you're fine with it.
1,13,Ses01F_impro02_F,neutral,"I'm not okay with it, but I don't-- it's not like I have a choice.  I don't see what crying about it is going to fix."
1,14,Ses01F_impro02_M,neutral,I'm just trying to think of another way.  I'm just trying to...
1,15,Ses01F_impro02_F,sadness,"Just, you know, kicking myself."
1,16,Ses01F_impro02_F,neutral,like you sign up because you need money and
1,17,Ses01F_impro02_F,sadness,things just aren't what they seem.
1,18,Ses01F_impro02_M,neutral,This is a stupid war.
1,19,Ses01F_impro02_F,neutral,"We're doing the right thing, though."
1,20,Ses01F_impro02_M,frustration,I know.
1,21,Ses01F_impro02_M,sadness,I just don't see why it has to be you.
1,22,Ses01F_impro02_F,sadness,"If not me then, who?"
1,23,Ses01F_impro02_M,sadness,What am I going to do? Huh?
1,24,Ses01F_impro02_F,sadness,"You'll videotape everything, yeah?"
1,25,Ses01F_impro02_M,sadness,Yeah.
1,26,Ses01F_impro02_F,sadness,"Maybe you can send it to me, like stream it, yeah?"
1,27,Ses01F_impro02_M,neutral,Don't you guys have access to computers over there.
1,28,Ses01F_impro02_F,sadness,Last month--  Yeah.
1,29,Ses01F_impro02_M,sadness,I just don't know how I'm going to do it without you.
1,30,Ses01F_impro02_F,neutral,I have to find sitters.
1,31,Ses01F_impro02_M,sadness,I can't raise a baby by myself.  How?
1,32,Ses01F_impro02_F,sadness,"We've got friends, that's why we moved here, huh?  Because there is a day care down the street."
1,33,Ses01F_impro02_M,neutral,I know.
1,34,Ses01F_impro02_F,neutral,And your mother is close by.
1,35,Ses01F_impro02_F,sadness,I'll send you lots of letters.
1,36,Ses01F_impro02_F,sadness,And I want lots and lots and lots of pictures.
1,37,Ses01F_impro02_M,frustration,It's just not fair.
2,0,Ses01F_impro03_M,neutral,So what's up?  What's new?
2,1,Ses01F_impro03_F,happiness,Well Vegas was awesome.
2,2,Ses01F_impro03_M,neutral,Yeah.  I heard.
2,3,Ses01F_impro03_F,happiness,"And, um, I got married."
2,4,Ses01F_impro03_M,neutral,Shut up.  No- in Vegas?
2,5,Ses01F_impro03_F,happiness,Yeah.  In the old town part.
2,6,Ses01F_impro03_M,neutral,Who did you marry?
2,7,Ses01F_impro03_F,neutral,Chuck. [LAUGHTER]
2,8,Ses01F_impro03_M,neutral,Did you propose to you?
2,9,Ses01F_impro03_F,happiness,Um- Yes.  It was very romantic.
2,10,Ses01F_impro03_F,happiness,It was at the slot machines.
2,11,Ses01F_impro03_M,neutral,Oh.  The Wheel of Fortune slots?
2,12,Ses01F_impro03_F,happiness,"Uhuh, uhuh.  He won big and he-and he realized that the only thing that would make it better was me as his bride."
2,13,Ses01F_impro03_M,neutral,He turned to you and was like...
2,14,Ses01F_impro03_F,neutral,Hey.  Let's get married and I said okay.
2,15,Ses01F_impro03_M,happiness,[LAUGHTER] That's really romantic.
2,16,Ses01F_impro03_F,happiness,"Yeah.  Well.  You know, because he's leaving the next day."
2,17,Ses01F_impro03_M,neutral,Yeah.
2,18,Ses01F_impro03_F,happiness,But we're going to have a honeymoon cruise.
2,19,Ses01F_impro03_M,neutral,"Does that mean that you're going to get citizenship, too, in- in England or whatever?"
2,20,Ses01F_impro03_F,happiness,Oh.  I hadn't even thought about that.
2,21,Ses01F_impro03_M,neutral,Yeah.  Think about that.
2,22,Ses01F_impro03_F,neutral,"He's not going to be a citizen, though."
2,23,Ses01F_impro03_M,neutral,Yeah.  But he'll have like a long visa.  Can you go visit then for a long time?
2,24,Ses01F_impro03_F,happiness,Oh.  Totally.
2,25,Ses01F_impro03_M,neutral,"Oh, how are you going to do the long distance thing?  So wait, are you going to move there?"
2,26,Ses01F_impro03_F,happiness,I guess I'll-  I guess I'll have an internet husband.[LAUGHTER]
2,27,Ses01F_impro03_M,happiness,Like you need another one of those.[LAUGHTER]
2,28,Ses01F_impro03_F,neutral,I have an internet boyfriend.  I guess I'll have to juggle the two.  Is that cheating?  I don't know. Hmm.
2,29,Ses01F_impro03_M,happiness,Is that your phone?
2,30,Ses01F_impro03_F,neutral,"Yeah, so [LAUGHTER] He's calling me now"
2,31,Ses01F_impro03_M,happiness,He loves you.
2,32,Ses01F_impro03_F,happiness,"He likes to keep tabs, you know."
2,33,Ses01F_impro03_M,neutral,How much did he win at the slot?
2,34,Ses01F_impro03_F,neutral,"Uh, I think seven hundred and fifty dollars."
2,35,Ses01F_impro03_M,neutral,Really? Penny slots?
2,36,Ses01F_impro03_F,neutral,Penny slots. That's what he plays.
2,37,Ses01F_impro03_M,neutral,Wow.
2,38,Ses01F_impro03_F,neutral,Yeah.
2,39,Ses01F_impro03_M,neutral,I'm a big fan of the Wheel of Fortune quarters. But it just costs so much.  I don't know.
2,40,Ses01F_impro03_F,neutral,Oh.
2,41,Ses01F_impro03_F,happiness,Yeah.  We played Wheel of Fortune pennies.  It's like a giant thing with like-
2,42,Ses01F_impro03_M,neutral,"But the pennies always get you because you end up spending like, you know, fifty bucks."
2,43,Ses01F_impro03_F,neutral,Fifty bucks. Mmhmm.
2,44,Ses01F_impro03_M,neutral,"like, wait, but it's just pennies.  You're like, wait a minute I'm on to you."
2,45,Ses01F_impro03_F,neutral,Yeah.
2,46,Ses01F_impro03_F,happiness,Well so now we're married. We have cat children.
2,47,Ses01F_impro03_M,neutral,Awesome.
2,48,Ses01F_impro03_M,happiness,[LAUGHTER] Cat babies.
2,49,Ses01F_impro03_F,happiness,"We renamed Brenda, Lumber Janet."
2,50,Ses01F_impro03_M,neutral,That's fair enough.
2,51,Ses01F_impro03_F,happiness,She needs a new name each state that we go into. [LAUGHTER]
3,0,Ses01F_impro04_M,neutral,"Have you tried, uh, Craig's List?"
3,1,Ses01F_impro04_F,neutral,"Uh, what?  Craig's List?  Oh the internet thing?"
3,2,Ses01F_impro04_M,neutral,Yeah.
3,3,Ses01F_impro04_F,neutral,I don't know.  Isn't that-- that's all like escort services and things like that.
3,4,Ses01F_impro04_M,neutral,No.  There's regular jobs on there.
3,5,Ses01F_impro04_F,frustration,"I don't know.  I mean I've been looking for so long that I just figured that--  I mean, I think things like Monster are a lot more reliable than just some random free board."
3,6,Ses01F_impro04_M,neutral,Uh huh.
3,7,Ses01F_impro04_M,neutral,I'm just saying I have a friend that got a good job on it so I was just recommending it.
3,8,Ses01F_impro04_F,neutral,What kind of a job?
3,9,Ses01F_impro04_M,neutral,He's like a manager for a theatre.
3,10,Ses01F_impro04_F,neutral,Really?
3,11,Ses01F_impro04_M,neutral,He's like a house manager. Yeah.  It's a good job.
3,12,Ses01F_impro04_F,neutral,He just...
3,13,Ses01F_impro04_F,neutral,you know what?  I heard about that job.  I applied for that.
3,14,Ses01F_impro04_M,neutral,You did?
3,15,Ses01F_impro04_F,frustration,Yeah.  I saw a posting at the theatre.
3,16,Ses01F_impro04_M,neutral,Yeah.
3,17,Ses01F_impro04_F,neutral,He got it?
3,18,Ses01F_impro04_M,neutral,You've been looking for a job for a long time; that was a long time ago.  Right?
3,19,Ses01F_impro04_F,neutral,Yeah.
3,20,Ses01F_impro04_M,neutral,Hmm.
3,21,Ses01F_impro04_F,neutral,What did he do?  What was so great?  I don't understand why they would pick him over me.
3,22,Ses01F_impro04_M,neutral,I don't know.  He had a really good resume I guess and--
3,23,Ses01F_impro04_F,neutral,A resume?
3,24,Ses01F_impro04_M,neutral,Yeah.  Do you have a resume?
3,25,Ses01F_impro04_F,neutral,No.
3,26,Ses01F_impro04_M,neutral,It's kind of helpful when getting a job.
3,27,Ses01F_impro04_F,neutral,I just- I mean I call people up and I tell them what I'm good at.
3,28,Ses01F_impro04_M,neutral,Well maybe we should sit down some time and you can just tell me all the stuff that you have done and I'll write it out.
3,29,Ses01F_impro04_F,neutral,Yeah.
3,30,Ses01F_impro04_F,neutral,I don't like- I don't like sending things in the mail.  I don't want my information out there.
3,31,Ses01F_impro04_M,neutral,"No.  You can- or you can just bring it in person.  But they need, generally, something to see, you know, what kind of what that you've done, what kind of--"
3,32,Ses01F_impro04_F,frustration,I'm there in front of them.  I'm telling them what I'm good at.
3,33,Ses01F_impro04_M,neutral,"Yeah.  But the piece of paper helps, too."
3,34,Ses01F_impro04_F,frustration,Why?  It's a piece of paper.
3,35,Ses01F_impro04_M,neutral,"No.  But it has an outline, you know."
3,36,Ses01F_impro04_F,frustration,"I just don't want this paper trail, you know.  I just don't want things following me around, like-."
3,37,Ses01F_impro04_M,neutral,"I know.  Okay.  Well, um. Maybe--"
3,38,Ses01F_impro04_F,frustration,"It's just-- You know, I've had this problem before.  You're not the first person to tell me that I need a resume but..."
3,39,Ses01F_impro04_M,neutral,Yeah.
3,40,Ses01F_impro04_M,neutral,"Okay, yeah.  I would imagine."
3,41,Ses01F_impro04_F,neutral,..I just-..I just think it's kind of prejudiced and they are really discriminating against people who just aren't that way.
3,42,Ses01F_impro04_M,neutral,"Well, sometimes you have to do things that you don't necessarily like to do to have a job. But the job affords you money, you won't have to be taking the bus right now."
3,43,Ses01F_impro04_F,frustration,"That's baloney, that's baloney."
3,44,Ses01F_impro04_F,frustration,Please.
3,45,Ses01F_impro04_M,neutral,maybe get a car.
3,46,Ses01F_impro04_M,neutral,"I just, you know, think you should try a little harder maybe."
3,47,Ses01F_impro04_F,frustration,you think that you're better than me because I don't have a car?
3,48,Ses01F_impro04_M,neutral,I didn't say that.
3,49,Ses01F_impro04_F,frustration,"You know, you're riding the bus, too."
3,50,Ses01F_impro04_M,neutral,"I am riding the bus, but by choice."
3,51,Ses01F_impro04_F,frustration,Why?  What choice?
3,52,Ses01F_impro04_M,neutral,"To save the environment, carpool."
3,53,Ses01F_impro04_F,frustration,You're saving the environment. mmhmm
3,54,Ses01F_impro04_M,neutral,Yes.  One less car at a time.
3,55,Ses01F_impro04_F,frustration,Interesting.  That's fantastic.
3,56,Ses01F_impro04_M,neutral,Mmhmm.
3,57,Ses01F_impro04_M,frustration,"You know, you don't have to take out your frustration on me, you know, just because..."
3,58,Ses01F_impro04_F,anger,I'm not frustrated.
3,59,Ses01F_impro04_M,frustration,...you can't get a job and refuse to have a resume.
3,60,Ses01F_impro04_F,anger,Who do you think you are?
3,61,Ses01F_impro04_M,neutral,I don't think I'm anyone.
3,62,Ses01F_impro04_F,anger,You are so high and mighty.  I just--
3,63,Ses01F_impro04_M,neutral,I- I-I didn't-- okay.
3,64,Ses01F_impro04_F,anger,Oh.  I'm saving the environment. I'm riding this car because I- I want to.
3,65,Ses01F_impro04_M,neutral,What?  No.
3,66,Ses01F_impro04_M,frustration,What? Oh.  So now you're...
3,67,Ses01F_impro04_F,anger,"The bus, I'm riding the bus because I want to."
3,68,Ses01F_impro04_M,frustration,you know what?  You don't have to take your anger and your hurt out on me.
3,69,Ses01F_impro04_F,anger,I can not-- you are not here by choice.  Nobody would ride this bus by choice.
3,70,Ses01F_impro04_M,neutral,Why not?
4,0,Ses01F_impro05_F,frustration,Hi.
4,1,Ses01F_impro05_M,neutral,Hi.  Thanks for waiting.
4,2,Ses01F_impro05_F,frustration,Yeah. This is the fourth line that I have been in.
4,3,Ses01F_impro05_M,happiness,Can I help you?
4,4,Ses01F_impro05_M,happiness,Uh huh.
4,5,Ses01F_impro05_F,frustration,I need my bag.
4,6,Ses01F_impro05_M,neutral,Okay.
4,7,Ses01F_impro05_F,frustration,"I flew in over three hours ago, I've been in four different lines."
4,8,Ses01F_impro05_M,neutral,Okay.
4,9,Ses01F_impro05_F,frustration,I waited the entire baggage- I waited for the whole baggage carousel four times.  They told me to go to the next one.  I waited through that for three planes and now I'm here.
4,10,Ses01F_impro05_M,neutral,Okay.  Great.  I'm really sorry that you had to do that.  What's your last name?  Let's start there.
4,11,Ses01F_impro05_F,frustration,Nash.
4,12,Ses01F_impro05_M,neutral,Okay.
4,13,Ses01F_impro05_F,neutral,No G.
4,14,Ses01F_impro05_M,neutral,all right- okay.  And you lost your bag? Is that- that the issue?
4,15,Ses01F_impro05_F,frustration,Yes.
4,16,Ses01F_impro05_F,anger,Flight seven fourteen.
4,17,Ses01F_impro05_M,neutral,Uh-huh.
4,18,Ses01F_impro05_F,anger,"Am I going to be getting, like, free tickets, free mileage. When can I expect my bag here?"
4,19,Ses01F_impro05_M,neutral,"Yeah. Yeah, I don't see- I don't see any--"
4,20,Ses01F_impro05_M,neutral,"I don't see any record of it, and I-usually when I don't see a record of it, that means um-"
4,21,Ses01F_impro05_M,neutral,"we've mistakenly lost your baggage.  We're very sorry.  On behalf of Jet Blue I would like to apologize for any inconvenience.  I am allowed to issue you a fifty dollar gift card which you can use any future flights you want to take with us.  I'm very sorry, once again..."
4,22,Ses01F_impro05_F,neutral,"Oh, Are you kidding me?"
4,23,Ses01F_impro05_M,neutral,"for such an inconvenience and your bag, but"
4,24,Ses01F_impro05_F,anger,Is this a joke?
4,25,Ses01F_impro05_M,neutral,Yeah.
4,26,Ses01F_impro05_M,neutral,"No, no."
4,27,Ses01F_impro05_F,anger,"Are there candid cameras?  Is this that movie? There's that show, right?  Airplane, airline."
4,28,Ses01F_impro05_M,neutral,"No, no.  This is real."
4,29,Ses01F_impro05_F,neutral,So you'll give me money and then I'll get my bag?
4,30,Ses01F_impro05_M,neutral,"No.  I'm just giving you money, the bag is gone.  If it's not here, I'm really sorry there is nothing I can do because..."
4,31,Ses01F_impro05_M,neutral,this is the only track record that we have and if it's not listed here then it's probably not anywhere.
4,32,Ses01F_impro05_F,anger,"You're kidding me, this is a joke."
4,33,Ses01F_impro05_M,neutral,"Once again, I'm really- I'm really sorry."
4,34,Ses01F_impro05_F,anger,Do you have any idea-- fifty dollars?  That's supposed to replace everything that I have?  Do you understand how much I have packed in there? Not only does it have sentimental value; it can't be replaced like that.  It was incredibly expensive.
4,35,Ses01F_impro05_M,neutral,Yes.
4,36,Ses01F_impro05_M,neutral,I know.
4,37,Ses01F_impro05_F,anger,We flew in from Paris.  I've been shopping for three weeks.
4,38,Ses01F_impro05_M,neutral,"I'm very sorry.  But if you see the sign that's right behind me here, it spells it out really clearly that we are not held liable--"
4,39,Ses01F_impro05_F,anger,I don't care what you're freaking sign says.  Somebody- Somebody needs to replace everything I've got there and give me money for my inconvenience.
4,40,Ses01F_impro05_M,neutral,Okay. Calm-
4,41,Ses01F_impro05_M,neutral,"Actually, we are not necessarily liable to give you- to even give you this fifty dollars so... it's actually- it's actually really"
4,42,Ses01F_impro05_F,anger,Do you understand who my husband is?
4,43,Ses01F_impro05_F,anger,"If you're- if you're- if you're looking for a lawsuit, baby, you've found it."
4,44,Ses01F_impro05_M,neutral,"We are actually not even allowed--  you know, like we don't have to give you this fifty dollars.  We don't have to do that."
4,45,Ses01F_impro05_F,anger,Oh-Oh.  It's a gift.  You're-You're helping me out here?
4,46,Ses01F_impro05_M,neutral,It's a gift.
4,47,Ses01F_impro05_M,neutral,"You know, the airlines can not be held responsible for every bag of luggage that comes through here."
4,48,Ses01F_impro05_F,anger,You are cruising for a bruising.  You are in so much trouble.
4,49,Ses01F_impro05_M,neutral,With the amount of--
4,50,Ses01F_impro05_F,anger,Who's in charge?  Who is the president of Jet Blue?
4,51,Ses01F_impro05_M,neutral,"Um, actually, I don't know. I don't know. Oh really?"
4,52,Ses01F_impro05_F,anger,Because I probably know him.
4,53,Ses01F_impro05_F,anger,Yeah.
4,54,Ses01F_impro05_M,neutral,Well then maybe you can just call him and he can give you more money.  But right now all I can do--
4,55,Ses01F_impro05_F,anger,"I don't want money, I want my clothes."
4,56,Ses01F_impro05_M,neutral,"Right now all I can do is just give you this fifty dollars, I'm really sorry."
4,57,Ses01F_impro05_F,anger,What's your name?
4,58,Ses01F_impro05_M,neutral,Oh.  My name is Sean. Hi.
4,59,Ses01F_impro05_F,neutral,Sean.  Great. Do you have a badge number or something?
4,60,Ses01F_impro05_M,neutral,"Badge number?  Uh, no.  You can just take my employee number I guess."
4,61,Ses01F_impro05_F,anger,Okay.  I'll do that.
4,62,Ses01F_impro05_M,neutral,Why?  Have I done something wrong?  Have I given you bad service?  I feel like I have done the best I could.
4,63,Ses01F_impro05_F,anger,I don't think you have done everything you could do because I don't have my bag here yet.
4,64,Ses01F_impro05_M,neutral,"If you want, you can write a letter.  I can give you the address. Yes.  An angry--"
4,65,Ses01F_impro05_F,anger,A letter? I'll make a personal phone call.
4,66,Ses01F_impro05_M,neutral,"Or you can make a phone call.  But I think a letter might be a little more-- in my impression, letters have more..."
5,0,Ses01F_impro06_M,sadness,"I'm sorry, Joy."
5,1,Ses01F_impro06_F,neutral,It's okay.
5,2,Ses01F_impro06_M,neutral,Is there anything I can get you?  Do you want me to take care of anything for you or...?
5,3,Ses01F_impro06_F,neutral,"No, no, no."
5,4,Ses01F_impro06_M,neutral,...pick up anything?
5,5,Ses01F_impro06_F,sadness,No.
5,6,Ses01F_impro06_M,sadness,You know you are welcome to stay at my house if you want to just check out for a couple days and hang out.
5,7,Ses01F_impro06_F,neutral,That's sweet.
5,8,Ses01F_impro06_F,neutral,Thank you.
5,9,Ses01F_impro06_F,sadness,I went to see her headstone a week or two ago.
5,10,Ses01F_impro06_F,sadness,"I used to go to cemeteries a lot before she died.  I just, you know, I felt like they were urban oasis, you know, there is always this green in the city."
5,11,Ses01F_impro06_M,neutral,Hmm.
5,12,Ses01F_impro06_F,sadness,So I was like wandering around before.  It takes forever to find her headstone; I always lose it. You know.
5,13,Ses01F_impro06_F,sadness,So I was looking at this other one and there was like a piece of candy there and I thought that I would take the candy and put it on her headstone.  And-
5,14,Ses01F_impro06_F,neutral,"this woman came up and, you know, it was hers. It was her person that was there."
5,15,Ses01F_impro06_M,neutral,Oh.  She was there?
5,16,Ses01F_impro06_F,sadness,"Yeah.  And she was like, that's pathetic, I hope you enjoy it."
5,17,Ses01F_impro06_F,sadness,"And I, you know, I mean, I said I was sorry and I brought it back to her kind of and I like put it on the ground and she was like, no, it's fine.  She was like, I would rather have her back, honestly."
5,18,Ses01F_impro06_M,neutral,Mmhmm.
5,19,Ses01F_impro06_F,sadness,"I don't know.  It just, like, I felt so bad because I shouldn't have done it.  I don't know.  Whatever."
5,20,Ses01F_impro06_M,sadness,Yeah.
5,21,Ses01F_impro06_F,sadness,I don't know.
5,22,Ses01F_impro06_M,neutral,How long were you there for?
5,23,Ses01F_impro06_F,sadness,At the cemetery?
5,24,Ses01F_impro06_M,neutral,Mmhmm.
5,25,Ses01F_impro06_F,sadness,couple hours.
5,26,Ses01F_impro06_F,neutral,"I brought- I brought Chuck with me. He went to Redlands, yeah, for the day.  We ran through the sprinklers."
5,27,Ses01F_impro06_M,neutral,Oh really?
5,28,Ses01F_impro06_M,neutral,You ran through the sprinklers in the cemetery?
5,29,Ses01F_impro06_F,neutral,It was hot.[LIPSMACK]
5,30,Ses01F_impro06_M,neutral,Is it a big cemetery?
5,31,Ses01F_impro06_F,neutral,Yeah.  It's huge.  Redlands is an old city so they have lots and lots of stones.
5,32,Ses01F_impro06_M,neutral,"Oh, so they're like really old too, really old ones?"
5,33,Ses01F_impro06_F,neutral,Yeah.
5,34,Ses01F_impro06_F,sadness,"It's weird.  Whenever I go back to town, I think of her.  I mean, it's like ... I mean we grew up together and she died when we were twenty one.  And yeah.  She had cancer, she had two brain tumors."
5,35,Ses01F_impro06_F,sadness,"My best friend Heather.  She's got a- we have a- we built this like little--  There's a park, Prospect Park.  And there is like a garden section of it that we set up for her."
5,36,Ses01F_impro06_F,sadness,She used to have these poetry parties on Memorial Day.
5,37,Ses01F_impro06_M,neutral,Mmhmm.
5,38,Ses01F_impro06_F,sadness,Umm. Yeah.
5,39,Ses01F_impro06_F,sadness,"And the last time before she died, I remember she couldn't really stand, umm..."
5,40,Ses01F_impro06_F,sadness,"But I mean she could, but it was- so it was kind of sitting at her feet holding her up and she had these poems she had memorized.  And I remember looking up, she had curly red hair and there was this palm tree right behind her and it was like a crown growing right out of her head.  It was cool."
5,41,Ses01F_impro06_M,neutral,Mmhmm.
5,42,Ses01F_impro06_F,sadness,"Some, I guess.  She memorized this one, John Dunn, it's called, Death Be Not Proud. and-"
5,43,Ses01F_impro06_M,neutral,So she wrote a lot of poetry?
5,44,Ses01F_impro06_F,neutral,"There's another one, I can't remember."
5,45,Ses01F_impro06_F,sadness,"I remember, too, when we were--  she died at U.C.L.A.  She had brain surgery and there was not much hope to begin with, but I gave blood for her surgery, her mom and I before, so we dropped her off in the waiting room and then we were giving blood and came back.  And she, in her wheelchair, like can hardly do anything, reciting her poetry for these people like in the waiting room.  All she needs is a God damn audience.  You know?"
5,46,Ses01F_impro06_M,neutral,Mmhmm.Mmhmm.Mmhmm.
6,0,Ses01F_impro07_M,neutral,Did you get the letter?
6,1,Ses01F_impro07_F,neutral,"Yes.  There's a big envelope it says, you're in. I know."
6,2,Ses01F_impro07_M,neutral,Yeah. That is so awesome.
6,3,Ses01F_impro07_M,neutral,Oh my God. What are you going to do? [LAUGHTER]
6,4,Ses01F_impro07_F,neutral,So I have to move back to the ghetto but...I know.
6,5,Ses01F_impro07_M,neutral,"Oh-Yeah, I bet you're really excited. Oh.  That's what loans are for?  Right? Exactly."
6,6,Ses01F_impro07_F,neutral,"I'm really excited.  Yeah. I don't know how I'm going to pay for anything, but... I also- Yeah.  Loans, too, yeah. I applied, though, for a bunch of grants and scholarships so I'm still waiting to hear on that."
6,7,Ses01F_impro07_M,neutral,"Oh.  Good, good.  That's awesome. Are you going to stay around here?  Or are you going to like get a different neighborhood- you going to move to a different neighborhood?"
6,8,Ses01F_impro07_F,neutral,"Oh- I know, I know, I know, I know."
6,9,Ses01F_impro07_F,neutral,"I don't know.  I spend so much time commuting as it is, I'd rather."
6,10,Ses01F_impro07_M,neutral,This is so- I am so happy that you're going to stay.  You're not going to...We should totally throw a party.
6,11,Ses01F_impro07_F,neutral,I know. We should throw a party.
6,12,Ses01F_impro07_F,neutral,"At Arapaho we could afford that. [GARBAGE]. Yeah.  So what are you doing this summer, though?  You're staying around, too, yeah?"
6,13,Ses01F_impro07_M,neutral,A rapper party ho. Yeah. Okay.
6,14,Ses01F_impro07_M,neutral,"I am just- Yeah.  I'm sticking around, I'm just doing my thing.  I'm living here.  I'm so glad you're going to stay, I'm so glad you're going to be here. Yeah. Woo."
6,15,Ses01F_impro07_F,neutral,It's a relief too. I mean I was thinking I was going to have to pack up all of my stuff but yeah. Hooray for U.S.C.
6,16,Ses01F_impro07_M,neutral,Yeah.  Big time.
6,17,Ses01F_impro07_M,neutral,Mmhmm. Mmhmm. Yay. So what major?  What are you doing?
6,18,Ses01F_impro07_F,neutral,"Umm. It's...It's uhh...It's Critical Studies. It's a really prestigious program, so they say."
6,19,Ses01F_impro07_M,neutral,"Oh, okay."
6,20,Ses01F_impro07_M,neutral,Ooh. Fancy.
6,21,Ses01F_impro07_F,neutral,Yeah.  I'm not sure.
6,22,Ses01F_impro07_M,neutral,Is this a Masters or a P.h.D.?  Or can you...? Nice
6,23,Ses01F_impro07_F,neutral,Umm...P.h.D. [LAUGHTER]
6,24,Ses01F_impro07_M,neutral,"That's good.  Don't you have to like teach a class, too, when you do that?"
6,25,Ses01F_impro07_F,neutral,"Um, yeah, yeah.  I'm a TA for two sessions. Mmhmm."
6,26,Ses01F_impro07_M,neutral,"Teacher. Mrs. Nash, I have a question."
6,27,Ses01F_impro07_F,neutral,So I get to mold young minds. Mrs.?  That's my mother.
6,28,Ses01F_impro07_M,neutral,You have to get married.  Well you are married to Chuck.  You're Mrs. Nash.  Not to be confused with Mrs. Dash which is the popular seasoning.
6,29,Ses01F_impro07_F,neutral,"I would be like- Oh. Right, right, right."
6,30,Ses01F_impro07_M,neutral,"Mrs. Nash.  That's so awesome, though."
6,31,Ses01F_impro07_F,neutral,"Yeah. Yeah I'm excited. Hooray.  And then I'll be a millionaire once I graduate, you understand? Because that's the way it works."
6,32,Ses01F_impro07_M,neutral,Yay...School's fun.
6,33,Ses01F_impro07_M,neutral,"Of course, right.  That's where the real money is, being a student."
6,34,Ses01F_impro07_F,neutral,Yeah.  Totally. [LAUGHTER]
6,35,Ses01F_impro07_M,happiness,That's how you get the big bucks.  Are you messing with the chair? Don't ruin it.
6,36,Ses01F_impro07_F,neutral,"I know. I made such a mess of it, the entire time.  The last three things I've done, I've ruined everything, I think. Mm-hmm.  Yeah."
7,0,Ses01F_script01_1_F,frustration,What's he going to say?
7,1,Ses01F_script01_1_F,neutral,Maybe we should tell him before he sees it.
7,2,Ses01F_script01_1_M,neutral,He saw it.
7,3,Ses01F_script01_1_F,neutral,How could he see it?  I was the first one up; he was still in bed.
7,4,Ses01F_script01_1_M,neutral,He was out here when it broke.
7,5,Ses01F_script01_1_F,neutral,When?
7,6,Ses01F_script01_1_M,neutral,Four o clock this morning.  I heard a crack and I woke up and looked out.  He was standing right over there when it cracked.
7,7,Ses01F_script01_1_F,neutral,What was he doing out here at four o clock in the morning?
7,8,Ses01F_script01_1_M,neutral,I don't know.
7,9,Ses01F_script01_1_F,neutral,"He's dreaming of him again, walking around."
7,10,Ses01F_script01_1_M,neutral,I guess he is.
7,11,Ses01F_script01_1_F,neutral,It's getting to be just like after he died.  What's the meaning of that?
7,12,Ses01F_script01_1_M,frustration,"I don't know the meaning of it.  But I know one thing, Mom, you've made a terrible mistake with father."
7,13,Ses01F_script01_1_F,neutral,What?
7,14,Ses01F_script01_1_M,neutral,"Being dishonest with him, you know.  This kind of thing always pays off and it's paying off."
7,15,Ses01F_script01_1_F,neutral,What do you mean dishonest?
7,16,Ses01F_script01_1_M,neutral,You know Larry is not coming back and I know it.  Why do we allow him to go on thinking that we believe with him?
7,17,Ses01F_script01_1_F,frustration,What do you want to do?  Argue with him?
7,18,Ses01F_script01_1_M,frustration,I don't want to argue but it's time he realized that nobody believes Larry is alive.
7,19,Ses01F_script01_1_M,frustration,"You know?  Why shouldn't he walk the nights thinking of him, dreaming of him?   Do we contradict him?  Do we say, we don't have any hope anymore?  That we haven't had any hope for years now?"
7,20,Ses01F_script01_1_F,frustration,You can't say that to him.
7,21,Ses01F_script01_1_M,neutral,We've got to say it to him.
7,22,Ses01F_script01_1_F,frustration,Where's the proof?  Do you have any proof?
7,23,Ses01F_script01_1_M,frustration,"For God's sake, three years?  Nobody comes back after three years; that's insane."
7,24,Ses01F_script01_1_F,frustration,"To you it is, to me it is, but to your father, you can talk yourself until you are blue in the face.  But there is no grave and there is no body, so where are you?"
7,25,Ses01F_script01_1_M,neutral,"Sit down, Mom.  I want to talk to you."
7,26,Ses01F_script01_1_F,neutral,"It's that the trouble is those God damn newspapers.  Every month some new boy comes back and so the next one is going to be Larry, they just--"
7,27,Ses01F_script01_1_M,frustration,"All right, all right, all right.  You know why I asked Annie here, right?"
7,28,Ses01F_script01_1_F,frustration,Why?
7,29,Ses01F_script01_1_M,neutral,You know.
7,30,Ses01F_script01_1_F,neutral,"Well I got an idea, but what's your story?"
7,31,Ses01F_script01_1_M,neutral,I'm going to ask her to marry me.
7,32,Ses01F_script01_1_F,neutral,"Well that's only your business, Chris."
7,33,Ses01F_script01_1_M,neutral,You know it's not just my business.
7,34,Ses01F_script01_1_F,neutral,Well what do you want me to do?  You're old enough to know your own mind.
7,35,Ses01F_script01_1_M,neutral,"So all right then, I'll just go ahead with it?"
7,36,Ses01F_script01_1_F,neutral,Well you want to make sure that your father is not going to --
7,37,Ses01F_script01_1_M,frustration,Then it's not just my business.
7,38,Ses01F_script01_1_F,neutral,I'm just saying.
7,39,Ses01F_script01_1_M,anger,"You know sometimes you infuriate me.  you know that?  Isn't it your business if I tell father and he throws a fit about it?  God, you have such a talent for ignoring things."
7,40,Ses01F_script01_1_F,neutral,Oh.  I ignore what I got to ignore.  That girl is Larry's girl.
7,41,Ses01F_script01_1_M,frustration,She's not Larry's girl.
7,42,Ses01F_script01_1_F,frustration,"From your father's point of view, he is not dead and- Chris he still thinks he's still alive.  The girl is Larry's girl."
7,43,Ses01F_script01_1_F,frustration,"Now you can go on from there if you know where to go, but I'm telling you, I don't know where to go."
7,44,Ses01F_script01_1_M,frustration,"I don't know why it is, but every time I reach out for something I have to pull back because I am afraid other people will suffer. My whole bloody life, time after time."
7,45,Ses01F_script01_1_F,frustration,"You're a considerate fellow, there's nothing wrong in that."
7,46,Ses01F_script01_1_M,frustration,To hell with that.
7,47,Ses01F_script01_1_F,frustration,I just don't see why.  Have you asked Annie yet?
7,48,Ses01F_script01_1_M,neutral,I wanted to get this settled first.
7,49,Ses01F_script01_1_F,frustration,Well how do you know she's going to marry you?  Maybe she feels the same way your father does.
7,50,Ses01F_script01_1_M,neutral,"Well if she does, then that's it.  That's the end of it.  From her letters, though, I think she's pretty much forgotten him."
7,51,Ses01F_script01_1_M,neutral,And then we'll thrash it out with father.  Okay Mom?  Don't avoid me.
7,52,Ses01F_script01_1_F,frustration,The trouble is you don't see enough women.  You never did.
7,53,Ses01F_script01_1_M,frustration,So what.  I'm not fast with women.
7,54,Ses01F_script01_1_F,frustration,Why does it have to be Annie?
7,55,Ses01F_script01_1_M,frustration,Because it is.
7,56,Ses01F_script01_1_F,frustration,Oh that's a great reason.  It's no reason at all.
7,57,Ses01F_script01_1_M,frustration,I don't know.
7,58,Ses01F_script01_1_F,frustration,"You haven't seen her since you went away to war, it's been five years."
7,59,Ses01F_script01_1_M,frustration,"I can't help it, I know her best.  I was brought up next door to her, you know?  These years when I think of someone for my wife, I think of Annie."
7,60,Ses01F_script01_1_M,frustration,"Mom, what do you want?  A diagram?"
7,61,Ses01F_script01_1_F,frustration,I don't want a diagram.
7,62,Ses01F_script01_1_F,frustration,He thinks he's coming back Chris.
7,63,Ses01F_script01_1_F,frustration,"You marry that girl, you are pronouncing him dead..."
7,64,Ses01F_script01_1_F,frustration,...and then what's that going to do to your father?  Do you know?  I don't.
7,65,Ses01F_script01_1_M,frustration,"All right, then, Mom. [BREATHING]"
7,66,Ses01F_script01_1_F,neutral,Just give it some more thought.
7,67,Ses01F_script01_1_M,frustration,"I've given it three years of thought.  And I'd hope that if I waited, father would forget about Larry and then we could just have a regular wedding and everyone would be happy."
7,68,Ses01F_script01_1_M,frustration,"But if I can't do that here, I may have to go somewhere else."
7,69,Ses01F_script01_1_F,anger,What the hell is this?
7,70,Ses01F_script01_1_M,neutral,"I'll get out.  I'll get married and I'll move somewhere else, maybe New York."
7,71,Ses01F_script01_1_F,neutral,Are you crazy?
7,72,Ses01F_script01_1_M,frustration,"I've been a good son for too long, a good sucker."
7,73,Ses01F_script01_1_F,anger,You have a business here.  What the hell is this?
7,74,Ses01F_script01_1_M,frustration,The business?  The business doesn't inspire me.
7,75,Ses01F_script01_1_F,anger,Oh.  Must you be inspired?
7,76,Ses01F_script01_1_M,frustration,"Yes.  I like it for an hour a day.  I don't care if I have to grub for money all day long, when I come home I want it happy."
7,77,Ses01F_script01_1_M,frustration,"I want some kids, I want a family, I want somebody that I can give myself to and Annie is in the center of that.  Now it's just where to find it."
7,78,Ses01F_script01_1_F,frustration,You mean to tell me that you would leave the business over this?
7,79,Ses01F_script01_1_M,neutral,"On this, I would."
7,80,Ses01F_script01_1_F,frustration,Well you don't want to think like that.
7,81,Ses01F_script01_1_M,neutral,Then help me stay here.
7,82,Ses01F_script01_1_F,anger,"All right.  But you don't want to think like that because what the hell are we working for, Chris?  It's all for you.  This whole shooting match is for you."
7,83,Ses01F_script01_1_M,frustration,I know that.  Then just help me stay here.
7,84,Ses01F_script01_1_F,anger,Just don't think like that.
7,85,Ses01F_script01_1_M,frustration,Well I am thinking like that.
7,86,Ses01F_script01_1_F,frustration,"I don't understand you, do I?"
7,87,Ses01F_script01_1_M,frustration,No.  You don't.  I'm a pretty tough guy.
7,88,Ses01F_script01_1_F,frustration,I can see that.
8,0,Ses01F_script01_2_F,neutral,Why did he invite her here?
8,1,Ses01F_script01_2_M,neutral,Why does that bother you?
8,2,Ses01F_script01_2_F,neutral,"She's been in New York three and an half years, why all of a sudden?"
8,3,Ses01F_script01_2_M,neutral,Well maybe...maybe he just wanted to see her.
8,4,Ses01F_script01_2_F,neutral,Nobody comes seven hundred miles just to see.
8,5,Ses01F_script01_2_M,neutral,"What do you mean?  You know he lived next door to the girl his whole life, why wouldn't he want to see her?"
8,6,Ses01F_script01_2_M,frustration,[BREATHING] You don't look at me like that.  He didn't tell me anything more than he told you.
8,7,Ses01F_script01_2_F,anger,He's not going to marry her.
8,8,Ses01F_script01_2_M,neutral,How do you know he's even thinking about it?
8,9,Ses01F_script01_2_F,anger,It's got that about it.
8,10,Ses01F_script01_2_M,neutral,Oh.  So what.
8,11,Ses01F_script01_2_F,anger,"What is going on here, Joe?"
8,12,Ses01F_script01_2_M,frustration,Now listen.
8,13,Ses01F_script01_2_F,anger,She is not his girl.  She knows she's not.
8,14,Ses01F_script01_2_M,frustration,You can't read her mind.
8,15,Ses01F_script01_2_F,anger,"Then why is she still single?  New York is full of men, why is she still single?  Probably a hundred people told her she's foolish, but she waited."
8,16,Ses01F_script01_2_M,neutral,How do you know why she waited?
8,17,Ses01F_script01_2_F,anger,"Because she knows what I know, that's why.  She's faithful as a rock.  In my darkest moments, I think of her waiting and I know that I'm right."
8,18,Ses01F_script01_2_M,frustration,"Hey look, it's a nice day, huh?  Why are we arguing?"
8,19,Ses01F_script01_2_F,anger,"Nobody in this house dares take away her faith, Joe.  You know strangers might, but not his father, not his brother."
8,20,Ses01F_script01_2_M,frustration,What do you want me to do? What do you want?
8,21,Ses01F_script01_2_F,anger,"I want you to-- I want you to act like he is coming back, both of you.  Don't think I haven't noticed you since Chris invited her here."
8,22,Ses01F_script01_2_F,anger,I won't stand for any nonsense.
8,23,Ses01F_script01_2_M,frustration,Kate.
8,24,Ses01F_script01_2_F,anger,"Because if he's not coming back, I'll kill myself.  Oh laugh, laugh all you like but why does this happen the very night he comes back.  She goes to sleep in his room and his memorial breaks in pieces.  Look at it, Joe, look."
8,25,Ses01F_script01_2_M,frustration,[BREATHING]
8,26,Ses01F_script01_2_M,frustration,Calm yourself.
8,27,Ses01F_script01_2_F,anger,"Just believe with me, Joe. Only last week a man came back in Detroit missing longer than Larry.  Believe with me. You, above all, have got to believe. Just believe."
8,28,Ses01F_script01_2_M,frustration,Okay. Calm yourself.
8,29,Ses01F_script01_2_M,frustration,"I know. All right, all right. All right. Okay.  Calm yourself. What does that mean, me above all?"
8,30,Ses01F_script01_2_M,neutral,"Look at you, you're shaking."
8,31,Ses01F_script01_2_F,frustration,I can't help it.
8,32,Ses01F_script01_2_M,anger,"What have I got to hide?  What the hell is the matter with you, Kate?"
9,0,Ses01F_script01_3_F,neutral,You're the only one who still loves his parents.
9,1,Ses01F_script01_3_M,neutral,"I know.  It kind of went out of style, didn't it?"
9,2,Ses01F_script01_3_F,neutral,It's not so bad; it's a good thing.
9,3,Ses01F_script01_3_F,neutral,"[BREATHING] You know, it's lovely here.  The air is sweet."
9,4,Ses01F_script01_3_M,neutral,You're not sorry you came.
9,5,Ses01F_script01_3_F,neutral,"I'm not sorry, no. But I'm...I can't stay."
9,6,Ses01F_script01_3_M,neutral,Why not?
9,7,Ses01F_script01_3_F,neutral,"For one thing, your mother much as told me to go."
9,8,Ses01F_script01_3_M,neutral,Well.
9,9,Ses01F_script01_3_F,neutral,"And then, you.  You've been kind of..."
9,10,Ses01F_script01_3_M,neutral,What?
9,11,Ses01F_script01_3_F,neutral,Sort of embarrassed ever since I got here.
9,12,Ses01F_script01_3_M,neutral,Well I was kind of planning of sneaking up on you over the course of a week or so.  They just take it for granted that we're all set.
9,13,Ses01F_script01_3_F,neutral,I knew they would.
9,14,Ses01F_script01_3_M,neutral,You did?
9,15,Ses01F_script01_3_F,neutral,"Well sure, from your mother's point of view.  Why else would I come?"
9,16,Ses01F_script01_3_M,neutral,"So would you want to?  I mean, I guess you have to know that's kind of why I asked you to come?"
9,17,Ses01F_script01_3_F,neutral,"I, umm. I guess, I guess that's kind of why I came."
9,18,Ses01F_script01_3_F,happiness,[BREATHING]
9,19,Ses01F_script01_3_M,happiness,"I love you. Annie, I love you."
9,20,Ses01F_script01_3_F,happiness,[LAUGHTER]
9,21,Ses01F_script01_3_M,happiness,"I don't really have any imagination, that's all I know how to say."
9,22,Ses01F_script01_3_F,happiness,[LAUGHTER]
9,23,Ses01F_script01_3_M,happiness,"Am I embarrassing you? Are you - See, I didn't want to do it here with this yard, on this porch.  I wanted it to be somewhere new, some place fresh for both of us."
9,24,Ses01F_script01_3_F,happiness,No. No
9,25,Ses01F_script01_3_M,neutral,"You feel uncomfortable here, you feel that it's wrong here somehow.  I just...I don't...I didn't want...I didn't want to take you away from anything."
9,26,Ses01F_script01_3_F,neutral,"Chris, I've been ready a long, long, time."
9,27,Ses01F_script01_3_M,neutral,And he's gone forever?  Are you sure?
9,28,Ses01F_script01_3_F,neutral,I almost got married two years ago.
9,29,Ses01F_script01_3_M,neutral,Why didn't you?
9,30,Ses01F_script01_3_F,neutral,You started to write me.
9,31,Ses01F_script01_3_M,neutral,You felt something that far back?
9,32,Ses01F_script01_3_F,happiness,Every day since.
9,33,Ses01F_script01_3_M,happiness,Why didn't you let me know?
9,34,Ses01F_script01_3_F,neutral,"I was waiting for you, Chris.  You sure can be ambiguous, you know.  And when you did finally write me,"
9,35,Ses01F_script01_3_M,happiness,Give me a...
9,36,Ses01F_script01_3_M,happiness,Give me a kiss.
9,37,Ses01F_script01_3_M,neutral,God.  I kissed you Annie.
9,38,Ses01F_script01_3_F,happiness,beating around the bush.
9,39,Ses01F_script01_3_F,happiness,"I will never forgive you.  All I'd done was sit around wondering if I was crazy waiting so long, wondering if you were thinking about me."
9,40,Ses01F_script01_3_M,happiness,"Oh Annie, we are going to live now.  I am going to make you so happy."
9,41,Ses01F_script01_3_F,happiness,Not like that you're not.
9,42,Ses01F_script01_3_M,happiness,I kissed you.
9,43,Ses01F_script01_3_F,neutral,"Like Larry's brother.  Do it like you, Chris."
9,44,Ses01F_script01_3_F,neutral,"Chris, what is it?"
9,45,Ses01F_script01_3_M,sadness,"Hey, let's drive some place.  Huh?  Let's get out of here."
9,46,Ses01F_script01_3_F,neutral,No. What is it?  Is it your mother?
9,47,Ses01F_script01_3_M,sadness,No it's nothing like that. It's-
9,48,Ses01F_script01_3_F,neutral,"Then what?  Chris.  Even in your letters, there was something ashamed."
9,49,Ses01F_script01_3_M,sadness,Yeah.  I suppose I have been. But it's going from me.
9,50,Ses01F_script01_3_F,neutral,You've got to tell me.
9,51,Ses01F_script01_3_M,sadness,I don't even know how to start.
9,52,Ses01F_script01_3_F,neutral,It wouldn't work like this.
9,53,Ses01F_script01_3_M,sadness,"It's just all mixed up with so many other things, you know?  You know overseas I was in command of a company?"
9,54,Ses01F_script01_3_F,neutral,"Yeah, sure."
9,55,Ses01F_script01_3_M,sadness,Well I lost them.
9,56,Ses01F_script01_3_F,neutral,How many?
9,57,Ses01F_script01_3_M,sadness,Pretty much all.
9,58,Ses01F_script01_3_F,sadness,"Aw, geez."
9,59,Ses01F_script01_3_M,sadness,You can't just toss off a thing like that because they weren't just men. You know?
9,60,Ses01F_script01_3_M,sadness,"Like for instance, there was this one time it had been raining for several days and this kid he just came up to me and he gave me his last pair of dry socks.  He just put them in my pocket.  That's a little thing, you know, but that's what kind of guys I had."
9,61,Ses01F_script01_3_M,sadness,"They didn't die, they killed themselves for each other.  I mean that, exactly.  Just a little more selfish and they would all be here today."
9,62,Ses01F_script01_3_M,neutral,"And I had this idea as I was watching them go down.  Everything was being destroyed, you know, but this one thing was being made.  It was kind of a monument, it's kind of responsibility, man for man."
9,63,Ses01F_script01_3_F,neutral,Mmhmm.
9,64,Ses01F_script01_3_M,sadness,"To bring that on to the earth again, you know, is like some kind of monument and I thought I would just make a difference to them."
9,65,Ses01F_script01_3_M,sadness,"But then I came home and it was incredible, you know?  The whole thing was just kind of this random bus accident.  You know, I went back to the rat race again, I went to work."
9,66,Ses01F_script01_3_M,neutral,Driving my new car and seeing a new refrigerator.
9,67,Ses01F_script01_3_M,neutral,"I mean...You can't take those things out of a war. when you drive that car and you see that new refrigerator, you have to know that it came out of the love that a man can have for another man."
9,68,Ses01F_script01_3_M,sadness,And I didn't want any of it. I guess that included you.
9,69,Ses01F_script01_3_F,neutral,Do you still feel that way?
9,70,Ses01F_script01_3_M,neutral,I just want you to know Annie.
9,71,Ses01F_script01_3_F,neutral,"Because you mustn't feel that way.  Everything you have, you've earned - everything.  you understand me?"
9,72,Ses01F_script01_3_F,neutral,"Even me.  And your money?  Chris, there's nothing wrong in your money.  Your father put hundreds of planes into the air, you should be proud of that.  A man should be paid for that."
9,73,Ses01F_script01_3_M,neutral,"Annie, Annie.  I am going to make a fortune for you."
9,74,Ses01F_script01_3_F,happiness,What would I do with a fortune?
10,0,Ses01F_script02_1_M,neutral,"What time is it?  I think it's supposed to run around midnight, right?  God, this is great, isn't it, Carla?  Look at this night we got here, huh."
10,1,Ses01F_script02_1_M,neutral,"Actually I want to get a little further up the coast, get away from all like the lights and the people, but...  How are you doing?"
10,2,Ses01F_script02_1_F,neutral,Fine.
10,3,Ses01F_script02_1_M,neutral,"Okay.  Is that, is that--"
10,4,Ses01F_script02_1_M,neutral,No.  That's just foam.  I don't know.  I can't tell.
10,5,Ses01F_script02_1_F,frustration,[BREATHING]
10,6,Ses01F_script02_1_M,neutral,"I don't know, probably if you can't tell, though, it's probably not them, right?  It's probably going to be like this unmistakable thing, right?"
10,7,Ses01F_script02_1_M,neutral,Oh no.  you know what I forgot?
10,8,Ses01F_script02_1_F,neutral,What?
10,9,Ses01F_script02_1_M,neutral,"My flashlight.  God, how could I be so stupid?  I can't believe I forgot my flashlight."
10,10,Ses01F_script02_1_F,neutral,What flashlight?
10,11,Ses01F_script02_1_M,neutral,"The flashlight, the silver one.  There's only one, isn't there?"
10,12,Ses01F_script02_1_F,neutral,That's not your flashlight.
10,13,Ses01F_script02_1_M,neutral,Whose is it?
10,14,Ses01F_script02_1_F,neutral,It's ours; it's my flashlight too.
10,15,Ses01F_script02_1_M,neutral,"Oh...well. Yeah, of course."
10,16,Ses01F_script02_1_F,anger,You keep saying my flashlight like it's just yours.
10,17,Ses01F_script02_1_M,neutral,No.
10,18,Ses01F_script02_1_F,anger,How's that supposed to make me feel?
10,19,Ses01F_script02_1_M,neutral,"Of course, our flashlight.  What's yours is mine.  Me flashlight es su flashlight."
10,20,Ses01F_script02_1_M,frustration,"Naturally.  God, how could we not think to bring it?  I hope the moon stays out, though."
10,21,Ses01F_script02_1_M,neutral,Do they always run during a full moon?  I don't remember.  Was it full last year?
10,22,Ses01F_script02_1_F,neutral,Yeah.
10,23,Ses01F_script02_1_M,neutral,"Huh.  Are you cold?  Do you want my jacket?  No?  you know, we should have brought the blanket?  Our blanket."
10,24,Ses01F_script02_1_M,neutral,"Aw.  Do you know, I should have brought a six pack, too.  A six pack, that would be just the ticket right about now.  Huh?"
10,25,Ses01F_script02_1_M,neutral,"God, I'm so excited, I'm like a kid.  I can't believe I got out of the house with my fly zipped up."
10,26,Ses01F_script02_1_F,happiness,[LAUGHTER]
10,27,Ses01F_script02_1_M,neutral,I wonder if they can hear me talk or like feel the vibrations in the sand when we move around.
10,28,Ses01F_script02_1_F,sadness,I'm cold.
10,29,Ses01F_script02_1_M,frustration,Do you want my jacket?
10,30,Ses01F_script02_1_F,neutral,"It's after eleven, let's go."
10,31,Ses01F_script02_1_M,neutral,What?  We just got here.  What's the point of coming all the way down here if we just turn around and go home?
10,32,Ses01F_script02_1_F,neutral,There is no point.
10,33,Ses01F_script02_1_M,neutral,Right.
10,34,Ses01F_script02_1_F,neutral,That's my point.
10,35,Ses01F_script02_1_M,neutral,"Wait, that's my point, too."
10,36,Ses01F_script02_1_F,frustration,"Well, then let's go."
10,37,Ses01F_script02_1_M,frustration,"No, no.  Okay.  That's not my point.  My point is there is no point in coming down here if we just turn around and go home.  Don't you want to see it?"
10,38,Ses01F_script02_1_F,neutral,Not particularly.
10,39,Ses01F_script02_1_M,neutral,Why not?
10,40,Ses01F_script02_1_F,neutral,I just don't.  It's stupid.
10,41,Ses01F_script02_1_M,neutral,"Honey, this is like a natural phenomenon. I mean... People in Kansas would have to get plane reservations and get hotel rooms to see this.  It's just forty minutes away for us; it's too good to pass up."
10,42,Ses01F_script02_1_F,frustration,"Pass what up?  I mean these fish swim out of the ocean, they flop around on the beach, they swim away and then they die."
10,43,Ses01F_script02_1_M,neutral,Yeah.  But this..this moment on the beach is like the highlight of their little lives.  All that flopping around is laying eggs or what to do - spawning or mating or whatever.
10,44,Ses01F_script02_1_M,neutral,This is a big night for these little guys.  It's like life's last orgy.
10,45,Ses01F_script02_1_F,neutral,I don't see why you're so excited; this isn't a freaking moon landing we are talking about.  It's fish.  It's a fish nobody even eats.
10,46,Ses01F_script02_1_M,frustration,Yeah they do.
10,47,Ses01F_script02_1_F,frustration,Oh Augie
10,48,Ses01F_script02_1_M,neutral,"okay... well, Whatever.  But it's a fish who do something no other fish do.  It's like those swallows returning to Capistrano or like those lemmings that throw themselves off the cliffs."
10,49,Ses01F_script02_1_M,neutral,"There's like mystery here, there's magic.  It's like a little bit of the unexplainable.  I just can't see how you're not interested."
10,50,Ses01F_script02_1_F,neutral,I'm just not.
10,51,Ses01F_script02_1_M,neutral,For real?
10,52,Ses01F_script02_1_F,frustration,Yeah.
10,53,Ses01F_script02_1_M,neutral,"God, I don't get it.  you know the first time we came here, you said it was the best night of your life?"
10,54,Ses01F_script02_1_M,neutral,"And last year, I remember distinctly you said, you were so excited to get here that you don't remember you stubbed your toe until we were in the car."
10,55,Ses01F_script02_1_F,neutral,"Last time, you'll also remember, we got our shoes wet, I got sand in my panties, you got a sore throat and we got into a big fight and we did not see the grunions."
10,56,Ses01F_script02_1_M,neutral,Ahh...we weren't in a good spot.
10,57,Ses01F_script02_1_F,frustration,Hmm.  We didn't see them the year before either.
10,58,Ses01F_script02_1_M,neutral,"We just weren't in a good spot.  I'm telling you, this is a much better spot.  I have instincts for these things."
10,59,Ses01F_script02_1_M,neutral,"Look there, see?  What's that?  No, that's - that's just seaweed."
10,60,Ses01F_script02_1_M,happiness,"God, this is great.  Think about this.  I know you are not interested, but just think about this."
10,61,Ses01F_script02_1_M,neutral,"Right now out there, there is this mass of silver fish and it's heading this way.  No one sent them an invitation, no one told them, no one even gave them a map."
10,62,Ses01F_script02_1_M,neutral,"Just all at once, they turned and they formed this line as long as the California coast.  And some instinctual little firecracker went off in their bodies and they all just turned as one and started swimming."
10,63,Ses01F_script02_1_M,neutral,They are swimming right now.  They are swimming as if that is the only thing that matters to them.
10,64,Ses01F_script02_1_M,neutral,It's single mindedness with no mind.  It is urgency that is just pure urge.
10,65,Ses01F_script02_1_M,neutral,And they are swimming right now to this very point where we stand for this huge celebration of sex and death.
10,66,Ses01F_script02_1_M,neutral,"Oh look.  I'm giving myself goose bumps, my hairs are standing up on my arm."
10,67,Ses01F_script02_1_F,neutral,That's the wind.
10,68,Ses01F_script02_1_M,happiness,So what do you think?
10,69,Ses01F_script02_1_F,neutral,About what?
10,70,Ses01F_script02_1_M,happiness,"About all of that, about all I was talking about."
11,0,Ses01F_script02_2_M,neutral,"Look at this, all of the hairs are standing up on my arm."
11,1,Ses01F_script02_2_F,neutral,That's the wind.
11,2,Ses01F_script02_2_M,neutral,"Well, so, what do you think?"
11,3,Ses01F_script02_2_F,neutral,About what?
11,4,Ses01F_script02_2_M,neutral,About what I was saying.
11,5,Ses01F_script02_2_F,neutral,I think it's ridiculous.
11,6,Ses01F_script02_2_M,neutral,It certainly is not.  It's slightly exaggerated scientific fact.
11,7,Ses01F_script02_2_F,neutral,It's PR! Somebody sold you a bunch of crap that there is this wonderful thing that is going to happen tonight on the beach.
11,8,Ses01F_script02_2_M,frustration,"Not just me, look at all of these people."
11,9,Ses01F_script02_2_F,neutral,"Everybody's told the same story.  It keeps us coming back for more, it keeps us excited.  We keep thinking that life is going start at any minute if we can just find the right spot, get in on the action."
11,10,Ses01F_script02_2_M,neutral,"Are we talking about the same thing, here?"
11,11,Ses01F_script02_2_F,neutral,"I'm sorry, it's just fish to me."
11,12,Ses01F_script02_2_M,neutral,"Carla, can I ask you something?  Now, don't take this the wrong way, but are you on your period?"
11,13,Ses01F_script02_2_F,anger,"Don't ask me that.  I hate it when you ask me that, you always ask me that.  It's insulting."
11,14,Ses01F_script02_2_M,frustration,"Well then, what's bugging you?"
11,15,Ses01F_script02_2_F,frustration,We just have different ideas of what this night is supposed to look like.
11,16,Ses01F_script02_2_M,frustration,"There is nothing to it; we come down here, the fish arrive, they flop around, they do their fish thing.  We go ooh, ah, look at the fish and we go home."
11,17,Ses01F_script02_2_F,anger,"For God- Grow up, Augie.  The fish are not going to arrive."
11,18,Ses01F_script02_2_M,frustration,Why not?
11,19,Ses01F_script02_2_F,anger,Because they never do.  Have they...Have they ever?
11,20,Ses01F_script02_2_M,frustration,We've missed them twice.
11,21,Ses01F_script02_2_F,anger,Twice is every time we have tried; that's ever.
11,22,Ses01F_script02_2_M,frustration,They'll show up this time.
11,23,Ses01F_script02_2_F,neutral,No they won't.  It's like waiting for Santa Claus.
11,24,Ses01F_script02_2_F,frustration,I feel like my whole life is going to be spent standing on this beach with my eyes wide open and my hands clasped expectantly waiting for fish to show up.  And the fish never show up.
11,25,Ses01F_script02_2_M,neutral,I thought you wanted to see it.
11,26,Ses01F_script02_2_F,frustration,You don't understand anything I am saying.
11,27,Ses01F_script02_2_M,frustration,No. Of course not.
11,28,Ses01F_script02_2_F,neutral,"I did want to see it, I still do, I always do.  I just..."
11,29,Ses01F_script02_2_F,sadness,"I feel like I'm always just standing here waiting.  I feel like this night is going to be the night, but it never is."
11,30,Ses01F_script02_2_M,frustration,"It's just fish, it's nothing to get traumatized over."
11,31,Ses01F_script02_2_F,anger,"For God's sake, this is not about fish."
11,32,Ses01F_script02_2_M,frustration,Okay.  I'm trying to work this backwards and pinpoint the exact moment where we took a turn for the worst here.
11,33,Ses01F_script02_2_M,neutral,"Okay.  So you were fine during that phone call from Marge and then dinner was okay.  And doing the dishes was fine and then I was going to take a shower and you're watching the news and you said the grunions are running tonight, do you want to go?  And I said, sure great, let's go."
11,34,Ses01F_script02_2_M,neutral,"Okay.  So I am putting out the pets, getting the car out of the garage."
11,35,Ses01F_script02_2_F,neutral,Do you remember the first year we came here?  It was like four years after we got married.
11,36,Ses01F_script02_2_F,neutral,"We thought I was pregnant, we got a bottle of champagne, we had no glasses.  We took off our shoes and you asked me to dance."
11,37,Ses01F_script02_2_F,happiness,"You whispered the sweetest, most intimate things to me right into my ear so I could feel them as much as hear them.  And I remember thinking, this is it.  You know, finally, I am as happy as I'm supposed to be."
11,38,Ses01F_script02_2_M,neutral,"Wait a minute, I got it."
11,39,Ses01F_script02_2_F,neutral,"Drinking champagne from the bottle,"
11,40,Ses01F_script02_2_M,neutral,"It's when we were driving past that Knickerbocker Liquor Locker, you said, let's get some champagne.  I said no, time's a wasting or something like that."
11,41,Ses01F_script02_2_F,frustration,dancing barefoot in the sand.
11,42,Ses01F_script02_2_M,frustration,"That's what it is?  Right?  You want this to be like the other time, right?"
11,43,Ses01F_script02_2_F,sadness,I'd rather not remember some things.  I'd rather not hope for some things.
11,44,Ses01F_script02_2_M,neutral,Sure.  All right.  Okay.
11,45,Ses01F_script02_2_M,neutral,"Listen, do you want to dance?"
11,46,Ses01F_script02_2_F,neutral,No.
11,47,Ses01F_script02_2_M,neutral,Do you want me to go get some champagne?
11,48,Ses01F_script02_2_F,neutral,No.
11,49,Ses01F_script02_2_M,happiness,Do you want to take off your shoes?
11,50,Ses01F_script02_2_F,frustration,"No, no. Nothing."
11,51,Ses01F_script02_2_M,neutral,Then what?
11,52,Ses01F_script02_2_M,happiness,Do you want to get married again?
11,53,Ses01F_script02_2_F,neutral,No.
11,54,Ses01F_script02_2_M,neutral,What?  What?  Do you want a divorce?
11,55,Ses01F_script02_2_M,neutral,A vacation?
11,56,Ses01F_script02_2_F,frustration,No.
11,57,Ses01F_script02_2_M,neutral,Like a new carpet?  A poodle?  A back rub?  Ice cream?  A suicide pact?  What do you want?  What the hell do you want?
11,58,Ses01F_script02_2_F,neutral,I just want something to turn out like I expected it to.
11,59,Ses01F_script02_2_M,neutral,"Well welcome to the human race, huh?  Do you think I had some grand fantasy going that four years down the line we would come to this beach and be arguing over fish?  No."
11,60,Ses01F_script02_2_F,frustration,[BREATHING]
11,61,Ses01F_script02_2_M,frustration,"No I'm just like you.  I thought it was going to be all roses and peaches and the bills would just pay themselves.  And we'll have three, fat rosy cheeked children.  Huh, baby, the joke's on us.  Because you know what you get?"
11,62,Ses01F_script02_2_M,frustration,Do you know what you get?  You get this.
11,63,Ses01F_script02_2_F,frustration,This? What is this?  This is nothing.  This isn't even anything.
11,64,Ses01F_script02_2_M,neutral,Yes it is.
11,65,Ses01F_script02_2_F,neutral,Sure.  This is standing on the beach waiting.  This is fighting.
11,66,Ses01F_script02_2_M,neutral,Right
11,67,Ses01F_script02_2_F,frustration,"I mean this is a lot of things, but it's just..."
11,68,Ses01F_script02_2_M,frustration,[BREATHING]
11,69,Ses01F_script02_2_F,frustration,Do you understand what I am saying?
11,70,Ses01F_script02_2_M,frustration,I'm doing the best I can.
11,71,Ses01F_script02_2_F,sadness,"I know you are Augie, I know."
11,72,Ses01F_script02_2_F,sadness,"I know you meant this to be special, I know that you wanted it to be right, but I just can't help thinking that, I can't help wishing that I was somewhere else."
11,73,Ses01F_script02_2_M,sadness,"Maybe if you were with someone else, too."
11,74,Ses01F_script02_2_F,sadness,I didn't say that.
11,75,Ses01F_script02_2_M,sadness,I just- I know I don't make you happy.
11,76,Ses01F_script02_2_F,neutral,"Don't be ridiculous.  Anything that- anything I am doing, I'd rather be doing it with you."
11,77,Ses01F_script02_2_M,neutral,Yeah?
11,78,Ses01F_script02_2_F,neutral,Yeah.  Don't you know that?
11,79,Ses01F_script02_2_F,neutral,For Heaven's sake Augie.
11,80,Ses01F_script02_2_F,sadness,"You're the one who probably wishes he was with somebody else.  Somebody who doesn't take things so seriously, who could enjoy herself."
11,81,Ses01F_script02_2_M,neutral,"You know, actually now that you mention it, no I don't."
11,82,Ses01F_script02_2_F,neutral,"So maybe we are in the wrong spot, but we are with the right person."
11,83,Ses01F_script02_2_M,frustration,"I don't know, it seemed like such a good spot to me."
11,84,Ses01F_script02_2_M,neutral,"We have a great view of the moon from here, though, huh?"
11,85,Ses01F_script02_2_F,happiness,"Hmm.  I noticed that, it's pretty. Big old white moon."
11,86,Ses01F_script02_2_M,neutral,[BREATHING]
11,87,Ses01F_script02_2_M,happiness,And look what I got here.
11,88,Ses01F_script02_2_F,happiness,"Augie, you bought refreshments."
11,89,Ses01F_script02_2_M,neutral,It's not champagne.
11,90,Ses01F_script02_2_F,happiness,I guess we don't need glasses.
11,91,Ses01F_script02_2_M,happiness,[BREATHING]
11,92,Ses01F_script02_2_M,neutral,Do you want to go home?  Are you cold?
11,93,Ses01F_script02_2_F,happiness,I'm beginning to think this might be the right spot after all.
11,94,Ses01F_script02_2_F,sadness,"Augie, I'm sorry."
11,95,Ses01F_script02_2_M,neutral,"Shh.  If we're very quiet, the fish might come."
11,96,Ses01F_script02_2_F,neutral,Or not.
11,97,Ses01F_script02_2_M,happiness,Or not.
12,0,Ses01F_script03_1_M,neutral,Good God.
12,1,Ses01F_script03_1_F,neutral,Is it them?
12,2,Ses01F_script03_1_M,neutral,I wonder.
12,3,Ses01F_script03_1_F,neutral,Freda is the only one who knows we are here.  She wouldn't ring up.
12,4,Ses01F_script03_1_M,neutral,It must be them then.
12,5,Ses01F_script03_1_F,neutral,It had to happen sooner or later.  What are we going to do?
12,6,Ses01F_script03_1_M,neutral,[BREATHING]
12,7,Ses01F_script03_1_M,neutral,"We are okay, aren't we darling?"
12,8,Ses01F_script03_1_F,neutral,"Now and always, sweet."
12,9,Ses01F_script03_1_M,neutral,I don't care then.
12,10,Ses01F_script03_1_F,neutral,It had to happen sooner or later.
12,11,Ses01F_script03_1_M,neutral,"Hello?  Hello?  I'm sorry, what's that?"
12,12,Ses01F_script03_1_M,happiness,No.  Wrong number. [LAUGHTER]
12,13,Ses01F_script03_1_F,happiness,[LAUGHTER] That sent shivers up my spine.
12,14,Ses01F_script03_1_M,happiness,What shall we do if they suddenly walk in on us.[LAUGHTER]
12,15,Ses01F_script03_1_F,neutral,We'll behave exquisitely.
12,16,Ses01F_script03_1_M,happiness,With perfect poise.
12,17,Ses01F_script03_1_F,neutral,I think I shall do a curtsy.
12,18,Ses01F_script03_1_M,happiness,"It's strange; things that ought to matter dreadfully, they just don't matter at all when one's happy.  Do they?"
12,19,Ses01F_script03_1_F,neutral,Hmm.  The pity is that one can't stay happy.
12,20,Ses01F_script03_1_M,neutral,"Darling, don't say that."
12,21,Ses01F_script03_1_F,neutral,It's true.  I think the whole thing's a cruel joke.
12,22,Ses01F_script03_1_M,neutral,What?  This beautiful and sacred thing - love?
12,23,Ses01F_script03_1_F,happiness,Yes.  Meaning just that.
12,24,Ses01F_script03_1_M,happiness,"Well what does it all mean?  That's what I ask myself in my quest for ultimate truth.  Dear God, what does it all mean?"
12,25,Ses01F_script03_1_F,happiness,Don't laugh at me.  I'm being serious.
12,26,Ses01F_script03_1_M,neutral,"Oh darling, you mustn't be serious.  It's just what they want."
12,27,Ses01F_script03_1_F,neutral,Who's they?
12,28,Ses01F_script03_1_M,neutral,"All of those futile moralists who make life unbearable.  You have to laugh at them, be flippant."
12,29,Ses01F_script03_1_M,neutral,"You know, flippancy brings out the acid in their darned, light and sweetness."
12,30,Ses01F_script03_1_F,neutral,"you know if I laugh at everything then I must laugh at us, too."
12,31,Ses01F_script03_1_M,neutral,Oh of course.  We are figures of fun.  All right.
12,32,Ses01F_script03_1_F,neutral,"How long with it last, this ludicrous overbearing love of ours?"
12,33,Ses01F_script03_1_M,happiness,Who knows?
12,34,Ses01F_script03_1_F,neutral,Shall we always want to bicker and fight?
12,35,Ses01F_script03_1_M,neutral,Oh no.  That fire will fade along with our passion.
12,36,Ses01F_script03_1_F,neutral,"Oh dear, should we like that?"
12,37,Ses01F_script03_1_M,neutral,Well it depends on how well we've played.
12,38,Ses01F_script03_1_F,neutral,What happens if one of us dies?  Does the other one still laugh?
12,39,Ses01F_script03_1_M,neutral,Yes.  Yes with all of his might.
12,40,Ses01F_script03_1_F,neutral,"Well that's serious enough, isn't it?"
12,41,Ses01F_script03_1_M,neutral,"No, no, no, no. no.  Death is a very laughable thing.  It's a cunning little mystery, it's all done with mirrors."
12,42,Ses01F_script03_1_F,neutral,I think you are talking nonsense.
12,43,Ses01F_script03_1_M,neutral,"Oh.  So is everyone, in the long run."
12,44,Ses01F_script03_1_M,neutral,"Let's be superficial, and just pity those poor philosophers, huh?  Let's blow trumpets and squeakers and enjoy the party for as long as we can, you know, like small, idiotic school children."
12,45,Ses01F_script03_1_F,happiness,[LAUGHTER]
12,46,Ses01F_script03_1_M,happiness,Oh Come and kiss me darling before your body rots and worms pop out of your eye sockets.
12,47,Ses01F_script03_1_F,happiness,"Oh Elliott, worms don't pop."
12,48,Ses01F_script03_1_M,happiness,"Oh See, I don't care what you do, see.  You can paint yourself green and run naked through the Place Vendome and run off with all of the men of the world.  I shan't say a word, just as long as you love me best."
12,49,Ses01F_script03_1_F,happiness,"Aw.  Thank you, darling.  The same applies to you too, except that if you so much as look at another woman I'll kill you."
12,50,Ses01F_script03_1_M,neutral,Do you remember that awful scene we had in Venice?
12,51,Ses01F_script03_1_F,neutral,Which particular one?
12,52,Ses01F_script03_1_M,neutral,The one where you put that tiny painted wooden snake in my bed.
12,53,Ses01F_script03_1_F,neutral,"Oh Charles, that was his name.  He did wiggle so beautifully."
12,54,Ses01F_script03_1_M,neutral,[GARBAGE]
12,55,Ses01F_script03_1_M,neutral,It was a terrible thing.  I hated it.
12,56,Ses01F_script03_1_F,neutral,I know you did.  You threw him out the window into the Grand Canal.  I'll never forgive you for that.
12,57,Ses01F_script03_1_M,neutral,How long did that row last?
12,58,Ses01F_script03_1_F,neutral,It went on intermittently for days.
12,59,Ses01F_script03_1_M,neutral,Uh huh.
12,60,Ses01F_script03_1_M,neutral,But the worst one was in Cannes when your curling irons burnt a hole in my new dressing gown.
12,61,Ses01F_script03_1_F,neutral,"Oh And it burnt my comb, too, and all of those towels in the bathroom."
12,62,Ses01F_script03_1_M,happiness,"That was a rouser, wasn't it?"
12,63,Ses01F_script03_1_F,neutral,[LAUGHTER] That was the first time you hit me.
12,64,Ses01F_script03_1_M,neutral,I did not hit you very hard.
12,65,Ses01F_script03_1_F,happiness,"The manager came in, he found us rolling about the floor, biting and scratching like panthers. [LAUGHTER]  How utterly, utterly ridiculous."
12,66,Ses01F_script03_1_M,happiness,[LAUGHTER] I'll never forget his face. [LAUGHTER]
12,67,Ses01F_script03_1_M,happiness,[LAUGHTER] We were very much younger then.
12,68,Ses01F_script03_1_F,happiness,[LAUGHTER] And very much sillier.
12,69,Ses01F_script03_1_M,neutral,However I believe the real cause of that row was Peter Burden.
12,70,Ses01F_script03_1_F,neutral,Oh.  You knew there was nothing in that.
13,0,Ses01F_script03_2_M,neutral,We were very much younger then.
13,1,Ses01F_script03_2_F,happiness,And very much sillier.
13,2,Ses01F_script03_2_M,neutral,However I believe the real cause of that row was Peter Burden.
13,3,Ses01F_script03_2_F,happiness,Oh.  You knew there was nothing in that.
13,4,Ses01F_script03_2_M,neutral,I knew nothing of the sort.  You took presents from him.
13,5,Ses01F_script03_2_F,happiness,"Presents?  It was only a trivial, little brooch."
13,6,Ses01F_script03_2_M,neutral,"It was bristling with diamonds.  In the worst possible taste, too."
13,7,Ses01F_script03_2_F,neutral,"It was not.  I still have it, and I wear it often.  It is very pretty."
13,8,Ses01F_script03_2_M,neutral,You went out of your way to torture me over Peter Burden.
13,9,Ses01F_script03_2_F,neutral,I did not.  You worked that whole thing up in your jealous imagination.
13,10,Ses01F_script03_2_M,frustration,"Well, you let him kiss you, huh?  You said you did."
13,11,Ses01F_script03_2_F,neutral,"Well, what of it?"
13,12,Ses01F_script03_2_M,neutral,What of it?
13,13,Ses01F_script03_2_F,neutral,It gave him a lot of pleasure and it didn't hurt me.
13,14,Ses01F_script03_2_M,anger,What about me?
13,15,Ses01F_script03_2_F,neutral,"If you hadn't been so suspicious and nosey, you never would have known a thing about it."
13,16,Ses01F_script03_2_M,neutral,"That's a nice point of view, I must say."
13,17,Ses01F_script03_2_F,frustration,Oh dear.  I'm bored with this conversation.
13,18,Ses01F_script03_2_M,frustration,So am I.  I'm bored stiff. [GARBAGE]  Do you want some brandy?
13,19,Ses01F_script03_2_F,neutral,No.  Thank you.
13,20,Ses01F_script03_2_M,neutral,"I'll have a little, I think."
13,21,Ses01F_script03_2_F,neutral,"I don't know why you'd want any, you've already had three glasses."
13,22,Ses01F_script03_2_M,neutral,"No particular reason.  Anyhow, they are very small ones."
13,23,Ses01F_script03_2_F,neutral,I just think it's silly to go on and on and on about such a thing.
13,24,Ses01F_script03_2_M,frustration,"You can hardly call three glasses of liquor a whole evening long, going on and on and on."
13,25,Ses01F_script03_2_F,neutral,It's become a habit with you.
13,26,Ses01F_script03_2_M,frustration,Oh.  Don't be so grand.  Just because you don't happen to want one at the moment.
13,27,Ses01F_script03_2_F,anger,Don't be stupid.
13,28,Ses01F_script03_2_M,anger,"Really, Amanda."
13,29,Ses01F_script03_2_F,anger,What?
13,30,Ses01F_script03_2_M,frustration,Nothing.
13,31,Ses01F_script03_2_M,neutral,"you going out somewhere, dear?"
13,32,Ses01F_script03_2_F,anger,No.  I am just making myself fascinating for you.
13,33,Ses01F_script03_2_M,neutral,That reply has broken my heart.
13,34,Ses01F_script03_2_F,anger,Oh.  It's a woman's duty to allure the man.
13,35,Ses01F_script03_2_M,neutral,"Well as a matter of fact, yes, that's perfectly true."
13,36,Ses01F_script03_2_F,anger,No it isn't.
13,37,Ses01F_script03_2_M,neutral,Yes it is.
13,38,Ses01F_script03_2_F,anger,You shut up.
13,39,Ses01F_script03_2_M,anger,"Oh really.  It's a pity you didn't have any brandy, it would have made you a little less disagreeable."
13,40,Ses01F_script03_2_F,neutral,It's funny it hasn't worked such wonders for you.
13,41,Ses01F_script03_2_M,anger,"Snap, snap, snap.  You know you are like a little adder."
13,42,Ses01F_script03_2_F,neutral,"Adders don't snap, they sting."
13,43,Ses01F_script03_2_M,anger,Nonsense.  They have a bag of venom behind their fangs and they snap. They snap.
13,44,Ses01F_script03_2_F,anger,They sting. I don't care.  Do you understand?  I don't care if they bark and they roll about like hoops.
13,45,Ses01F_script03_2_M,anger,Did you see much of Peter Burden after our divorce?
13,46,Ses01F_script03_2_F,anger,"Yes I did, quite a lot."
13,47,Ses01F_script03_2_M,anger,"And I suppose you let him kiss you a good deal more than, too. Yes.  I suppose you guys had a riotous time, huh?  All out, no restraint at all.  Well, you never really had much anyhow."
13,48,Ses01F_script03_2_F,anger,Mind your own business.
13,49,Ses01F_script03_2_F,anger,"You're quite insufferable, I expect it's because you are drunk."
13,50,Ses01F_script03_2_M,anger,I think I am not in the least bit drunk.
13,51,Ses01F_script03_2_F,anger,You've always had a weak head.
13,52,Ses01F_script03_2_M,anger,I think I mentioned once before that I've had three minute liquor glasses the whole evening long.  A child of two cannot get drunk on that.
13,53,Ses01F_script03_2_F,anger,"On the contrary, a child of two can get violently drunk on only one glass of brandy."
13,54,Ses01F_script03_2_M,anger,"That's very interesting Amanda. How about a child of four?  Or a child of six?  Or a child of nine? We can get a good little conversation going on about this, you know, intemperate tots."
13,55,Ses01F_script03_2_F,anger,Oh shut up.
13,56,Ses01F_script03_2_F,anger,Shut up.
13,57,Ses01F_script03_2_F,anger,"Not very funny, darling.  Why don't you have some more brandy."
13,58,Ses01F_script03_2_M,neutral,[LAUGHTER] That's a very good idea.  I think I will.
13,59,Ses01F_script03_2_M,anger,"Look, you better turn that off. I don't want to wake up the people upstairs."
13,60,Ses01F_script03_2_F,neutral,Why?
13,61,Ses01F_script03_2_F,neutral,There are no people upstairs; it's a photographer's studio.
13,62,Ses01F_script03_2_M,anger,Well then you'll wake up the people downstairs.
13,63,Ses01F_script03_2_F,neutral,They are away in Tunis.
13,64,Ses01F_script03_2_M,neutral,This is no time of year for Tunis.
13,65,Ses01F_script03_2_F,neutral,"Turn it on again, please."
13,66,Ses01F_script03_2_M,anger,I will do no such thing.
13,67,Ses01F_script03_2_F,anger,Fine if you insist on being boorish and idiotic.
13,68,Ses01F_script03_2_M,anger,"Will you turn that off, it's driving me mad."
13,69,Ses01F_script03_2_F,anger,"You are far too temperamental, try to control yourself."
13,70,Ses01F_script03_2_M,anger,Turn it off.
13,71,Ses01F_script03_2_F,anger,"I won't.  Let go, let go of me. Listen, listen?  I'm sick and tired of listening to you, you sadistic bully."
13,72,Ses01F_script03_2_M,anger,"Amanda, listen, listen."
13,73,Ses01F_script03_2_M,anger,Oh.  That's very amusing indeed.
13,74,Ses01F_script03_2_F,anger,"Oh shut up.  Let go.  I hate you, I hate you.  Do you hear?  You are a conceited and overbearing and utterly impossible."
13,75,Ses01F_script03_2_M,anger,"You are a vile, ill-tempered, loose living, wicked little beast and I never want to see you again as long as I live."
13,76,Ses01F_script03_2_F,anger,This is the end.  Do you hear me?  Finally and forever.
13,77,Ses01F_script03_2_M,anger,You're not going like this.
13,78,Ses01F_script03_2_F,anger,Oh.  Yes I am.
13,79,Ses01F_script03_2_M,anger,You're not.
13,80,Ses01F_script03_2_F,anger,"Yes I am.   Stop it. Stop it.  Let go of me. Oh.  You're a cruel fiend.  I loathe and I hate you. Marry you again?  Never, never, never. I hope you die in torment, you brute beast cad."
13,81,Ses01F_script03_2_M,anger,"Shut up. Shut up. God, I wouldn't marry you again if you came crawling back to me on a bended knee.  You are a vile, ill-tempered, mean little wench and I never want to see you again as long as I live."
14,0,Ses01M_impro01_F,anger,Next.
14,1,Ses01M_impro01_M,frustration,"Yes, me. Okay, okay here we go."
14,2,Ses01M_impro01_F,anger,My window is open.
14,3,Ses01M_impro01_M,frustration,"Okay, so filled out all these forms  --"
14,4,Ses01M_impro01_F,neutral,This is... Your last- Your first name is Jones?
14,5,Ses01M_impro01_M,frustration,and I have This form of ID here so...
14,6,Ses01M_impro01_M,neutral,"Yes, Jones."
14,7,Ses01M_impro01_F,neutral,That's just strange I figured you filled in wrong sections.
14,8,Ses01M_impro01_M,neutral,Well...
14,9,Ses01M_impro01_F,frustration,What are you... what's...What are you applying for?
14,10,Ses01M_impro01_M,frustration,I'm just applying for another ID.
14,11,Ses01M_impro01_F,neutral,Another ID?
14,12,Ses01M_impro01_M,frustration,"Yes.  I'm supposed to have three forms of ID for this.  It's a long story, I'm supposed to have three forms of ID for this other job I really don't get into but I need another..."
14,13,Ses01M_impro01_F,neutral,Fine.  So I need ID.
14,14,Ses01M_impro01_M,frustration,"I have it right here, yes."
14,15,Ses01M_impro01_F,anger,"No, I need your ID to give you a second ID."
14,16,Ses01M_impro01_F,anger,It's really simple if you have a problem with it... Maybe you should--
14,17,Ses01M_impro01_M,frustration,But that's...
14,18,Ses01M_impro01_M,frustration,"That's why I'm here, that's why I was waiting in this line.  I need to get another form of ID."
14,19,Ses01M_impro01_F,neutral,"Well, do you have your passport?"
14,20,Ses01M_impro01_M,neutral,"No, I don't have a passport."
14,21,Ses01M_impro01_F,frustration,You have a birth certificate?
14,22,Ses01M_impro01_M,frustration,"I don't where it is though, I don't have with me.  Can I get it from somewhere?  I mean..."
14,23,Ses01M_impro01_F,anger,What do you expect me to do?
14,24,Ses01M_impro01_M,frustration,I probably have to go wait another line to get my birth certificate don't I?
14,25,Ses01M_impro01_F,anger,Probably.
14,26,Ses01M_impro01_M,frustration,You're very helpful.  What's your name?
14,27,Ses01M_impro01_F,neutral,Joy.
14,28,Ses01M_impro01_M,neutral,"Hi, Joy."
14,29,Ses01M_impro01_F,neutral,Hi.   You know...
14,30,Ses01M_impro01_M,frustration,So can you help me or not?
14,31,Ses01M_impro01_F,frustration,I am..I don't..I don't understand what you want.  A driver's license or a California ID.
14,32,Ses01M_impro01_M,frustration,Okay. [BREATHING]
14,33,Ses01M_impro01_M,frustration,I need California ID.
14,34,Ses01M_impro01_F,neutral,Okay.
14,35,Ses01M_impro01_M,frustration,On top of these other two forms of ID which I already have.
14,36,Ses01M_impro01_F,neutral,"What... well, do you have a driver's license?"
14,37,Ses01M_impro01_M,frustration,"No, I don't have driver's license."
14,38,Ses01M_impro01_F,neutral,Then how am I supposed to give you a California ID?
14,39,Ses01M_impro01_M,anger,Did you even look at the form?  I filled it out all these questions--
14,40,Ses01M_impro01_F,anger,Don't raise your voice with me.
14,41,Ses01M_impro01_M,neutral,Did you even look at the form?  I've already answered these question.
14,42,Ses01M_impro01_F,anger,Don't talk to me like I'm a child.
14,43,Ses01M_impro01_M,frustration,Okay.
14,44,Ses01M_impro01_F,anger,Do you know how long I've been working here? How long have you lived in California?
14,45,Ses01M_impro01_M,frustration,If it makes you stop acting like a child.
14,46,Ses01M_impro01_M,neutral,I have been to California my whole--
14,47,Ses01M_impro01_F,anger,"Maybe you never been to the D.M.V. before, maybe you should get back in line.  You know what?  sit in line again and if you get my number ask for different one."
14,48,Ses01M_impro01_M,anger,I am not...I'm not getting to back that line.
14,49,Ses01M_impro01_M,frustration,"Okay, okay let's keep our voices down, okay?  I didn't come here to get in yelling match."
14,50,Ses01M_impro01_F,neutral,I'm perfectly calm.
14,51,Ses01M_impro01_M,frustration,"I did not come in here to get in a yelling match with you, all right?"
14,52,Ses01M_impro01_F,neutral,Uh huh.  I didn't come here get in yelling match either.
14,53,Ses01M_impro01_M,frustration,Just try and help me.
14,54,Ses01M_impro01_F,neutral,They don't pay me enough to deal people like you.
14,55,Ses01M_impro01_M,neutral,"People like me, what is that supposed to mean?  You know, this is ridiculous.  Is there like a manager here, is there someone else that I can talk to?"
14,56,Ses01M_impro01_F,neutral,Why?
14,57,Ses01M_impro01_M,anger,Why?
14,58,Ses01M_impro01_F,neutral,Yeah.
14,59,Ses01M_impro01_F,neutral,"So you're not going to send me a thank you card, is that a problem? Is your are not going..."
14,60,Ses01M_impro01_M,anger,"Why, because I'm sick of talking to you."
14,61,Ses01M_impro01_M,anger,"'Cause you're obviously not talking to me, you're just yelling at me, berating me and telling me I can't fill out forms right."
14,62,Ses01M_impro01_F,neutral,"Oh, dear. Oh, boo-foo-woo, foo-foo."
14,63,Ses01M_impro01_M,frustration,"Oh, no honey. And you're going to miss the Christmas card too. It's a shame. It's going to be a good, nice picture."
14,64,Ses01M_impro01_F,neutral,Sit back down.
15,0,Ses01M_impro02_M,neutral,"Hey, Joy come in here."
15,1,Ses01M_impro02_F,neutral,What's happening?
15,2,Ses01M_impro02_M,sadness,I have to go back.
15,3,Ses01M_impro02_M,sadness,I just got a letter I have to go back.
15,4,Ses01M_impro02_F,neutral,When?
15,5,Ses01M_impro02_M,sadness,First thing tomorrow morning.
15,6,Ses01M_impro02_F,neutral,Are you kidding me?
15,7,Ses01M_impro02_F,frustration,How...
15,8,Ses01M_impro02_M,neutral,"I don't understand, I don't underst--"
15,9,Ses01M_impro02_F,frustration,How can they do that?
15,10,Ses01M_impro02_M,neutral,They can do it.
15,11,Ses01M_impro02_F,frustration,They said you're home for at least four years.
15,12,Ses01M_impro02_M,frustration,"I guess they can do it,"
15,13,Ses01M_impro02_M,sadness,"The National Guard is I guess really spread thin and then everyone has to go.  We all have to go back, my whole companies going back."
15,14,Ses01M_impro02_F,frustration,[BREATHING]
15,15,Ses01M_impro02_F,frustration,That's not fair.
15,16,Ses01M_impro02_M,neutral,I can't believe it. I just got back.
15,17,Ses01M_impro02_M,sadness,"So yeah, we leave tomorrow..."
15,18,Ses01M_impro02_F,frustration,[BREATHING]
15,19,Ses01M_impro02_M,sadness,...we're all shipping out.
15,20,Ses01M_impro02_M,sadness,I just got I feel like I'm in shock actually.
15,21,Ses01M_impro02_F,sadness,I don't even know what to tell you.
15,22,Ses01M_impro02_M,sadness,I don't know.
15,23,Ses01M_impro02_F,sadness,What about the birthday party?
15,24,Ses01M_impro02_M,sadness,I guess you're just going to have to have it without me.
15,25,Ses01M_impro02_M,sadness,"Hey listen, it's going to be okay though, all right?"
15,26,Ses01M_impro02_M,sadness,You're going to be fine.
15,27,Ses01M_impro02_F,neutral,Me?  I'm not worried about me.
15,28,Ses01M_impro02_M,sadness,"I'm going to be fine too, okay?"
15,29,Ses01M_impro02_F,neutral,How do you know?
15,30,Ses01M_impro02_M,sadness,I know I have a good... I have a really good group of guys with me.
15,31,Ses01M_impro02_M,sadness,We're going to be okay.
15,32,Ses01M_impro02_F,sadness,You're going with the same ones?
15,33,Ses01M_impro02_M,sadness,Do promise me you're going to take a lot of pictures.
15,34,Ses01M_impro02_F,neutral,"Always, I always do."
15,35,Ses01M_impro02_M,sadness,I know.
15,36,Ses01M_impro02_F,sadness,It's not the same though.
15,37,Ses01M_impro02_M,sadness,I just wish there was something I could do.
15,38,Ses01M_impro02_F,neutral,We could hide away.
15,39,Ses01M_impro02_M,sadness,Run away?
15,40,Ses01M_impro02_F,sadness,Mm hmm.  We'll build a bunker and never come out.
15,41,Ses01M_impro02_M,sadness,"I really don't want to go, I don't want to go..."
15,42,Ses01M_impro02_F,neutral,[LAUGHTER] Mmm.
15,43,Ses01M_impro02_M,neutral,I'm scared.
15,44,Ses01M_impro02_F,sadness,Don't say that.
15,45,Ses01M_impro02_F,neutral,I'll send you a letter every single day.
15,46,Ses01M_impro02_M,sadness,I love you.
15,47,Ses01M_impro02_F,neutral,I love you too.
16,0,Ses01M_impro03_M,neutral,The craziest thing just happened to me.
16,1,Ses01M_impro03_F,neutral,What?
16,2,Ses01M_impro03_M,neutral,This girl; she just offered me fifty thousand dollars to marry her.
16,3,Ses01M_impro03_F,neutral,[BREATHING]
16,4,Ses01M_impro03_M,neutral,Yeah.
16,5,Ses01M_impro03_F,neutral,Why?
16,6,Ses01M_impro03_M,neutral,"Well, she's not a citizen so she wants to get a visa."
16,7,Ses01M_impro03_F,neutral,Is she on the run?
16,8,Ses01M_impro03_M,neutral,"No, no, no, no, no, no she just... she's not a citizen but she wants her visa, yeah. She's going to pay me fifty thousand dollars to marry her and stay married to her for two years."
16,9,Ses01M_impro03_F,neutral,"Oh, she just needs to marry you."
16,10,Ses01M_impro03_F,neutral,That's incredible. That's awesome. Where's she from?  Maybe you can get a dual citizenship.
16,11,Ses01M_impro03_M,neutral,That's like twenty five thousand dollar a year for doing nothing. Isn't that awesome?
16,12,Ses01M_impro03_M,neutral,"She's actually from England, I think.  Well she- she spoke English but she had an accent. I didn't even ask."
16,13,Ses01M_impro03_F,neutral,That's so cool. Uh huh.
16,14,Ses01M_impro03_F,neutral,[LAUGHTER] Why did she pick you? Where were you?
16,15,Ses01M_impro03_M,neutral,"Fifty thousand dollars. Fifty thousand dollars. I was just out... I just... she's - well, she's a friend of friend but like..."
16,16,Ses01M_impro03_F,neutral,You were at a party? And she's like hey. You seem unattached she's like.
16,17,Ses01M_impro03_M,neutral,"Yeah.  Can you believe that? Yeah, she's like hey, I'm like sure I'll do it, I don't care. Yeah. I'm like fifty thousand dollars, I'd totally do it for fifty thousand dollars. But the only thing is that's kind of like illegal. So like I could go to jail probably for a long if I get caught, but..."
16,18,Ses01M_impro03_F,neutral,That's unbelievable... Yeah.
16,19,Ses01M_impro03_F,neutral,Well I've known people who have done this before. Yeah.  You just- it's really fun actually 'cause you have like a fake engagement party and all your friends come over and like...
16,20,Ses01M_impro03_M,neutral,Have you?
16,21,Ses01M_impro03_M,neutral,It's like I'm really going to get married. We'll have like the whole thing.
16,22,Ses01M_impro03_M,neutral,"Oh, good. [LAUGHTER]"
16,23,Ses01M_impro03_F,neutral,"Yeah. Yeah. And then yeah, and then you know like you could like you could do like like sock her for a lot of money"
16,24,Ses01M_impro03_M,neutral,I know. What do you think I should-
16,25,Ses01M_impro03_F,neutral,"Like make her rent the apartment that you two have to live together in, you know. And you won't pay any rent or you pay like, a hundred bucks a month or something."
16,26,Ses01M_impro03_M,neutral,Oh good idea.
16,27,Ses01M_impro03_M,neutral,Yeah.  Make her like open the bank account and stuff too.
16,28,Ses01M_impro03_F,neutral,Yeah.
16,29,Ses01M_impro03_M,neutral,It's a good idea.
16,30,Ses01M_impro03_F,neutral,"Dude, you lucked out."
16,31,Ses01M_impro03_M,neutral,I know.  Also I get to like plan the wedding now too. That will be fun.
16,32,Ses01M_impro03_F,neutral,"Yeah.  My colors are blush and beige what is it, do you know?"
16,33,Ses01M_impro03_M,neutral,"Something blue, something new, something... no I don't know. [LAUGHTER] So yeah, wonder if she's going to pay me up front but do you think it's bad though, do you think they're going to like track the money or something?"
16,34,Ses01M_impro03_F,neutral,Oh I don't know. [LAUGHTER]
16,35,Ses01M_impro03_F,neutral,I don't know get it in cash.
16,36,Ses01M_impro03_M,neutral,Just cash hardcore.
16,37,Ses01M_impro03_F,neutral,Yeah.
16,38,Ses01M_impro03_M,neutral,What should we do?  Where should we get married? We should have party.
16,39,Ses01M_impro03_F,neutral,How exciting. You should have a wedding on the beach.
16,40,Ses01M_impro03_M,neutral,"Yeah, like a big like- A wedding on the beach, that would be nice."
16,41,Ses01M_impro03_F,neutral,"Yeah, at night."
16,42,Ses01M_impro03_M,neutral,And then we can honeymoon.  I want to go tropical though like Bahamas- --or like Tahiti or something. I just want to like beach and like drink.
16,43,Ses01M_impro03_F,neutral,"Oh yeah, absolutely, absolutely."
16,44,Ses01M_impro03_F,neutral,How exciting.  You should make her bring all your friends too.
16,45,Ses01M_impro03_M,neutral,I'll make her pay for that.  I hear she's like totally wealthy. She's like royalty- --or something like and- --whatever like removed or something but yeah.
16,46,Ses01M_impro03_F,neutral,[GARBAGE] She's got to be loaded.  fifty thousand dollars.  That's incredible.
16,47,Ses01M_impro03_F,neutral,Incredible.
16,48,Ses01M_impro03_M,neutral,I'm going to marry a blue blood. [LAUGHTER]
16,49,Ses01M_impro03_F,neutral,"you're a lucky, lucky, lucky man."
16,50,Ses01M_impro03_M,neutral,Will you help me plan?
16,51,Ses01M_impro03_F,neutral,"Oh, totally. Yeah."
16,52,Ses01M_impro03_M,neutral,Good.
17,0,Ses01M_impro04_F,neutral,You seem kind of down.
17,1,Ses01M_impro04_M,neutral,I'm just mad.
17,2,Ses01M_impro04_F,neutral,How come?
17,3,Ses01M_impro04_M,frustration,It's--I've been trying to find this job I can't get any job.
17,4,Ses01M_impro04_M,frustration,It's not fair.
17,5,Ses01M_impro04_F,neutral,What do you mean?
17,6,Ses01M_impro04_M,frustration,"I mean I've been looking for a job for like three years and I can't get a job.  I mean like, it's America, right?  I should be able to get a job."
17,7,Ses01M_impro04_F,neutral,There's a lot of people looking for jobs.
17,8,Ses01M_impro04_M,frustration,"I guess.  But three years?  I mean, I like--I went to college even, I mean I didn't finish but I went for like a little bit.  It's not fair, I don't know."
17,9,Ses01M_impro04_F,neutral,"I don't know, I mean, I just don't think..."
17,10,Ses01M_impro04_M,frustration,"I mean I've been sending out my resumes and doing everything I can do but nothing is happening.  You know, it's like I can't and I can't keep living on loans anymore like this.  I'm going to--I mean eventually I'm going to have to pay it back. I'm just kind of freaking out, I don't know."
17,11,Ses01M_impro04_F,neutral,Did you ever think it might be your attitude that's...
17,12,Ses01M_impro04_M,neutral,"What's my--like what do you mean ""my attitude""?"
17,13,Ses01M_impro04_F,neutral,"I don't know just sometimes you get kind of... No, I'm not saying that.  I just--"
17,14,Ses01M_impro04_M,neutral,Do I have an attitude problem?
17,15,Ses01M_impro04_M,frustration,"No, well maybe it's because I'm like frustrated 'cause I can't get a job, you know."
17,16,Ses01M_impro04_F,neutral,...has anyone ever just said anything like that to you before?
17,17,Ses01M_impro04_M,frustration,"Like it's really hard to like shake that off when you go into like audition a room or whatever, you know what I mean?"
17,18,Ses01M_impro04_F,neutral,"Right, sure."
17,19,Ses01M_impro04_F,neutral,"But I mean you kind of got to, you got to fake it 'til you feel it, right?"
17,20,Ses01M_impro04_M,frustration,"I guess I just getting really hard to fake, you know."
17,21,Ses01M_impro04_F,neutral,I'm just saying that if I was looking to hire somebody in the--or kind of... No. No. No.
17,22,Ses01M_impro04_M,frustration,"Are you hiring? Wait, do you know of a job? Seriously, do you know, like do you know of anything though?  Like, oh please, do you know of anything?"
17,23,Ses01M_impro04_F,neutral,No.  I'm just saying though that if I was a person who was hiring somebody I-- --would not hire someone who was angry or upset.
17,24,Ses01M_impro04_M,frustration,Yeah.
17,25,Ses01M_impro04_M,frustration,I come across angry?
17,26,Ses01M_impro04_F,neutral,No.
17,27,Ses01M_impro04_M,anger,What?
17,28,Ses01M_impro04_F,neutral,"Well, you know a little.  If you were to listen to--"
17,29,Ses01M_impro04_M,frustration,"Okay.  You're my friend you can tell me stuff.  You can tell me honestly stuff, okay?  Please."
17,30,Ses01M_impro04_F,neutral,I just don't want you to fly off the handle.
17,31,Ses01M_impro04_M,frustration,"Okay, I'm not flying off the handle I don't think I'm flying off the handle here at all."
17,32,Ses01M_impro04_F,neutral,You kind of have a short fuse.
17,33,Ses01M_impro04_M,frustration,I have a short fuse?
17,34,Ses01M_impro04_F,neutral,Yeah.
17,35,Ses01M_impro04_M,anger,"Okay. Okay no, no, no, no okay no, I need to hear this more. Come on, bring it."
17,36,Ses01M_impro04_F,neutral,"Like this, right now we're trying have a conversation."
17,37,Ses01M_impro04_F,neutral,We're trying to have a conversation and you seem extremely hostile. You keep cutting me off.
17,38,Ses01M_impro04_M,neutral,"Well, it's 'cause I can't get a job, okay?"
17,39,Ses01M_impro04_M,frustration,I'm not always right I'm just--
17,40,Ses01M_impro04_F,neutral,I can't finish the sentence with you without you jumping in...
17,41,Ses01M_impro04_F,neutral,...and you're always right.
17,42,Ses01M_impro04_M,neutral,fine okay.
17,43,Ses01M_impro04_F,neutral,You have an excuse for everything.
17,44,Ses01M_impro04_M,frustration,[BREATHING]
17,45,Ses01M_impro04_F,neutral,I'm just saying that maybe you should take in some information before you produce more of your own.
17,46,Ses01M_impro04_M,anger,I'm like a sponge I'm like soaked up with all this information for like three years I'm just dying for a job to like put it in to.
17,47,Ses01M_impro04_F,neutral,[BREATHING]
17,48,Ses01M_impro04_F,frustration,That's -.
17,49,Ses01M_impro04_M,frustration,"You know, and like I don't think it's that much to ask. I know."
17,50,Ses01M_impro04_F,neutral,"Well, what kind of field are you looking to go into?"
17,51,Ses01M_impro04_M,neutral,That's it.
18,0,Ses01M_impro05_F,neutral,Can I help you?
18,1,Ses01M_impro05_M,frustration,"Yes, please help me.  Where is my bag?"
18,2,Ses01M_impro05_F,neutral,I need a little more information.
18,3,Ses01M_impro05_M,frustration,"Where is my bag?  Come on, I've been here for four hours."
18,4,Ses01M_impro05_F,neutral,What- What flight did you come in on?
18,5,Ses01M_impro05_M,frustration,"Okay, I'm coming in from Atlanta."
18,6,Ses01M_impro05_F,neutral,Georgia?
18,7,Ses01M_impro05_M,neutral,"Yes, Georgia.  Good for you I need my bag.  Can you..."
18,8,Ses01M_impro05_F,neutral,"There's no need for you to raise your voice, sir."
18,9,Ses01M_impro05_F,neutral,I've been college educated.
18,10,Ses01M_impro05_F,neutral,I speak your language.
18,11,Ses01M_impro05_M,anger,Are you insinuating that I don't have a college education and that- for some reason that makes you a better person than I am?
18,12,Ses01M_impro05_M,anger,"Listen, shut your smug mouth, okay?  I don't need that."
18,13,Ses01M_impro05_F,neutral,I'm just saying you don't need to talk to me like I-
18,14,Ses01M_impro05_M,anger,I've been sitting here for four hours.
18,15,Ses01M_impro05_F,frustration,I'm not a child.
18,16,Ses01M_impro05_F,neutral,I've been here for sixteen.
18,17,Ses01M_impro05_M,anger,You people have just been tossing me around like a used hanky.
18,18,Ses01M_impro05_F,neutral,I come here every single day.
18,19,Ses01M_impro05_M,anger,You work here.
18,20,Ses01M_impro05_F,neutral,"Details, Details.  Well, anyhow can I--"
18,21,Ses01M_impro05_F,neutral,so you flew in from Atlanta...
18,22,Ses01M_impro05_M,frustration,My bag from Atlanta.
18,23,Ses01M_impro05_F,neutral,Four...Four hours ago.
18,24,Ses01M_impro05_M,frustration,It's a little black bag with wheels.
18,25,Ses01M_impro05_F,neutral,Do you have any i-?
18,26,Ses01M_impro05_M,neutral,That you wouldn't let me put in the overhead compartment.  You said I had to check it.
18,27,Ses01M_impro05_F,neutral,I wouldn't let you?   I was not in Atlanta. I was not in Atlanta.
18,28,Ses01M_impro05_M,neutral,It's a tiny little bag.
18,29,Ses01M_impro05_F,neutral,I had nothing to do with the boarding attendance.  I'm sorry that your seat was wherever it was.
18,30,Ses01M_impro05_M,neutral,"It was right in the middle of five different people.  I had a huge fat lady next me, a crying kid on left I went like can I please get a Bloody Mary, please? Will you bring a Bloody Mary?"
18,31,Ses01M_impro05_F,neutral,"I have some unfortunate news, uh, that your bag isn't going to be--"
18,32,Ses01M_impro05_F,neutral,--arriving any time soon.
18,33,Ses01M_impro05_M,neutral,"Just had a really, really stressful day, okay?  And I need my bag; can you please help me get my bag?"
18,34,Ses01M_impro05_F,neutral,I'm really sorry to tell you this but...
18,35,Ses01M_impro05_M,neutral,Okay.
18,36,Ses01M_impro05_F,neutral,It's not.  I can offer you fifty dollars and a reimbursement gift cards for our airline...
18,37,Ses01M_impro05_F,neutral,...and your future...
18,38,Ses01M_impro05_M,neutral,"I'm sorry, wait a minute.  Are you saying I'm not going to get my bag at all?"
18,39,Ses01M_impro05_F,neutral,No.
18,40,Ses01M_impro05_M,neutral,It's gone.
18,41,Ses01M_impro05_F,neutral,Yes.
18,42,Ses01M_impro05_M,frustration,Where is it?  Where did it go?
18,43,Ses01M_impro05_F,neutral,We've actually...
18,44,Ses01M_impro05_M,neutral,You mean did someone steal it? Do people steal bags?
18,45,Ses01M_impro05_F,neutral,They do as matter of fact.  We don't like to publicize it because
18,46,Ses01M_impro05_F,neutral,people wouldn't Fly our airline.
18,47,Ses01M_impro05_M,anger,Probably people that work for your company huh?
18,48,Ses01M_impro05_M,anger,Do you know what was in that little bag that I could have just easily put in overhead compartment but no I had to check?
18,49,Ses01M_impro05_F,neutral,What was that?
18,50,Ses01M_impro05_M,anger,My computer which has all of my data which I'm collecting right now.
18,51,Ses01M_impro05_F,neutral,That's unfortunate.
18,52,Ses01M_impro05_M,anger,Yeah it's really unfortunate you know why because I'm going to get fired if I don't get that.  So I need to have that back.
18,53,Ses01M_impro05_F,neutral,That's too bad.
18,54,Ses01M_impro05_M,anger,"Fifty dollars is not going to cover me for my job, okay?"
18,55,Ses01M_impro05_F,neutral,I wish I could give it to you.
18,56,Ses01M_impro05_M,anger,Well you need to find it. Can I just go back there and look through the bags?  Can I just go back there and just go through maybe I'll find it.
18,57,Ses01M_impro05_F,neutral,I wish I-
18,58,Ses01M_impro05_F,neutral,That's not - no.
18,59,Ses01M_impro05_F,neutral,No.
18,60,Ses01M_impro05_M,anger,It'll be a lot more than what you're doing sitting here and just give me lip service.  I'd like to go back at least do some aggressive searching for my stuff.
18,61,Ses01M_impro05_F,neutral,We have plenty of aggressive searching going on it's not there.  Someone's taken it.
18,62,Ses01M_impro05_M,anger,"Sure, yeah right you have plenty of aggressive searching going on, aggressive searching, drinking coffee and smoking cigarettes."
18,63,Ses01M_impro05_M,anger,I know what you guys do when you're not working you're union people; you just sit around on your ass.
18,64,Ses01M_impro05_F,frustration,You know I don't need to take this sort of abuse.
18,65,Ses01M_impro05_M,neutral,"Well, I don't need to take this kind of abuse either.  I just was trying get back to Atlanta. I just got home, I just want to get my bag and get my stuff. And keep my job."
18,66,Ses01M_impro05_F,neutral,That's fantastic.
18,67,Ses01M_impro05_F,neutral,Then why don't you take your fifty dollars. Get yourself a taxi and go shopping tomorrow.
18,68,Ses01M_impro05_M,frustration,[BREATHING]
18,69,Ses01M_impro05_M,anger,Thank you very much.
19,0,Ses01M_impro06_F,neutral,You okay?
19,1,Ses01M_impro06_M,sadness,"Yeah, I'm just-- yeah"
19,2,Ses01M_impro06_M,sadness,"Just kind of feel numb, you know."
19,3,Ses01M_impro06_F,neutral,What's happened?
19,4,Ses01M_impro06_M,sadness,You didn't even hear?
19,5,Ses01M_impro06_M,sadness,[BREATHING] Umm.
19,6,Ses01M_impro06_M,sadness,God I've told this story so many times. Umm.
19,7,Ses01M_impro06_F,neutral,You don't have to if you don't want to.
19,8,Ses01M_impro06_M,sadness,I just...I just basically lost someone that was really close to me.
19,9,Ses01M_impro06_M,sadness,"And I've kind of been dealing with all of the...the stuff, you know the hospital and people work because..."
19,10,Ses01M_impro06_F,sadness,I'm sorry to hear that.
19,11,Ses01M_impro06_M,sadness,"He kind of didn't have anyone to take care of that for him, so--"
19,12,Ses01M_impro06_F,sadness,You've been taking care of it all?
19,13,Ses01M_impro06_F,sadness,Oh Jesus.
19,14,Ses01M_impro06_M,sadness,It's just really...really messed up.
19,15,Ses01M_impro06_F,sadness,He sick for awhile?
19,16,Ses01M_impro06_M,sadness,No.
19,17,Ses01M_impro06_M,sadness,Just like it.
19,18,Ses01M_impro06_F,neutral,Was it an accident?
19,19,Ses01M_impro06_M,sadness,"No, I mean it just came on really quick, you know I mean it was a [GARBAGE] it was a sickness but it just --"
19,20,Ses01M_impro06_F,neutral,how was sick?
19,21,Ses01M_impro06_M,sadness,What?
19,22,Ses01M_impro06_F,neutral,"Well, I'm confused.  He was sick or it was an accident?"
19,23,Ses01M_impro06_M,sadness,"He was sick. He got sick. He got sick but it happened really, really fast, you know."
19,24,Ses01M_impro06_F,neutral,Oh. Really fast? Oh.
19,25,Ses01M_impro06_M,sadness,It was kind of like boom... done
19,26,Ses01M_impro06_F,neutral,Yeah.
19,27,Ses01M_impro06_M,sadness,It's just really weird because he was really young you know and it kind of like...
19,28,Ses01M_impro06_F,neutral,Yeah.
19,29,Ses01M_impro06_M,sadness,--it just kind of freaks you out.
19,30,Ses01M_impro06_F,neutral,"Totally, yeah."
19,31,Ses01M_impro06_M,sadness,So weird you know that like one days it's like you know sounds so stupid but like one day someone's here. And like next day you know they're not here and it just kind of makes you like think about like life and mortality and like that kind of stuff.  You just like used to take for granted--you know.
19,32,Ses01M_impro06_F,neutral,Mmhmm.
19,33,Ses01M_impro06_F,neutral,Lock
19,34,Ses01M_impro06_F,neutral,Mmhmm.
19,35,Ses01M_impro06_F,neutral,The plans you make [GARBAGE].
19,36,Ses01M_impro06_M,sadness,"Exactly, you know, and like he had so many plans and he was going to do..."
19,37,Ses01M_impro06_F,neutral,It leaves a hole for you too.
19,38,Ses01M_impro06_M,sadness,"so many things, you know?"
19,39,Ses01M_impro06_F,neutral,"It leaves a hole for you too, in your plans together."
19,40,Ses01M_impro06_M,sadness,What?
19,41,Ses01M_impro06_M,sadness,Yeah.
19,42,Ses01M_impro06_F,neutral,It gets better.
19,43,Ses01M_impro06_M,sadness,"He was a really, really good guy."
19,44,Ses01M_impro06_F,neutral,Mmhmm.
19,45,Ses01M_impro06_M,sadness,A lot of people loved him.
19,46,Ses01M_impro06_F,neutral,MMhmm.
19,47,Ses01M_impro06_M,sadness,"You know, it's like affecting a lot of people it's not just me, you know?"
19,48,Ses01M_impro06_F,neutral,Mmhmm.
19,49,Ses01M_impro06_F,neutral,How long did you know each other?
19,50,Ses01M_impro06_M,sadness,Umm...
19,51,Ses01M_impro06_M,sadness,For like eight years.
19,52,Ses01M_impro06_F,neutral,That's a long time.
19,53,Ses01M_impro06_M,sadness,Yeah.
19,54,Ses01M_impro06_F,neutral,It's good that you were there.
19,55,Ses01M_impro06_M,sadness,"Yeah, I'm glad I was there. Glad I- glad I got to be there."
19,56,Ses01M_impro06_M,sadness,"So weird,"
19,57,Ses01M_impro06_F,neutral,Yeah.
19,58,Ses01M_impro06_M,sadness,"like I can't...it's like you know it's like ""pinch me"" it's like I can't believe like I'm dealing with this, you know."
19,59,Ses01M_impro06_F,neutral,Are there things you wish you'd done differently?
20,0,Ses01M_impro07_M,neutral,Check this out.  You know how I've told you I've been really into like softball recently?
20,1,Ses01M_impro07_F,neutral,Yeah.
20,2,Ses01M_impro07_M,neutral,"Well, this is totally random, I got this full ride scholarship to go to U.S.C next year to play softball."
20,3,Ses01M_impro07_F,neutral,[LAUGHTER]. For softball? That's unbelievable. Is it slow pitch?
20,4,Ses01M_impro07_M,neutral,For softball.  They're going to pay me to go to school. Isn't that awesome?
20,5,Ses01M_impro07_M,neutral,"Yeah.  Well, I don't--well yeah I can pitch, I'm not like the pitcher though. I'm like the pinch hitter guy I mostly just hit.  But I guess I'm going to have to... Yeah, and then I play shortstop too but... It's so ex- The good news is I get to stay here."
20,6,Ses01M_impro07_F,neutral,Uh huh.
20,7,Ses01M_impro07_F,neutral,Pinch hitting softball.
20,8,Ses01M_impro07_F,neutral,That is incredible.
20,9,Ses01M_impro07_F,neutral,That's amazing. They pay for everything?
20,10,Ses01M_impro07_M,neutral,"I know. For softball, yeah."
20,11,Ses01M_impro07_F,neutral,"Your housing, books, everything? That is incredible."
20,12,Ses01M_impro07_M,neutral,"Yeah, everything. Every like- free ride and I get to, you know, like be on like a Trojans sports team too. And it's like cool. Isn't it awesome?"
20,13,Ses01M_impro07_F,neutral,That is incredible. Do you get like a per diem?
20,14,Ses01M_impro07_M,happiness,"I don't know. I should ask. Yeah, I will."
20,15,Ses01M_impro07_F,neutral,You should...You should look into that.
20,16,Ses01M_impro07_F,neutral,"That is amazing, congratulations. Good for you."
20,17,Ses01M_impro07_M,neutral,Thank you.
20,18,Ses01M_impro07_M,neutral,But I don't know I want to live in the housing that they give me though 'cause I think I want to you know like get like a nicer place.
20,19,Ses01M_impro07_F,neutral,Oh.
20,20,Ses01M_impro07_F,neutral,"Yeah, that you probably. You should see one of these Victorian houses around by."
20,21,Ses01M_impro07_M,neutral,Where should I move?
20,22,Ses01M_impro07_M,neutral,"That's a really good idea. Or I could go to like Santa Monica. Go beach. Venice beach, yeah a little dirty though. I don't want to go to Venice beach. But - Malibu. All right."
20,23,Ses01M_impro07_F,neutral,Oh. Venice beach.
20,24,Ses01M_impro07_F,neutral,"Oh, you don't like that. You're west-sider?"
20,25,Ses01M_impro07_F,neutral,"Okay. That would be way too much of a commute you can't do that. Especially- I know especially from--I don't know, what I was going to say, I don't know."
20,26,Ses01M_impro07_M,happiness,Professional softball player Malibu. [LAUGHTER]
20,27,Ses01M_impro07_M,neutral,From where? Huh? Well I'm from San Francisco.
20,28,Ses01M_impro07_F,neutral,I don't know. Commuting from what Malibu that would be ridiculous.
20,29,Ses01M_impro07_M,happiness,"Oh yeah, that would be.  Well, depends on what type of car you had, though too. I guess it would be worth it. helicopter. Yeah, helicopter.  There is a helipad there, right? Yeah, exactly."
20,30,Ses01M_impro07_F,neutral,Oh yeah. He'd drop you right off at practice?
20,31,Ses01M_impro07_F,neutral,Do you--are you one of those like four a clock in the morning practices?  Is it--that's more like swimming and- --ballet and things like that.
20,32,Ses01M_impro07_M,neutral,Yeah. I think it's in the afternoon 'cause I mean can't be too early 'cause then you can't see the ball.
20,33,Ses01M_impro07_F,neutral,They have those neon--softballs.  They're like day-glow you can see them anywhere.
20,34,Ses01M_impro07_M,neutral,"Yeah, but no. Well, they have a night games but you know there's more like night games they're not like morning games, you know. I guess it's kind of same thing."
20,35,Ses01M_impro07_F,neutral,I'm surprised you don't know that.
20,36,Ses01M_impro07_F,neutral,Oh. That is incredible. Is it--
20,37,Ses01M_impro07_F,neutral,"do they have a--is it a co-ed softball team?  I mean... Really? You know, I didn't even know that they have that."
20,38,Ses01M_impro07_M,neutral,No it's all boys. All boys' softball team.
20,39,Ses01M_impro07_M,happiness,They do it's--believe me it's huge.
20,40,Ses01M_impro07_F,neutral,Who do you play? Like do--are you like... nationally ranked?
20,41,Ses01M_impro07_M,neutral,I just got into it. I just kind of fell into it. Literally I was walking around and...
20,42,Ses01M_impro07_F,neutral,That is unbelievable.
20,43,Ses01M_impro07_M,happiness,It's pretty wild.
20,44,Ses01M_impro07_F,neutral,I would put that right up there with--ping-pong.
20,45,Ses01M_impro07_M,neutral,"Yeah, well I doubt [GARBAGE] ping pong [GARBAGE]"
20,46,Ses01M_impro07_F,neutral,I mean not to denigrate what you are doing.  I think that's great.
20,47,Ses01M_impro07_M,neutral,Oh you mean it's not really sport that what you're saying?
20,48,Ses01M_impro07_F,neutral,"No, no.  I love softball. I played softball all the time."
20,49,Ses01M_impro07_M,neutral,It's totally a sport. What are you talking about?
20,50,Ses01M_impro07_M,neutral,"What, just 'cause I don't play regular baseball doesn't mean I'm like any less of like a sports guy."
20,51,Ses01M_impro07_F,neutral,I am not saying you should be. I'm not no. I think it's great I think you should be incredibly proud yourself especially because you're going to U.S.C for free for doing it. For free.
20,52,Ses01M_impro07_M,neutral,For free that's really what it's about. I mean who cares I mean if I have to play softball all the time?
20,53,Ses01M_impro07_M,neutral,But they got to like drive around in a bus--that would suck.
20,54,Ses01M_impro07_F,neutral,Oh really? With the whole team?
20,55,Ses01M_impro07_M,neutral,Yeah we have like away games and stuff.
20,56,Ses01M_impro07_F,neutral,What are your teammates like? I'm sure you don't know yet? What kind of people play softball?
20,57,Ses01M_impro07_M,neutral,They're nice.
20,58,Ses01M_impro07_M,neutral,"Like, you know like police officers, like--kind of heavyset guys. Mustaches, yeah. It's that kind of-"
20,59,Ses01M_impro07_F,neutral,Oh really?
20,60,Ses01M_impro07_F,neutral,Cool. You don't seem like you'd fit in there.
20,61,Ses01M_impro07_M,neutral,That kind of...They're okay.  No I'm like- I'm kind of like the odd man out I'm like...
20,62,Ses01M_impro07_F,neutral,"Oh, cool."
20,63,Ses01M_impro07_M,neutral,But you know I'm like [GARBAGE].
20,64,Ses01M_impro07_F,happiness,You're like the rookie? The new kid.
20,65,Ses01M_impro07_M,neutral,Yeah.
20,66,Ses01M_impro07_F,happiness,Just watch in five years you'll be like on the force. You carry around donuts in your back pocket... [LAUGHTER]
20,67,Ses01M_impro07_M,happiness,I'm going to have a mustache...On the force...
20,68,Ses01M_impro07_M,happiness,Pull over..
21,0,Ses01M_script01_1_F,frustration,What he's going to say?
21,1,Ses01M_script01_1_M,neutral,He saw it.
21,2,Ses01M_script01_1_F,neutral,When?
21,3,Ses01M_script01_1_M,neutral,He was out here at four this morning.
21,4,Ses01M_script01_1_F,neutral,How could he see it?  I was the first one up and he was still in bed.
21,5,Ses01M_script01_1_M,neutral,I was out here at four this morning I heard a crack and I looked out the window and he was standing right over there.
21,6,Ses01M_script01_1_F,neutral,What was he doing here at four in the morning?
21,7,Ses01M_script01_1_M,sadness,I don't know.  But he went back in the kitchen and he cried.
21,8,Ses01M_script01_1_F,sadness,Did you talk to him?
21,9,Ses01M_script01_1_M,sadness,No.  I figured I'd just let it wait.
21,10,Ses01M_script01_1_F,sadness,Cried hard?
21,11,Ses01M_script01_1_M,sadness,"Yeah, I could hear him crying through the floorboards in my room."
21,12,Ses01M_script01_1_F,sadness,[BREATHING]
21,13,Ses01M_script01_1_F,frustration,What is he doing out here at that hour?
21,14,Ses01M_script01_1_M,sadness,I don't know.
21,15,Ses01M_script01_1_F,anger,"He's dreaming about him again, walking the streets."
21,16,Ses01M_script01_1_M,sadness,I guess he is.
21,17,Ses01M_script01_1_F,neutral,It's getting to be just like after he died.  What is the meaning of that?
21,18,Ses01M_script01_1_M,frustration,I don't know the meaning of it.  But I know we've made terrible mistake with father.
21,19,Ses01M_script01_1_F,neutral,What?
21,20,Ses01M_script01_1_M,neutral,"I mean, these kinds of things, man they always come back at you.  And this is definitely coming back to us."
21,21,Ses01M_script01_1_F,anger,What do you mean a mistake?
21,22,Ses01M_script01_1_M,frustration,"I just--why shouldn't he walk the nights waiting for him, huh?  Do we contradict him do we say we don't have any hope any more that he's not coming back?"
21,23,Ses01M_script01_1_F,frustration,"What do you want to do, argue with him?"
21,24,Ses01M_script01_1_M,frustration,"I don't want to argue with him, it's just for God's sake it's time he realized that no one believes with him any more."
21,25,Ses01M_script01_1_F,neutral,You can't say that to him.
21,26,Ses01M_script01_1_M,frustration,I got to.
21,27,Ses01M_script01_1_F,anger,"What, can you prove it?  What proof do you have?  Can you prove it?"
21,28,Ses01M_script01_1_M,frustration,"For God's sake, three years?  Nobody comes back after three years. It's insane."
21,29,Ses01M_script01_1_F,anger,"To you it is, to me it is.  But to your father?  You can talk yourself 'til you're blue in the face but there's was no grave and there is no body.  So where are you?"
21,30,Ses01M_script01_1_M,frustration,"Okay, all right.  Mom, sit down.  I want to talk to you."
21,31,Ses01M_script01_1_F,anger,The trouble is those god damn news papers.  Every month some boy comes back missing longer then Larry so--
21,32,Ses01M_script01_1_M,frustration,"Yeah, okay all right, all right.  Listen, um, you know why I asked Annie here, right?"
21,33,Ses01M_script01_1_F,anger,Why?
21,34,Ses01M_script01_1_M,neutral,You know.
21,35,Ses01M_script01_1_F,neutral,"Well, I've got an idea but what's the story?"
21,36,Ses01M_script01_1_M,neutral,I'm going to ask her to marry me.
21,37,Ses01M_script01_1_F,frustration,"Well, that's only your business, Chris."
21,38,Ses01M_script01_1_M,frustration,You know it's not just my business.
21,39,Ses01M_script01_1_F,anger,"Well, what do you want me to do?  You're old enough known your own business."
21,40,Ses01M_script01_1_M,frustration,So it's okay then?  I'm just going to go ahead with it?
21,41,Ses01M_script01_1_F,neutral,You want to make sure that your father's not going to...
21,42,Ses01M_script01_1_M,anger,"See.  Then it's not just my business. Sometimes you infuriate me, you know that?  You know it's just your business too if I tell father and he throws a fit about it, huh?"
21,43,Ses01M_script01_1_F,frustration,I'm just saying.
21,44,Ses01M_script01_1_F,anger,I'm sorry.  I ignore what I've got to ignore. That girl is Larry's girl.
21,45,Ses01M_script01_1_M,anger,She is not Larry's girl.
21,46,Ses01M_script01_1_F,anger,"From father's point of view he is not dead and you have no right to take his girl.  I'm just saying that you can go on from there if you know where to go but I'm saying I don't know where to go.  See, I don't know."
21,47,Ses01M_script01_1_M,frustration,I don't know why it is you know every time I reach out for something I have to pull back 'cause I'm afraid it's going to hurt somebody.  All my life...
21,48,Ses01M_script01_1_F,neutral,You're a considerate fellow.  There's nothing wrong in that.
21,49,Ses01M_script01_1_M,anger,To hell with that.
21,50,Ses01M_script01_1_F,neutral,Did you ask Annie yet?
21,51,Ses01M_script01_1_M,sadness,"No, I wanted to get this all sorted out first."
21,52,Ses01M_script01_1_F,frustration,"Well, how do you know she's going to marry you?  Maybe she feels same way your father does."
21,53,Ses01M_script01_1_M,neutral,"Well, if she does then that's the end of it.  However from her letters I think she's pretty much forgotten him."
21,54,Ses01M_script01_1_F,frustration,"The trouble is you don't see enough women, you never did."
21,55,Ses01M_script01_1_M,frustration,So what?  I'm just--I'm not fast with women.
21,56,Ses01M_script01_1_F,anger,I don't see why it has to be Annie.
21,57,Ses01M_script01_1_M,frustration,Because it is.
21,58,Ses01M_script01_1_F,anger,"That's a good answer but it doesn't answer anything.  You haven't seen her since you went away to war, it's been five years."
21,59,Ses01M_script01_1_M,frustration,"I don't know, it I think of her, I grew up next to her.  She is what I think of when I think of a wife."
21,60,Ses01M_script01_1_F,sadness,"He thinks he's coming back, Chris.  You marry that girl you're pronouncing him dead."
21,61,Ses01M_script01_1_F,anger,"Do you know what that'll do to you, to your father, do you know?  I don't."
21,62,Ses01M_script01_1_M,neutral,All right then.
21,63,Ses01M_script01_1_F,neutral,Give it some more thought.
21,64,Ses01M_script01_1_M,frustration,I've given it lots of thought.  And I keep coming back to the same thing.
21,65,Ses01M_script01_1_M,frustration,"When I think of a family, when I think of my future I see Annie in the center of that and you know and if that can't happen here then I'll go somewhere else."
21,66,Ses01M_script01_1_F,neutral,What the hell is this?
21,67,Ses01M_script01_1_M,frustration,I'll leave.  I'll get married and move somewhere else maybe New York.
21,68,Ses01M_script01_1_F,anger,Are you crazy?
21,69,Ses01M_script01_1_M,neutral,I'll do it.
21,70,Ses01M_script01_1_F,anger,You have a business here.  I said what the hell is this?
21,71,Ses01M_script01_1_M,anger,Business?  The business doesn't inspire me.
21,72,Ses01M_script01_1_F,anger,"Oh, must you be inspired."
21,73,Ses01M_script01_1_M,anger,"Yes, yes I like it for one hour a day.  I don't care if I have to grub for money all day long when I come home I want it nice, I want a family, I want to kids and Annie is in the center of that."
21,74,Ses01M_script01_1_M,frustration,If that can't happen here...
21,75,Ses01M_script01_1_F,neutral,You mean to tell me you would leave the business for this.
21,76,Ses01M_script01_1_M,neutral,"Yes, on this I would."
21,77,Ses01M_script01_1_F,anger,"Well, you don't want to think like that."
21,78,Ses01M_script01_1_M,sadness,Then help me stay here mom.
21,79,Ses01M_script01_1_F,anger,"All right but you don't think like that because what the hell is this all for.  This is all for you, what are we working for Chris? The whole shooting match is for you."
21,80,Ses01M_script01_1_M,neutral,"I know, I know."
21,81,Ses01M_script01_1_M,sadness,Then help me stay.
21,82,Ses01M_script01_1_F,anger,"Well, you don't think like that."
21,83,Ses01M_script01_1_M,anger,I am thinking like that.
21,84,Ses01M_script01_1_F,anger,"I don't understand you, do I?"
21,85,Ses01M_script01_1_M,sadness,"No, you don't.  I'm a pretty tough guy."
21,86,Ses01M_script01_1_F,anger,"Well, I can see that."
22,0,Ses01M_script01_2_F,anger,Why did he invite her here?
22,1,Ses01M_script01_2_M,neutral,"Well, maybe he wanted see her."
22,2,Ses01M_script01_2_F,anger,It's been three and a half years.  Why all of a sudden?
22,3,Ses01M_script01_2_M,neutral,"Well uh, He grew up next door to the girl, why wouldn't he want to see her?"
22,4,Ses01M_script01_2_M,frustration,Don't look at me like that.  He didn't tell me anything he told you.
22,5,Ses01M_script01_2_F,neutral,He's not going to marry her.
22,6,Ses01M_script01_2_M,frustration,How do you know he's even thinking about it?
22,7,Ses01M_script01_2_F,neutral,it's got that about it.
22,8,Ses01M_script01_2_M,frustration,Oh so what?
22,9,Ses01M_script01_2_F,anger,"What is going on here, Joe?"
22,10,Ses01M_script01_2_M,frustration,"Okay, now listen, kids..."
22,11,Ses01M_script01_2_F,anger,The girl is not Larry's.  If the girl is Larry's girl she's not his she know she's not.
22,12,Ses01M_script01_2_M,frustration,Listen. Line. You can't read her mind.
22,13,Ses01M_script01_2_F,neutral,Then why is she still single?  New York is full of men probably a hundred people told her she is crazy but she is waited.
22,14,Ses01M_script01_2_M,neutral,And how do you know why she's waited.
22,15,Ses01M_script01_2_F,neutral,Because she knows what I know that's why.  She's faithful as a rock. in my darkest moments I think of her waiting and I know that I'm right.
22,16,Ses01M_script01_2_M,frustration,"Okay, look it's a beautiful day.  Why are we arguing?"
22,17,Ses01M_script01_2_F,frustration,"Nobody in this house dares take away her faith Joe.  Her- strangers might but not her father, not her brother."
22,18,Ses01M_script01_2_M,frustration,What do you want me to do?  What do you want?
22,19,Ses01M_script01_2_F,anger,"I want you to---act like he is coming back.  Don't think I haven't noticed you, both of you since Chris invited her here.  I won't stand for any nonsense."
22,20,Ses01M_script01_2_M,frustration,Kate...
22,21,Ses01M_script01_2_F,neutral,Because if he's not coming back then I'll kill myself.
22,22,Ses01M_script01_2_M,frustration,[BREATHING]
22,23,Ses01M_script01_2_F,anger,"Oh, laugh at me, laugh all you like but why does this happen to very night she comes back?  She goes to sleep in his room and his memorial breaks in pieces.  Look at it, Joe look."
22,24,Ses01M_script01_2_M,frustration,"All right, calm yourself."
22,25,Ses01M_script01_2_F,anger,"Believe with me Joe, you got to believe. Only last week a boy came back missing longer then Larry you read it yourself."
22,26,Ses01M_script01_2_M,frustration,"Okay, calm yourself. Alright."
22,27,Ses01M_script01_2_M,frustration,calm yourself.
22,28,Ses01M_script01_2_F,anger,You above all have got to believe. Just don't stop believing.
22,29,Ses01M_script01_2_M,anger,What does that mean? Me above all? What does that mean?
22,30,Ses01M_script01_2_M,anger,Look at you. You're shaking.
22,31,Ses01M_script01_2_F,neutral,I can't help it.
22,32,Ses01M_script01_2_M,anger,"What the hell do you want from me, Kate?"
23,0,Ses01M_script01_3_F,neutral,The only one I know still love his parents.
23,1,Ses01M_script01_3_M,happiness,"Yeah, that kind of went out of style didn't it?"
23,2,Ses01M_script01_3_F,neutral,Oh it's not bad thing it's good thing.
23,3,Ses01M_script01_3_F,neutral,"You know it's nice here, the air is sweet."
23,4,Ses01M_script01_3_M,happiness,You're not sorry you came?
23,5,Ses01M_script01_3_F,sadness,"Not sorry, no.  I can't stay here."
23,6,Ses01M_script01_3_M,sadness,Why not?
23,7,Ses01M_script01_3_F,neutral,For one thing your mother as much as told me to go.
23,8,Ses01M_script01_3_M,neutral,Well.
23,9,Ses01M_script01_3_F,sadness,[BREATHING] And then you've been kind of...
23,10,Ses01M_script01_3_M,neutral,What?
23,11,Ses01M_script01_3_F,sadness,You've been kind of embarrassed ever since I got here.
23,12,Ses01M_script01_3_M,neutral,"I was kind of planning on sneaking up on you, you know over like a course of a week or so. They just take for granted that we're already set."
23,13,Ses01M_script01_3_F,neutral,"I knew they would, your mother anyway."
23,14,Ses01M_script01_3_M,neutral,You did?
23,15,Ses01M_script01_3_F,neutral,From her point of view why else would I come?
23,16,Ses01M_script01_3_M,neutral,Yeah--
23,17,Ses01M_script01_3_M,neutral,"So then would you want to?  I mean I guess, you kind of have to know, maybe that's why I asked you to come."
23,18,Ses01M_script01_3_F,neutral,Well I guess that's why I came.
23,19,Ses01M_script01_3_M,happiness,"Ann, I love you.  I love you."
23,20,Ses01M_script01_3_M,neutral,I love you a great deal.
23,21,Ses01M_script01_3_M,neutral,I'm sorry I don't really have much of an imagination.
23,22,Ses01M_script01_3_F,neutral,"Chris,"
23,23,Ses01M_script01_3_M,neutral,"I'm sorry I'm embarrassing you, aren't I?  See, I didn't want to do it here I didn't on this porch, with this ring--I didn't want to win you away from anything."
23,24,Ses01M_script01_3_F,neutral,"I've been ready a long, long time."
23,25,Ses01M_script01_3_M,neutral,So then he's gone.  You sure?
23,26,Ses01M_script01_3_F,neutral,I almost got married two years ago.
23,27,Ses01M_script01_3_M,neutral,Why didn't you?
23,28,Ses01M_script01_3_F,neutral,You started to write me.
23,29,Ses01M_script01_3_M,neutral,You felt something that far back?
23,30,Ses01M_script01_3_F,neutral,Everyday since.
23,31,Ses01M_script01_3_M,neutral,why didn't you let me know?
23,32,Ses01M_script01_3_F,neutral,"Because I was waiting for you, Chris.  Till then you never wrote me and then when you did, well, you sure can be ambiguous you know."
23,33,Ses01M_script01_3_M,neutral,"Oh Annie, why don't you go ahead and give me a kiss, come on just a..."
23,34,Ses01M_script01_3_M,neutral,I kissed you.  I kissed Annie.
23,35,Ses01M_script01_3_F,happiness,I'll never forgive you for waiting so long.  All I did was sit around and wonder if I was crazy for thinking about you.
23,36,Ses01M_script01_3_M,happiness,I kissed you.
23,37,Ses01M_script01_3_F,neutral,"Like Larry's brother.  Do what like you, Chris."
23,38,Ses01M_script01_3_F,sadness,"Chris, what's the matter?"
23,39,Ses01M_script01_3_M,sadness,Do you want to go somewhere?  Let's go.
23,40,Ses01M_script01_3_F,sadness,"No, what is it?  Is your mother?"
23,41,Ses01M_script01_3_M,sadness,"No, no, it's nothing like that."
23,42,Ses01M_script01_3_F,neutral,"Well, then what?  You know, even in your letter you seem kind of ashamed."
23,43,Ses01M_script01_3_M,sadness,I don't know it's--it's complicated. But it's going from me now.
23,44,Ses01M_script01_3_F,sadness,You got to tell me.
23,45,Ses01M_script01_3_M,sadness,I don't know.
23,46,Ses01M_script01_3_M,sadness,It's kind of all mixed up with all these other things.
23,47,Ses01M_script01_3_F,sadness,Wouldn't work like this.
23,48,Ses01M_script01_3_M,sadness,you know over seas I was in command of the company?
23,49,Ses01M_script01_3_F,sadness,"Yeah, sure."
23,50,Ses01M_script01_3_M,sadness,Well I lost them.
23,51,Ses01M_script01_3_F,sadness,How many?
23,52,Ses01M_script01_3_M,sadness,Pretty much all.
23,53,Ses01M_script01_3_F,sadness,[BREATHING]. Geez.
23,54,Ses01M_script01_3_M,sadness,"Takes awhile to toss something like that off.  I mean they weren't just men, you know."
23,55,Ses01M_script01_3_M,sadness,"For instance, there was this one time when this kid--it had been raining for like several days and he gave me his last pair of dry socks."
23,56,Ses01M_script01_3_M,sadness,He just put it in my pocket that's the kind of guys I had.
23,57,Ses01M_script01_3_M,sadness,"They didn't die they killed themselves for each other and I mean that exactly, you know a little more selfish and they'll all be here today..."
23,58,Ses01M_script01_3_M,sadness,"And I had this idea as I was watching them go down like everything was being destroyed, you know.  But I felt like this one new thing was being made, you know it's kind of like this.  This monument..."
23,59,Ses01M_script01_3_M,sadness,"You know, that they were bringing something on to this earth, a kind of sacrifice you know."
23,60,Ses01M_script01_3_M,sadness,"I thought I would change everything you know, and I got back here and it was- it was like nothing had changed at all..."
23,61,Ses01M_script01_3_M,sadness,You know.  I went to work with dad and I started that whole rat race again...
23,62,Ses01M_script01_3_M,sadness,And no one had changed it was just like sort of random bus accident to them.
23,63,Ses01M_script01_3_M,sadness,Driving my new car and I felt guilty you know opening my bank book seeing a new refrigerator.
23,64,Ses01M_script01_3_M,sadness,'Cause you can take those things out of a war.  But you have to realize that those things came out of the love that a man can have for another man...
23,65,Ses01M_script01_3_M,sadness,And if you can't see that then it's just loot and there's blood all over it.
23,66,Ses01M_script01_3_M,sadness,I felt ashamed and I didn't want any part of it.  I guess I included you too.
23,67,Ses01M_script01_3_F,sadness,Do you still feel that way?
23,68,Ses01M_script01_3_M,sadness,I want you to know Annie.
23,69,Ses01M_script01_3_F,neutral,"'Cause you mustn't feel that way.  Everything you have, you have a right to..."
23,70,Ses01M_script01_3_F,neutral,Everything Chris do you understand that?  To me too...
23,71,Ses01M_script01_3_F,neutral,And your money there's nothing wrong in your money.  Your father put hundreds of planes into the air.  You should be proud of that a man should be paid for that.
23,72,Ses01M_script01_3_M,neutral,Annie...
23,73,Ses01M_script01_3_M,happiness,I'm going to make a fortune for you.
23,74,Ses01M_script01_3_F,happiness,What would I do with a fortune?
24,0,Ses01M_script02_1_M,neutral,"What time is it?  God, this is great, isn't it?  I can't believe it."
24,1,Ses01M_script02_1_M,neutral,"Of course I did want to a little further up the coast you know get away from all the lights and people and everything.  Is it midnight, do they always start at midnight?  Is that what it is midnight?  How you doing, huh? You okay?  That's good."
24,2,Ses01M_script02_1_F,neutral,I'm fine.
24,3,Ses01M_script02_1_M,neutral,"Look, there what's that, what's that?  Is it--"
24,4,Ses01M_script02_1_M,neutral,"No, I think that's just foam."
24,5,Ses01M_script02_1_F,frustration,Ugh...
24,6,Ses01M_script02_1_M,neutral,"Oh, no I can't tell though.  Although probably if you can't tell it probably isn't them right, yeah.  Probably going to be like unmistakable, right?"
24,7,Ses01M_script02_1_M,neutral,"Gosh, this is great, isn't it?  This is awesome.  Oh, no you know what I forgot?"
24,8,Ses01M_script02_1_M,neutral,My flashlight.  How could I forget my flashlight?  God--
24,9,Ses01M_script02_1_F,neutral,What flashlight?
24,10,Ses01M_script02_1_M,neutral,Flashlight the silver one.  There's only one isn't there?
24,11,Ses01M_script02_1_F,neutral,That's not your flashlight.
24,12,Ses01M_script02_1_M,neutral,Whose is it?
24,13,Ses01M_script02_1_F,neutral,"It's ours; it's my flashlight, too."
24,14,Ses01M_script02_1_M,neutral,"Oh, well, yeah of course."
24,15,Ses01M_script02_1_F,anger,"You keep saying ""my flashlight"" like somehow it's just yours. How's that supposed to make me feel?"
24,16,Ses01M_script02_1_M,neutral,"Of course, our flashlight.  What's your is mine, mi flashlight es su flashlight."
24,17,Ses01M_script02_1_M,neutral,"Gosh, I should have brought it. I can't believe I forgot that."
24,18,Ses01M_script02_1_M,neutral,"It's a nice moon though, should stay full.  Do they always run during a full moon?  I can't remember was it full last year?"
24,19,Ses01M_script02_1_F,neutral,Yeah.
24,20,Ses01M_script02_1_M,neutral,Are you all right?  Are you okay?  You cold?  Do you want to my jacket? My jacket? No?
24,21,Ses01M_script02_1_F,neutral,No.
24,22,Ses01M_script02_1_M,neutral,"You know what we should've brought a blanket too.  Man, our blanket, our blanket.  Wish I had six-pack too, a six-pack would be just the ticket right about now, huh, six-pack."
24,23,Ses01M_script02_1_M,neutral,What's wrong?  Are you okay?  Huh?  You cold?
24,24,Ses01M_script02_1_F,neutral,I'm fine.
24,25,Ses01M_script02_1_M,neutral,"Oh yeah, I'm so excited right now I'm like a kid."
24,26,Ses01M_script02_1_M,neutral,I can't believe I got out of the house without my fly zipped up even.
24,27,Ses01M_script02_1_F,happiness,I wonder if they can hear me talk
24,28,Ses01M_script02_1_M,neutral,"I wonder if they can hear me talking, you know."
24,29,Ses01M_script02_1_M,neutral,Like feel the vibrations in the sand when we move around.
24,30,Ses01M_script02_1_F,frustration,I'm cold.
24,31,Ses01M_script02_1_M,frustration,Do you want my jacket?
24,32,Ses01M_script02_1_F,frustration,"It's after eleven, let's go home."
24,33,Ses01M_script02_1_M,frustration,What are you kidding?  We just got here.  We don't want to turn around and go home now.  What's the point coming all the way down here?
24,34,Ses01M_script02_1_F,frustration,There is no point.
24,35,Ses01M_script02_1_M,neutral,Right.
24,36,Ses01M_script02_1_F,frustration,That's my point.
24,37,Ses01M_script02_1_M,neutral,That's my point too.
24,38,Ses01M_script02_1_F,anger,Then let's go.
24,39,Ses01M_script02_1_M,frustration,"No, wait no, no that's not my point.  My point is there is no point and coming all the way down here if we just turn around and go home."
24,40,Ses01M_script02_1_M,neutral,Don't you want to see it?
24,41,Ses01M_script02_1_F,neutral,Not particularly.
24,42,Ses01M_script02_1_M,frustration,Why not?
24,43,Ses01M_script02_1_F,neutral,"I just don't, it's stupid."
24,44,Ses01M_script02_1_M,frustration,It's not stupid.  It's a natural phenomenon.
24,45,Ses01M_script02_1_M,anger,People in Kansas would have to get plane tickets and make hotel reservations to see this.  It's only forty minutes away; it's just too good to pass up.
24,46,Ses01M_script02_1_F,anger,"Pass what up?  These little fish swim out of the ocean, they flop around on the sand then they swim back and then they die."
24,47,Ses01M_script02_1_M,neutral,Yeah but that like flopping around is what to do it's like spawning or mating or something.  This is like the highlight of their little fish lives.  It's like life's last orgy.
24,48,Ses01M_script02_1_F,frustration,"I don't know what you're so excited about.  This isn't a moon landing we're talking about, it's fish, it's a fish nobody even eats."
24,49,Ses01M_script02_1_M,neutral,"Yeah, they do."
24,50,Ses01M_script02_1_F,frustration,"Oh, Augie."
24,51,Ses01M_script02_1_M,neutral,"Well, okay whatever, okay but it's a fish who do something that like no other fish do, you know, it's like those swallows that return to Capistrano or those like those lemmings that jumped off the cliffs, you know."
24,52,Ses01M_script02_1_M,neutral,"It's like a little bit of the unexplainable, a little magic, a little mystery.  I just don't see how you can not be interested in this."
24,53,Ses01M_script02_1_F,frustration,I'm not.
24,54,Ses01M_script02_1_M,neutral,For real?
24,55,Ses01M_script02_1_F,anger,Yes.
24,56,Ses01M_script02_1_M,frustration,All right.
24,57,Ses01M_script02_1_M,frustration,"I don't get it though, I mean the first time we came here you said it was like the best night of your life..."
24,58,Ses01M_script02_1_M,frustration,And last year I remember like distinctively you were so excited to get here that you didn't realize you stubbed your toe until we were in a car.
24,59,Ses01M_script02_1_F,anger,"Last year, you'll also remember we got--our shoes got wet, I got sand in my panties, you got a sore throat, we got into a big fight and we did not see the grunions."
24,60,Ses01M_script02_1_M,neutral,We just weren't in a good spot though.
24,61,Ses01M_script02_1_F,anger,We didn't see them the year before either.
24,62,Ses01M_script02_1_M,neutral,We just weren't in a good spot I'm telling you this is a much better spot.
24,63,Ses01M_script02_1_M,neutral,"Come on, trust me I got instincts for these things, okay?  So just--just think about it all right?  Okay, I know you're not interested, think about it..."
24,64,Ses01M_script02_1_M,neutral,"Out there, there's like this big mass of silver fish they're heading this way..."
24,65,Ses01M_script02_1_M,neutral,"They don't know why, we don't know why.  No one like sent them an invitation or gave them a map or direction..."
24,66,Ses01M_script02_1_M,neutral,They just all turned at once and they just form this line as long as the California coast.  And they just started swimming...
24,67,Ses01M_script02_1_M,neutral,Like some little time release fire cracker went off inside their little tiny bodies.  And they all turned as one...
24,68,Ses01M_script02_1_M,neutral,"And form the line and started swimming, swimming that would bring them to this point here..."
24,69,Ses01M_script02_1_M,neutral,It's like urgency that's pure urge you know.  It's single-mindedness with no mind.
24,70,Ses01M_script02_1_M,neutral,"It's crazy.  Look at this, I'm giving myself goose bumps, the hairs are standing up on my arm."
24,71,Ses01M_script02_1_F,neutral,That's the wind.
25,0,Ses01M_script02_2_M,neutral,They're out there swimming right now...
25,1,Ses01M_script02_2_M,neutral,...to this spot for this massive celebration of like sex and death...
25,2,Ses01M_script02_2_M,neutral,"Look at this, my hairs are standing up my arm. I'm giving myself goose bumps."
25,3,Ses01M_script02_2_F,neutral,That's the wind.
25,4,Ses01M_script02_2_M,neutral,"Well, so?  What do you think?"
25,5,Ses01M_script02_2_F,neutral,About what?
25,6,Ses01M_script02_2_M,neutral,About what I was saying.
25,7,Ses01M_script02_2_F,frustration,I think it's ridiculous.
25,8,Ses01M_script02_2_M,neutral,It certainly is not.  It's like slightly exaggerated scientific fact.
25,9,Ses01M_script02_2_F,frustration,It's a PR.
25,10,Ses01M_script02_2_F,neutral,Somebody sold you a bill of goods that something amazing is going to happen on the beach.
25,11,Ses01M_script02_2_M,frustration,"It's not just me, okay?  Look at like all the people."
25,12,Ses01M_script02_2_F,frustration,They're all told the same thing.
25,13,Ses01M_script02_2_F,frustration,"Everybody is believes that it keeps them excited, you know it keeps them coming back for more."
25,14,Ses01M_script02_2_F,frustration,"Everybody keeps thinking that they can just find the right spot, you know they'll get it on the action."
25,15,Ses01M_script02_2_F,frustration,Their life will start then.
25,16,Ses01M_script02_2_M,neutral,Are we talking about the same thing?
25,17,Ses01M_script02_2_F,frustration,I'm sorry it still just fish to me.
25,18,Ses01M_script02_2_M,neutral,Can I ask you a question?  Are you on your period?
25,19,Ses01M_script02_2_F,anger,"Why do you ask me that?  God damn it, I told you not to ask me that I hate it when you ask me that. It's insulting."
25,20,Ses01M_script02_2_M,neutral,"Okay, well then what's bugging you?"
25,21,Ses01M_script02_2_F,anger,"I just, we just have different ideas of what this evening is supposed to look like."
25,22,Ses01M_script02_2_M,frustration,"Is not supposed to like anything.  We come down here, we look at the fish, they arrive, we go woo-ah fish."
25,23,Ses01M_script02_2_F,frustration,"Oh. Grow up Augie, the fish are not going to come."
25,24,Ses01M_script02_2_M,neutral,And then we go home and they go home.
25,25,Ses01M_script02_2_M,frustration,Why not?
25,26,Ses01M_script02_2_F,anger,"Because they never do.  Do they, have they ever?"
25,27,Ses01M_script02_2_M,neutral,We missed them twice.
25,28,Ses01M_script02_2_F,anger,Twice is every year we've tried that's ever.
25,29,Ses01M_script02_2_M,frustration,"Okay we'll see them this year, this is a much better spot. Trust me."
25,30,Ses01M_script02_2_F,anger,No we won't.  It's pointless it's like a waiting up to see Santa Claus.
25,31,Ses01M_script02_2_F,anger,"I feel like my whole life is going to be spent here on the beach with my eyes wide open and my hands clasped expectantly, waiting for fish to show up and the fish never show."
25,32,Ses01M_script02_2_M,frustration,"Okay, I'm trying to work this backwards"
25,33,Ses01M_script02_2_F,frustration,You don't understand anything I'm saying.
25,34,Ses01M_script02_2_M,frustration,and figure out where we took a turn to the worst thing.
25,35,Ses01M_script02_2_M,frustration,Of course not.
25,36,Ses01M_script02_2_F,neutral,"I did want to see it I still do, I always do.  I keep thinking that this time will be the time but it just never is."
25,37,Ses01M_script02_2_M,frustration,"Okay.  I'm trying to work this backwards here and I'm trying to figure out the exact moment that you took a turn for the worst here, now."
25,38,Ses01M_script02_2_M,neutral,"you were fine during the phone call from Marge, dinner was okay, doing the dishes was fine."
25,39,Ses01M_script02_2_M,neutral,"Let's see, uh, I took a shower and, um, you were watching the news and you said the ""the Grunions are running tonight,"" and I said ""okay great, let's go."""
25,40,Ses01M_script02_2_M,neutral,So I'm putting the animals out we're getting the car to the garage and--
25,41,Ses01M_script02_2_F,neutral,Do you remember the first year we came here? It's about four years ago right after we got married.
25,42,Ses01M_script02_2_F,neutral,We thought I was pregnant we had this bottle of champagne but no glasses.  You asked me to dance so we took off our shoes.
25,43,Ses01M_script02_2_F,neutral,"While we were dancing you said the softest most intimate things to me, right into my ears so I could feel them much as hear them."
25,44,Ses01M_script02_2_F,sadness,"And I remember thinking this is it. finally, finally I'm as happy as I'm supposed to be."
25,45,Ses01M_script02_2_M,neutral,"Wait a minute, I've got it."
25,46,Ses01M_script02_2_F,neutral,"Dancing on the beach barefoot, drinking champagne from the bottle."
25,47,Ses01M_script02_2_M,neutral,"It was when we were driving passed that knickerbocker liquor locker and you would said, no you said ""let's get some champagne"" and I said ""no time to wasting"" or something like that.  That's what it is, right?"
25,48,Ses01M_script02_2_M,neutral,"You want this to be like the other times, right?"
25,49,Ses01M_script02_2_F,sadness,I'd rather not remember some things.  I'd rather not hope for some things.
25,50,Ses01M_script02_2_M,neutral,"Oh right sure, of course."
25,51,Ses01M_script02_2_M,neutral,Do you want to dance?
25,52,Ses01M_script02_2_F,sadness,No.
25,53,Ses01M_script02_2_M,neutral,You want me to go get some champagne?
25,54,Ses01M_script02_2_F,sadness,No.
25,55,Ses01M_script02_2_M,neutral,Do you want to take off our shoes?
25,56,Ses01M_script02_2_F,neutral,No.
25,57,Ses01M_script02_2_M,neutral,What? Huh?
25,58,Ses01M_script02_2_M,neutral,You want to get married again?
25,59,Ses01M_script02_2_M,frustration,What?  What?  You want to divorce?
25,60,Ses01M_script02_2_F,frustration,No.
25,61,Ses01M_script02_2_M,frustration,A vacation?
25,62,Ses01M_script02_2_F,frustration,No.
25,63,Ses01M_script02_2_M,anger,"A new carpet, a poodle, a suicide pact, ice cream, a back rub, what?  What?  What the hell do you want?"
25,64,Ses01M_script02_2_F,anger,I want something to turn out the way that it's supposed to.
25,65,Ses01M_script02_2_M,frustration,"Well, welcome to the human race."
25,66,Ses01M_script02_2_M,anger,You think nothing turns out how it's supposed to.  You think I had some grand idea going that four years down the line.  We would come to this beach and argue over fish?  No.
25,67,Ses01M_script02_2_M,neutral,"You think there would be times when you'd look at me like I was used Kleenex and then I'd look at you and think ""Holy hell when is the next flight to Alaska."""
25,68,Ses01M_script02_2_M,sadness,"No, no I'm just like you, I thought it was going to be all rosy cheeks and the bills would pay themselves and fish will always come and--"
25,69,Ses01M_script02_2_M,sadness,No.  You know what you get?  You know what you get?  You get this.
25,70,Ses01M_script02_2_F,anger,This what?  What is this?  This isn't even anything.
25,71,Ses01M_script02_2_M,neutral,"Yeah, it is."
25,72,Ses01M_script02_2_F,anger,"Oh, sure this is standing on the beach, this is waiting, fighting."
25,73,Ses01M_script02_2_M,neutral,Right.
25,74,Ses01M_script02_2_F,sadness,This isn't anything like I thought anything would be.
25,75,Ses01M_script02_2_M,sadness,I know me neither.
25,76,Ses01M_script02_2_F,sadness,This is just this.  I mean it includes a lot and everything but it's--do you understand what I'm saying?
25,77,Ses01M_script02_2_M,sadness,I'm doing the best I can.
25,78,Ses01M_script02_2_F,sadness,"I know that Augie, I really do."
25,79,Ses01M_script02_2_F,sadness,"I just can't help wishing that I was somebody, somewhere else."
25,80,Ses01M_script02_2_M,sadness,Maybe if you were with somebody else too?
25,81,Ses01M_script02_2_F,sadness,I didn't say that.
25,82,Ses01M_script02_2_M,sadness,"No, I know but--I know I don't make you happy."
25,83,Ses01M_script02_2_F,neutral,Are you kidding me?  For heaven sake Augie anything I'm doing I'd rather be doing it with you.
25,84,Ses01M_script02_2_M,sadness,Yeah?
25,85,Ses01M_script02_2_F,neutral,"Yes, don't be ridiculous.  Don't you know that?"
25,86,Ses01M_script02_2_F,sadness,"You are the one who probably wishes he was with somebody else, someone who didn't take everything so seriously, someone who would enjoy yourself."
25,87,Ses01M_script02_2_M,neutral,"Actually, you know what?  Now you mentioned that--no I don't."
25,88,Ses01M_script02_2_F,neutral,So maybe we're in the wrong spot.  But we're with the right person.
25,89,Ses01M_script02_2_M,neutral,"I don't know, just seemed like such a good spot to me."
25,90,Ses01M_script02_2_M,neutral,We do have really good view of the moon from here though.
25,91,Ses01M_script02_2_F,neutral,Oh I saw that.  Pretty isn't it. Big ol' white moon.
25,92,Ses01M_script02_2_M,happiness,Look what we got here.
25,93,Ses01M_script02_2_F,neutral,"Augie, you brought refreshments."
25,94,Ses01M_script02_2_M,neutral,It's not champagne.
25,95,Ses01M_script02_2_F,happiness,I guess we don't need glasses.
25,96,Ses01M_script02_2_M,neutral,"Are you cold, huh?  Do you want to go home?"
25,97,Ses01M_script02_2_F,happiness,I'm beginning to think you might be right.  I think this might be the spot after all.
25,98,Ses01M_script02_2_F,sadness,"Augie, I'm sorry."
25,99,Ses01M_script02_2_M,happiness,Shh...
25,100,Ses01M_script02_2_M,happiness,"If we are really quiet, the fish might come."
25,101,Ses01M_script02_2_F,neutral,Or not.
25,102,Ses01M_script02_2_M,neutral,Or not.
26,0,Ses01M_script03_1_M,neutral,Good God.
26,1,Ses01M_script03_1_F,neutral,Do you think it's them?
26,2,Ses01M_script03_1_M,neutral,I wonder.
26,3,Ses01M_script03_1_F,neutral,Freda is the only one who knows we are here. She wouldn't ring up.
26,4,Ses01M_script03_1_M,neutral,Must be them then.
26,5,Ses01M_script03_1_F,neutral,What we're going to do?
26,6,Ses01M_script03_1_M,neutral,"We're okay, right darling?  Whatever happens, we're okay?"
26,7,Ses01M_script03_1_F,happiness,Now and always sweet.
26,8,Ses01M_script03_1_M,happiness,I don't care then.
26,9,Ses01M_script03_1_F,happiness,It had to happen sooner or later.
26,10,Ses01M_script03_1_M,neutral,Yes... Hello?  Hello?  I'm sorry what's that?
26,11,Ses01M_script03_1_M,neutral,"No, it's a wrong number."
26,12,Ses01M_script03_1_F,neutral,"Oh, oh, that sent shivers on my spine."
26,13,Ses01M_script03_1_M,neutral,[BREATHING] [LAUGHTER]
26,14,Ses01M_script03_1_F,neutral,Oh...
26,15,Ses01M_script03_1_M,neutral,[BREATHING]
26,16,Ses01M_script03_1_F,neutral,[BREATHING]
26,17,Ses01M_script03_1_M,neutral,What shall we do if they suddenly walk in on us?
26,18,Ses01M_script03_1_F,happiness,Oh. Behave exquisitely...
26,19,Ses01M_script03_1_M,happiness,With perfect poise...
26,20,Ses01M_script03_1_F,happiness,[LAUGHTER] I think I shall do a court curtsey.
26,21,Ses01M_script03_1_M,happiness,Ah...
26,22,Ses01M_script03_1_F,happiness,[LAUGHTER]
26,23,Ses01M_script03_1_M,happiness,Ah...Strange...
26,24,Ses01M_script03_1_F,happiness,Mmm...
26,25,Ses01M_script03_1_M,happiness,"Things that just ought to matter dreadfully, you know they just don't matter at all when one is happy, do they?"
26,26,Ses01M_script03_1_F,neutral,The pity is that one can't stay happy.
26,27,Ses01M_script03_1_M,sadness,"Darling, don't say that."
26,28,Ses01M_script03_1_F,neutral,It's true.  I think the whole things a very poor joke.
26,29,Ses01M_script03_1_M,neutral,"What, this sacred and beautiful thing, love?"
26,30,Ses01M_script03_1_F,happiness,"Oh, yes meaning just that."
26,31,Ses01M_script03_1_M,happiness,"Oh, dear god what is that all mean, dear god?"
26,32,Ses01M_script03_1_F,happiness,[LAUGHTER] Don't laugh at me I'm being serious.
26,33,Ses01M_script03_1_M,happiness,"You mustn't be so serious, darling, it just what they want."
26,34,Ses01M_script03_1_F,neutral,Oh whose they?
26,35,Ses01M_script03_1_M,neutral,"Oh you know all those superficial philosophers. We must laugh at them, be flippant."
26,36,Ses01M_script03_1_M,happiness,Flippancy brings out the acid in their darn sweetness and light.
26,37,Ses01M_script03_1_F,happiness,"Mmhmm If I must laugh at everything, I must laugh at us too."
26,38,Ses01M_script03_1_M,neutral,Oh yes.  .
26,39,Ses01M_script03_1_F,happiness,"How long will it last, this ludicrous, overbearing love of ours?"
26,40,Ses01M_script03_1_M,happiness,We are figures of fun all right
26,41,Ses01M_script03_1_M,happiness,Ahh...who knows.
26,42,Ses01M_script03_1_F,happiness,Shall we always want to bicker and fight?
26,43,Ses01M_script03_1_M,neutral,"No, that will fade...Along with our passion..."
26,44,Ses01M_script03_1_F,neutral,"Oh, will we like that?"
26,45,Ses01M_script03_1_M,neutral,Well it depends on how well we've played.
26,46,Ses01M_script03_1_F,happiness,If one of us dies...
26,47,Ses01M_script03_1_F,neutral,does the one that's left still laugh?
26,48,Ses01M_script03_1_M,neutral,"Yes, yes with the all his might."
26,49,Ses01M_script03_1_F,neutral,"Well, that's serious enough isn't it?"
26,50,Ses01M_script03_1_M,neutral,"No, no, no, no death is very laughable it's a cunning little mystery, you know.  It's all done with mirrors."
26,51,Ses01M_script03_1_F,happiness,I think you're talking nonsense.
26,52,Ses01M_script03_1_M,neutral,"Ah so is everyone in the long run, huh?"
26,53,Ses01M_script03_1_F,neutral,Hmm.
26,54,Ses01M_script03_1_M,neutral,"Let's pity the poor philosophers, huh?  Let's enjoy the party for as long as we can, okay?  Let's blow trumpets and squeakers and sit like small idiotic school children. [LAUGHTER]"
26,55,Ses01M_script03_1_F,neutral,Ah.
26,56,Ses01M_script03_1_M,neutral,"Come here darling, kiss me"
26,57,Ses01M_script03_1_F,neutral,"Oh, Elliot.  Worms don't pop."
26,58,Ses01M_script03_1_M,happiness,before your body rots and worms pop out of your eye sockets.
26,59,Ses01M_script03_1_M,happiness,"See, you know I don't care what you do.  You could paint yourself green and run naked to the Place Vendome."
26,60,Ses01M_script03_1_F,neutral,"Oh, thank you darling."
26,61,Ses01M_script03_1_M,neutral,You could run off with all the men in a world. I won't say a word.  Just as long as you love me best.
26,62,Ses01M_script03_1_F,neutral,"The same applies to you too, except you so much as look at another women I'll kill you."
26,63,Ses01M_script03_1_M,happiness,Do you remember that row we did have in Venice?
26,64,Ses01M_script03_1_F,happiness,Which particular one?
26,65,Ses01M_script03_1_M,neutral,The one when you put that little wooden painted snake in my bed?
26,66,Ses01M_script03_1_F,neutral,"Oh, Charles.  That was his name Charles. He did wriggle so beautifully."
26,67,Ses01M_script03_1_M,neutral,It was a horrible thing I hated it.
26,68,Ses01M_script03_1_F,neutral,"Oh I know you threw it out the window and into the Grand Canal.  Oh, I'll never forgive you for that."
26,69,Ses01M_script03_1_M,neutral,Of course how long did that row last?
26,70,Ses01M_script03_1_F,neutral,It went on intermittently for days.
26,71,Ses01M_script03_1_M,neutral,But you know it wasn't as bad as the one we had in Cannes...mmhmm...where your curling irons burnt a hole in my dressing gown.
26,72,Ses01M_script03_1_F,happiness,Cannes...mmhmm...
26,73,Ses01M_script03_1_F,neutral,Oh it burnt my comb too and all those towels in the bathroom.
26,74,Ses01M_script03_1_M,neutral,Oh that was a rouser wasn't it?
26,75,Ses01M_script03_1_F,happiness,The manager came in he found us rolling about the floor.  [LAUGHTER]
26,76,Ses01M_script03_1_M,happiness,I will never forget the look on his face.
26,77,Ses01M_script03_1_F,happiness,Scratching and biting like panthers. [LAUGHTER] Oh...
26,78,Ses01M_script03_1_M,happiness,oh...
26,79,Ses01M_script03_1_F,happiness,"Utterly, utterly ridiculous."
26,80,Ses01M_script03_1_F,happiness,oh...[LAUGHTER]
26,81,Ses01M_script03_1_M,happiness,We were very much younger then.
26,82,Ses01M_script03_1_F,happiness,Very much sillier.
26,83,Ses01M_script03_1_M,neutral,"However, I do believe the real cause of that row was Peter Burden."
26,84,Ses01M_script03_1_F,neutral,Oh you knew there was nothing in that.
27,0,Ses01M_script03_2_M,neutral,[LAUGHTER]
27,1,Ses01M_script03_2_F,neutral,"[LAUGHTER] Utterly, utterly ridiculous."
27,2,Ses01M_script03_2_M,neutral,We were very much younger then.
27,3,Ses01M_script03_2_F,neutral,Very much sillier.
27,4,Ses01M_script03_2_M,neutral,Mmhmm.
27,5,Ses01M_script03_2_M,neutral,"However, I do believe the real cause of that row was Peter Burden."
27,6,Ses01M_script03_2_F,neutral,Oh you knew there was nothing in that.
27,7,Ses01M_script03_2_M,neutral,I knew nothing of the sort. You took presents from him.
27,8,Ses01M_script03_2_F,neutral,Presents? It was a trivial little broach.
27,9,Ses01M_script03_2_M,neutral,It was bristling with diamonds in the worst possible taste.
27,10,Ses01M_script03_2_F,neutral,Not at all. It was very pretty. I still wear it often.
27,11,Ses01M_script03_2_M,neutral,You sent out of your way to torture me over Peter Burden.
27,12,Ses01M_script03_2_F,neutral,I did not you worked whole thing up in your jealous imagination.
27,13,Ses01M_script03_2_M,neutral,"Well, you let him kiss you.  You said you did."
27,14,Ses01M_script03_2_F,neutral,"Well, what of it?"
27,15,Ses01M_script03_2_M,neutral,What of it?
27,16,Ses01M_script03_2_F,neutral,"It gave him a lot, a great deal of pleasure and it didn't hurt me."
27,17,Ses01M_script03_2_M,neutral,And what about me?
27,18,Ses01M_script03_2_F,neutral,If you hadn't been so suspicious and nosey you'd never known a thing about it.
27,19,Ses01M_script03_2_M,neutral,That's a nice point of view I must say.
27,20,Ses01M_script03_2_F,neutral,I'm bored with this conversation.
27,21,Ses01M_script03_2_M,neutral,So am I.  I'm bored stiff.  You want some brandy?
27,22,Ses01M_script03_2_F,neutral,"No, thank you."
27,23,Ses01M_script03_2_M,neutral,"I'll have a little, I think."
27,24,Ses01M_script03_2_F,anger,I don't see why you want any you already had two glasses.
27,25,Ses01M_script03_2_M,neutral,"Oh, you know no particular reason besides they are very small glasses."
27,26,Ses01M_script03_2_F,neutral,I just think it's silly you know to go on and on and on about such a thing.
27,27,Ses01M_script03_2_M,neutral,You can hardly call three glasses of liquor in a whole evening going on and on and on.
27,28,Ses01M_script03_2_F,neutral,"I just, I just think it's becoming a habit with you."
27,29,Ses01M_script03_2_M,neutral,"Hmm.  Well, you needn't be so grand just because you don't happen to want any at the moment, okay?"
27,30,Ses01M_script03_2_F,neutral,Do be quiet.
27,31,Ses01M_script03_2_M,frustration,"Really, Amanda."
27,32,Ses01M_script03_2_F,anger,"Don't be stupid, what?"
27,33,Ses01M_script03_2_M,frustration,Nothing.
27,34,Ses01M_script03_2_M,neutral,Are you going out somewhere dear?
27,35,Ses01M_script03_2_F,neutral,"No, darling I'm just making myself fascinating for you."
27,36,Ses01M_script03_2_M,neutral,That reply has broken my heart.
27,37,Ses01M_script03_2_F,anger,Well it's a woman's duty to allure the man. Watch me a minute will you?
27,38,Ses01M_script03_2_M,neutral,As matter the fact that's perfectly true.
27,39,Ses01M_script03_2_F,neutral,"Oh no, it isn't."
27,40,Ses01M_script03_2_M,neutral,"Yes, it is."
27,41,Ses01M_script03_2_F,neutral,"Don't be stupid, shut up."
27,42,Ses01M_script03_2_M,anger,"You know, it's a pity you didn't have any more brandy. It would have made you just a little less disagreeable."
27,43,Ses01M_script03_2_F,neutral,"Oh, well that's funny.  It doesn't seem to have worked such wonders with you."
27,44,Ses01M_script03_2_M,anger,"You know what?  You snap, you snap, you snap you're like a little adder."
27,45,Ses01M_script03_2_F,neutral,"Adders don't snap, they sting."
27,46,Ses01M_script03_2_M,anger,Nonsense.  They have a bag of venom behind of fangs and they snap.
27,47,Ses01M_script03_2_F,anger,They sting.
27,48,Ses01M_script03_2_F,anger,"I don't care.  I don't care, do you understand?  I don't mind if they bark and they roll about like hoops."
27,49,Ses01M_script03_2_M,anger,Did you see much of Peter Burden after our divorce?
27,50,Ses01M_script03_2_F,anger,"Yes, I did quite a lot."
27,51,Ses01M_script03_2_M,anger,I suppose you let him just kiss you or good deal more than too.
27,52,Ses01M_script03_2_F,anger,"Oh, mind you own business."
27,53,Ses01M_script03_2_M,anger,"I suppose you two had a riotous time, huh?  No restrain at all, very enjoyable, he never had much any how."
27,54,Ses01M_script03_2_F,anger,"You're quite insufferable, I expect it's because you're drunk."
27,55,Ses01M_script03_2_M,anger,I am not in the least bit drunk.
27,56,Ses01M_script03_2_F,anger,You always had a weak head.
27,57,Ses01M_script03_2_M,anger,I think I told you once before that I had three minute liquor glasses the whole evening long.  A Child of two cannot get drunk on that.
27,58,Ses01M_script03_2_F,anger,"On the contrary, a child two could get violently drunk on only one glass of brandy."
27,59,Ses01M_script03_2_M,anger,"Oh very, very interesting Amanda.  How about the child of uh... four, six or maybe nine---you know, we could work up a splendid little debate about it, you know?  Intemperate tots."
27,60,Ses01M_script03_2_F,anger,Shut up.
27,61,Ses01M_script03_2_F,anger,Not very funny darling.  Why don't you have some more brandy?
27,62,Ses01M_script03_2_M,anger,That's a very good idea I think I will.
27,63,Ses01M_script03_2_M,anger,Would you uh...turn that off please? You're going to wake the people upstairs.
27,64,Ses01M_script03_2_F,anger,Why?
27,65,Ses01M_script03_2_F,neutral,There are no people upstairs. It's a photographer's studio.
27,66,Ses01M_script03_2_M,anger,Well then you'll wake the people downstairs.
27,67,Ses01M_script03_2_F,anger,They are away in Tunis.
27,68,Ses01M_script03_2_M,anger,This is no time a year for Tunis.
27,69,Ses01M_script03_2_F,anger,"Turn it on again, please."
27,70,Ses01M_script03_2_M,anger,I will do no such thing.
27,71,Ses01M_script03_2_F,anger,Very well if you insist on being boorish and idiotic.
27,72,Ses01M_script03_2_M,anger,Turn it off. It's driving me mad.
27,73,Ses01M_script03_2_F,anger,I won't.
27,74,Ses01M_script03_2_M,anger,Turn it off.
27,75,Ses01M_script03_2_F,anger,Stop it. No. Go away.
27,76,Ses01M_script03_2_M,anger,Amanda listen. Listen.
27,77,Ses01M_script03_2_F,anger,"listen Oh I'm sick and tired of listening to you, you damn sadistic bully."
27,78,Ses01M_script03_2_M,anger,That's very amusing indeed.
27,79,Ses01M_script03_2_F,anger,"Oh you're cruel you're...you're...I hate you, I hate you. Go away. You're conceited. You're overbearing. You're utterly impossible."
27,80,Ses01M_script03_2_M,anger,"You...You're an evil minded, self-centered little wench and I never want to see you again."
27,81,Ses01M_script03_2_F,anger,This is the end do you hear me?  Finally and forever.
27,82,Ses01M_script03_2_M,anger,You're not going like this.
27,83,Ses01M_script03_2_F,anger,"Oh yes I am...Oh yes I am. Let go of me. You let go. You...urgh...You're a cruel friend. I loathe and I hate you. Marry you again...Ha...Never, never, never, never. I hope you die in torment. You beast."
27,84,Ses01M_script03_2_M,anger,No you're not.
27,85,Ses01M_script03_2_M,anger,Shut up. Shut up. I wouldn't marry you again if you came crawling back to me on a bended knee. You are an evil tempered little vampire and I never want to see you again as long as I live.
28,0,Ses02F_impro01_F,neutral,"Hi. Excuse me.  Um, I'd like to put in this application for my registration."
28,1,Ses02F_impro01_M,neutral,Hi.
28,2,Ses02F_impro01_M,neutral,"Okay.  Let me see here.  Um, we need--we need your original birth certificate."
28,3,Ses02F_impro01_F,neutral,My--my original birth certificate?  But I don't carry that with me.
28,4,Ses02F_impro01_M,neutral,Right.  Well.  We still need it.
28,5,Ses02F_impro01_F,neutral,"Well, I have my driver's license, does that work?"
28,6,Ses02F_impro01_M,neutral,"No. no  Uh, no one told you that you needed your original birth certificate."
28,7,Ses02F_impro01_F,frustration,No it doesn't say it on the form.
28,8,Ses02F_impro01_F,frustration,"I mean it just says that you need some form of identification, but it doesn't say what kind of identification."
28,9,Ses02F_impro01_F,frustration,I mean if I had known--I would have brought it.
28,10,Ses02F_impro01_M,neutral,um Sorry.
28,11,Ses02F_impro01_M,frustration,"Okay.  Um, I'm sorry but I--I can't help you.  You're gonna have to go back and uh..."
28,12,Ses02F_impro01_F,frustration,"Look, I've been waiting in line for a really long time.  I mean, you've seen how long it is."
28,13,Ses02F_impro01_F,frustration,It's lunch hour.
28,14,Ses02F_impro01_M,frustration,Right.  It's the D.M.V..
28,15,Ses02F_impro01_M,frustration,"I know, it gets long, but I can't do anything without your--do you have Social Security card, maybe?"
28,16,Ses02F_impro01_F,frustration,"Well, no.  I mean, I don't carry my original documents with me because if those things get destroyed, then what do you, you know what I mean, like if I loose my wallet or something, I'll never have them again."
28,17,Ses02F_impro01_F,frustration,I have my passport and I have my driver's license. And that's all I have.
28,18,Ses02F_impro01_M,frustration,"Alright, I don't know what to tell you right."
28,19,Ses02F_impro01_M,frustration,"I think you're just gonna--you're gonna have to get 'em and then you can back and then, we'll help you out.  Maybe, we can-"
28,20,Ses02F_impro01_F,frustration,"But, isn't there anything you can do.  Can't you make an exception this one time?  My picture is on both of those identifications.  It's not like you don't know that it's me."
28,21,Ses02F_impro01_M,frustration,I can't.
28,22,Ses02F_impro01_F,frustration,And I can give you my social--
28,23,Ses02F_impro01_M,frustration,"I make an exception for you and I have to make an exception for everyone.  I mean, I-I've seen this before and I know it's frustrating, but there's nothing I can do. You just have to-"
28,24,Ses02F_impro01_F,frustration,"Well, I can give you my Social Security Number."
28,25,Ses02F_impro01_M,frustration,"No, it's--"
28,26,Ses02F_impro01_F,frustration,And I can tell you where I was born and what time and by who and what day.
28,27,Ses02F_impro01_M,frustration,"Okay.  But how do I--that's- that's not proof to me.  How do I know that, you know, that it's really you.  I need--"
28,28,Ses02F_impro01_F,frustration,I can't go--I have to go back to work.  I don't have time to go back to my house and get all of that stuff and then get back in line and wait for another forty five minutes.
28,29,Ses02F_impro01_M,frustration,"Well, the weekends are not as busy.  Maybe you can uh, come and try to get here early--"
28,30,Ses02F_impro01_F,frustration,"Um, I have kids.  I have to take them places on the weekends.  I don't have time to come back here.  Please.  I really need you to help me."
28,31,Ses02F_impro01_M,frustration,I can't.  There's nothing I can do.  I'm sorry.
28,32,Ses02F_impro01_F,frustration,Well.  [BREATHING] I just--I just don't.  I-I'm sorry that I'm standing here-- But I can't leave. I-
28,33,Ses02F_impro01_M,neutral,The line--
28,34,Ses02F_impro01_F,frustration,"I really need this done today.  As you can see, the deadline is almost up and I can't come back."
28,35,Ses02F_impro01_M,anger,"Ok, but you're right now you're holding up more people in line by standing here-- and letting"
28,36,Ses02F_impro01_F,anger,"Well, why didn't the D.M.V. put that you needed your birth certificate on the application then?"
28,37,Ses02F_impro01_M,frustration,"I--when you're going to the D.M.V., you usually need pretty professional identification--"
28,38,Ses02F_impro01_M,anger,"You know, Official documentation--"
28,39,Ses02F_impro01_F,anger,"Yeah, but your birth certificate--I mean, who carries around their birth certificate?  Nobody does that."
28,40,Ses02F_impro01_M,frustration,"No, but you come--you come to the D.M.V., it's something-- You should've- You should've figured--"
28,41,Ses02F_impro01_F,anger,With your driver's license and your passport.  Just like everybody else.
28,42,Ses02F_impro01_M,frustration,"But, without your drive--where-where- what about your identification without your driver's license?  I mean, you need--you needed something before then?"
28,43,Ses02F_impro01_F,anger,"Who--you always use your driver's license.  I mean, you're not coming to the D.M.V. if you're not over sixteen and that's when you get your driver's license so you're never gonna need it anyway."
28,44,Ses02F_impro01_M,frustration,"All right.  Well, um, you know, I'd love to help you, but--nothing I can do."
28,45,Ses02F_impro01_M,frustration,"So, if you wanna go get your birth certificate, um, maybe come back--I don't--maybe you can talk to the person in the--in the front of line maybe.  I don't know."
28,46,Ses02F_impro01_F,frustration,Do you have a supervisor?
28,47,Ses02F_impro01_M,frustration,I am the supervisor.  So--
28,48,Ses02F_impro01_F,frustration,"Well, thank you very much.  You've been very helpful."
29,0,Ses02F_impro02_F,sadness,It's almost time for me to go.
29,1,Ses02F_impro02_M,neutral,I can't believe that--now--are you sure this is absolutely necessary?  Like--
29,2,Ses02F_impro02_F,sadness,"There's nothing I can do.  I mean, the government you know--"
29,3,Ses02F_impro02_M,frustration,What--what're we gonna do here?  I can't--I can't do this by myself.  I--
29,4,Ses02F_impro02_F,sadness,"You're gonna have to.  I mean, you're a great father.  You can do it.  I know you can."
29,5,Ses02F_impro02_M,frustration,"But, I'm--I'm nothing--I'm nothing without you here.  Maybe we can--we can get out of this somehow."
29,6,Ses02F_impro02_F,sadness,I don't think so.
29,7,Ses02F_impro02_M,frustration,"Well, come on.  You've gotta think of something.  A year--a year away, it's gonna tear us apart.  I don't even--I don't even wanna think about it.  I mean, I don't even know if I'll be able to get in touch with you or--"
29,8,Ses02F_impro02_F,sadness,"Well, we can do the best we can and-and, with um, you know like wireless internet these days--I think that we could-- Talk every once in awhile."
29,9,Ses02F_impro02_F,sadness,You could send me pictures.
29,10,Ses02F_impro02_M,neutral,It's not going to be the same.
29,11,Ses02F_impro02_M,frustration,"What if--maybe--what if, uh, we went somewhere over there?  I don't--I don't know--I--I need to figure something out for this because--"
29,12,Ses02F_impro02_F,sadness,"Their not gonna let you.  You have to stay home and I have to go.  I mean, that's all--"
29,13,Ses02F_impro02_F,sadness,"and--I mean, my daughter--I don't want to put her in danger.  You know?  She has to stay."
29,14,Ses02F_impro02_M,frustration,This is gonna be a--a crucial yet--she's--she's growing up.  She's gonna need you.
29,15,Ses02F_impro02_F,sadness,"I know, but, she needs to be safe more.  She needs to be around kids her age--own age.  She needs to be able to play on the streets and--"
29,16,Ses02F_impro02_M,sadness,But she's--you're not gonna--you're not gonna be here for--for her first words.  For her first steps.  I mean--it's something that you're supposed to be here for that--
29,17,Ses02F_impro02_F,sadness,You can just remember it for me.
29,18,Ses02F_impro02_M,frustration,I don't know--I don't know--I don't know how--I don't know how this could even be possible for you--I--if I was--
29,19,Ses02F_impro02_F,sadness,"Well, I need--I need you to be able to do this for me 'cause I can't do anything about it."
29,20,Ses02F_impro02_F,sadness,"I mean, it's just as hard for me, but--I know that we can do it, you know"
29,21,Ses02F_impro02_M,frustration,"I mean, you just get to--go off and do your thing.  I mean, yeah, we're both--I don't know--it's bad for both of us, but--"
29,22,Ses02F_impro02_M,frustration,...it would be so much better if we can--if we could stay together somehow.  You know--we could--we could do this together.
29,23,Ses02F_impro02_F,sadness,I don't want you in danger.  And I don't want her in danger.
29,24,Ses02F_impro02_M,neutral,I don't want you in danger.  Where are you going?  You're going over to war.
29,25,Ses02F_impro02_F,sadness,I have no choice. There's nothing I can do.
29,26,Ses02F_impro02_M,sadness,All right.
30,0,Ses02F_impro03_F,neutral,"Oh my God.  Guess what, guess what, guess what, guess what, guess what, guess what?"
30,1,Ses02F_impro03_M,neutral,What?
30,2,Ses02F_impro03_F,neutral,"Well, guess.  Guess, guess, guess, guess."
30,3,Ses02F_impro03_M,neutral,"Um, you--"
30,4,Ses02F_impro03_F,neutral,Don't look at my left hand.
30,5,Ses02F_impro03_M,neutral,No.  Let me see.
30,6,Ses02F_impro03_M,neutral,"Oh, no way."
30,7,Ses02F_impro03_F,neutral,"He proposed.  He proposed.  Well, and I said yes, of course. [LAUGHTER]"
30,8,Ses02F_impro03_M,happiness,That is great.  You look radiant.  I should've guess.
30,9,Ses02F_impro03_F,neutral,I'm so excited.
30,10,Ses02F_impro03_M,neutral,"Well, Tell me about him.  What happened."
30,11,Ses02F_impro03_F,neutral,"Remember how we had that date?  And I was like, oh yeah, this is a date, whatever."
30,12,Ses02F_impro03_F,neutral,"So after we sort of went out dinner and I was already like tired.  I wasn't all that excited and and so he's like let's go down to the beach and I was like no I don't want to the beach, like I'm tired. And he's like no, no we have to go.  And I was like okay, like that's a little weird."
30,13,Ses02F_impro03_F,neutral,"So, he--so we walked down to the pier and there's like these lights--like these little, like lights-- and we're like what's that? And he's like I don't know let's go find out."
30,14,Ses02F_impro03_F,neutral,So we walked down there and there's-[LAUGHTER]-And there's- this huge like ten foot heart in candles on the beach--
30,15,Ses02F_impro03_M,neutral,What?
30,16,Ses02F_impro03_F,neutral,"like all they have And I was like, what's going on?  And he like takes my hand and pulls me into the middle and he's like--you know, get's on his knee and everything--And says will you marry me? And I flipped out."
30,17,Ses02F_impro03_M,neutral,That--that is the most romantic thing I have ever heard.
30,18,Ses02F_impro03_F,neutral,"I know.  I was like, how did he get--like he must have called someone or had them set--like, I have no idea."
30,19,Ses02F_impro03_M,neutral,"Wow.  Yeah, 'cause yeah I don't know I'm sure if he--oh yeah he definitely had--would have had to have someone else--"
30,20,Ses02F_impro03_F,neutral,'Cause- 'Cause he was with me. You didn't do it did you?
30,21,Ses02F_impro03_M,happiness,"Yeah.  I mean candles wouldn't stay--No, I didn't--I didn't know anything about it."
30,22,Ses02F_impro03_F,neutral,You didn't know anything?
30,23,Ses02F_impro03_M,happiness,No. I'm just as happy as you are.  This is--
30,24,Ses02F_impro03_F,neutral,"I was just--it was so like I thought this might happen eventually, but like not yet, you know what I mean?  Like--"
30,25,Ses02F_impro03_M,happiness,"So, I mean--it's good though."
30,26,Ses02F_impro03_F,neutral,"It is good.  It's totally good.  I mean, it like oh, you know."
30,27,Ses02F_impro03_M,neutral,"Yeah, I know.  Wow.  I'm shaking.  I can't even--"
30,28,Ses02F_impro03_F,happiness,I know. So we're gonna take it--Like we're not gonna get married right away--'Cause we want to like have plenty of time to plan everything out
30,29,Ses02F_impro03_F,happiness,"...and, um, my parents want to like be part of it and help out and everything--So we want to give it lots of time to like--"
30,30,Ses02F_impro03_M,neutral,"Oh. Do they--do they know yet? Have you told them? Oh, that's--"
30,31,Ses02F_impro03_F,happiness,"Yeah, yeah, I called them. I called them And, of course, they were so excited 'cause they love him. Like they always have.  Um--"
30,32,Ses02F_impro03_M,neutral,That's great.  Yeah.
30,33,Ses02F_impro03_F,happiness,"So, yeah, I mean, it'll be good.  We wanna like, uh, I think we're gonna have it in spring time, like early Spring--So it's no too hot yet.  And um--"
30,34,Ses02F_impro03_M,neutral,Okay. You know--you know where?  Or--
30,35,Ses02F_impro03_F,happiness,"I don't know.  I mean, I kinda like the idea of having something outside, but--Like--is a- Yeah,"
30,36,Ses02F_impro03_M,neutral,"Uh, huh. I mean, you know, it's spring--It'll be--"
30,37,Ses02F_impro03_F,neutral,"But It's sort of hard 'cause the weather is so unpredictable and then if it's like cold that day.  Or if it's too hot, you know, it's like--but um--"
30,38,Ses02F_impro03_M,neutral,Spring's nice though.
30,39,Ses02F_impro03_F,neutral,"Yeah, I don't know-[LAUGHTER]-I mean--I can't even--the whole idea of like living--spending my whole life with somebody--that's crazy"
30,40,Ses02F_impro03_M,neutral,"Yeah, that is--how long you guys been together now?"
30,41,Ses02F_impro03_F,neutral,Two and a half years. [LAUGHTER]
30,42,Ses02F_impro03_M,happiness,Okay.  All right.  So-[LAUGHTER]-quite a while.  I mean--That's-  That's good.  I'm so happy for you. [LAUGHTER]
30,43,Ses02F_impro03_F,happiness,Thank you. Thank you so much.
30,44,Ses02F_impro03_M,happiness,"Yeah, I'd love to be in that same situation some day, but, wow- so-"
30,45,Ses02F_impro03_F,neutral,"Oh, you will--You'll find just the right girl.  And she'll be perfect for you and everything will be great."
30,46,Ses02F_impro03_M,neutral,You guys are awesome together.  It's definitely a--definitely a good couple.  I can see it. I should've guessed--
30,47,Ses02F_impro03_F,neutral,You approve?  You approve?
30,48,Ses02F_impro03_M,happiness,"Oh, I approve. I-[LAUGHTER]-I more than approve."
30,49,Ses02F_impro03_M,happiness,"I mean, I'm surprised he didn't, ya know--go get a plane to fly over and shine--But candles on the beach, that's okay too I guess--"
30,50,Ses02F_impro03_F,happiness,"Yeah, it's pretty good."
30,51,Ses02F_impro03_M,neutral,"Well--can--I mean, let me know--I want- I want invitations and--"
30,52,Ses02F_impro03_F,happiness,"Of course, of course--you'll be able to be a part of it.  You can come help me pick my colors."
30,53,Ses02F_impro03_M,neutral,"Oh, yes.  This is the whole [GARBAGE]"
30,54,Ses02F_impro03_F,neutral,"It's so girly.  I don't even know how to like--It's so weird, but it'll be fun.  My mom will love to be like--she'll get so into it, I'm sure."
30,55,Ses02F_impro03_F,happiness,She'll be like--flowers and the--
30,56,Ses02F_impro03_M,happiness,"It'll be good.  Wow, that's great."
30,57,Ses02F_impro03_F,happiness,"Oh, thank you. [LAUGHTER]"
31,0,Ses02F_impro04_M,neutral,"So, uh, so how's it been going?  I mean, you have any needs or anything?"
31,1,Ses02F_impro04_F,frustration,I'm--every lead that I get ends up just being a dead end.  You know what I mean.  People are sick of me calling--
31,2,Ses02F_impro04_M,neutral,"No.  You can't think that way.  I mean it's good--it's good that you're--that you're calling, you know. you can't"
31,3,Ses02F_impro04_F,frustration,"Yeah, but it--I mean it's the same response you get over and over again.  Like--"
31,4,Ses02F_impro04_F,frustration,"Oh, we're not hiring at this time or thank you, we already have your information on file--We'll call you when we're ready."
31,5,Ses02F_impro04_M,neutral,"Yeah--I know what you mean.  I've gone through like similar stuff, but--"
31,6,Ses02F_impro04_F,frustration,"But, it's been so long, like--I mine as well just take a job at McDonald's.  Like, I don't--"
31,7,Ses02F_impro04_M,neutral,"No, come on.  Don't [GARBAGE]"
31,8,Ses02F_impro04_F,frustration,"I just--I can't do it anymore.  Like, it just takes it out of you--"
31,9,Ses02F_impro04_M,neutral,"I know.  I know. It's hard, but you just--you gotta keep going.  I mean, you've been going at it for so long, you know.  Something is definitely going to come up.  I-I know it will, because you're a good worker--"
31,10,Ses02F_impro04_F,frustration,I just keep getting rejected.  I just keep getting rejected over and over and over again and it starts to make you feel like there must be something wrong with you that you can't get a job.
31,11,Ses02F_impro04_M,neutral,"No.  It's--I mean, it's competitive, you know.  That's-That's what it is.  that's what you gotta be is competitive."
31,12,Ses02F_impro04_F,frustration,"Yeah, but maybe--if just because it's competitive, like maybe I'm just not good enough.  Maybe the level is here and I'm here and there's just no way I'm ever gonna do that--"
31,13,Ses02F_impro04_M,neutral,"There...There are plenty of people out there with--with like, good jobs, you know, that are a lot..."
31,14,Ses02F_impro04_M,neutral,...dumber than you.  I mean they're a lot worse off than you.  You are much better off than like a lot of those people in there. I know
31,15,Ses02F_impro04_F,frustration,"I didn't have like one of those starts, you know, like a family member who was already in the business or something you know that could like give me a helping hand."
31,16,Ses02F_impro04_M,neutral,"I know.  It makes it harder.  I mean it's definitely who you know in a lot of cases, but--"
31,17,Ses02F_impro04_F,frustration,"It's just so frustrating.  Like, I just--I just don't wanna do it anymore.  You know?  I just don't wanna like hit the pavement every single day with my resumes and going out there all the time.  You know, it's just like--"
31,18,Ses02F_impro04_M,neutral,"But you gotta.  Otherwise, what is--what's your other option?"
31,19,Ses02F_impro04_F,sadness,I feel so worthless.
31,20,Ses02F_impro04_M,neutral,"It's not worthless 'cause it's definitely gonna--it's definitely gonna pay off.  I know it.  I mean, I can--I've just--I've seen your work etiquette.  You know, you're a good worker and..."
31,21,Ses02F_impro04_M,neutral,... and there's no reason that--that something won't come up like really soon.  All right?  So you just gotta--
31,22,Ses02F_impro04_F,frustration,And what would make you say that?  There doesn't seem to be any indicators that anything's going to get better.
31,23,Ses02F_impro04_M,neutral,"Because I know you.  You know, and maybe once you get to know some more people, like talking to them and everything, they'll get to know you too and they'll realize they should've hired you three years ago.  You know? but  And- and they'll finally come around and believe me--it'll--you gotta-"
31,24,Ses02F_impro04_F,frustration,"It's just really hard.  I feel like their starting to get like a personal prejudice against me.  You know what I mean?  Like it's like suddenly it starts to feel like it's just you that they say no to and it's not that they're not taking applications and it's not that they're not hiring people, it's just you particularly they have some particular reason for just hating you.  You know?"
31,25,Ses02F_impro04_M,neutral,"Well maybe yeah, but maybe you get to that point where it's like you bug 'em and then they just don't wanna hear from you anymore, but you keep bugging them and bugging them and then it's gonna annoy them so much that they're gonna be like all right fine. you know"
31,26,Ses02F_impro04_F,frustration,Or they'll never talk to me again.
31,27,Ses02F_impro04_M,frustration,"Or, well, no.  Okay. you -[GARBAGE]"
31,28,Ses02F_impro04_F,frustration,"I-I just I think maybe I should try something else.  I mean, I-I don't know.  All growing up this is the only thing that I ever wanted to do and yet I can't.  I'm not physically able apparently.  I mean--"
31,29,Ses02F_impro04_M,neutral,"That obviously that's not true though.  I mean, you've done this before.  You've done all the work like this before, you know, and and you've gotten people saying oh, you're so good and like you know--"
31,30,Ses02F_impro04_F,frustration,"I guess the money shouldn't matter to me, but--Somehow it does.  You know? It's not like I do it for the money, but"
31,31,Ses02F_impro04_M,neutral,Right.
31,32,Ses02F_impro04_M,neutral,"Well, you've gotta live."
31,33,Ses02F_impro04_F,frustration,"you have to--I mean, if you're hired by somebody, then you're not a professional, you're an amateur and that means that you're not good enough."
31,34,Ses02F_impro04_M,neutral,"I mean, it's just, it's really--I don't know, yeah, it's about their opinions and it's about, I don't know, just getting yourself out there and--"
31,35,Ses02F_impro04_F,sadness,"I just wanna crawl in a hole, you know.  Like it just makes you not wanna even open your eyes in the morning."
31,36,Ses02F_impro04_M,neutral,"Well, come on, come on.  Thinking about it like this is definitely not gonna help either though."
31,37,Ses02F_impro04_F,neutral,I don't know how to get out of it.  I don't know how to dig myself out of it.  It's the same hole that I've been digging and digging and digging.  I can't--
31,38,Ses02F_impro04_M,neutral,I don't know.
32,0,Ses02F_impro05_F,neutral,"Hi, um, excuse me, I believe that the airline lost my baggage."
32,1,Ses02F_impro05_M,neutral,"Um, okay, it didn't--didn't come out on the carrousel--"
32,2,Ses02F_impro05_F,neutral,"No, it didn't. um It didn't come out and I don't see it anywhere around here, so what can you do about that?"
32,3,Ses02F_impro05_M,neutral,"Okay.  Um, well, unfortunately yeah there was a some- some problems with the--"
32,4,Ses02F_impro05_F,neutral,Some problems?  What is that supposed to mean?
32,5,Ses02F_impro05_M,neutral,"Uh, well some-some of the bags were--were lost on the way over here. uh-"
32,6,Ses02F_impro05_F,neutral,How do you lose a suitcase?  A huge suitcase?
32,7,Ses02F_impro05_M,neutral,"You know, I mean, there's a lot of things that go on under the plane and sometimes, you know, that kind of things happen."
32,8,Ses02F_impro05_M,neutral,"Uh, But, we are willing to reimburse you for the bag and and for the contents--"
32,9,Ses02F_impro05_F,neutral,How much?
32,10,Ses02F_impro05_M,neutral,"Um, we'd be willing to give you uh fifty dollars for--"
32,11,Ses02F_impro05_F,neutral,"Fifty dollars?  For my suitcase?  I mean, the suitcase itself was like a hundred and fifty dollar just for the suitcase, but all the things inside, all my clothes, all my personal belongings, the sentimental value, not to mention, which is more-more than all of that together."
32,12,Ses02F_impro05_M,neutral,"Right.  Uh We realize, you know, that that it's a bad situation, but I'm sorry, there's nothing that we can really do."
32,13,Ses02F_impro05_F,anger,"That's all, that's all, that's all you're going to do is just give me fifty dollars and say go have fun on your vacation without any of your stuff?"
32,14,Ses02F_impro05_M,neutral,"I think, um, maybe you can file a claim if you want and turn it in to our main office--"
32,15,Ses02F_impro05_F,frustration,"Yes, yes, I would like to file a claim, but what are you gonna--I mean, is it just gonna show up magically out of nowhere?"
32,16,Ses02F_impro05_M,neutral,"Right.  No.  I mean they- they might--they might--if you-if you are argue the case more, maybe they'll reimburse you more, but, right now--"
32,17,Ses02F_impro05_F,neutral,"I need my stuff.  It's--I need my stuff.  I mean, uh..."
32,18,Ses02F_impro05_F,neutral,Haven't you ever lost baggage?  I mean isn't there anything else you do?
32,19,Ses02F_impro05_M,neutral,"Yes, I know. I know-. It's It's frustrating.  Unfortunately though-- um"
32,20,Ses02F_impro05_F,anger,"Because you don't seem to care very much, you know."
32,21,Ses02F_impro05_M,neutral,"By checking your bags, you--you, you know- admit to the liability that's- that's at risk--"
32,22,Ses02F_impro05_F,frustration,I didn't sign anything.
32,23,Ses02F_impro05_M,neutral,"Right, well, by checking in your bags, you agreed to, you know, at the will of the--"
32,24,Ses02F_impro05_F,neutral,"I didn't agree.  [GARBAGE] I paid the airline to take care of things for me.  When you pay for something, there should be some sort of guarantee that it's gonna come through."
32,25,Ses02F_impro05_M,neutral,"You paid for the flight and then your bags were checked at--it's a service that the airline provides for us.  So so, really, it's really the risk was taken and, I'm sorry, but there's really nothing else we can do.  So do you want--do you want the reimbursement?"
32,26,Ses02F_impro05_F,frustration,"[BREATHING] Well, sure, yeah, I guess I'll go buy dinner and then be--have nothing for the rest of my entire vacation.  I'm supposed to be here for three weeks.  What am I gonna do without anything for three weeks?"
32,27,Ses02F_impro05_M,neutral,"Well, there are-there are some shops here in- in the airport--"
32,28,Ses02F_impro05_F,frustration,But fifty dollars isn't going to get me anything.
32,29,Ses02F_impro05_M,neutral,"No, um, like I said you can file a claim and, uh, maybe get reimbursed for more-- you"
32,30,Ses02F_impro05_F,frustration,Isn't there anything else you can do?
32,31,Ses02F_impro05_M,neutral,probably even talk to--
32,32,Ses02F_impro05_F,frustration,"I mean, is there somebody you can call?  Or the guy that put the stuff on the--on the plane.  I mean, are they--they must be really irresponsible to have just disappeared my baggage.  I mean, did it get stolen?"
32,33,Ses02F_impro05_M,neutral,"Right, that--that gets taken care of-- That gets taken care of.  We get we do, you know, we investigate those and just make sure that um- they're not doing their own thing with them so--uh"
32,34,Ses02F_impro05_F,frustration,"Yeah, I'm sure you -- You're like, hmm, do you take baggage?  No.  Oh, okay, thanks.  Great.  I mean how--"
32,35,Ses02F_impro05_M,neutral,but Unfortunately sometimes is--
32,36,Ses02F_impro05_M,neutral,"Well, that's--that's what I'm saying--"
32,37,Ses02F_impro05_F,frustration,There needs to be better security here.
32,38,Ses02F_impro05_M,neutral,"Okay.  Well that that could be something that you put on on the claim--on on the complaint form if you want.  And provide us with your information while you're here and then, maybe, if it turns up, then we'll send it right over."
32,39,Ses02F_impro05_F,anger,It sounds like it's such a little like oh well no big deal whatever.  It's a big deal to me.
32,40,Ses02F_impro05_M,neutral,"All right, Miss, I-I know.  I realize this. But Like I said, there are several people that are in your same situation, so, um, it's not--it's not totally uncommon and I'm actually gonna have to ask you to move so I can help the next person."
32,41,Ses02F_impro05_F,frustration,"Well, can I at least have my fifty dollars, please?"
32,42,Ses02F_impro05_M,neutral,"Yes, all right.  There you go, now you can file a claim over to the left--And they'll help you out."
32,43,Ses02F_impro05_F,neutral,Thank you.
32,44,Ses02F_impro05_F,frustration,Thank you very much.
33,0,Ses02F_impro06_M,neutral,"Hey, a what's up?"
33,1,Ses02F_impro06_F,sadness,"Um, Johnny died yesterday."
33,2,Ses02F_impro06_M,neutral,"Wow, that's horrible."
33,3,Ses02F_impro06_M,neutral,I'm sorry to hear about that.
33,4,Ses02F_impro06_F,sadness,"We knew that it was coming, but--"
33,5,Ses02F_impro06_M,neutral,Yeah.
33,6,Ses02F_impro06_F,sadness,"It seemed like he had a little bit longer.  Like just last week, he was doing was so well."
33,7,Ses02F_impro06_M,neutral,"I mean, you know, at least he's not in anymore pain now, right?"
33,8,Ses02F_impro06_F,sadness,Yeah.
33,9,Ses02F_impro06_M,neutral,"It's good, you know.  you know It hurts I know.  I know what it's like to lose someone like that."
33,10,Ses02F_impro06_F,sadness,I just don't want him to be gone.
33,11,Ses02F_impro06_M,neutral,It's okay.
33,12,Ses02F_impro06_M,neutral,"'Cause, you know, you've got all the times that you guys did spend together, you know and that's something good that you can look back on."
33,13,Ses02F_impro06_M,neutral,I mean--I don't know.
33,14,Ses02F_impro06_F,sadness,And his whole family was there.
33,15,Ses02F_impro06_F,sadness,"I mean, he was like really conscious right up until the end. you know"
33,16,Ses02F_impro06_M,neutral,"Well, that's that's good, you know.  At least, I don't know.  I mean it's- it's better to go- to goout that way than..."
33,17,Ses02F_impro06_M,neutral,".than you know, in pain and like this gradual, this horrible process.  I mean--"
33,18,Ses02F_impro06_F,sadness,"He was so young, you know.  And all the stories he used to tell me about..."
33,19,Ses02F_impro06_F,sadness,...the way he wanted to live and he was gonna go to Africa and he was gonna--
33,20,Ses02F_impro06_M,neutral,"But look at the--he--look at the life he did get to lead.  I mean, for his age, he'd done so much and--"
33,21,Ses02F_impro06_F,sadness,Nobody's ever gonna forget him.
33,22,Ses02F_impro06_M,neutral,"Yeah, exactly.  He's made a big impact on a lot of people. and"
33,23,Ses02F_impro06_M,neutral,"And you'll always have that and--you should feel, you know, happy for him that he got to do so much before--I mean, and even after he found out last year.  I mean--"
33,24,Ses02F_impro06_F,sadness,He did a lot.  But--
33,25,Ses02F_impro06_M,neutral,"I know.  It doesn't bring him back, but--"
33,26,Ses02F_impro06_M,neutral,"But It's okay because now, you know, you'll just go on with your life and--"
33,27,Ses02F_impro06_F,sadness,I'm gonna forget him.
33,28,Ses02F_impro06_M,neutral,"No, you'll never forget him."
33,29,Ses02F_impro06_F,sadness,I won't be able to hear his voice or his--
33,30,Ses02F_impro06_M,neutral,I know. but you're not  I mean you're not going to forget him.  The pain will go away eventually and--or it will subside--
33,31,Ses02F_impro06_F,sadness,You start to lose like that image after a while.
33,32,Ses02F_impro06_M,neutral,"That will be, It'll be--it'll be better that way. I mean Time will tell.  Time heals, you know, and it's good.  It's okay.  I mean, it wasn't anybody's fault or anything like that so ."
33,33,Ses02F_impro06_M,neutral,"It's hard to lose someone that way, but he's he's better--he's better off now."
33,34,Ses02F_impro06_F,sadness,Thanks.
34,0,Ses02F_impro07_M,neutral,"So, how's it going?"
34,1,Ses02F_impro07_F,neutral,"It's going really well.  Um, I received something in the mail today."
34,2,Ses02F_impro07_M,neutral,"Oh, you got what?  Where?"
34,3,Ses02F_impro07_F,neutral,I got into U.S.C.
34,4,Ses02F_impro07_M,neutral,"Oh, no way."
34,5,Ses02F_impro07_F,neutral,"Yeah, I'm so excited.  So I'm gonna say--"
34,6,Ses02F_impro07_M,neutral,Are you gonna go? you gonna-
34,7,Ses02F_impro07_F,neutral,"Yeah, I think, I mean because where else would I gonna go?  Like the other places that I applied to I really didn't like that much anyway."
34,8,Ses02F_impro07_F,neutral,So--
34,9,Ses02F_impro07_M,neutral,"Wow, that's..."
34,10,Ses02F_impro07_M,neutral,"...that's first choice, huh? That's so awesome and now look you're gonna be--you're gonna be here. you know"
34,11,Ses02F_impro07_F,neutral,"Yeah, I know."
34,12,Ses02F_impro07_F,neutral,Absolutely. I'm so excited.
34,13,Ses02F_impro07_F,neutral,"I know.  I know. And we'll all get to hang out.  And I'm--even though we'll be at like at different parts of the city, we can still, like..."
34,14,Ses02F_impro07_F,neutral,"...hang out and, like, have our different lives--And meet each other's friends and stuff.  So, I'm just so glad 'cause they have such a good school"
34,15,Ses02F_impro07_M,neutral,"Yeah, no, definitely--It's gonna.."
34,16,Ses02F_impro07_M,neutral,Yeah.
34,17,Ses02F_impro07_F,neutral,"and like-- The football team--And like all the-...you- what I mean, like..."
34,18,Ses02F_impro07_M,neutral,Yeah
34,19,Ses02F_impro07_M,neutral,Fight on.
34,20,Ses02F_impro07_F,neutral,"You can walk somewhere and be anywhere in the country and be like, oh, yeah, I am at U.S.C."
34,21,Ses02F_impro07_F,neutral,"And you know what, you know what I mean, like it's recognizable rather than just being like I went some random school. It's like people really know what you..."
34,22,Ses02F_impro07_M,neutral,[LAUGHTER]
34,23,Ses02F_impro07_M,neutral,Wow. That's cool.
34,24,Ses02F_impro07_F,neutral,"...like, they feel like--I feel like it's going to be so like accomplished.  Do you know what I mean?"
34,25,Ses02F_impro07_F,neutral,Like it has some prestige. so
34,26,Ses02F_impro07_M,neutral,Yeah. Hey. Prestigious school.
34,27,Ses02F_impro07_M,neutral,"So, what, do you have to send in your deposit now?  Or what you-?"
34,28,Ses02F_impro07_F,neutral,"Yeah, I mean there's all the money stuff and my mom's helping me with the financial aid and stuff.  But, it'll be fine--"
34,29,Ses02F_impro07_F,neutral,"Like, now that I'm accepted, it's just, like, such a huge load off my mind."
34,30,Ses02F_impro07_M,neutral,That's great.
34,31,Ses02F_impro07_F,neutral,I don't mind worrying about all the paperwork.  You know--
34,32,Ses02F_impro07_M,neutral,Yeah.
34,33,Ses02F_impro07_M,neutral,So...
34,34,Ses02F_impro07_F,neutral,"Because, I don't have to like make that decision anymore.  I don't have to try and decide, like, what the bad school I'm going to go to is. you know"
34,35,Ses02F_impro07_M,neutral,"Right.  Right.  Right. Oh, man, then you're going to have to do orientation, I guess."
34,36,Ses02F_impro07_F,neutral,"I know. I know.  I think you go and you like stay for a couple of days and you meet people and--And they'll give you like a tour--And show you everything.  Oh, man, I'm just so--I'm so excited."
34,37,Ses02F_impro07_M,happiness,That'll be awesome.
34,38,Ses02F_impro07_M,happiness,"I mean because you went to the campus before, right?"
34,39,Ses02F_impro07_F,neutral,"Yeah, oh totally.  It's a beautiful campus.  It's gonna be really nice.  Um, and everyone is friendly and like there's ivy on all the walls.  Oh, it's just so--it's so like collegiate."
34,40,Ses02F_impro07_F,neutral,"You know what I mean?  Like, it's like exactly what I want."
34,41,Ses02F_impro07_M,neutral,So what're you--what're you gonna do there?  Have you decided?  Thought about it?
34,42,Ses02F_impro07_F,neutral,"Well, you know, I've thought about it but they have so many things that I might--Like try some things out first..."
34,43,Ses02F_impro07_M,neutral,"I know.  I mean, it's good all around."
34,44,Ses02F_impro07_F,neutral,"...because also on the list of their, um, like G.E.'s or whatever, you have a lot of choices within every single one.  So you can, like, try things out and not just be like, oh, I have to take math, oh, I have to take this.  You know what I mean?"
34,45,Ses02F_impro07_F,neutral,"So, um, so I don't know."
34,46,Ses02F_impro07_M,neutral,[LAUGHTER]
34,47,Ses02F_impro07_F,neutral,I mean I'm gonna take a bunch of stuff and see.
34,48,Ses02F_impro07_M,neutral,Oh man.
34,49,Ses02F_impro07_F,neutral,"I- They have like--they just have so many like prestigious like this school is top ten and like the departments within it, you know what I mean."
34,50,Ses02F_impro07_M,neutral,I always see people walking around with like U.S.C stuff on--
34,51,Ses02F_impro07_F,neutral,"I know, I get to be one of those now--I'll like walk around and be like a U.S.C..  You know what I mean."
34,52,Ses02F_impro07_M,neutral,You know is like.
34,53,Ses02F_impro07_M,neutral,I know.
34,54,Ses02F_impro07_M,neutral,Ahh. Yeah. [GARBAGE]
34,55,Ses02F_impro07_M,neutral,"You'll be like are you a fan or a student you know? Student. [LAUGHTER] Oh man, that's awesome."
34,56,Ses02F_impro07_F,neutral,And you'll be like...
34,57,Ses02F_impro07_F,neutral,"Student. I'm a student. Yes I am, Thank you very much."
34,58,Ses02F_impro07_F,neutral,[BREATHING]
34,59,Ses02F_impro07_M,neutral,A U.S.C. graduate now. You're set.
34,60,Ses02F_impro07_F,neutral,I know.  I'm excited.
34,61,Ses02F_impro07_F,neutral,"Well, that'll take a while. [GARBAGE]"
34,62,Ses02F_impro07_M,neutral,"I know, that's a ways down the road. That's cool."
34,63,Ses02F_impro07_F,neutral,That's going to be a lot of work.
34,64,Ses02F_impro07_F,neutral,"But, it'll be fine, I mean.  I'm so excited. It's going to be so fun."
34,65,Ses02F_impro07_M,neutral,In LA. Oh man.
34,66,Ses02F_impro07_F,neutral,"I know, and I mean the area's not great, but like the school makes up for it. It'll be fine. It'll be good."
34,67,Ses02F_impro07_M,neutral,So much.
34,68,Ses02F_impro07_M,neutral,"But it's LA, you know, everything."
34,69,Ses02F_impro07_M,neutral,You're getting close to the beach.  I mean geez.
34,70,Ses02F_impro07_F,neutral,I know. I know. So fun.  I can't wait.
34,71,Ses02F_impro07_M,neutral,"Cool.  Well give me a call, you know when--You get in town. definitely Awesome."
34,72,Ses02F_impro07_F,neutral,I will. I will. Thank you.
34,73,Ses02F_impro07_F,neutral,Thanks.
35,0,Ses02F_impro08_F,neutral,"Hi, my name is Shiloh, welcome to--Airline Six.  Hi, how may I help you?"
35,1,Ses02F_impro08_M,frustration,"Yeah, hello."
35,2,Ses02F_impro08_M,frustration,Ok.  I've- I've just been talking to this machine for the past half hour and I can't-can't get anything done.  I've been trying to book this vacation this entire time.
35,3,Ses02F_impro08_F,neutral,"All right, sir."
35,4,Ses02F_impro08_M,frustration,"I know, I'm sorry.  It's-It's just that it's been a little frustrating because--"
35,5,Ses02F_impro08_F,neutral,I completely understand.  Automated systems are very difficult sometimes.
35,6,Ses02F_impro08_M,neutral,Okay.
35,7,Ses02F_impro08_F,neutral,"Um, how may I help you.  You're trying to book a specific flight?"
35,8,Ses02F_impro08_M,frustration,"Well, yeah, I mean I heard there was like these package deals and that maybe I could get a like a hotel or something like that. and-"
35,9,Ses02F_impro08_F,neutral,"Oh, yeah, absolutely.  You know, and especially because you've been waiting so long and I know that, um, you've been having a difficult time."
35,10,Ses02F_impro08_F,neutral,"I want to definitely give you our special package today, which um is usually only for valued customers who have a record of having previous,"
35,11,Ses02F_impro08_F,neutral,"um lots of purchases, but we're gonna go ahead and give that to you anyway. uh,  Just to make sure that you're happy with your service here."
35,12,Ses02F_impro08_M,neutral,You- You can do that--You can do that now? I don't have to get like transferred through or anything like that.
35,13,Ses02F_impro08_F,neutral,Is that all right?
35,14,Ses02F_impro08_F,neutral,"I can do that right now for you. No, absolutely.  I can take care of you all the way through to the end."
35,15,Ses02F_impro08_F,neutral,All I'm going to need is your credit card number but just give me one moment. So-
35,16,Ses02F_impro08_M,neutral,[BREATHING] that's good.
35,17,Ses02F_impro08_F,neutral,"um, you're scheduling a flight as well--And you would like to, um, we have a highly discounted hotel rate that goes along with that so that everything is all in one deal.  You're taken care of by the time that you get there."
35,18,Ses02F_impro08_M,neutral,"All right.  I want to make sure it's like a nice hotel--I mean-mean I'm gonna be paying a lot of money for this so I don't wanna-I don't wanna, you know, I don't wanna to be a waste of time."
35,19,Ses02F_impro08_F,neutral,Absolutely. we we
35,20,Ses02F_impro08_F,neutral,"Yes, I completely understand.  Actually, our-our airline only uses five star hotel and above.  Except we charge at a three star hotel rate because, as a corporation, we are able to get a deal from the hotels themselves."
35,21,Ses02F_impro08_F,neutral,"So, you will absolutely be in a high rated great hotel and we can make sure that it's in a area of town that you like as well."
35,22,Ses02F_impro08_M,neutral,Okay. So--
35,23,Ses02F_impro08_F,neutral,Yeah.
35,24,Ses02F_impro08_M,neutral,"Well, you know, we wanted to--we wanted to go to Maui and--That was a"
35,25,Ses02F_impro08_F,neutral,Okay.
35,26,Ses02F_impro08_M,neutral,"--you know, the kids wanna go to the beach and stuff and so--um"
35,27,Ses02F_impro08_F,neutral,Great.  How many seats?
35,28,Ses02F_impro08_M,neutral,"Well, it's gonna be four of them."
35,29,Ses02F_impro08_F,neutral,Okay.  Great.  Four seats.  I'll book you for four seats.
35,30,Ses02F_impro08_M,neutral,All right.  And can they like all get together?
35,31,Ses02F_impro08_F,neutral,"Oh, yeah, absolutely.  Um- Would you like window seats or aisles?"
35,32,Ses02F_impro08_M,neutral,"Um- You know, window is nice. I guess"
35,33,Ses02F_impro08_F,neutral,"Okay, I can do um- a win- -two like a window and a aisle and a window and an aisle next to each other so that each of you can sit two by two. And switch around maybe?"
35,34,Ses02F_impro08_M,neutral,"All right, Sure.  A yeah, that- that'd be good."
35,35,Ses02F_impro08_F,neutral,Okay.  Great.  What time of the day would you like?
35,36,Ses02F_impro08_M,neutral,"Uh, well, yeah, I think we were just--you know, whenever best available, I guess.  You know--"
35,37,Ses02F_impro08_F,neutral,All right.  Great.  Well we have a very open flight that leaves at nine a.m. and fortunately uh the time change actually goes um backwards from that.
35,38,Ses02F_impro08_F,neutral,"So, it's a five hour flight, but you'll arrive only at eleven a clock in the morning.  So that day, you can have plenty of time to get to your hotel--Rest up and then still have a nice afternoon your first afternoon in Maui."
35,39,Ses02F_impro08_M,neutral,"And, like, there's there's shuttles or something that I can get to the hotel."
35,40,Ses02F_impro08_F,neutral,Absolutely.  That actually goes in on the same package with our hotel.  You just give me your address.  We'll come and pick up a time that allows you to get to your flight with plenty of time to spare.
35,41,Ses02F_impro08_F,neutral,And a there will also be a shuttle waiting for you to take you to the appropriate hotel.
35,42,Ses02F_impro08_M,neutral,"Okay.  Wow.  Sounds good then, I guess.  Thank you very much. It's a lot better than talking to a machine."
35,43,Ses02F_impro08_F,neutral,Yeah--I completely understand.  It's a difficult process sometimes and we want to make traveling as easy as possible.
35,44,Ses02F_impro08_M,neutral,All right.  So we're confirmed then or do you--All right.
35,45,Ses02F_impro08_F,neutral,Absolutely. Thank you so much for calling and we hope that you will come to us again.
35,46,Ses02F_impro08_M,neutral,Okay.
35,47,Ses02F_impro08_F,neutral,Thank you.
36,0,Ses02F_script01_1_F,neutral,What's he gonna say?  Maybe we ought to tell him before he sees it.
36,1,Ses02F_script01_1_M,neutral,He saw it.
36,2,Ses02F_script01_1_F,neutral,"How could he see it?  I was the first one up, he was still in bed."
36,3,Ses02F_script01_1_M,neutral,He was out here when it broke.
36,4,Ses02F_script01_1_F,neutral,When?
36,5,Ses02F_script01_1_M,neutral,About four this morning.  I heard it cracking and I woke up and looked out. He was standing right here when it cracked.
36,6,Ses02F_script01_1_F,neutral,What was he doing out here at four in the morning?
36,7,Ses02F_script01_1_M,neutral,"I don't know.  When it cracked, he ran back in the house and cried in the kitchen."
36,8,Ses02F_script01_1_F,sadness,Did you talk to him?
36,9,Ses02F_script01_1_M,neutral,No.  I thought it was best to leave him alone.
36,10,Ses02F_script01_1_F,sadness,He cried hard?
36,11,Ses02F_script01_1_M,neutral,I could hear him right through the floor of my room.
36,12,Ses02F_script01_1_F,sadness,What was he doing out here at that hour?
36,13,Ses02F_script01_1_F,neutral,He's dreaming about him again.  He's walking around at night.
36,14,Ses02F_script01_1_M,neutral,I guess he is.
36,15,Ses02F_script01_1_F,neutral,He's getting just like after he died.  What is the meaning of that?
36,16,Ses02F_script01_1_M,neutral,"I don't know the meaning of it.  But, I know one thing Mom, we made a terrible mistake with Dad."
36,17,Ses02F_script01_1_F,neutral,What?
36,18,Ses02F_script01_1_M,neutral,"Being dishonest with him.  I mean, that sort of thing always pays off and now it's paying off."
36,19,Ses02F_script01_1_F,neutral,What you mean dishonest?
36,20,Ses02F_script01_1_M,neutral,You know that Larry's not coming back and I know it.  Why do we allow him to go on thinking that we believe with him?
36,21,Ses02F_script01_1_F,frustration,What do you want to do argue with him?
36,22,Ses02F_script01_1_M,neutral,"No, I don't want to argue with him, but it's about time he realized that nobody believes Larry's alive anymore?"
36,23,Ses02F_script01_1_M,anger,Why shouldn't he dream of him and walk the nights waiting for him?  Do we contradict him?  Do we say straight out that we don't have any hope anymore?  That we haven't had hope for years now?
36,24,Ses02F_script01_1_F,frustration,You can't say that to him.
36,25,Ses02F_script01_1_M,frustration,We've got to say it to him.
36,26,Ses02F_script01_1_F,frustration,Can you prove it?  How can you prove it?
36,27,Ses02F_script01_1_M,anger,"For God sakes, it's been three years.  Nobody comes back after three years.  It's insane."
36,28,Ses02F_script01_1_F,frustration,"To you it is and to me, but not to him.  I mean, you can talk yourself blue in the face, but he--there's no body and no grave so where are you?"
36,29,Ses02F_script01_1_M,neutral,"Sit down, Mom.  I want to talk to you."
36,30,Ses02F_script01_1_F,neutral,"Trouble is the God damn newspapers.  Every month or so a boy turns up out of nowhere so, you know, the next one is gonna be Larry."
36,31,Ses02F_script01_1_M,frustration,All right.  All right.  Listen to me.  You know why I brought Annie here don't you?
36,32,Ses02F_script01_1_F,neutral,Why?
36,33,Ses02F_script01_1_M,neutral,You know.
36,34,Ses02F_script01_1_F,sadness,"I've got an idea, but what's the story?"
36,35,Ses02F_script01_1_M,neutral,I'm gonna ask her to marry me.
36,36,Ses02F_script01_1_F,neutral,"Well, that's only your business, Chris."
36,37,Ses02F_script01_1_M,frustration,You know it's not only my business.
36,38,Ses02F_script01_1_F,anger,What do you want me to do?  You're old enough to know your own mind.
36,39,Ses02F_script01_1_M,frustration,So it's all right then?
36,40,Ses02F_script01_1_M,frustration,I'll go ahead with it?
36,41,Ses02F_script01_1_F,neutral,"Well, you want to make sure that your father isn't going to--"
36,42,Ses02F_script01_1_M,anger,"Well, then it isn't just my business--"
36,43,Ses02F_script01_1_F,neutral,I'm just saying that--
36,44,Ses02F_script01_1_M,neutral,"Ah, sometimes you infuriate me.  You know that?  I mean, isn't it your business too if I tell Dad and flips--freaks out about it?  I mean, you have such a talent for ignoring things."
36,45,Ses02F_script01_1_F,neutral,I ignore what I gotta ignore.  The girl is Larry's girl.
36,46,Ses02F_script01_1_M,anger,She's not Larry's girl.
36,47,Ses02F_script01_1_F,frustration,"From your father's point of view, he isn't dead.  And you've no right to take his girl."
36,48,Ses02F_script01_1_F,frustration,"And you can go on from there if you know where to go, but I don't know where to go.  See, I don't know.  Now what can I do for you?"
36,49,Ses02F_script01_1_M,frustration,"I don't know why, but, every time I reach out for something that I want, I have to pull back 'cause someone else will suffer.  My whole bloody life.  Time after time after time."
36,50,Ses02F_script01_1_F,neutral,You're a considerate fellow.  There's nothing wrong with that.
36,51,Ses02F_script01_1_M,anger,To hell with that.
36,52,Ses02F_script01_1_F,neutral,[BREATHING] Have you asked Annie yet?
36,53,Ses02F_script01_1_M,neutral,I wanted to get this settled first.
36,54,Ses02F_script01_1_F,neutral,"Well, how do you know she'll marry you?  Maybe she feels the same way your father does."
36,55,Ses02F_script01_1_M,sadness,"Well, if she does, then that's the end of it.  But from her letters, I think she's forgotten him.  I'll find out.  And then we'll thrash it out with Dad, right?  Mom, don't avoid me."
36,56,Ses02F_script01_1_F,sadness,"Trouble is, you don't see enough women."
36,57,Ses02F_script01_1_F,frustration,You never did.
36,58,Ses02F_script01_1_M,neutral,"So what, I'm not fast with women."
36,59,Ses02F_script01_1_F,frustration,I just don't see why it has to be Annie.
36,60,Ses02F_script01_1_M,neutral,Because it is.
36,61,Ses02F_script01_1_F,frustration,"Well, that's a good answer, but it doesn't answer anything.  I mean, you've been away for--at war.  It's been five years."
36,62,Ses02F_script01_1_M,neutral,"I can't help it.  I know her best.  I mean, I grew up next door to her."
36,63,Ses02F_script01_1_M,frustration,"These years when I think of a wife, I think of Annie.  What do you want, a diagram?"
36,64,Ses02F_script01_1_F,frustration,"I don't want a diagram.  Umm-- He thinks he's coming back, Chris.  You marry that girl and you're pronouncing him dead."
36,65,Ses02F_script01_1_F,frustration,"I mean, what's gonna happen to your father?  Do you know?  I don't."
36,66,Ses02F_script01_1_M,frustration,"All right.  All right, then, Mom."
36,67,Ses02F_script01_1_F,frustration,I just--give it some more thought.
36,68,Ses02F_script01_1_M,frustration,I've given it three years of thought.  I thought that if I waited Dad would forget about Larry and we could have a regular wedding and everything happy.
36,69,Ses02F_script01_1_M,neutral,"But if I can't--if that can't happen here, then I'll have to get out."
36,70,Ses02F_script01_1_F,neutral,What the hell is this?
36,71,Ses02F_script01_1_M,neutral,I'll get out.  I'll get married and go live some place else.  Maybe New York.
36,72,Ses02F_script01_1_F,anger,Are you crazy?
36,73,Ses02F_script01_1_M,anger,I've been a good son too long.  A good sucker.  I'm through with it.
36,74,Ses02F_script01_1_F,anger,What about the business?  What the hell is this?
36,75,Ses02F_script01_1_M,anger,The business?  The business doesn't inspire me.
36,76,Ses02F_script01_1_F,anger,Must you be inspired?
36,77,Ses02F_script01_1_M,anger,"Yes.  I like it an hour a day.  If I'm gonna grub for my money all day long, at least in the evening I want it beautiful."
36,78,Ses02F_script01_1_M,neutral,"I want a family.  I want kids.  I want something that I can give myself to.  Annie's in the middle of that.  Now, where do I find it?"
36,79,Ses02F_script01_1_F,neutral,"Tell me, you'd leave the business?"
36,80,Ses02F_script01_1_M,neutral,"Yes, on this I would."
36,81,Ses02F_script01_1_F,anger,"Well, you don't want to think like that."
36,82,Ses02F_script01_1_M,neutral,Then help me stay here.
36,83,Ses02F_script01_1_F,neutral,"All right, but just don't go thinkin' like that 'cause otherwise what did we work for?  I mean, the whole thing is for you, Chris.  The whole shootin' match is for you."
36,84,Ses02F_script01_1_M,frustration,"I know.  I know, Mom.  Just help me stay here."
36,85,Ses02F_script01_1_F,frustration,"All right.  Just-- just don't go thinkin' that way, you hear me?"
36,86,Ses02F_script01_1_M,neutral,I am thinkin' that way.
36,87,Ses02F_script01_1_F,frustration,"I don't understand you, do I?"
36,88,Ses02F_script01_1_M,neutral,"No, you don't.  I'm a pretty tough guy."
36,89,Ses02F_script01_1_F,sadness,I can see that.
37,0,Ses02F_script01_2_F,neutral,Why did he invite her here?
37,1,Ses02F_script01_2_M,neutral,Why does that bother you?
37,2,Ses02F_script01_2_F,neutral,She's been in New York for three and half years.  Why all of a sudden?
37,3,Ses02F_script01_2_M,neutral,"Well, maybe he just wanted to see her again."
37,4,Ses02F_script01_2_F,neutral,Nobody comes seven hundred miles just to see.
37,5,Ses02F_script01_2_M,neutral,What do you mean?  He lived next door to the girl all his life.  Why wouldn't he want to see her again?
37,6,Ses02F_script01_2_M,neutral,Don't look at me like that.  He didn't tell me anymore than he told you.
37,7,Ses02F_script01_2_F,neutral,She's not-
37,8,Ses02F_script01_2_M,neutral,How do you know he's even thinking of it?
37,9,Ses02F_script01_2_F,neutral,-he's not gonna marry her.
37,10,Ses02F_script01_2_F,anger,It's got that all about it.
37,11,Ses02F_script01_2_M,neutral,"Well, so what?"
37,12,Ses02F_script01_2_F,neutral,"What's going on here, Joe?"
37,13,Ses02F_script01_2_M,neutral,"Now, listen Kate."
37,14,Ses02F_script01_2_F,neutral,"She's not his girl, Joe.  She knows she's not."
37,15,Ses02F_script01_2_M,neutral,You can't read her mind.
37,16,Ses02F_script01_2_F,frustration,"Well then why is she still single?  I mean, New York is full of men.  Why isn't she married?  Probably a hundred people told her she's crazy, but she's waited."
37,17,Ses02F_script01_2_M,neutral,How do you know why she's waited?
37,18,Ses02F_script01_2_F,frustration,"She knows what I know, that's why.  She's faithful as a rock.  In my worst moments I think of her waiting and I know again that I'm right."
37,19,Ses02F_script01_2_M,frustration,"Look, it's a nice day.  What are we arguing for?"
37,20,Ses02F_script01_2_F,neutral,"Nobody in this house dares take her faith away, Joe?  Strangers might, but not his father, not his brother."
37,21,Ses02F_script01_2_M,frustration,"Well, what do you want me to do about it?"
37,22,Ses02F_script01_2_F,frustration,I want you to act like he's coming back.  Both of you.  Don't you think I haven't noticed since she got here.  I won't stand for any nonsense.
37,23,Ses02F_script01_2_M,frustration,But Kate--
37,24,Ses02F_script01_2_F,anger,"Because if he's not coming back, I'll kill myself.  I mean, laugh--laugh at me, but..."
37,25,Ses02F_script01_2_F,anger,But why did that happen the very night she came here?  She sleeps in his room and his memorial breaks to pieces.  Just look.  Look at it.
37,26,Ses02F_script01_2_M,frustration,Calm yourself.
37,27,Ses02F_script01_2_F,frustration,"Believe with me, Joe.  I can't stand all alone."
37,28,Ses02F_script01_2_M,frustration,Calm yourself.
37,29,Ses02F_script01_2_F,frustration,"Last week, a man turned up in Detroit missing longer than Larry.  I mean, you read it yourself."
37,30,Ses02F_script01_2_M,frustration,All right.  All right.  Calm yourself.
37,31,Ses02F_script01_2_F,frustration,"You, above all, have to believe."
37,32,Ses02F_script01_2_M,neutral,What?- Why- Why me above all?
37,33,Ses02F_script01_2_F,frustration,Just--just don't stop believing.
37,34,Ses02F_script01_2_M,anger,What does that mean?  Me above all?
37,35,Ses02F_script01_2_M,anger,Look at you.  Look at you shaking.
37,36,Ses02F_script01_2_F,frustration,I can't help it.
37,37,Ses02F_script01_2_M,anger,What have I got to hide?  What the hell is the matter with you Kate?
38,0,Ses02F_script01_3_F,neutral,You're the only one I know who loves his parents.
38,1,Ses02F_script01_3_M,neutral,"I know, it went out of style, didn't it?"
38,2,Ses02F_script01_3_F,neutral,It's all right.  It's a good thing.
38,3,Ses02F_script01_3_F,neutral,"You know, it's lovely here, the air is sweet."
38,4,Ses02F_script01_3_M,neutral,You're not sorry you came?
38,5,Ses02F_script01_3_F,neutral,"No, not sorry.  Um, but, I'm- I'm not gonna stay."
38,6,Ses02F_script01_3_M,neutral,Why?
38,7,Ses02F_script01_3_F,neutral,"Well, for one thing, your mother as much as told me to go."
38,8,Ses02F_script01_3_M,neutral,Oh.
38,9,Ses02F_script01_3_F,neutral,"You saw that.  I mean and then, well, you've been kind of, um--"
38,10,Ses02F_script01_3_M,neutral,What?
38,11,Ses02F_script01_3_F,neutral,"Well, kind of embarrassed ever since I got here."
38,12,Ses02F_script01_3_M,neutral,"The trouble is, I planned on sort of sneaking up on you over a period of a week or so.  But, they take it for granted that we're all set."
38,13,Ses02F_script01_3_F,neutral,"I knew they would, your mother anyway."
38,14,Ses02F_script01_3_F,neutral,"Well,"
38,15,Ses02F_script01_3_F,sadness,"from her point of view, why else would I come?"
38,16,Ses02F_script01_3_M,neutral,"Oh.  Would you want to?  I guess you know, this is why I asked you to come."
38,17,Ses02F_script01_3_F,neutral,I--I guess this is why I came.
38,18,Ses02F_script01_3_M,neutral,"Anne, I love you.  I love you a great deal.  I love you."
38,19,Ses02F_script01_3_M,neutral,I have no imagination.  That's all I know to tell you.
38,20,Ses02F_script01_3_M,neutral,I'm embarrassing you and I didn't want to tell it to you here.  I wanted some place we'd never been before.  A place where we'd be brand new to each other.
38,21,Ses02F_script01_3_M,neutral,"You feel it's wrong here, don't you?  This yard, this chair.  I want you to be ready for me.  I don't want to have to win you away from anything."
38,22,Ses02F_script01_3_F,neutral,"Oh, Chris, I've been ready for a long, long time."
38,23,Ses02F_script01_3_M,neutral,And he's gone forever.  You're sure?
38,24,Ses02F_script01_3_F,happiness,I almost got married two years ago.
38,25,Ses02F_script01_3_M,neutral,Why didn't you?
38,26,Ses02F_script01_3_F,happiness,You started to write me and--
38,27,Ses02F_script01_3_M,neutral,You felt something that far back?
38,28,Ses02F_script01_3_F,happiness,Every day since.
38,29,Ses02F_script01_3_M,neutral,"Anne, why didn't you let me know?"
38,30,Ses02F_script01_3_F,neutral,"Well, I was waiting for you.  I mean, till then you never wrote and when you did, I mean, what did you say?  You can sure be ambiguous sometimes."
38,31,Ses02F_script01_3_M,neutral,"Give me a kiss, Anne.  Give me a-"
38,32,Ses02F_script01_3_M,neutral,"oh God, I kissed you.  I kissed Annie.  How long--how long I've been waiting to kiss you."
38,33,Ses02F_script01_3_F,happiness,I will never forgive you.  Why did you wait all these years?  All I did was sit and wonder if I was crazy for thinking of you.
38,34,Ses02F_script01_3_M,neutral,"Oh, Annie, we're gonna live now.  I'm gonna make you so happy."
38,35,Ses02F_script01_3_F,neutral,Not like that you're not.
38,36,Ses02F_script01_3_M,neutral,I kissed you.
38,37,Ses02F_script01_3_F,neutral,"Like Larry's brother.  Do it like you, Chris.  What is it?"
38,38,Ses02F_script01_3_M,neutral,Let's drive someplace.  I want to be alone with you.
38,39,Ses02F_script01_3_F,neutral,"No.  What is it, your mother?"
38,40,Ses02F_script01_3_M,sadness,No.  Nothing like that.
38,41,Ses02F_script01_3_F,sadness,"Then, what's wrong?  I mean, even in your letters there was some--something ashamed."
38,42,Ses02F_script01_3_M,sadness,"Yeah, I suppose I have been.  But it's going from me."
38,43,Ses02F_script01_3_F,sadness,You've gotta tell me.
38,44,Ses02F_script01_3_M,sadness,I don't know how to start.
38,45,Ses02F_script01_3_F,sadness,It wouldn't work this way.
38,46,Ses02F_script01_3_M,sadness,"It's all mixed up with so many other things.  You remember overseas, I was in command of a company?"
38,47,Ses02F_script01_3_F,sadness,"Yeah, sure."
38,48,Ses02F_script01_3_M,sadness,"Well, I lost them."
38,49,Ses02F_script01_3_F,sadness,How many?
38,50,Ses02F_script01_3_M,sadness,Just about all.
38,51,Ses02F_script01_3_F,sadness,"Oh, gee."
38,52,Ses02F_script01_3_M,sadness,It takes some time for a guy to toss that off.  'Cause they weren't just men.
38,53,Ses02F_script01_3_M,sadness,"For instance, one time, it had been raining several days and this kid came to me and gave me his last pair of dry socks.  I put them in pocket.  It's only a little thing, but that's the kind of guys I had."
38,54,Ses02F_script01_3_M,sadness,"They didn't die, they killed themselves for each other.  I mean that exactly.  A little more selfish and they'd have been here today."
38,55,Ses02F_script01_3_M,sadness,"I got this idea watching them go down.  Everything was being destroyed, see, but it seemed that there was one new thing being made.  A sort of responsibility.  Man for man."
38,56,Ses02F_script01_3_M,sadness,"You know what I mean?  To show that, to bring that onto the Earth again, like some kind of monument and everyone would feel it standing behind him and it would make a difference to him."
38,57,Ses02F_script01_3_M,sadness,Then I came back and it was incredible.  There was no meaning in it here.  The whole thing to them seemed like sort of a bus accident.  I went to work with Dad and that rat race again.
38,58,Ses02F_script01_3_M,sadness,"And I felt what you said, ashamed somehow 'cause nobody was changed at all.  It seemed to make suckers out of a lot of guys.  I felt wrong to be alive to open the new bank book, drive the new car, see the new refrigerator."
38,59,Ses02F_script01_3_M,sadness,"I mean, you can take those things out of a war, but when you drive that car, you've gotta know that it came out of the love a man can have for a man.  You've gotta be a little better because of it."
38,60,Ses02F_script01_3_M,sadness,Because otherwise all you have is really loot and there's blood on it.  And I didn't want to take any of it.  And I guess that included you.
38,61,Ses02F_script01_3_F,sadness,You still feel that way?
38,62,Ses02F_script01_3_M,neutral,I want you now Annie.
38,63,Ses02F_script01_3_F,neutral,"'Cause you mustn't feel that way.  Because you have a right to everything that you have.  Do you understand that?  Everything, Chris, and me too."
38,64,Ses02F_script01_3_F,neutral,"I mean, and your money, there's nothing wrong with your money.  I mean, your father put hundreds of planes in the air.  A man should be paid for that."
38,65,Ses02F_script01_3_M,neutral,"I know Annie.  Annie, I'm gonna make a fortune for you."
38,66,Ses02F_script01_3_F,happiness,What'll I do with a fortune?
39,0,Ses02F_script02_1_M,neutral,What time is it?  They're supposed to run around midnight.
39,1,Ses02F_script02_1_M,neutral,"This is great, isn't it?  Look at the night we've got here, couldn't be better."
39,2,Ses02F_script02_1_M,neutral,"I would have liked to have gone a little further up the coast to get away from the lights and the people, but I was afraid we'd miss it."
39,3,Ses02F_script02_1_M,neutral,How you doing?
39,4,Ses02F_script02_1_F,neutral,Fine.
39,5,Ses02F_script02_1_M,neutral,Is that--no--is that just foam?  I can't even tell.
39,6,Ses02F_script02_1_M,neutral,"Well, I guess we can tell, it probably isn't right?  Probably be unmistakable don't you think?"
39,7,Ses02F_script02_1_M,neutral,"How you doing?  Aw, you know what I forgot?  I forgot to bring my flashlight.  Oh, how could I be so stupid?  I should've brought my flashlight."
39,8,Ses02F_script02_1_F,neutral,What flashlight?
39,9,Ses02F_script02_1_M,neutral,"You know, the flashlight, the silver one.  There's only one isn't there?"
39,10,Ses02F_script02_1_F,neutral,That's not your flashlight.
39,11,Ses02F_script02_1_M,neutral,Who's is it?
39,12,Ses02F_script02_1_F,neutral,It's ours.  It's mine too.
39,13,Ses02F_script02_1_M,neutral,"Oh, well sure."
39,14,Ses02F_script02_1_F,neutral,"You kept saying my flashlight, if as if somehow it's just yours.  I mean is that supposed to make me feel?"
39,15,Ses02F_script02_1_M,neutral,"Right, of course.  Our flashlight.  Mine and yours.  I mean, me flashlight is su flashlight naturally."
39,16,Ses02F_script02_1_M,neutral,How could we forget to bring it?  I hope the moon stays out.
39,17,Ses02F_script02_1_M,neutral,"I wonder, do they always run during a full moon?  I can't remember if it was full last year.  Do you remember?"
39,18,Ses02F_script02_1_F,neutral,Yeah.
39,19,Ses02F_script02_1_M,neutral,"You cold?  Do you want my jacket?  Oh, we should've brought the blanket.  Our blanket."
39,20,Ses02F_script02_1_M,neutral,"This is great, isn't it?  A six pack would be just the ticket right now."
39,21,Ses02F_script02_1_M,neutral,I can't believe I forgot.  I'm like a kid.  It's amazing I got out of the house with my fly zipped.
39,22,Ses02F_script02_1_M,neutral,You think they can hear us talk?  Or feel the vibrations in the sand when we move around?
39,23,Ses02F_script02_1_F,neutral,I'm cold.
39,24,Ses02F_script02_1_M,neutral,Do you want my jacket?
39,25,Ses02F_script02_1_F,frustration,"It's after eleven, let's just go home."
39,26,Ses02F_script02_1_M,neutral,Are you kidding?  We'd miss it.  We just got here.  What's the point of coming down here if we just turn around and go home.
39,27,Ses02F_script02_1_F,neutral,There is no point in coming down here.
39,28,Ses02F_script02_1_M,neutral,Right.
39,29,Ses02F_script02_1_F,neutral,That's my point.
39,30,Ses02F_script02_1_M,neutral,That's my point too.
39,31,Ses02F_script02_1_F,neutral,"So, let's go."
39,32,Ses02F_script02_1_M,neutral,No. No. That's not my point.  The point is there's no point in coming down if we just leave.  Don't you want to see it?
39,33,Ses02F_script02_1_F,neutral,Not particularly.
39,34,Ses02F_script02_1_M,neutral,Why not?
39,35,Ses02F_script02_1_F,neutral,I just don't.  It's stupid.
39,36,Ses02F_script02_1_M,neutral,"Honey, this is a natural phenomenon.  I mean this only happens once a year, you know."
39,37,Ses02F_script02_1_M,neutral,"Think about the people in Kansas, they had to get plane tickets and hotel reservations to see this.  We live forty minutes away.  It's too good to pass up."
39,38,Ses02F_script02_1_F,frustration,"Pass up what?  These little fish swim onto the beach, they flop around, and swim away.  And then they die."
39,39,Ses02F_script02_1_M,neutral,"Yeah, but that moment on the beach, is the highlight of their little lives.  All that flopping is laying eggs or what do you--spawning or mating.  I mean,"
39,40,Ses02F_script02_1_M,neutral,this is a big night for these guys.  Life's last orgy.
39,41,Ses02F_script02_1_F,frustration,"What are you so excited about?  I mean, it's not a moon landing we're talking about here.  It's fish.  It's a fish nobody even eats."
39,42,Ses02F_script02_1_M,frustration,Yeah they do.
39,43,Ses02F_script02_1_F,frustration,"Ah, Augie."
39,44,Ses02F_script02_1_M,neutral,Alright.  But it's fish that do something that none of the other fish do.  Like the swallows returning to Capistrano or the lemmings throwing themselves off the cliffs.
39,45,Ses02F_script02_1_M,neutral,There's--there's a bit of the magic--some unexplainable here.  I don't see how you can not be interested.
39,46,Ses02F_script02_1_F,frustration,I'm just not.
39,47,Ses02F_script02_1_M,neutral,For real?
39,48,Ses02F_script02_1_F,neutral,Yeah.
39,49,Ses02F_script02_1_M,neutral,"I don't get it.  The first time we came here, you said it was the best night of your life."
39,50,Ses02F_script02_1_M,neutral,"And last year, I remember specifically you were so excited to go that you stubbed your toe rushing me out of the house and didn't even notice until we got in the car."
39,51,Ses02F_script02_1_F,frustration,"Last year, you will also remember our shoes got wet, I got sand in my panties, you got a sore throat, we got in a big fight over nothing, and we didn't see the grunions."
39,52,Ses02F_script02_1_M,neutral,We weren't in a good spot.
39,53,Ses02F_script02_1_F,neutral,We didn't see them the first time either.
39,54,Ses02F_script02_1_M,neutral,"We just weren't in a good spot.  This is a much better spot.  Believe me, I've got good instincts for these things."
39,55,Ses02F_script02_1_M,neutral,There is that--no that's just seaweed isn't it?
39,56,Ses02F_script02_1_M,neutral,"Oh man, this is great, isn't it?  I wouldn't miss this for anything.  Here, think about this, all right, I know you're not interested, but think about this."
39,57,Ses02F_script02_1_M,neutral,"Somewhere out there, this huge mass of silver fish swimming this way."
39,58,Ses02F_script02_1_M,neutral,"They don't know why, we don't know why.  Nobody sent them an invitation or a map, it wasn't a decision, just-"
39,59,Ses02F_script02_1_M,neutral,"all as one, this time release instinctual little firecracker went off and they all turned and formed a line as long as the California coast and started swimming.  And they're swimming right now as if that's all that matters."
39,60,Ses02F_script02_1_M,neutral,It's like single mindedness with no mind.  It's urgency that's pure urge.  They don't know what drives them.  They don't ask it a question or give it a name.
39,61,Ses02F_script02_1_M,neutral,"They just turn as one and start the swim that brings them right here to where we stand, for a massive celebration of sex and death."
39,62,Ses02F_script02_1_M,neutral,"Ah, God, I'm giving myself goose bumps.  Look, all my hairs are popped up."
39,63,Ses02F_script02_1_F,neutral,That's the wind.
39,64,Ses02F_script02_1_M,neutral,"Well, so what do you think?"
39,65,Ses02F_script02_1_F,neutral,About what?
39,66,Ses02F_script02_1_M,neutral,What I was saying.
39,67,Ses02F_script02_1_F,neutral,It's ridiculous.
40,0,Ses02F_script02_2_M,neutral,"Well, so what do you think?"
40,1,Ses02F_script02_2_F,neutral,About what?
40,2,Ses02F_script02_2_M,neutral,What I was saying.
40,3,Ses02F_script02_2_F,frustration,It's ridiculous.
40,4,Ses02F_script02_2_M,neutral,It certainly is not.  It's slightly exaggerated scientific fact.
40,5,Ses02F_script02_2_F,neutral,It's PR.  Somebody sold you a bill of goods that this wonderful event is gonna take place on the beach.
40,6,Ses02F_script02_2_M,neutral,"Well, I'm not the only one.  Look at all these people."
40,7,Ses02F_script02_2_F,neutral,"Sure, everybody's told the same story.  It keeps us all excited.  It keeps us coming back for more.  It keeps us thinking that life is gonna start any second now if we could just find the right spot and get in on the action."
40,8,Ses02F_script02_2_M,neutral,Are we talking about the same thing?
40,9,Ses02F_script02_2_F,neutral,"Well, I'm sorry, but it's still just fish to me."
40,10,Ses02F_script02_2_M,neutral,"Carla, can I ask you something?  Don't take this wrong, but are you having your period?"
40,11,Ses02F_script02_2_F,anger,"God damn it, Augie, don't ask me that.  I hate it when you ask me that.  You always ask me that.  It's insulting."
40,12,Ses02F_script02_2_M,frustration,"Well, what's bugging you?"
40,13,Ses02F_script02_2_F,anger,We just have different ideas of what this evening is supposed to look like.
40,14,Ses02F_script02_2_M,neutral,"There's nothing to it.  We come here, the grunion arrive, they do their little fish business, we go ooh, ah, look at the fish.  They go home. We go home."
40,15,Ses02F_script02_2_F,frustration,"For heaven sake, we're not going to see the grunions."
40,16,Ses02F_script02_2_M,frustration,Why not?
40,17,Ses02F_script02_2_F,frustration,"We never do, do we?  I mean, have we ever?"
40,18,Ses02F_script02_2_M,neutral,We've missed them twice.  That's not ever.
40,19,Ses02F_script02_2_F,frustration,Twice is every time we've tried. That's ever.
40,20,Ses02F_script02_2_M,neutral,"Well, we'll see them this year."
40,21,Ses02F_script02_2_F,frustration,"No, we won't.  It's pointless.  It's like waiting up to see Santa Claus."
40,22,Ses02F_script02_2_F,anger,"I mean, I feel like my whole life is gonna be spent standing on the beach with my eyes wide open and my hands clasped expectantly waiting for the fish to show up.  And the fish won't show up."
40,23,Ses02F_script02_2_M,frustration,I thought you wanted to see it.
40,24,Ses02F_script02_2_F,frustration,You don't understand anything I'm saying.
40,25,Ses02F_script02_2_M,frustration,"No, of course not."
40,26,Ses02F_script02_2_F,frustration,I did want to see it.  I always do.  I keep thinking that this is gonna be the time and it never is.
40,27,Ses02F_script02_2_M,neutral,It's just fish.  Nothing to get traumatized about.
40,28,Ses02F_script02_2_F,neutral,"For heaven sake, this isn't about fish."
40,29,Ses02F_script02_2_M,frustration,"All right.  Look, I've been trying to work this backwards, but I cannot seem to figure out the exact moment that we took a turn for the worst."
40,30,Ses02F_script02_2_M,neutral,"I mean, you were-  you were fine during the phone call from Marge.  Dinner was okay.  Doing the dishes was no problem.  Let's see.  I took a shower.  You watched the news."
40,31,Ses02F_script02_2_M,neutral,"You said, ""Hey the grunion are running tonight.""  I said, ""Great, let's go.  I feel lucky."""
40,32,Ses02F_script02_2_M,neutral,"Okay, so I'm putting on my jacket, putting out the animals, getting the car out of the garage--"
40,33,Ses02F_script02_2_F,sadness,"Do you remember the first time we came to see it?  It was about four years ago, right after we got married."
40,34,Ses02F_script02_2_F,sadness,"I thought I was pregnant, you had a bottle of champagne, but no glasses.  You asked me to dance, so we kicked off our shoes and you popped the cork."
40,35,Ses02F_script02_2_F,sadness,"And while we were dancing, you said the softest, most intimate things to me right into my ear so that I could feel them as much as hear them."
40,36,Ses02F_script02_2_F,sadness,"And I remember thinking, this is it.  You know, at last--at last I am as happy as I am supposed to be."
40,37,Ses02F_script02_2_M,neutral,Wait a minute.  I've got it.
40,38,Ses02F_script02_2_F,sadness,"Just dancing barefoot in the sand, drinking champagne out of the bottle."
40,39,Ses02F_script02_2_M,neutral,"It was in the car, right?  Driving past the Knickerbocker Liquor Locker, you said, ""let's get some champagne,"" and I said, ""time's a wasting"" or something like that, right?"
40,40,Ses02F_script02_2_M,neutral,"Yeah, of course, I see it now.  You want this to be like that other time, right?  That's it, right?"
40,41,Ses02F_script02_2_F,sadness,I'd rather not remember some things.  I would rather not hope for some things.
40,42,Ses02F_script02_2_M,neutral,"Okay, yeah, sure, I see it now.  Listen, you wanna dance?"
40,43,Ses02F_script02_2_F,sadness,No.
40,44,Ses02F_script02_2_M,neutral,You want me to go get some champagne?
40,45,Ses02F_script02_2_F,sadness,No.
40,46,Ses02F_script02_2_M,neutral,Take off our shoes?
40,47,Ses02F_script02_2_F,neutral,No. No.
40,48,Ses02F_script02_2_M,frustration,"Well, what?  You want me to breathe in your ear?"
40,49,Ses02F_script02_2_F,sadness,No.
40,50,Ses02F_script02_2_M,frustration,You wanna get married again?
40,51,Ses02F_script02_2_F,frustration,No.
40,52,Ses02F_script02_2_M,frustration,What?  What?  You want a divorce?
40,53,Ses02F_script02_2_F,frustration,No.
40,54,Ses02F_script02_2_M,frustration,A vacation?
40,55,Ses02F_script02_2_F,frustration,No.
40,56,Ses02F_script02_2_M,frustration,"A new carpet?  A poodle?  Ice cream?  Back rub?  A suicide pact?  What?  What?  Carla, what the hell do you want?"
40,57,Ses02F_script02_2_F,neutral,I want something to turn out the way that it's supposed to.
40,58,Ses02F_script02_2_M,anger,"Well, welcome to the human race.  Do you think this is what I had in mind when I proposed?  That four years down the road, we'd be at the beach yelling at each other over fish?"
40,59,Ses02F_script02_2_M,neutral,"No.  You think I knew that there'd be times when you'd look at me like a used Kleenex?  Or that I'd look at you and think, holy hell, when's the next flight to Alaska?"
40,60,Ses02F_script02_2_M,sadness,"No, Carla, I'm just like you.  I thought it was gonna be all peaches and roses and sand in our toes and wind in our hair and the fish will always come and the bills will pay themselves and we'll have three fat rosy kids and ha, ha, baby, the joke's on us"
40,61,Ses02F_script02_2_M,frustration,"'cause you know what you get, Carla?  You know what you get?  This."
40,62,Ses02F_script02_2_F,neutral,This.  What?  What is this?  This isn't even anything.
40,63,Ses02F_script02_2_M,neutral,"Yes, it is."
40,64,Ses02F_script02_2_F,neutral,"Uh, right this is standing on the beach.  This is waiting.  This is fighting."
40,65,Ses02F_script02_2_M,neutral,Right.
40,66,Ses02F_script02_2_F,sadness,Well.  This isn't anything like I thought anything would be like.
40,67,Ses02F_script02_2_M,sadness,"I know, me neither."
40,68,Ses02F_script02_2_F,neutral,"I mean, this is just this.  It includes a lot and everything, but it isn't something else.  Do you have any idea what I'm trying to say?"
40,69,Ses02F_script02_2_M,sadness,I'm doing the best I can.
40,70,Ses02F_script02_2_F,sadness,"I know that, Augie.  Really, I do."
40,71,Ses02F_script02_2_F,sadness,"I know that you meant this to be special and nice and the sand and the moon and all, but I just couldn't help thinking about being somewhere else."
40,72,Ses02F_script02_2_M,sadness,Maybe if you were with somebody else too.
40,73,Ses02F_script02_2_F,sadness,I didn't say that.
40,74,Ses02F_script02_2_M,sadness,"No, I know.  But still.  I know I don't make you happy."
40,75,Ses02F_script02_2_F,neutral,"Oh, for heaven sake, whatever I'm doing, I'd rather be doing it with you."
40,76,Ses02F_script02_2_M,neutral,Yeah?
40,77,Ses02F_script02_2_F,neutral,"Oh, don't be ridiculous.  I mean, don't you know that?"
40,78,Ses02F_script02_2_F,sadness,You're the one who probably wishes you were with someone else.  Someone who--you'd rather enjoy yourself and didn't take everything so hard.
40,79,Ses02F_script02_2_M,neutral,"Well, now that you mention it.  No, I don't."
40,80,Ses02F_script02_2_F,neutral,"Okay.  Fine so.  We're in the wrong spot, but we're with the right person."
40,81,Ses02F_script02_2_M,happiness,"I don't know.  It seemed like a pretty good spot to me.  I mean, look at the view you have of the moon from here."
40,82,Ses02F_script02_2_F,neutral,"Yeah, I noticed that.  Looks pretty, doesn't it?  Big ol' white moon."
40,83,Ses02F_script02_2_M,happiness,"Well, look what we have here."
40,84,Ses02F_script02_2_F,happiness,"Augie, you brought refreshments."
40,85,Ses02F_script02_2_M,happiness,It's not champagne.
40,86,Ses02F_script02_2_F,happiness,"Well, then we don't need glasses."
40,87,Ses02F_script02_2_M,neutral,You still cold?  Do you wanna go home?
40,88,Ses02F_script02_2_F,happiness,No.  I think you might be right.  Maybe this is the spot after all.
40,89,Ses02F_script02_2_F,sadness,"Augie, I'm sorry."
40,90,Ses02F_script02_2_M,happiness,Shh.  If we're very quiet the fish might come.
40,91,Ses02F_script02_2_F,happiness,Or not.
40,92,Ses02F_script02_2_M,happiness,Or not.
41,0,Ses02F_script03_1_M,neutral,Good God.
41,1,Ses02F_script03_1_F,neutral,Do you think it's them?
41,2,Ses02F_script03_1_M,neutral,I wonder.
41,3,Ses02F_script03_1_F,neutral,"Well, nobody know we're here except Freda and she wouldn't ring up."
41,4,Ses02F_script03_1_M,neutral,"Must be them, then."
41,5,Ses02F_script03_1_F,neutral,What're we gonna do?
41,6,Ses02F_script03_1_M,neutral,"We're all right, darling, aren't we?  Whatever happens."
41,7,Ses02F_script03_1_F,neutral,"Now and always, sweet."
41,8,Ses02F_script03_1_M,neutral,I don't care then.
41,9,Ses02F_script03_1_F,neutral,It was bound to come sooner or later.
41,10,Ses02F_script03_1_M,neutral,Hello?  Hello?  What?  Wrong number.
41,11,Ses02F_script03_1_F,neutral,"Ah, it send shivers up my spine."
41,12,Ses02F_script03_1_M,neutral,What do we do if they suddenly walk in on us?
41,13,Ses02F_script03_1_F,happiness,Behave exquisitely.
41,14,Ses02F_script03_1_M,neutral,With the most perfect poise?
41,15,Ses02F_script03_1_F,happiness,"Oh, of course.  I shall probably do a court curtsy."
41,16,Ses02F_script03_1_M,neutral,Things that ought to matter dreadfully don't matter at all when one's happy.  Do they?
41,17,Ses02F_script03_1_F,happiness,What's so horrible is that one can't stay happy.
41,18,Ses02F_script03_1_M,neutral,"Oh, darling, don't say that."
41,19,Ses02F_script03_1_F,happiness,It's true.  The whole business is a very poor joke.
41,20,Ses02F_script03_1_M,neutral,"Meaning that sacred and beautiful thing, love?"
41,21,Ses02F_script03_1_F,happiness,"Yes, meaning just that."
41,22,Ses02F_script03_1_M,neutral,"Oh, what does it all mean?  That's what I ask myself in my ceaseless quest for ultimate truth.  Dear God, what does it all mean?"
41,23,Ses02F_script03_1_F,neutral,Don't laugh at me.  I'm serious.
41,24,Ses02F_script03_1_M,neutral,"You mustn't be serious, my dear one.  That's just what they want."
41,25,Ses02F_script03_1_F,neutral,Who's they?
41,26,Ses02F_script03_1_M,neutral,All those futile moralists that try to make life unbearable.  Laugh at them.  Be flippant.  Laugh at everything.  All their sacred shibboleths.
41,27,Ses02F_script03_1_M,neutral,Flippancy brings out the acid in their damn sweetness and light.
41,28,Ses02F_script03_1_F,neutral,"If I laugh at everything, then I must laugh at us too."
41,29,Ses02F_script03_1_M,neutral,"Certainly, you must.  We're figures of fun, alright."
41,30,Ses02F_script03_1_F,neutral,"Well how long will it last us, this ludicrous overbearing love of ours."
41,31,Ses02F_script03_1_M,neutral,Who knows.
41,32,Ses02F_script03_1_F,neutral,"Well, shall we always want to bicker and fight?"
41,33,Ses02F_script03_1_M,neutral,"No, that desire will fade.  Along with our passion."
41,34,Ses02F_script03_1_F,neutral,"Oh, dear, shall we like that?"
41,35,Ses02F_script03_1_M,neutral,Depends on how well we've played.
41,36,Ses02F_script03_1_F,neutral,"Well, what happens if one of us dies?  I mean, does the one that's left still laugh?"
41,37,Ses02F_script03_1_M,neutral,Yes.  Yes. With all his might.
41,38,Ses02F_script03_1_F,neutral,"That's serious enough, isn't it?"
41,39,Ses02F_script03_1_M,neutral,"No. No, it isn't.  Death is very laughable.  Such a cunning little mystery.  All done with mirrors."
41,40,Ses02F_script03_1_F,happiness,"Darling, I believe you're talking nonsense."
41,41,Ses02F_script03_1_M,neutral,So is everyone else in the long run.
41,42,Ses02F_script03_1_M,neutral,"Let's be superficial and pity the poor philosophers.  Let's blow our trumpets and squeakers and enjoy the party as much as we can.  Like quite idiotic, very small school children.  Let's savor the delight of the moment."
41,43,Ses02F_script03_1_M,neutral,"Come and kiss me, darling, before your body rots and worms pop in and out of your eye sockets."
41,44,Ses02F_script03_1_F,happiness,"Elliott, worms don't pop."
41,45,Ses02F_script03_1_M,neutral,"I don't care what you do.  See, you could paint yourself green and dance naked in the Place Vendome and rush off madly with all the men in the world and I shan't say a word.  As long as you love me best."
41,46,Ses02F_script03_1_F,happiness,"Oh, thank you, dear.  The same applies to you except that if I catch so much as looking at another woman, I'll kill you."
41,47,Ses02F_script03_1_M,neutral,You remember that awful scene we had in Venice?
41,48,Ses02F_script03_1_F,happiness,Which particular one?
41,49,Ses02F_script03_1_M,neutral,The one when you bought that little painted wooden snake in the Piazza and put it on my bed.
41,50,Ses02F_script03_1_F,happiness,Charles.  That was his name.  Charles.  He did wriggle so beautifully.
41,51,Ses02F_script03_1_M,neutral,"Ah, horrible thing.  I hated it."
41,52,Ses02F_script03_1_F,happiness,"Yes, I know you did.  You threw it out of the window into the Grand Canal.  I don't think I'll ever forgive you for that."
41,53,Ses02F_script03_1_M,neutral,How long did that row last?
41,54,Ses02F_script03_1_F,happiness,It went in intermittently for days.
41,55,Ses02F_script03_1_M,neutral,The worst one was in Cannes when your curling iron burnt a hole in my new dressing gown.
41,56,Ses02F_script03_1_F,happiness,It burned my comb too and all the towels in the bathroom.
41,57,Ses02F_script03_1_M,neutral,"That was a rouser, wasn't it?"
41,58,Ses02F_script03_1_F,neutral,That was the first time you ever hit me.
41,59,Ses02F_script03_1_M,neutral,I didn't hit you very hard.
41,60,Ses02F_script03_1_F,happiness,"The manager came in and found us rolling around on the floor, biting and scratching like panthers."
41,61,Ses02F_script03_1_M,neutral,"Oh, I'll never forget his face."
41,62,Ses02F_script03_1_F,neutral,It was ridiculous.  Completely ridiculous.
41,63,Ses02F_script03_1_M,neutral,We were very much younger then.
41,64,Ses02F_script03_1_F,neutral,And very much sillier.
41,65,Ses02F_script03_1_M,neutral,"As a matter of fact, the real cause of that row was Peter Burden."
42,0,Ses02F_script03_2_M,neutral,"As a matter of fact, the real cause of that row was Peter Burden."
42,1,Ses02F_script03_2_F,neutral,"Honey, you knew there was nothing in that."
42,2,Ses02F_script03_2_M,neutral,I knew nothing of the sort.  You took presents from him.
42,3,Ses02F_script03_2_F,neutral,Presents?  Just a trivial little broach.
42,4,Ses02F_script03_2_M,neutral,"Ah, yes, I remember it well.  Bristling with diamonds in the worst possible taste."
42,5,Ses02F_script03_2_F,neutral,"No, it wasn't.  It was very pretty.  I still have it and I wear it often."
42,6,Ses02F_script03_2_M,neutral,You went out of your way to torture me over Peter Burden.
42,7,Ses02F_script03_2_F,neutral,"No, I didn't.  You worked the whole thing up in your jealous imagination."
42,8,Ses02F_script03_2_M,neutral,"You must admit, he was in love with you, wasn't he?"
42,9,Ses02F_script03_2_F,neutral,"Just a little perhaps, nothing serious."
42,10,Ses02F_script03_2_M,neutral,You let him kiss you.  You said you did.
42,11,Ses02F_script03_2_F,neutral,"Well, what of it?"
42,12,Ses02F_script03_2_M,anger,What of it?
42,13,Ses02F_script03_2_F,neutral,It didn't hurt him at all and I enjoyed it.
42,14,Ses02F_script03_2_M,anger,"Well, what about me?"
42,15,Ses02F_script03_2_F,neutral,"Well, if you hadn't been so suspicious and nosey, you never would have known a thing about it."
42,16,Ses02F_script03_2_M,neutral,"Well, that's a nice point of view I must say."
42,17,Ses02F_script03_2_F,neutral,I'm bored with this conversation.
42,18,Ses02F_script03_2_M,neutral,"Me, too.  Bored stiff.  You want some brandy?"
42,19,Ses02F_script03_2_F,neutral,"No, thanks."
42,20,Ses02F_script03_2_M,neutral,I think I'll have some.
42,21,Ses02F_script03_2_F,neutral,Don't see why you want any.  You've already had two glasses.
42,22,Ses02F_script03_2_M,neutral,No particular reason.  Anyhow they were very small ones.
42,23,Ses02F_script03_2_F,neutral,Just seems so silly to go on and on and on with such a thing.
42,24,Ses02F_script03_2_M,frustration,You can hardly call three liquor glasses in a whole evening going on and on and on.
42,25,Ses02F_script03_2_F,neutral,"Well, it's become a habit with you."
42,26,Ses02F_script03_2_M,anger,"You needn't be so grand, just because you don't happen to want any yourself at the moment."
42,27,Ses02F_script03_2_F,anger,Don't be so stupid.
42,28,Ses02F_script03_2_M,neutral,"Really, Amanda."
42,29,Ses02F_script03_2_F,anger,What?
42,30,Ses02F_script03_2_M,frustration,Nothing.
42,31,Ses02F_script03_2_M,neutral,Going out somewhere dear?
42,32,Ses02F_script03_2_F,neutral,"No, just making myself fascinating for you."
42,33,Ses02F_script03_2_M,neutral,That reply has broken my heart.
42,34,Ses02F_script03_2_F,neutral,"A woman's job is to allure the man.  Watch me a minute, will you?"
42,35,Ses02F_script03_2_M,neutral,"As a matter of fact, that's perfectly true."
42,36,Ses02F_script03_2_F,frustration,"No, it isn't."
42,37,Ses02F_script03_2_M,frustration,"Yes, it is."
42,38,Ses02F_script03_2_F,anger,"Oh, be quiet."
42,39,Ses02F_script03_2_M,neutral,"Ah, it's a pity you didn't have any more brandy.  It might have made you a little less disagreeable."
42,40,Ses02F_script03_2_F,frustration,Doesn't seem to have worked such wonders with you.
42,41,Ses02F_script03_2_M,frustration,"Snap, snap, snap, like a little adder."
42,42,Ses02F_script03_2_F,anger,"Adders don't snap, they sting."
42,43,Ses02F_script03_2_M,frustration,Nonsense.  They have a little bag of venom behind their fangs and they snap.
42,44,Ses02F_script03_2_F,neutral,They sting.
42,45,Ses02F_script03_2_M,frustration,They snap.
42,46,Ses02F_script03_2_F,frustration,"I don't care, do you understand?  I don't care.  I don't care if they bark or roll about like hoops."
42,47,Ses02F_script03_2_M,neutral,Did you see much of Peter Burden after our divorce?
42,48,Ses02F_script03_2_F,neutral,"Yes, I did.  Quite a lot."
42,49,Ses02F_script03_2_M,neutral,"Hmm, I imagine you let him kiss you a good deal more then."
42,50,Ses02F_script03_2_F,frustration,Mind your own business.
42,51,Ses02F_script03_2_M,neutral,"Oh, must have had a riotous time. No restraint at all.  Very enjoyable and never had much anyhow."
42,52,Ses02F_script03_2_F,anger,You're quite insufferable
42,53,Ses02F_script03_2_F,frustration,I expect it's because you're drunk.
42,54,Ses02F_script03_2_M,anger,I'm not in the least drunk.
42,55,Ses02F_script03_2_F,neutral,You've always had a weak head.
42,56,Ses02F_script03_2_M,frustration,"As I mentioned before, I have had three minute liquor glasses of brandy the whole evening long.  A child of two couldn't get drunk on that."
42,57,Ses02F_script03_2_F,frustration,"On the contrary, a child of two could get violently drunk on only one glass of brandy."
42,58,Ses02F_script03_2_M,frustration,"Oh, very interesting.  How about a child of four?  A child of six?  Or a child of nine?"
42,59,Ses02F_script03_2_F,anger,Shut up.
42,60,Ses02F_script03_2_M,anger,"We could get a good debate going about this, don't you think?  Intemperate tots."
42,61,Ses02F_script03_2_F,frustration,"Not very funny, dear.  You'd better have some more brandy."
42,62,Ses02F_script03_2_M,neutral,All right.  I will.
42,63,Ses02F_script03_2_M,neutral,"You better turn that off, I think."
42,64,Ses02F_script03_2_F,anger,Why?
42,65,Ses02F_script03_2_M,frustration,Because it's late and it'll annoy the people upstairs.
42,66,Ses02F_script03_2_F,frustration,There aren't any people upstairs.  It's a photographer's studio.
42,67,Ses02F_script03_2_M,frustration,There are people downstairs I suppose?
42,68,Ses02F_script03_2_F,neutral,They're away in Tunis.
42,69,Ses02F_script03_2_M,frustration,This is no time of the year for Tunis.
42,70,Ses02F_script03_2_F,anger,"Turn it on again, please."
42,71,Ses02F_script03_2_M,anger,I'll do no such thing.
42,72,Ses02F_script03_2_F,anger,"Very well, if you insist on being boorish and idiotic."
42,73,Ses02F_script03_2_M,anger,Turn it off.  It's driving me mad.
42,74,Ses02F_script03_2_F,anger,You are far too temperamental.  Try to control yourself.
42,75,Ses02F_script03_2_M,anger,Turn it off.
42,76,Ses02F_script03_2_F,anger,Stop it.  Go away.  I hate you.
42,77,Ses02F_script03_2_M,anger,"Amanda, listen. listen"
42,78,Ses02F_script03_2_F,anger,"Listen?  Listen, indeed.  I am sick and tired of listening to you, damn sadistic bully."
42,79,Ses02F_script03_2_M,frustration,"Very amusing, indeed."
42,80,Ses02F_script03_2_F,anger,"I hate you.  Stop it.  Stop it.  I hate you, do you hear?  You're conceited and overbearing and utterly impossible."
42,81,Ses02F_script03_2_M,anger,"You're a vile, tempered, loose living, wicked little beast and I hope to never see you again as long as I live."
42,82,Ses02F_script03_2_F,anger,This is the end.  Finally and forever.  Do you hear me?  The end.
42,83,Ses02F_script03_2_M,anger,You're not going like this.
42,84,Ses02F_script03_2_F,anger,"Oh Yes, I am."
42,85,Ses02F_script03_2_M,anger,You're not.
42,86,Ses02F_script03_2_F,anger,I am.  Let go of me.  You're a cruel fiend and I hate and loathe you.
42,87,Ses02F_script03_2_M,anger,Shut up. Shut up.
42,88,Ses02F_script03_2_M,anger,I wouldn't-- I wouldn't marry--
42,89,Ses02F_script03_2_M,anger,I wouldn't marry you if you came in crawling on your knees
42,90,Ses02F_script03_2_F,anger,Thank God I realized what you are-- I'd never marry you again ever in my life. You're a cruel fiend and I hate you. You're a beast. You're a beast--I hate you. Stop it.  Stop it.
42,91,Ses02F_script03_2_M,anger,You're a evil vampire and I hope to God I never see you again as long as I live.
43,0,Ses02M_impro01_M,frustration,All right. Finally. Here you go.
43,1,Ses02M_impro01_F,neutral,"Hi, How can I help you?"
43,2,Ses02M_impro01_M,neutral,"Yea. I just want to get this done,"
43,3,Ses02M_impro01_F,neutral,"Sure, um"
43,4,Ses02M_impro01_M,neutral,get my new license.
43,5,Ses02M_impro01_F,neutral,do you have two forms of ID with you?
43,6,Ses02M_impro01_M,neutral,"Um, no, I got my driver's license though."
43,7,Ses02M_impro01_F,neutral,"I actually need two forms of ID. I need either a passport or a birth certificate, or social security card. I'm sorry."
43,8,Ses02M_impro01_M,neutral,"Uh, sorry, I forgot them. I mean I've got to -"
43,9,Ses02M_impro01_F,neutral,Well
43,10,Ses02M_impro01_M,neutral,well is the dri-driver's license going to work?
43,11,Ses02M_impro01_F,neutral,I- I can take your driver's license but I need another form of ID in order to process this paper work.
43,12,Ses02M_impro01_M,frustration,"Okay, so what are you saying? What-"
43,13,Ses02M_impro01_F,neutral,"Um, that you would need to go home and get another form of ID and come back."
43,14,Ses02M_impro01_M,anger,"What? I- You telling me I waited in that huge line to go and sit down and get my number called, like after"
43,15,Ses02M_impro01_F,frustration,"Well, I'm sorry sir but"
43,16,Ses02M_impro01_M,anger,three hours and
43,17,Ses02M_impro01_F,frustration,you need to bring two forms of ID there is nothing we can do about it.
43,18,Ses02M_impro01_M,anger,Shouldn't they have like told us about that? I mean why - why would they make me go and wait three hours if I have got to go and do it again?
43,19,Ses02M_impro01_F,frustration,"Well, it's actually-"
43,20,Ses02M_impro01_F,frustration,"It's standard that you bring a couple of forms of ID, I'm sorry."
43,21,Ses02M_impro01_M,anger,"It's standard? I mean I don't work at the D.M.V. how am I supposed to know that, like, I stand in line, I get my"
43,22,Ses02M_impro01_F,frustration,"Well, I'm sorry, sir, but we're not responsible."
43,23,Ses02M_impro01_M,anger,"I filled out the application right, didn't I?"
43,24,Ses02M_impro01_F,frustration,"Yes, you did, thank you very much, but we're not responsible if you've forgotten something, and we need to have two forms of ID."
43,25,Ses02M_impro01_M,frustration,Okay. What about - no -- how about you hold that and I'll - I'll go and I can come back-
43,26,Ses02M_impro01_F,frustration,"I'm sorry, but there is a lot of people waiting so you're just going to have to get in line again."
43,27,Ses02M_impro01_M,frustration,I've been waiting for three hours.
43,28,Ses02M_impro01_F,frustration,"It just happens to people all the time, I'm sorry sir, but I can't make an exception for you."
43,29,Ses02M_impro01_M,frustration,This is ridiculous. Come on
43,30,Ses02M_impro01_F,neutral,"I'm sorry, sir."
43,31,Ses02M_impro01_M,frustration,"I cannot go back in that line. I've got stuff I need to do, I mean-"
43,32,Ses02M_impro01_F,neutral,there is nothing I can do.
43,33,Ses02M_impro01_M,neutral,"But my driver's license - I had to have my birth certificate to get my driver's license in the first place right, I mean this - here is my driver's license so"
43,34,Ses02M_impro01_F,frustration,"I know sir, but we have to have two forms. There is nothing I can do about it, I'm sorry."
43,35,Ses02M_impro01_M,frustration,That doesn't make any sense. Why?
43,36,Ses02M_impro01_F,frustration,"I'm sorry, sir. There is nothing I can do."
43,37,Ses02M_impro01_M,anger,You- shouldn't you have like a sign or something maybe like up on the counter when you get the applica- maybe on the application
43,38,Ses02M_impro01_F,frustration,"Well, if you had checked the web site it would have said."
43,39,Ses02M_impro01_F,frustration,If you had checked the website it would have said that you needed two forms of identification.
43,40,Ses02M_impro01_M,anger,"What web- I didn't go to a website - why would I need to - it's the D.M.V.. You come to the D.M.V., you wait in line for three hours, and then you go home."
43,41,Ses02M_impro01_F,frustration,"Well, maybe you should"
43,42,Ses02M_impro01_M,frustration,I waited in line now I'm ready to get my stuff and then go home.
43,43,Ses02M_impro01_F,frustration,Right. So maybe you should go home now and get your paperwork and come back.
43,44,Ses02M_impro01_F,frustration,"I'm sorry sir but there's a lot of people waiting. So if you won't move out of the way, then I'm going to have to call security."
43,45,Ses02M_impro01_M,frustration,"God, oh my-"
43,46,Ses02M_impro01_M,frustration,This is ridiculous.
43,47,Ses02M_impro01_F,frustration,"I'm sorry, sir, it's not my choice."
44,0,Ses02M_impro02_F,sadness,I don't want you to go.
44,1,Ses02M_impro02_M,sadness,"I know, I know. I don't want to go either baby. I love you know. And I'm going to miss you a lot."
44,2,Ses02M_impro02_F,sadness,"I'm going to miss you too; I don't know what I'm going to do here without you. It's going to be so lonely, and so hard."
44,3,Ses02M_impro02_F,sadness,I don't want to be a single mom.
44,4,Ses02M_impro02_M,sadness,"You won't be. I'll be back; I'll be back before you know it. All right, and"
44,5,Ses02M_impro02_F,sadness,but
44,6,Ses02M_impro02_M,sadness,and
44,7,Ses02M_impro02_F,sadness,It's dangerous; I mean how can you make sure that you'll
44,8,Ses02M_impro02_M,frustration,"It's- It's dangerous anywhere, honey. I mean this is -this- I'm just going to go and we'll get it over with,"
44,9,Ses02M_impro02_M,neutral,"I'll come back we'll have, you know, some good benefits from being in the service and then we'll live - we'll live a happy life, then the rest of us, like the three of us."
44,10,Ses02M_impro02_F,sadness,I hope so.
44,11,Ses02M_impro02_M,neutral,A little family.
44,12,Ses02M_impro02_F,sadness,I hope so.
44,13,Ses02M_impro02_M,neutral,You gotta
44,14,Ses02M_impro02_F,sadness,It's going to be really rough.
44,15,Ses02M_impro02_M,sadness,"You gotta take care of our baby for me, alright?"
44,16,Ses02M_impro02_F,sadness,I'll send you lots of pictures.
44,17,Ses02M_impro02_M,sadness,"I hope so, because I'm not going to be able to survive without all that. I don't know what I'm going to do."
44,18,Ses02M_impro02_M,sadness,I've never been - I've never been away from you for two weeks let alone a year.
44,19,Ses02M_impro02_F,sadness,"Well, just promise me that you going to be safe."
44,20,Ses02M_impro02_F,sadness,"I mean can't they put you in like, you know kitchen work or something where you won't get"
44,21,Ses02M_impro02_M,neutral,"No, it doesn't work that way"
44,22,Ses02M_impro02_M,neutral,"but, I mean, I'm going to do whatever I can and get back here as fast as I can."
44,23,Ses02M_impro02_F,frustration,It doesn't make any sense; I don't know why we have to be at war in the first place.
44,24,Ses02M_impro02_M,neutral,"I know, but it's not our decision, I guess, you know, I mean"
44,25,Ses02M_impro02_M,sadness,there's people that thought it was the right thing to do so now we have to- we have to do what we have to do for our country
44,26,Ses02M_impro02_M,neutral,"and it'll work out you know, go there and do that. Yeah, I'll be back"
44,27,Ses02M_impro02_F,sadness,"Will you write me letters, paper ones?"
44,28,Ses02M_impro02_M,neutral,"Yeah, of course. I don't know if we'll have computers or anything like that you know, so probably my only option then."
44,29,Ses02M_impro02_M,neutral,"Yeah, I'll write you every day 'cause you're the only thing that's going to be on my mind."
44,30,Ses02M_impro02_F,sadness,"Our baby needs a dad; you can't leave. Okay, you can't disappear."
44,31,Ses02M_impro02_M,sadness,"Our baby has a dad, alright. Daddy is going to be back soon."
44,32,Ses02M_impro02_M,sadness,"I want you to, you know, take lots of video; pictures and I can see you when I get back or while I'm there. I'm going to miss you."
44,33,Ses02M_impro02_F,sadness,I'll miss you too.
45,0,Ses02M_impro03_M,neutral,"Oh, you're never going to believe it."
45,1,Ses02M_impro03_F,neutral,What? What? You look really happy what's going on?
45,2,Ses02M_impro03_M,neutral,"Well, I finally did it"
45,3,Ses02M_impro03_F,neutral,Finally did what?
45,4,Ses02M_impro03_M,neutral,I-I asked her to marry me.
45,5,Ses02M_impro03_F,neutral,"You did? Oh, my Gosh, I'm so proud of you."
45,6,Ses02M_impro03_M,neutral,"Yes, I know. [LAUGHTER]"
45,7,Ses02M_impro03_F,neutral,"Oh, my Gosh. Well, and did"
45,8,Ses02M_impro03_M,neutral,"I'm so nervous you know, I'm-"
45,9,Ses02M_impro03_F,neutral,Did she say yes?
45,10,Ses02M_impro03_M,neutral,"Yes, she said yes. [LAUGHTER] I know"
45,11,Ses02M_impro03_F,neutral,That's like the most definitive.
45,12,Ses02M_impro03_M,neutral,I know Uhm- I can't believe it.  It's like-
45,13,Ses02M_impro03_F,neutral,"Oh, my gosh, wait so when did you decide to do this, I mean,"
45,14,Ses02M_impro03_F,neutral,I would have thought you would have told me that you were planning on doing this.
45,15,Ses02M_impro03_M,neutral,"Well, yes, I wanted it you know I guess sort of as a surprise for everyone so"
45,16,Ses02M_impro03_F,neutral,"Yea, I guess so. Oh, my Gosh. Was she surprised?"
45,17,Ses02M_impro03_M,neutral,"Yes, yes. You know, she - she was like - I mean, she was happy, you know"
45,18,Ses02M_impro03_F,neutral,Yeah.
45,19,Ses02M_impro03_M,neutral,"I - I think it was about time, I don't know, maybe. You know what, it's been it's been long enough now."
45,20,Ses02M_impro03_F,neutral,So what did you do?
45,21,Ses02M_impro03_M,happiness,"Oh, well, it was -- you know, we were at this- at this concert and yeah"
45,22,Ses02M_impro03_M,happiness,so I-I talked to some of the crew before hand and-
45,23,Ses02M_impro03_F,neutral,"Oh, You did not."
45,24,Ses02M_impro03_M,happiness,I-I did.
45,25,Ses02M_impro03_F,neutral,"Oh, my Gosh. that's so cute"
45,26,Ses02M_impro03_M,neutral,"So I got the band to do something, you know, like towards the end of the song I got to go up on stage and, uh"
45,27,Ses02M_impro03_F,neutral,"That's so romantic. Oh, my Gosh. She must have died. That's like one of those things you write into a magazine about like my boyfriend did this. Oh my God."
45,28,Ses02M_impro03_M,happiness,"I know, so"
45,29,Ses02M_impro03_M,happiness,I got to freak her out.
45,30,Ses02M_impro03_M,neutral,"No, yes -- so"
45,31,Ses02M_impro03_F,neutral,She must have flipped out.
45,32,Ses02M_impro03_M,happiness,"Yea, that way she was guaranteed that she could not say no."
45,33,Ses02M_impro03_F,neutral,Right exactly because you can't say no in front of thousands of people. [LAUGHTER]
45,34,Ses02M_impro03_M,neutral,"No, but it was good."
45,35,Ses02M_impro03_F,neutral,Did you bring her up on stage too?
45,36,Ses02M_impro03_M,neutral,"Yes, yes. [LAUGHTER]"
45,37,Ses02M_impro03_F,neutral,"Oh, my Gosh, that's so cute."
45,38,Ses02M_impro03_M,neutral,"I know it was, I don't know I was really nervous but I'm really - I'm really glad."
45,39,Ses02M_impro03_F,neutral,Are your parents excited or...?
45,40,Ses02M_impro03_M,happiness,"Oh yes, they - they you know they love her and so I mean..."
45,41,Ses02M_impro03_F,neutral,"Yea, totally. So when is it going to happen?"
45,42,Ses02M_impro03_M,neutral,"Well, we're thinking uh - we're thinking winter time, you know, we're going to do it in the winter and then maybe, you know, maybe"
45,43,Ses02M_impro03_M,neutral,"I don't know either do a honeymoon like in the snow or fly down to like Australia, Southern Hemisphere, [GARBAGE] so we'll decide with that."
45,44,Ses02M_impro03_F,neutral,"Ooh, that would be fun."
45,45,Ses02M_impro03_F,neutral,"Do you think you'll get a house or something, like you guys are looking to buy some place or"
45,46,Ses02M_impro03_M,neutral,"Yea, yea, I'm not too sure where yet I guess you know, I kind of got to figure some stuff out here first"
45,47,Ses02M_impro03_F,neutral,Yeah. [LAUGHTER]
45,48,Ses02M_impro03_M,neutral,but like you know it's just - I guess we're just excited right now that we'll get to continue it together.
45,49,Ses02M_impro03_F,neutral,"Oh my Gosh. I cannot believe you're getting married, that is so cool."
45,50,Ses02M_impro03_M,neutral,I know.
45,51,Ses02M_impro03_F,neutral,"Golly, it just makes me all like romantic inside, like I really want that to happen to me. [LAUGHTER]"
45,52,Ses02M_impro03_M,happiness,"Oh, it will, obviously you know. But I know it's something - I don't know, you never really think about it happening, like before hand."
45,53,Ses02M_impro03_F,neutral,Did you have a good ring? You better have had a good ring.
45,54,Ses02M_impro03_M,happiness,"Sure. Oh, yes."
45,55,Ses02M_impro03_F,neutral,Good. The ring makes all the difference.
45,56,Ses02M_impro03_M,neutral,You know I had my mom come along maybe help me out a little bit because she's got good taste. but
45,57,Ses02M_impro03_F,neutral,"Oh, that's awesome."
45,58,Ses02M_impro03_M,neutral,"Yes, well, Thanks, thanks. Thank you. yeah"
45,59,Ses02M_impro03_F,neutral,"Yay, well congratulations, that's so cool. [BREATHING] I can't wait."
45,60,Ses02M_impro03_M,happiness,Hah.
46,0,Ses02M_impro04_M,frustration,"Uhm, I don't know"
46,1,Ses02M_impro04_F,neutral,So how you feeling?
46,2,Ses02M_impro04_M,frustration,I don't know what I'm going to do about this; I mean
46,3,Ses02M_impro04_M,frustration,"I have got to get a job, you know? Like-"
46,4,Ses02M_impro04_F,neutral,"You've been doing a lot of work for it, right?"
46,5,Ses02M_impro04_M,frustration,"Well, yea you know, I get my resumes and I mean I-"
46,6,Ses02M_impro04_F,neutral,"Right, so the fact you doing the best that you can is -"
46,7,Ses02M_impro04_M,frustration,"I go out all the places I can, every place that'll give an interview you know."
46,8,Ses02M_impro04_F,neutral,"you know you shouldn't give yourself a hard time for that, it's the best you can."
46,9,Ses02M_impro04_M,frustration,"But it's been so long, like what - what am I - what am I waiting -- I should probably just do something else, or"
46,10,Ses02M_impro04_F,neutral,"Well, but you care about what you do, right?"
46,11,Ses02M_impro04_M,frustration,"I don't know, I mean why - why"
46,12,Ses02M_impro04_M,frustration,"Yea, but it's - it's almost like it's not worth it you know, if I'm going to waste to have my life like trying to get a job, I mean once I actually do get the job it's like oh, retirement or something. I don't know, you know."
46,13,Ses02M_impro04_F,neutral,"I understand that it's so frustrating but I know that you're here because you really want it you know and, and uh"
46,14,Ses02M_impro04_M,neutral,"Well, and that's what I begin to question after a while is maybe I just don't want it, maybe it's not even worth it, you know, like"
46,15,Ses02M_impro04_M,frustration,"I don't even know if it's going to be worth it because I can't break myself in, you know like I can't - can't even get a foot in the door you know."
46,16,Ses02M_impro04_F,neutral,"Well, I mean you're still here you've tried for this long so I think that says something all in itself."
46,17,Ses02M_impro04_M,frustration,"Yea, it says I'm stupid enough to be trying this long and not move on somewhere else."
46,18,Ses02M_impro04_F,neutral,You are persistence. I mean that's important. that's
46,19,Ses02M_impro04_M,frustration,"I mean, I can't- I can't be persistent forever, you know, you can't not have a job forever, you know, I've got- I've got to do something, I've got to make money and get food on the table."
46,20,Ses02M_impro04_F,neutral,"Well, you're talented so keep that in mind, you know, you shouldn't give yourself too hard of a time."
46,21,Ses02M_impro04_M,frustration,"I mean, maybe I'm not, you know. I don't have a job. Maybe - maybe I'm not as good as-as I thought I was and"
46,22,Ses02M_impro04_M,frustration,I just got a whole skewed opinion on just how this is supposed to work out and
46,23,Ses02M_impro04_F,sadness,I'm sorry.
46,24,Ses02M_impro04_M,sadness,"I don't know, it's just not, I don't know - I don't know what to do really, you know, I'm just thinking"
46,25,Ses02M_impro04_M,frustration,"maybe - maybe take up painting, I don't know, you know."
46,26,Ses02M_impro04_M,frustration,"Do something that I don't have to go out and do something, stay at home, I don't know."
46,27,Ses02M_impro04_M,frustration,Seems like the only option at this point because obviously the outer world has just rejected me of all possible employment.
46,28,Ses02M_impro04_F,neutral,"That's- I mean. There are more factors then just whether you're good or not, you know what I mean like"
46,29,Ses02M_impro04_F,neutral,"and the fact that you know there is always different types of things and what kind of people they want in the office and whether it's male or female or you know what I mean, like things are out of your control."
46,30,Ses02M_impro04_F,neutral,So you should take that in consideration rather than giving yourself such a hard time.
46,31,Ses02M_impro04_M,frustration,"I know, but I mean- if that's the - you know, I'm either like the worst at this or just the most unlucky person on the planet I mean this doesn't"
46,32,Ses02M_impro04_F,neutral,"It might be the latter I don't know because you're not the worst, I mean you're great, you very talented at what you do."
46,33,Ses02M_impro04_M,anger,this doesn't happen to a normal person.
46,34,Ses02M_impro04_F,neutral,"You know and the fact you still here and still cooking, like it's good that you're thinking about it, that you're reconsidering."
46,35,Ses02M_impro04_F,neutral,"But like, just because you're considering why it's been so difficult doesn't mean you should just stop."
46,36,Ses02M_impro04_M,frustration,"I mean, I don't know, I don't see - I don't see any other way - any other way around it right now."
46,37,Ses02M_impro04_F,neutral,"Maybe you should take a little break from it, but I don't think you should stop."
46,38,Ses02M_impro04_M,neutral,What am I going to do on a break?
46,39,Ses02M_impro04_F,neutral,"Get out of town or something, I mean you need - you need to clear your head 'cause you seem like you're really frustrated about it. I mean you need to like, be excited about you're doing, rather than, you know upset."
46,40,Ses02M_impro04_M,sadness,Right. Thanks for talking to me.
47,0,Ses02M_impro05_M,neutral,Hi. Um-
47,1,Ses02M_impro05_F,neutral,"Hi, can I help you?"
47,2,Ses02M_impro05_M,neutral,It seems that uh- my-my bag didn't make it out on the carousel.
47,3,Ses02M_impro05_F,neutral,"Oh, did you check? Did you make sure as it went around the second time that it-"
47,4,Ses02M_impro05_M,neutral,"Yes, yes, it's gone around like you know twenty times. It's been about a half hour."
47,5,Ses02M_impro05_F,neutral,"Okay. Well, um- the f."
47,6,Ses02M_impro05_F,neutral,"Actually I'm looking here at the information, the flight that you were on we had some trouble with some of the baggage, it looks like a few peoples' bags didn't make it through. Um, so-"
47,7,Ses02M_impro05_M,neutral,Okay. So what-what do I have to get you know
47,8,Ses02M_impro05_F,neutral,"Well, you can fill out this paperwork um- and if for some reason it shows up, we can bring it to you, but-"
47,9,Ses02M_impro05_M,neutral,"For some reason, so you think it won't show up?"
47,10,Ses02M_impro05_F,neutral,"Well, sometimes it's just late baggage or misplaced baggage and it comes out but it seems to be here and just I'm reading off of this that"
47,11,Ses02M_impro05_F,neutral,Uh- it didn't make it into the second plane so it looks like there - they don't actually know what happened to it.
47,12,Ses02M_impro05_M,neutral,What? What? How does that happen?
47,13,Ses02M_impro05_F,neutral,"Um, well, sometimes there is just difficulties with loading on to the plane. Uh- There can be a theft or uh- some sort of you know mishap with a cart or something."
47,14,Ses02M_impro05_M,frustration,I really - I really need that bag.
47,15,Ses02M_impro05_F,neutral,"I- I- I understand, but um."
47,16,Ses02M_impro05_M,neutral,there are- I have important things in that bag. I've got
47,17,Ses02M_impro05_F,neutral,Okay
47,18,Ses02M_impro05_M,frustration,"I mean -- I've been away for a while and- and now I've- I've gifts for- for you know friends and family I mean, I got stuff in the there"
47,19,Ses02M_impro05_F,neutral,Right.
47,20,Ses02M_impro05_M,neutral,It's worth a lot.
47,21,Ses02M_impro05_F,neutral,"I understand that. Um- So I'm going to put down here that you looking for your baggage, but we actually can't, uh this bag is likely not going to show up so what we're going to do-"
47,22,Ses02M_impro05_M,frustration,"Not going to show - well isn't like - wouldn't it just be at the airport, that, like, if it didn't get on the other plane"
47,23,Ses02M_impro05_M,frustration,can they check there?
47,24,Ses02M_impro05_F,neutral,"Sometimes it gets stolen, sometimes it gets misplaced on another plane and"
47,25,Ses02M_impro05_M,neutral,on another-
47,26,Ses02M_impro05_F,neutral,"they - they, it gets shipped to somewhere else and then it's stuck somewhere and then we have no way of tracking that."
47,27,Ses02M_impro05_F,neutral,So we'll- what we'll do
47,28,Ses02M_impro05_M,anger,"But we have the tags on. I mean like it wouldn't you know, if it got stuck somewhere it's like well this is nobodies bag I mean maybe you know look on the tag and"
47,29,Ses02M_impro05_M,frustration,see where it came from originally. I mean it seems like-
47,30,Ses02M_impro05_F,neutral,Right. Like I said sometimes a theft and things happen like that but we are willing to reim-reimburse you.
47,31,Ses02M_impro05_M,neutral,Theft?
47,32,Ses02M_impro05_F,neutral,"Um, so."
47,33,Ses02M_impro05_M,anger,"Theft? Don't you know like all these people that are work - you keep like an eye on them, how can they get away with-"
47,34,Ses02M_impro05_F,neutral,"We have very tight security but we -uh- there are times when we just can't uh make sure there aren't absolutely no human error, you know"
47,35,Ses02M_impro05_F,neutral,I'm sorry there is no guarantee on baggage.
47,36,Ses02M_impro05_M,frustration,This is unbelievable. I've got
47,37,Ses02M_impro05_M,anger,you don't realize the stuff that I've got in that - I really need to get the suitcase okay
47,38,Ses02M_impro05_F,neutral,"I understand, so-"
47,39,Ses02M_impro05_M,frustration,"so if it's back there or something, if there is something you can do"
47,40,Ses02M_impro05_M,frustration,"I need you to tell me because I really need to get the bag, okay?"
47,41,Ses02M_impro05_F,neutral,"all right, We've already checked back here for your baggage"
47,42,Ses02M_impro05_F,neutral,and we will continue to look for it and because your paper-
47,43,Ses02M_impro05_M,frustration,You've already checked? Can you check again? [garbage]
47,44,Ses02M_impro05_F,frustration,"I've already looked, thank you very much and because we've filled out paperwork if it shows up we will send it to you but otherwise what we can do is reimburse you for fifty dollar."
47,45,Ses02M_impro05_M,neutral,Fifty- fifty dollars? Come on you have got to be joking.
47,46,Ses02M_impro05_F,neutral,"Well, it's- it's just sort of help with the fact uh that you lost some of your possessions and we rather do that than-"
47,47,Ses02M_impro05_M,frustration,"Uh huh, yea, lost some of my possessions, yes, so if I lost maybe a shoe that was in the suitcase and like a carry-on"
47,48,Ses02M_impro05_M,frustration,"that might be like fifty dollars okay, but this - I- [garbage] I had like thousands of dollars worth of stuff in that suitcase."
47,49,Ses02M_impro05_F,neutral,The airline can't afford to give you everything that is in that suitcase. and so-
47,50,Ses02M_impro05_M,anger,The a- what? Talking about a core they can't afford it? I mean-
47,51,Ses02M_impro05_F,neutral,Well because lots of people get their baggage lost and we don't want to have false claims or anything like that so we have
47,52,Ses02M_impro05_F,neutral,"we can give you fifty dollar to sort of make up for it, to compensate, and we can definitely let you know if it shows up but likely, more than likely-"
47,53,Ses02M_impro05_M,anger,I mean you're not helping me here. What do I have to do here? Do I need to sue the airline company is that what I should do
47,54,Ses02M_impro05_M,frustration,because this is ridiculous?
47,55,Ses02M_impro05_F,neutral,I'm sorry. I don't- I-
47,56,Ses02M_impro05_F,frustration,I don't believe you should sue the airline company but we do have a policy uh- in which we can reimburse you and that's all we can do and I'm sorry I've done everything I can-
47,57,Ses02M_impro05_M,frustration,All right. I'm sick- I'm sick of this all right. I'm sick of you and keep your fifty dollar.
47,58,Ses02M_impro05_F,frustration,There's other people waiting-
47,59,Ses02M_impro05_F,neutral,Fine.
48,0,Ses02M_impro06_F,neutral,What's going on?
48,1,Ses02M_impro06_M,sadness,Kathy died last night.
48,2,Ses02M_impro06_F,neutral,"Oh my God. Oh my God, I'm so sorry."
48,3,Ses02M_impro06_M,sadness,"yeah, I mean, you know, it was a -"
48,4,Ses02M_impro06_M,sadness,"I guess we saw it coming and she lasted a lot - a lot longer than, uh, they expected but you know, I mean when it actually happens it's just a lot harder."
48,5,Ses02M_impro06_F,sadness,"It doesn't make any easier, yes."
48,6,Ses02M_impro06_M,sadness,"I mean at least she was home, she wasn't in the hospital anymore,"
48,7,Ses02M_impro06_F,sadness,"Oh, man. I'm so sorry."
48,8,Ses02M_impro06_M,sadness,"She was with- yeah  She was with Gary, and he said that she was just sitting there and went to sleep, closed her eyes, and that was it."
48,9,Ses02M_impro06_F,sadness,"It's going to be so rough, I'm sorry."
48,10,Ses02M_impro06_M,sadness,"Yes. I mean, it's not as rough on me as it is on him but"
48,11,Ses02M_impro06_M,sadness,"God, it's you know, we've spent so much time with them it's just really surreal, really weird that we're not going to be able to see her anymore and go"
48,12,Ses02M_impro06_F,sadness,Yeah.
48,13,Ses02M_impro06_M,sadness,"out to- out to dinner you know and do the troops to California, I mean."
48,14,Ses02M_impro06_F,sadness,Totally.
48,15,Ses02M_impro06_M,sadness,"It's just that- I don't know, it's sort it's sort- of a weird thing you know"
48,16,Ses02M_impro06_F,sadness,Yeah
48,17,Ses02M_impro06_M,sadness,"not being able to see anyone again, who knows where they really went, you know. I mean, I guess we can just hope that wherever they are now if it's anywhere that it's better I mean."
48,18,Ses02M_impro06_F,sadness,"Yes. Well, at least you have a lot of good memories."
48,19,Ses02M_impro06_M,sadness,She was [garbage]
48,20,Ses02M_impro06_F,sadness,"She really cared about you, you know."
48,21,Ses02M_impro06_M,sadness,"Yes, I mean she cared about all of us. She was great"
48,22,Ses02M_impro06_M,sadness,so loving everybody you know.
48,23,Ses02M_impro06_F,sadness,And she was
48,24,Ses02M_impro06_M,sadness,"Gosh, I just hate I just hate to see her go."
48,25,Ses02M_impro06_F,sadness,Yeah.
48,26,Ses02M_impro06_M,sadness,We were all going take a trip to Europe you know.
48,27,Ses02M_impro06_F,sadness,Even if you still do she'll- she'll be there.
48,28,Ses02M_impro06_M,sadness,Yes.  [BREATHING] God.
48,29,Ses02M_impro06_F,sadness,Are you going to be okay?
48,30,Ses02M_impro06_M,sadness,"I just -- I just don't get it, like there is just nothing you can do about it you know, it's like just out of your control and it"
48,31,Ses02M_impro06_M,sadness,"just makes it that much harder to deal 'cause as much as you want to, you know, make her better, see her not in any pain, it's like, just I don't know, just has a mind of its own."
48,32,Ses02M_impro06_M,sadness,Then she's gone.
48,33,Ses02M_impro06_F,sadness,"It's going to be okay, I promise."
48,34,Ses02M_impro06_M,sadness,"Well, you know I appreciate you coming over and talking to me, I mean it definitely helps"
48,35,Ses02M_impro06_F,sadness,Sure
48,36,Ses02M_impro06_M,sadness,to talk to somebody but
48,37,Ses02M_impro06_F,sadness,you shouldn't be alone
48,38,Ses02M_impro06_M,sadness,"It's just going to take a while, I think."
48,39,Ses02M_impro06_F,sadness,Yes.
48,40,Ses02M_impro06_M,sadness,Ah.
48,41,Ses02M_impro06_M,sadness,Thank you.
48,42,Ses02M_impro06_F,sadness,Yes.
49,0,Ses02M_impro07_M,neutral,"[BREATHING] So, you know I've been hearing back from some colleges."
49,1,Ses02M_impro07_F,neutral,"Oh, yeah? Have you gotten letters yet?"
49,2,Ses02M_impro07_M,neutral,Yeah. And guess who accepted me?
49,3,Ses02M_impro07_F,neutral,"Um, I don't know, where?"
49,4,Ses02M_impro07_M,neutral,U.S.C..
49,5,Ses02M_impro07_F,neutral,"Oh, U.S.C.? Oh my Gosh, that's awesome, that was your top choice, right?"
49,6,Ses02M_impro07_F,neutral,"Oh my Gosh, that's so cool."
49,7,Ses02M_impro07_M,neutral,"Yeah, oh. I - You have no-"
49,8,Ses02M_impro07_M,neutral,"God, I-I got this big packet you know, in the mail and it's like-"
49,9,Ses02M_impro07_M,neutral,"yes, this is [LAUGHTER], it says U.S.C., like registrar, I mean like, I got-I got some like little letters before you know, it's like oh rejection"
49,10,Ses02M_impro07_F,neutral,"[LAUGHTER] It's gotta be it, like-"
49,11,Ses02M_impro07_F,neutral,"Oh my Gosh, that's so cool."
49,12,Ses02M_impro07_M,neutral,"but big packet, big packet is nice"
49,13,Ses02M_impro07_F,neutral,big packet is gotta be the real thing. yeah
49,14,Ses02M_impro07_M,neutral,"So it's like, yes, rip it open and there it is big - oh, yes."
49,15,Ses02M_impro07_F,neutral,"Oh my Gosh. I thought there was like, maybe going to be some, like I don't know if you are going to get in or not, so I'm really glad that you did."
49,16,Ses02M_impro07_F,neutral,That's so cool.
49,17,Ses02M_impro07_M,neutral,"Yeah. I know, I know."
49,18,Ses02M_impro07_M,happiness,it was you know I wasn't too sure I mean you know it was kind of last minute for like the application
49,19,Ses02M_impro07_M,happiness,and everything like but
49,20,Ses02M_impro07_F,neutral,"Yeah, totally."
49,21,Ses02M_impro07_M,happiness,"it was good, yeah. I mean-"
49,22,Ses02M_impro07_F,neutral,So you're going to be right here in Los Angeles; that is so cool.
49,23,Ses02M_impro07_M,neutral,"I know, I know, yea. It'll be interesting you know, I've never -- I mean getting out of Vegas and everything but LA"
49,24,Ses02M_impro07_M,neutral,I'm looking forward to it.
49,25,Ses02M_impro07_F,neutral,So can we hang out?
49,26,Ses02M_impro07_M,neutral,"Hey, yes, you know that's - that's what I'm coming for."
49,27,Ses02M_impro07_F,neutral,Yay.
49,28,Ses02M_impro07_M,neutral,You're half the reason I'm going. [LAUGHTER]
49,29,Ses02M_impro07_F,neutral,"Oh, yay. Thank you. [LAUGHTER]."
49,30,Ses02M_impro07_F,happiness,No but that's an awesome school. That's so cool.
49,31,Ses02M_impro07_M,neutral,"I know ahh- yeah-, I'm definitely looking forward to it, and I mean they had a great football season last year"
49,32,Ses02M_impro07_F,happiness,"Oh, totally totally."
49,33,Ses02M_impro07_M,neutral,"You know what I mean, I bet the home games, are just like nuts you know."
49,34,Ses02M_impro07_F,happiness,you get to like be a part of that.
49,35,Ses02M_impro07_F,happiness,"Like you get to be a part of that. Like the, like the- Like a cult."
49,36,Ses02M_impro07_M,neutral,What?
49,37,Ses02M_impro07_M,neutral,[LAUGHTER] I know. I mean part of-
49,38,Ses02M_impro07_F,happiness,"[LAUGHTER] like a- like a- [LAUGHTER] No, but I mean like everywhere you go people know who you are."
49,39,Ses02M_impro07_M,neutral,Yeah. Right. A cult. I'm looking forward to being in the cult.
49,40,Ses02M_impro07_M,neutral,"Right I know, like you, it won't hurt, I mean national champions last year, wow, you know"
49,41,Ses02M_impro07_M,neutral,Maybe we'll do it again this year.
49,42,Ses02M_impro07_F,happiness,So you know what you are going to do there?
49,43,Ses02M_impro07_M,happiness,"What's that? ahh Well, you know I'm I'm thinking um I'm leaning towards like communications"
49,44,Ses02M_impro07_M,happiness,"I-I don't know. Kind of a broad,"
49,45,Ses02M_impro07_F,happiness,"Okay. They have a lot of good schools, right?"
49,46,Ses02M_impro07_M,happiness,"yeah, I mean a lot-a lot  of good stuff oh, yeah, I mean it's- it's just a really good school; so really, whatever I pick I can't go wrong. I mean I'm just"
49,47,Ses02M_impro07_M,happiness,"I'm looking forward to getting there. I mean, God, the campus is cool, you know it's like all just very confined I mean just you know it's a college campus you know it's like"
49,48,Ses02M_impro07_F,happiness,"Yes, it's intimate."
49,49,Ses02M_impro07_M,neutral,"It's college- oh my God it's college, [GARBAGE] so it's like crazy."
49,50,Ses02M_impro07_F,neutral,I know. It's so cool.
49,51,Ses02M_impro07_M,neutral,"Oh man. So, I don't know you know, we'll see - we'll see how it goes and, yeah, I'm looking forward to it"
49,52,Ses02M_impro07_F,neutral,"Fair for you, Wow, oh my Gosh."
49,53,Ses02M_impro07_M,neutral,I mean you got to - you got to show me the ropes 'cause I've never been there before so I mean you know your way around already and- [LAUGHTER]
49,54,Ses02M_impro07_F,happiness,I will do the best I can.
49,55,Ses02M_impro07_F,neutral,"Well, there are all kinds of awesome secrets so you'll really enjoy it. It's really great. I'm so glad."
49,56,Ses02M_impro07_M,happiness,"Oh, alright."
49,57,Ses02M_impro07_M,neutral,"I'm-I'm looking forward to that. [BREATHING] man, So yeah, I think I'm going to come out a little early so I mean I'll give you a call and we'll definitely-"
49,58,Ses02M_impro07_F,neutral,Yay
49,59,Ses02M_impro07_F,neutral,"Okay. Yes, totally come visit"
49,60,Ses02M_impro07_F,happiness,"and we'll explore and you going to have such a good time, you're going to fit in so well, it's going to be awesome"
49,61,Ses02M_impro07_M,neutral,"[LAUGHTER] Thanks, yes, thanks, yes That'll be cool."
49,62,Ses02M_impro07_F,happiness,So Congratulations. That's awesome.
50,0,Ses02M_impro08_M,neutral,All right. Customer service this is Steve.
50,1,Ses02M_impro08_F,neutral,"Hi. Thank you so much, you're a real person, right, you're not like a recording?"
50,2,Ses02M_impro08_M,neutral,"I'm a real person, yes."
50,3,Ses02M_impro08_F,neutral,"Okay. Before I get into it, um your menu or whatever like where you choose the different thing depending on the-"
50,4,Ses02M_impro08_F,neutral,"it leads you around in circles, you can't, there is no way to like get to a real person if you don't already know how to get to there."
50,5,Ses02M_impro08_M,neutral,"Right. No, yes I know. It is-It is a little frustrating."
50,6,Ses02M_impro08_F,frustration,"So is there any way to like bypass that because that is so, like I've been going around in circles"
50,7,Ses02M_impro08_F,frustration,"like press nine, press zero, press back to the menu, like I can't get through to what I'm supposed to get through to."
50,8,Ses02M_impro08_M,neutral,"I- I'll give you a little hint, next time if it asks if you're on a rotary phone you know, just stay on the line instead of - instead of hitting one or two to say if you're like on a touch tone"
50,9,Ses02M_impro08_M,neutral,"pretend like your on a rotary phone, goes straight through to a person."
50,10,Ses02M_impro08_F,frustration,"Okay. Oh, that would just make it so much better, 'cause I cannot handle it's just like oh, my God I can't sit here any longer and talk to this lady with this pleasant voice."
50,11,Ses02M_impro08_M,neutral,I know they don't tell you that kind of thing.
50,12,Ses02M_impro08_F,neutral,"Sorry. Okay. Um-, yes"
50,13,Ses02M_impro08_M,neutral,Alright. Well you got me now.
50,14,Ses02M_impro08_F,neutral,"Thank you very much. Um  So I have a charge on my credit card that, um, isn't mine."
50,15,Ses02M_impro08_F,neutral,"Uh, I don't know where it came from and it's actually quite large, and I don't have the money for it so"
50,16,Ses02M_impro08_F,frustration,it really freaks me out when I got my bill because it was like I don't -- I didn't spend this. This is not my charge.
50,17,Ses02M_impro08_M,neutral,"Yea. All right. Well, let me-let me look it up here for a second. Uh, so i think"
50,18,Ses02M_impro08_F,neutral,"Okay, it was um- at the [GARBAGE] sorry, it was at a department store, I think it was Macy's or something"
50,19,Ses02M_impro08_M,neutral,"Okay, Alright, yeah. I- I see it on here."
50,20,Ses02M_impro08_F,frustration,"and it was like something like eight hundred dollars. I don't remember. It was just a lot and I have thing in front of me right now, but-"
50,21,Ses02M_impro08_M,neutral,"All right. Well, you know that's, that's what we have all of our protection plans for and everything like that so I mean it's"
50,22,Ses02M_impro08_F,neutral,Okay. So is there something I can do to get rid of it?
50,23,Ses02M_impro08_M,neutral,it- it'll work out fine.
50,24,Ses02M_impro08_M,neutral,"Yes, we'll get- we'll get rid of it right now. I mean just we're going to have to have you, um, submit something you know, we're going to have to have you mail something in for us, okay."
50,25,Ses02M_impro08_M,neutral,"So- So you can um find that application. You have the Internet, you can go to our website."
50,26,Ses02M_impro08_F,neutral,"Oh I can get the form right now? Oh, that'll be so much better.  Okay."
50,27,Ses02M_impro08_M,neutral,Yeah. Yeah. You get the form right now. and- yeah
50,28,Ses02M_impro08_M,neutral,"We could mail it to you as well, but-"
50,29,Ses02M_impro08_F,neutral,-But online is faster I can do that.
50,30,Ses02M_impro08_M,neutral,"Right. You can go online, print it out, and just fill out the form and um- send it to us um- you know,  regarding the grievance and-"
50,31,Ses02M_impro08_M,neutral,and it'll get taken off um- no problem you know
50,32,Ses02M_impro08_F,neutral,Okay.
50,33,Ses02M_impro08_F,frustration,'Cause I-I just don't know how someone could have gotten my charge information
50,34,Ses02M_impro08_F,neutral,I mean I still have my card.
50,35,Ses02M_impro08_M,neutral,Right. I mean we might
50,36,Ses02M_impro08_M,neutral,Okay.
50,37,Ses02M_impro08_F,neutral,So is there any- I mean what if they spend something again?
50,38,Ses02M_impro08_M,neutral,"Uh, I mean have you been shopping around on the Internet and stuff? I mean that you gave-"
50,39,Ses02M_impro08_F,neutral,I did buy one thing on ebay I don't know that might-
50,40,Ses02M_impro08_M,neutral,"Uh-ha, I mean usually sites are pretty well protected but sometimes I mean information gets out, so"
50,41,Ses02M_impro08_M,neutral,so it is a little a little hard in that situation if you want -- you know you can -um- we can- we can issue another credit card.
50,42,Ses02M_impro08_F,neutral,"Oh, really?"
50,43,Ses02M_impro08_M,neutral,"Yeah, yeah. Maybe we'll, uh-"
50,44,Ses02M_impro08_F,neutral,"Oh that'll be great 'cause I could just get a new number, would that be okay because that way I don't have to worry about it happening again?"
50,45,Ses02M_impro08_M,neutral,it's a different number and everything
50,46,Ses02M_impro08_M,neutral,Yeah. yeah.
50,47,Ses02M_impro08_M,neutral,"Yes, um but  for- for that- for that charge we will need you to send something in but we can get you processed immediately for this, for this, for this new card. It still goes to the same address, right?"
50,48,Ses02M_impro08_F,neutral,"Yes, absolutely."
50,49,Ses02M_impro08_M,neutral,Okay. All right. Then we'll get it sent out there. And
50,50,Ses02M_impro08_F,happiness,Great.
50,51,Ses02M_impro08_M,neutral,And you know just I mean be careful in the future if um
50,52,Ses02M_impro08_F,happiness,Yeah.
50,53,Ses02M_impro08_M,neutral,if you're ever online or anything like that I mean just make sure it's a secure site and
50,54,Ses02M_impro08_M,neutral,"and never you know, give it to anyone out, never even give out your number to any like unreliable company that you haven't heard of or anything like that, all right? Because, um, we want to- we definitely want to help you out, but-"
50,55,Ses02M_impro08_F,neutral,"Right, right."
50,56,Ses02M_impro08_F,neutral,"Okay, great."
50,57,Ses02M_impro08_F,neutral,"Yeah, totally."
50,58,Ses02M_impro08_M,neutral,you know it gets- it gets difficult you know so Alright.
50,59,Ses02M_impro08_F,happiness,Well thank you so much. You've been very helpful. I really appreciate it.
50,60,Ses02M_impro08_M,neutral,"Alright Yes, I'm sorry for all the inconvenience but we'll get it taken care of."
50,61,Ses02M_impro08_F,neutral,[BREATHING] Thank you.
50,62,Ses02M_impro08_F,happiness,Thank you very much bye.
51,0,Ses02M_script01_1_F,neutral,"What's he going to say, maybe we ought to tell him before he sees it."
51,1,Ses02M_script01_1_M,neutral,He saw it.
51,2,Ses02M_script01_1_F,neutral,How could he see it? I was the first one up he was still in bed.
51,3,Ses02M_script01_1_M,neutral,He was out here when it broke.
51,4,Ses02M_script01_1_F,neutral,When?
51,5,Ses02M_script01_1_M,neutral,About four this morning. I heard it cracking and I woke up and looked out. He was standing right here when it cracked.
51,6,Ses02M_script01_1_F,neutral,What was he doing out here at four in the morning?
51,7,Ses02M_script01_1_M,sadness,I don't know. When it cracked he ran into the house and cried in the kitchen.
51,8,Ses02M_script01_1_F,neutral,So you talked to him?
51,9,Ses02M_script01_1_M,sadness,No. I figured it was best to leave him alone.
51,10,Ses02M_script01_1_F,neutral,He cried hard?
51,11,Ses02M_script01_1_M,sadness,I could hear him right through the floor in my room.
51,12,Ses02M_script01_1_F,neutral,"What was he doing out here at that hour? He's dreaming about him again, he's walking around at night."
51,13,Ses02M_script01_1_M,neutral,I guess he is.
51,14,Ses02M_script01_1_F,neutral,He's getting just like after he died. What is the meaning of that?
51,15,Ses02M_script01_1_M,neutral,"I don't know the meaning of it, but I know one thing mom, we've made a terrible mistake with dad."
51,16,Ses02M_script01_1_F,neutral,What?
51,17,Ses02M_script01_1_M,neutral,Being dishonest with him. I mean that sort of thing always pays off and now it's paying off.
51,18,Ses02M_script01_1_F,neutral,What do you mean dishonest?
51,19,Ses02M_script01_1_M,frustration,You know that Larry is not coming back and I know it. Why do we allow him to go on thinking that we believe with him?
51,20,Ses02M_script01_1_F,frustration,"What do you want to do, argue with him?"
51,21,Ses02M_script01_1_M,frustration,"No I don't want to argue with him, but it's about time he realized that nobody believes Larry is alive anymore."
51,22,Ses02M_script01_1_M,frustration,"Why -- why shouldn't he dream of him? Walk around, waiting for him at night I mean do we contradict him, do we say straight out that we don't have any hope anymore that we haven't had hope for years now?"
51,23,Ses02M_script01_1_F,frustration,You can't say that to him.
51,24,Ses02M_script01_1_M,anger,We've got to say it to him.
51,25,Ses02M_script01_1_F,frustration,"Can you prove it, how can you prove it?"
51,26,Ses02M_script01_1_M,anger,"For God sakes it's been three years, nobody comes back after three years, that's insane."
51,27,Ses02M_script01_1_F,frustration,To you it is and to me. You can talk yourself blue in the face but there is no body and no grave so where are you?
51,28,Ses02M_script01_1_M,neutral,Sit down mom; I want to talk to you.
51,29,Ses02M_script01_1_F,neutral,"The trouble is the god damned newspapers, every month or so a boy turns up out of nowhere, so the next one is going to be Larry."
51,30,Ses02M_script01_1_M,frustration,All right. All right. Listen to me.
51,31,Ses02M_script01_1_M,neutral,You know why I brought Annie here don't you?
51,32,Ses02M_script01_1_M,neutral,You know.
51,33,Ses02M_script01_1_F,neutral,I got an idea but what's the story?
51,34,Ses02M_script01_1_M,neutral,I'm going to ask her to marry me.
51,35,Ses02M_script01_1_F,neutral,"Well that's only your business, Chris."
51,36,Ses02M_script01_1_M,frustration,No it's not only my business.
51,37,Ses02M_script01_1_F,frustration,What do you want me to do; you're old enough to know your own mind.
51,38,Ses02M_script01_1_M,frustration,So it's all right then I'll go ahead with it?
51,39,Ses02M_script01_1_F,neutral,"Well, you want to make sure that your father isn't-"
51,40,Ses02M_script01_1_M,anger,See it isn't just my business-
51,41,Ses02M_script01_1_F,frustration,I'm just saying
51,42,Ses02M_script01_1_M,neutral,Sometimes you infuriate me you know that. Isn't it your business to if I tell dad and he throws a fit about it? You have such a talent for ignoring things.
51,43,Ses02M_script01_1_F,neutral,I ignore what I got to ignore. The girl is Larry's girl.
51,44,Ses02M_script01_1_M,frustration,She's not Larry's girl.
51,45,Ses02M_script01_1_F,neutral,From father's point of you he isn't dead and you have no right to take his girl.
51,46,Ses02M_script01_1_F,frustration,"You can go on from there if you know where to go but I don't know where to go, see I don't know. So what can I do for you?"
51,47,Ses02M_script01_1_M,anger,"I don't know why but every time I reach out for something that I really want, I have to pull back 'cause someone else will suffer. My whole bloody life, time after time after time."
51,48,Ses02M_script01_1_F,neutral,You're a considerate fellow.  There's nothing wrong with that.
51,49,Ses02M_script01_1_M,anger,To hell with that.
51,50,Ses02M_script01_1_F,frustration,Have you asked Annie yet?
51,51,Ses02M_script01_1_M,neutral,I wanted to get this settled first.
51,52,Ses02M_script01_1_F,neutral,How do you know she'll marry you? Maybe she feels the same way your father does.
51,53,Ses02M_script01_1_M,neutral,"Well, if she does then that's the end of it. From her letters I think she's forgotten him."
51,54,Ses02M_script01_1_M,sadness,"I don't know, I'll find out. Then we'll trash it out with dad, right? Mom, don't avoid me."
51,55,Ses02M_script01_1_F,anger,"Trouble is you don't see enough women, you never did."
51,56,Ses02M_script01_1_M,frustration,So what I'm not fast with women.
51,57,Ses02M_script01_1_F,anger,I just don't see why it has to be Annie.
51,58,Ses02M_script01_1_M,frustration,Because it is.
51,59,Ses02M_script01_1_F,frustration,That's a good answer but it doesn't answer anything. I mean you haven't seen her since you went away to war it's five years.
51,60,Ses02M_script01_1_M,frustration,"I can't help it I know her best. I mean lived next door to her my whole life. These years when I think of a wife, I think of Annie."
51,61,Ses02M_script01_1_M,neutral,"What do you want, a diagram?"
51,62,Ses02M_script01_1_F,frustration,"I don't want a diagram. He thinks he's coming back. Chris, you marry this girl you're pronouncing him dead."
51,63,Ses02M_script01_1_F,frustration,"Do you know what's going to happen to your father because I don't, see?"
51,64,Ses02M_script01_1_M,neutral,All right. All right. Mom.
51,65,Ses02M_script01_1_F,neutral,Just give it some more thought.
51,66,Ses02M_script01_1_M,neutral,"I've given it three years of thought. I thought that if I waited, dad would forget about Larry and we could have a regular wedding and everything happy."
51,67,Ses02M_script01_1_M,sadness,"If I can't do that here well, then I'll have to get out."
51,68,Ses02M_script01_1_F,anger,What the hell is this?
51,69,Ses02M_script01_1_M,sadness,"I'll get out. I'll get married and go live some place else, maybe New York."
51,70,Ses02M_script01_1_F,anger,"What the hell is this, are you crazy?"
51,71,Ses02M_script01_1_M,anger,"I've been a good son too long a good sucker, I'm through with it."
51,72,Ses02M_script01_1_F,anger,What about the business? What is this?
51,73,Ses02M_script01_1_M,anger,The business?  The business doesn't inspire me.
51,74,Ses02M_script01_1_F,anger,Must you be inspired?
51,75,Ses02M_script01_1_M,anger,"Yes, I like it and hour a day. If I'm going to grub for money all day long, at least in the evening I want it beautiful."
51,76,Ses02M_script01_1_M,neutral,I want a family; I want kids; I want something I can give myself to. Annie is in the middle of that. Now where do I find it?
51,77,Ses02M_script01_1_F,anger,"Tell me, you'd leave the business?"
51,78,Ses02M_script01_1_M,sadness,"Yes, on this I would."
51,79,Ses02M_script01_1_F,anger,"Well, you don't want to think like that."
51,80,Ses02M_script01_1_M,frustration,Then help me stay here.
51,81,Ses02M_script01_1_F,neutral,"All right. But you don't want to be thinking like that 'cause otherwise what did we work for, I mean the whole thing is for you, Chris, the whole shooting match is for you."
51,82,Ses02M_script01_1_M,frustration,I know I know mom. All right. Just help me stay here.
51,83,Ses02M_script01_1_F,frustration,Just don't go thinking that way.
51,84,Ses02M_script01_1_M,frustration,"Well, I am thinking that way."
51,85,Ses02M_script01_1_F,frustration,"I don't understand you, do I?"
51,86,Ses02M_script01_1_M,neutral,"No, you don't. I'm a pretty tough guy."
51,87,Ses02M_script01_1_F,sadness,"Yea, I can see that."
52,0,Ses02M_script01_2_F,anger,Why did he invite her here?
52,1,Ses02M_script01_2_M,neutral,Why does that bother you?
52,2,Ses02M_script01_2_F,anger,She's been in New York three and half years why all of a sudden-
52,3,Ses02M_script01_2_M,neutral,"Well, maybe he just wanted to see her again."
52,4,Ses02M_script01_2_F,anger,Nobody comes seven hundred miles just to see.
52,5,Ses02M_script01_2_M,frustration,"What do you mean? He lived next door to the girl all his life, why wouldn't he want to see her again?"
52,6,Ses02M_script01_2_M,frustration,"Don't look at me like that, he didn't tell me any more than he told you."
52,7,Ses02M_script01_2_F,anger,He's not going to marry her.
52,8,Ses02M_script01_2_M,neutral,How do you know he's even thinking of it?
52,9,Ses02M_script01_2_F,neutral,It's got that all about it.
52,10,Ses02M_script01_2_M,neutral,"Well, so what?"
52,11,Ses02M_script01_2_F,anger,What's going on here Joe?
52,12,Ses02M_script01_2_M,neutral,"All right. Now, listen kid-"
52,13,Ses02M_script01_2_F,anger,-She's not his girl Joe; she knows she's not.
52,14,Ses02M_script01_2_M,neutral,You can't read her mind.
52,15,Ses02M_script01_2_F,frustration,"Then why is she still single, I mean New York is full of men, why isn't she married? Probably a hundred people told her she's crazy but she's waited."
52,16,Ses02M_script01_2_M,frustration,How do you know why she has waited?
52,17,Ses02M_script01_2_F,frustration,"She knows what I know, that's why. She's faithful as a rock. In my worst moments I think of her waiting and I know again that I'm right."
52,18,Ses02M_script01_2_M,frustration,"Look it's a nice day, what are we arguing for?"
52,19,Ses02M_script01_2_F,frustration,"Nobody in this house dares take her faith away Joe. Strangers might, but not his father, not his brother."
52,20,Ses02M_script01_2_M,frustration,What do you want me to do about it?
52,21,Ses02M_script01_2_F,anger,"I want you to act like he's coming back, both of you. Don't you think I haven't noticed since he invited her, I won't stand for any nonsense"
52,22,Ses02M_script01_2_M,frustration,But Kate
52,23,Ses02M_script01_2_F,frustration,"Because if he's not coming back, I'll kill myself. And laugh -- laugh at me but"
52,24,Ses02M_script01_2_F,neutral,"why did that happen the very night she came back she sleeps in his room and suddenly his memorial breaks to pieces, just look at it, look."
52,25,Ses02M_script01_2_M,frustration,Calm yourself.
52,26,Ses02M_script01_2_F,sadness,I need you to believe with me; I can't stand all alone.
52,27,Ses02M_script01_2_M,frustration,Calm yourself.
52,28,Ses02M_script01_2_F,frustration,"Even last week there was a man who showed up in Detroit missing longer than Larry, you read it yourself."
52,29,Ses02M_script01_2_M,frustration,All right. All right. Calm yourself.
52,30,Ses02M_script01_2_F,frustration,Just you above all need to believe.
52,31,Ses02M_script01_2_M,neutral,"Wait, why my above all?"
52,32,Ses02M_script01_2_F,frustration,Don't stop believing.
52,33,Ses02M_script01_2_M,anger,"What does that mean, me above all?"
52,34,Ses02M_script01_2_M,anger,Look at you -- look at you shaking.
52,35,Ses02M_script01_2_F,frustration,I can't help it.
52,36,Ses02M_script01_2_M,frustration,"What have I got to hide? What the hell is the matter with you, Kate?"
53,0,Ses02M_script01_3_F,neutral,You're the only one I know who loves his parents.
53,1,Ses02M_script01_3_M,happiness,"I know, it went out of style, didn't it?"
53,2,Ses02M_script01_3_F,happiness,It's all right.  It's a good thing.
53,3,Ses02M_script01_3_F,happiness,"You know, it's lovely here, the air is sweet."
53,4,Ses02M_script01_3_M,neutral,You're not sorry you came?
53,5,Ses02M_script01_3_F,happiness,"No, not sorry.  But, um. But I'm not gonna stay."
53,6,Ses02M_script01_3_M,neutral,Why?
53,7,Ses02M_script01_3_F,neutral,"For one thing, your mother as much as told me to go."
53,8,Ses02M_script01_3_M,neutral,Oh.
53,9,Ses02M_script01_3_F,neutral,"You saw that.  I mean and then, well, you've been kind of, um--"
53,10,Ses02M_script01_3_M,neutral,What?
53,11,Ses02M_script01_3_F,neutral,"Well, kind of embarrassed ever since I got here."
53,12,Ses02M_script01_3_M,frustration,"The trouble is, I planned on sort of sneaking up on you on a period of a week or so.  But they take it for granted that we're all set."
53,13,Ses02M_script01_3_F,happiness,"I knew they would, your mother anyway."
53,14,Ses02M_script01_3_M,neutral,How'd you know?
53,15,Ses02M_script01_3_F,neutral,"Well, from her point of view, why else would I come?"
53,16,Ses02M_script01_3_M,neutral,"Oh.  Would you want to?  I guess you know, this is why I asked you to come."
53,17,Ses02M_script01_3_F,happiness,I guess this is why I came.
53,18,Ses02M_script01_3_M,neutral,"Ann, I love you.  I love you a great deal.  I love you."
53,19,Ses02M_script01_3_M,neutral,I have no imagination.  That's all I know to tell you.
53,20,Ses02M_script01_3_M,neutral,I'm embarrassing you and I didn't want to tell it to you here.  I wanted some place we'd never been before.  A place where we'd be brand new to each other.
53,21,Ses02M_script01_3_M,neutral,"You feel wrong here, don't you?  This yard, this chair.  I want you to be ready for me.  I don't want to have to win you away from anything."
53,22,Ses02M_script01_3_F,neutral,"Oh, Chris, I've been ready for a long, long time."
53,23,Ses02M_script01_3_M,neutral,And he's gone forever.  You're sure?
53,24,Ses02M_script01_3_F,neutral,I almost got married two years ago.
53,25,Ses02M_script01_3_M,neutral,Why didn't you?
53,26,Ses02M_script01_3_F,happiness,"Well, you started to write me"
53,27,Ses02M_script01_3_M,neutral,You felt something that far back?
53,28,Ses02M_script01_3_F,happiness,Every day since.
53,29,Ses02M_script01_3_M,neutral,"Ann, why didn't you let me know?"
53,30,Ses02M_script01_3_F,neutral,"Well, I was waiting for you.  I mean, till then you never wrote and when you did, what did you say?  I mean, you can sure be ambiguous sometimes, you know?"
53,31,Ses02M_script01_3_M,neutral,"Give me a kiss, Anne.  Give me a-"
53,32,Ses02M_script01_3_M,neutral,"God, I kissed Annie.  How long--how long I've been waiting to kiss you."
53,33,Ses02M_script01_3_F,neutral,"I'll never forgive you.  Why did you wait all these years?  I mean, all I did was sit and wonder if I was crazy for thinking of you."
53,34,Ses02M_script01_3_M,neutral,"Oh, Annie, we're gonna live now.  I'm gonna make you so happy."
53,35,Ses02M_script01_3_F,neutral,Not like that you're not.
53,36,Ses02M_script01_3_M,neutral,I kissed you.
53,37,Ses02M_script01_3_F,neutral,"Like Larry's brother.  Do it like you, Chris.  What is it?"
53,38,Ses02M_script01_3_M,sadness,Let's drive someplace.  I want to be alone with you.
53,39,Ses02M_script01_3_F,neutral,"No.  What is it, Chris. Your mother?"
53,40,Ses02M_script01_3_M,sadness,No.  Nothing like that.
53,41,Ses02M_script01_3_F,sadness,"Well, what's wrong?  I mean, even in your letters there was some--something ashamed."
53,42,Ses02M_script01_3_M,sadness,"Yeah, I suppose I have been.  But it's going from me."
53,43,Ses02M_script01_3_F,neutral,You've gotta tell me.
53,44,Ses02M_script01_3_M,neutral,I don't know how to start.
53,45,Ses02M_script01_3_F,sadness,It wouldn't work this way.
53,46,Ses02M_script01_3_M,neutral,"It's all mixed up with so many other things.  You remember overseas, I was in charge of a company?"
53,47,Ses02M_script01_3_F,neutral,"Yeah, sure."
53,48,Ses02M_script01_3_M,sadness,"Well, I lost them."
53,49,Ses02M_script01_3_F,neutral,How many?
53,50,Ses02M_script01_3_M,sadness,Just about all.
53,51,Ses02M_script01_3_F,neutral,gee.
53,52,Ses02M_script01_3_M,sadness,It takes some time for a guy to toss that off.  'Cause they weren't just men.
53,53,Ses02M_script01_3_M,sadness,"For instance, this one time, it had been raining several days and this kid came to me and gave me his last pair of dry socks.  I put them in pocket.  It's only a little thing, but those are the kind of guys I had."
53,54,Ses02M_script01_3_M,sadness,"They didn't die, they killed themselves for each other.  I mean that exactly.  I mean, a little more selfish and they'd have been here today."
53,55,Ses02M_script01_3_M,sadness,"I got this idea watching 'em go down.  Everything was being destroyed, see, but it seemed that one new thing was made.  A sort of responsibility.  Man for man. You know what I mean?"
53,56,Ses02M_script01_3_M,sadness,"To show that, to bring that onto the Earth again, like some kind of monument and everyone can feel it standing behind him and it would make a difference to him."
53,57,Ses02M_script01_3_M,sadness,"Then I came back and it was incredible.  There was no meaning in it here. I mean, the whole thing to them seemed like it's sort of a bus accident.  I went to work with Dad and that rat race again."
53,58,Ses02M_script01_3_M,sadness,"And I felt what you said, ashamed somehow 'cause nobody had changed at all.  It seemed to make suckers out of a lot of guys.  I felt wrong to be alive to open the new bank book, drive the new car, see the new refrigerator."
53,59,Ses02M_script01_3_M,sadness,"I mean, you can take those things out of a war, but when you drive that car, you've gotta realize that it came out of the love a man can have for a man.  You've gotta be a little better because of it."
53,60,Ses02M_script01_3_M,sadness,Otherwise all you have is really loot and there's blood on it.  And I didn't want to take any of that.  And I guess that included you.
53,61,Ses02M_script01_3_F,sadness,Do you still feel that way?
53,62,Ses02M_script01_3_M,neutral,I want you now Annie.
53,63,Ses02M_script01_3_F,sadness,"'Cause you mustn't feel that way.  Because you have a right to everything you have, Chris.  Everything, you understand that?  Me too."
53,64,Ses02M_script01_3_F,sadness,"I mean, and your money, there's- there's nothing wrong with your money.  I mean, your father put hundreds of planes in the air.  A man should be paid for that."
53,65,Ses02M_script01_3_M,neutral,I know Annie.  I'm gonna make a fortune for you.
53,66,Ses02M_script01_3_F,happiness,What'll I do with a fortune?
54,0,Ses02M_script02_1_M,neutral,What time is it? They're supposed to run around midnight.
54,1,Ses02M_script02_1_M,neutral,"God, this great, isn't it? Like look at the night we go here, it couldn't be better."
54,2,Ses02M_script02_1_M,neutral,"I would have wanted to go a little further up the coast, get away from the lights and the people but I was afraid we'd miss it."
54,3,Ses02M_script02_1_M,neutral,How you doing?
54,4,Ses02M_script02_1_F,neutral,Fine.
54,5,Ses02M_script02_1_M,neutral,"Is that -- is that, no? Was that just foam? I can't even tell."
54,6,Ses02M_script02_1_M,neutral,"Although, I guess you can't tell it probably isn't them. Probably be unmistakable don't you think?"
54,7,Ses02M_script02_1_M,neutral,How you doing? You know what I forgot? I forgot to bring my flashlight. How - how could I forget to bring my flashlight? How could I be so stupid?
54,8,Ses02M_script02_1_F,neutral,What flashlight?
54,9,Ses02M_script02_1_M,frustration,"You know the flashlight, the silver one, there is only one, isn't there?"
54,10,Ses02M_script02_1_F,frustration,That's not your flashlight.
54,11,Ses02M_script02_1_M,frustration,Who's is it?
54,12,Ses02M_script02_1_F,frustration,It's ours; it's mine too.
54,13,Ses02M_script02_1_M,neutral,"Oh well, sure, yes."
54,14,Ses02M_script02_1_F,frustration,But you kept saying my flashlight as if somehow it's just yours. I mean how is it supposed to make me feel?
54,15,Ses02M_script02_1_M,neutral,"No. No. Of course our flashlight yours and mine. Mi flashlight, es su flashlight, naturally."
54,16,Ses02M_script02_1_M,neutral,How could we forget to bring it?  I hope the moon stays out.
54,17,Ses02M_script02_1_M,neutral,"I wonder do they always run during a full moon? I can't remember if it was full last year, do you remember?"
54,18,Ses02M_script02_1_F,neutral,Yea.
54,19,Ses02M_script02_1_M,neutral,"You cold, you want my jacket? We should've - we should've brought our blanket, our blanket, how could we forget to bring the blanket?"
54,20,Ses02M_script02_1_M,neutral,"Oh, a six-pack, that's, should've brought a -- a six-pack be just the ticket right now. How could I forget,"
54,21,Ses02M_script02_1_M,neutral,"oh man. Like a kid, it's amazing I got out of the house with my fly zipped."
54,22,Ses02M_script02_1_M,neutral,You think they can hear us talk or feel the vibrations in the sand when we move around?
54,23,Ses02M_script02_1_F,neutral,I'm cold.
54,24,Ses02M_script02_1_M,neutral,What you want my jacket?
54,25,Ses02M_script02_1_F,frustration,It's after eleven. Let's just go home.
54,26,Ses02M_script02_1_M,frustration,"Are you kidding, we'd miss it. We, we just got here. What's the point in coming down here if we just turn around and go home?"
54,27,Ses02M_script02_1_F,frustration,There is no point in coming down here.
54,28,Ses02M_script02_1_M,neutral,Right.
54,29,Ses02M_script02_1_F,frustration,That's my point.
54,30,Ses02M_script02_1_M,neutral,That's my point too.
54,31,Ses02M_script02_1_F,frustration,So let's go.
54,32,Ses02M_script02_1_M,neutral,No. No. That's not my point. The point is there is no point in coming down here if we just leave. Don't you want to see it?
54,33,Ses02M_script02_1_F,neutral,Not particularly.
54,34,Ses02M_script02_1_M,neutral,Why not?
54,35,Ses02M_script02_1_F,frustration,"I don't, it's just stupid."
54,36,Ses02M_script02_1_M,neutral,"Honey, this is a natural phenomenon. I mean it only happens once a year."
54,37,Ses02M_script02_1_M,neutral,"Think about the people in Kansas, they- they'd have to get a plane ticket and hotel reservations to see this. We live forty minutes away it's too good to pass up."
54,38,Ses02M_script02_1_F,frustration,"Pass up what? These little fish swim onto the beach flop around and swim away, and then they die."
54,39,Ses02M_script02_1_M,neutral,"Yea, but that moment on the beach is the highlight of their little lives. I mean all that flopping is laying eggs or what do you, mating or spotting or something like that."
54,40,Ses02M_script02_1_M,neutral,"This is a big night for these guys, life's last orgy."
54,41,Ses02M_script02_1_F,frustration,What are you so excited about? I mean it's not a moon landing we're talking about here it's fish. It's a fish nobody even eats.
54,42,Ses02M_script02_1_M,frustration,Yes they do.
54,43,Ses02M_script02_1_F,frustration,Augie
54,44,Ses02M_script02_1_M,neutral,"Okay. But it's fish that do something none of the other fish do. Like the swallows returning to Capistrano, or the Lemmings throwing themselves off the cliffs"
54,45,Ses02M_script02_1_M,neutral,"you know there is like, there is a certain mystery here, a magic, a bit of the unexplainable. I don't see how you cannot be interested."
54,46,Ses02M_script02_1_F,sadness,I'm just not.
54,47,Ses02M_script02_1_M,neutral,For real?
54,48,Ses02M_script02_1_F,neutral,Yes.
54,49,Ses02M_script02_1_M,neutral,I don't get it. The first time we came here you said it was the best night of your life.
54,50,Ses02M_script02_1_M,frustration,"And then last year I remember specifically you were so excited that you stubbed your toe on the way pushing me out of the house, and you didn't even notice until we got in the car."
54,51,Ses02M_script02_1_F,anger,"Last year you'll also remember our shoes got wet, I got sand in my panties, you got a sore throat, we got into a big fight over nothing, and we didn't see the Grunions."
54,52,Ses02M_script02_1_M,neutral,We weren't in a good spot.
54,53,Ses02M_script02_1_F,frustration,We didn't see them the first time either.
54,54,Ses02M_script02_1_M,frustration,We just weren't in a good spot; this is a much better spot. I've got good instincts for these things.
54,55,Ses02M_script02_1_M,neutral,"There is that, oh no that's just seaweed, isn't it?"
54,56,Ses02M_script02_1_M,neutral,"This is, this is great, isn't it? I wouldn't miss this for anything. Now listen to this, I know you're not interested but just listen."
54,57,Ses02M_script02_1_M,neutral,"Out there somewhere there is this huge mass of silver fish headed this way,"
54,58,Ses02M_script02_1_M,neutral,"they don't why, we don't know why. They didn't take a vote or anything; they didn't get a map or an invitation."
54,59,Ses02M_script02_1_M,neutral,"Just all as one. This little time sensitive firecracker, instinctual firecracker in their body just went off and all as one they turned and formed a line as long the California coast and started swimming. They're swimming right now as if that's the only thing that matters."
54,60,Ses02M_script02_1_M,neutral,"It's single mindedness, with no mind, it's urgency that's pure urge, they don't know what drives them. They don't ask it a name or ask it a question,"
54,61,Ses02M_script02_1_M,neutral,"they just turn as one and start the swim and brings them right here to this spot where we stand, for a massive celebration of sex and death."
54,62,Ses02M_script02_1_M,neutral,Look at me; I'm giving myself goose bumps all my hairs are popping up.
54,63,Ses02M_script02_1_F,neutral,That's the wind.
54,64,Ses02M_script02_1_M,neutral,"Well, so what do you think?"
54,65,Ses02M_script02_1_F,neutral,About what?
54,66,Ses02M_script02_1_M,neutral,What I was saying.
54,67,Ses02M_script02_1_F,frustration,It's ridiculous.
55,0,Ses02M_script02_2_M,neutral,So what do you think?
55,1,Ses02M_script02_2_F,neutral,About what?
55,2,Ses02M_script02_2_M,neutral,What I was saying.
55,3,Ses02M_script02_2_F,frustration,It's ridiculous.
55,4,Ses02M_script02_2_M,neutral,Certainly it's not. Slightly exaggerated scientific fact.
55,5,Ses02M_script02_2_F,neutral,It's PR. Someone sold you a bill of goods that this wonderful event is going to take place on the beach.
55,6,Ses02M_script02_2_M,neutral,"Well, I'm not the only one look at all these people."
55,7,Ses02M_script02_2_F,neutral,"Yea, sure everyone was sold the same story. I mean it keeps us all excited, keeps us coming back for more, keeps us thinking that life is going to start any second now if we can just get in on the action and find the right spot."
55,8,Ses02M_script02_2_M,neutral,Are we talking about the same thing?
55,9,Ses02M_script02_2_F,neutral,I'm sorry but it's still just fish to me.
55,10,Ses02M_script02_2_M,frustration,"Carla, can I ask you something? Don't take this wrong but are you having your period?"
55,11,Ses02M_script02_2_F,anger,Goddamn it Augie don't ask me that. I hate it when you ask me that. You always ask me that. It's insulting.
55,12,Ses02M_script02_2_M,frustration,"Well, what's bugging you?"
55,13,Ses02M_script02_2_F,anger,We just have different ideas of what this evening is supposed to look like.
55,14,Ses02M_script02_2_M,frustration,"There is nothing to it, we come here, the Grunion arrive, then do their little fish business, we go oh ah look, they go home, we go home."
55,15,Ses02M_script02_2_F,frustration,For heavens sake we are not going to see the Grunions.
55,16,Ses02M_script02_2_M,frustration,Why not?
55,17,Ses02M_script02_2_F,frustration,"We never do, do we? I mean have we ever?"
55,18,Ses02M_script02_2_M,frustration,We've missed them twice; that's not ever.
55,19,Ses02M_script02_2_F,frustration,"Twice is every time we've tried, that's ever."
55,20,Ses02M_script02_2_M,neutral,"Well, we'll see them this year."
55,21,Ses02M_script02_2_F,frustration,"No we won't; it's pointless. It's like waiting up to see Santa Claus,"
55,22,Ses02M_script02_2_F,anger,I mean I feel like my whole life is going to be spent standing on the beach waiting for the fish to show up with my eyes open and my hands clasped expectantly and the fish won't show up.
55,23,Ses02M_script02_2_M,frustration,I thought you wanted to see them.
55,24,Ses02M_script02_2_F,frustration,You don't understand anything I'm saying.
55,25,Ses02M_script02_2_M,frustration,No of course not.
55,26,Ses02M_script02_2_F,anger,"I did want to see them, I always do. I mean I keep thinking that this is going to be the time and it never is."
55,27,Ses02M_script02_2_M,neutral,"It's just fish, I mean nothing to get traumatized over."
55,28,Ses02M_script02_2_F,frustration,For heavens sake this isn't about fish.
55,29,Ses02M_script02_2_M,frustration,All right. I've been trying to work this backwards but I cannot seem to pinpoint the moment that we took a turn for the worst.
55,30,Ses02M_script02_2_M,neutral,"You were fine during the phone call from Marge, dinner was okay, doing the dishes was no problem, let's see, I took a shower, you watched the news, you said"
55,31,Ses02M_script02_2_M,neutral,"""the Grunion are running tonight,"" I said ""great, let's go, I feel lucky,"""
55,32,Ses02M_script02_2_M,neutral,"okay so I'm getting on my jacket and putting out the animals, getting the car out of the garage-"
55,33,Ses02M_script02_2_F,sadness,Do you remember the first time we came to see it? It was about four years ago right after we got married.
55,34,Ses02M_script02_2_F,sadness,"We thought I was pregnant and we opened a bottle of champagne but no glasses, you asked me to dance, we kicked off our shoes and you popped the cork."
55,35,Ses02M_script02_2_F,sadness,And when we were dancing you said the softest most intimate things to me right into my ears so I could feel them as much as hear them
55,36,Ses02M_script02_2_F,sadness,"and I remember thinking that this is it you know. At last, at last I am as happy as I am supposed to be"
55,37,Ses02M_script02_2_M,neutral,Wait a minute I've got it
55,38,Ses02M_script02_2_F,sadness,"Just dancing barefoot in the sand, drinking champagne out of the bottle."
55,39,Ses02M_script02_2_M,neutral,"It was in the car, right? Driving past the Knickerbocker Liquor Locker you said, let's get some champagne and I said times are wasting or something like that, right?"
55,40,Ses02M_script02_2_M,neutral,"Of course, I see it now; you want this to be like that other time, right? That's it, right?"
55,41,Ses02M_script02_2_F,sadness,I'd rather not remember some things. I would rather not hope for some things.
55,42,Ses02M_script02_2_M,neutral,"Yea. Okay, sure, no. I see. Listen, you want to dance?"
55,43,Ses02M_script02_2_F,sadness,No.
55,44,Ses02M_script02_2_M,neutral,You want to go get some champagne?
55,45,Ses02M_script02_2_F,sadness,No.
55,46,Ses02M_script02_2_M,neutral,Take off our shoes?
55,47,Ses02M_script02_2_F,neutral,No.
55,48,Ses02M_script02_2_M,neutral,"What, you want me to breathe in your ear?"
55,49,Ses02M_script02_2_F,neutral,No.
55,50,Ses02M_script02_2_M,neutral,Get married again?
55,51,Ses02M_script02_2_F,frustration,No.
55,52,Ses02M_script02_2_M,frustration,What? What? You want a divorce?
55,53,Ses02M_script02_2_F,frustration,No.
55,54,Ses02M_script02_2_M,frustration,A vacation?
55,55,Ses02M_script02_2_F,frustration,No.
55,56,Ses02M_script02_2_M,frustration,"A new carpet? A poodle, a ice cream, backrub, a suicide pact, what, what Carla, what the hell do you want?"
55,57,Ses02M_script02_2_F,frustration,I want something to turn out the way that it supposed to.
55,58,Ses02M_script02_2_M,anger,"Well welcome to the human race, all right. Do you think this is what I had in mind when I proposed? You think I had this great fantasy going that four years down the road we'd come to the beach and yell at each other over fish?"
55,59,Ses02M_script02_2_M,neutral,"You think I knew that there be times when you'd look at me like I'm a used Kleenex, or that I'd look at you and think holy hell when is the next flight to Alaska?"
55,60,Ses02M_script02_2_M,frustration,"No, no, just like you I thought it was going to be all like peaches and roses and sand in our toes, and wind in our hair, and the fish will always come and the bills will pay themselves and we'll have three, fat, rosy kids and ha-ha baby the joke is on us"
55,61,Ses02M_script02_2_M,frustration,"'cause you know what you get Carla, you know what you get? This."
55,62,Ses02M_script02_2_F,frustration,"This? What, what is this? This isn't even anything."
55,63,Ses02M_script02_2_M,neutral,"Yes, it is."
55,64,Ses02M_script02_2_F,frustration,"I'm sure, this is standing on the beach, this is waiting, this is fighting."
55,65,Ses02M_script02_2_M,neutral,Right.
55,66,Ses02M_script02_2_F,sadness,"Well, but this isn't anything like I thought anything would be like."
55,67,Ses02M_script02_2_M,sadness,"No, I know. Me neither."
55,68,Ses02M_script02_2_F,frustration,I mean it's -- this is just this. I mean it includes a lot and everything but isn't something else. Do you have any idea what I'm trying to say?
55,69,Ses02M_script02_2_M,neutral,I'm doing the best I can.
55,70,Ses02M_script02_2_F,neutral,I know that Augie. Really I do.
55,71,Ses02M_script02_2_F,sadness,"I know that you meant this to be special and nice, and there's the sand and the moon and everything but I just couldn't help thinking about being somewhere else."
55,72,Ses02M_script02_2_M,sadness,Maybe if you were with somebody else too.
55,73,Ses02M_script02_2_F,neutral,I didn't say that.
55,74,Ses02M_script02_2_M,sadness,"No, I know. But still, I know I don't make you happy."
55,75,Ses02M_script02_2_F,neutral,"For heavens sake, whatever I'm doing I'd rather be doing it with you."
55,76,Ses02M_script02_2_M,neutral,Yeah?
55,77,Ses02M_script02_2_F,happiness,Don't be ridiculous. I mean don't you know that?
55,78,Ses02M_script02_2_F,sadness,"You're the one who probably wishes he was with someone else, someone who knew how to enjoy herself and didn't take everything so hard."
55,79,Ses02M_script02_2_M,happiness,"Now that you mention it. No, I don't."
55,80,Ses02M_script02_2_F,neutral,"Okay.  Fine, so we're in the wrong spot but we're with the right person."
55,81,Ses02M_script02_2_M,happiness,I don't know it seemed like a pretty good spot to me. Look at the moon - view the moon view I got from here.
55,82,Ses02M_script02_2_F,neutral,"Yes, I noticed that. It looks pretty on the water doesn't it? Big old white moon."
55,83,Ses02M_script02_2_M,happiness,What have we got here?
55,84,Ses02M_script02_2_F,neutral,"Augie, you brought refreshments."
55,85,Ses02M_script02_2_M,neutral,It's not champagne.
55,86,Ses02M_script02_2_F,happiness,"Well, I guess we don't need glasses."
55,87,Ses02M_script02_2_M,neutral,You still cold? Do you want my jacket? Do you want to go home?
55,88,Ses02M_script02_2_F,neutral,No. No. I think you might be right. I think this may be the spot after all.
55,89,Ses02M_script02_2_F,sadness,"Augie, I'm sorry."
55,90,Ses02M_script02_2_M,happiness,"Shh, if we're very quiet the fish might come."
55,91,Ses02M_script02_2_F,happiness,Or not.
55,92,Ses02M_script02_2_M,happiness,Or not.
55,93,Ses02M_script02_2_F,neutral,Hmm.
56,0,Ses02M_script03_1_M,neutral,Good God.
56,1,Ses02M_script03_1_F,neutral,Do you think it's them?
56,2,Ses02M_script03_1_M,neutral,I wonder.
56,3,Ses02M_script03_1_F,neutral,"Well, nobody knows we're here except Freda and she wouldn't ring up."
56,4,Ses02M_script03_1_M,neutral,Must be them then.
56,5,Ses02M_script03_1_F,neutral,What are we going to do?
56,6,Ses02M_script03_1_M,neutral,"We're all right darling, aren't we whatever happens?"
56,7,Ses02M_script03_1_F,happiness,Now and always sweet.
56,8,Ses02M_script03_1_M,neutral,I don't care then.
56,9,Ses02M_script03_1_F,neutral,It's bound to come sooner or later.
56,10,Ses02M_script03_1_M,neutral,Hello? Hello? What? Wrong number.
56,11,Ses02M_script03_1_F,neutral,Oh. It sends shivers down my spine.
56,12,Ses02M_script03_1_M,neutral,What do we do if they suddenly walk in on us?
56,13,Ses02M_script03_1_F,happiness,Behave exquisitely.
56,14,Ses02M_script03_1_M,happiness,With the most perfect poise.
56,15,Ses02M_script03_1_F,happiness,"Yes, I should probably to a court curtsey."
56,16,Ses02M_script03_1_M,happiness,"Things that ought to matter dreadfully don't matter at all when one's is happy, do they?"
56,17,Ses02M_script03_1_F,neutral,What's so horrible is that one can't stay happy.
56,18,Ses02M_script03_1_M,sadness,Oh darling don't say that.
56,19,Ses02M_script03_1_F,neutral,It's true; the whole business is a very poor joke.
56,20,Ses02M_script03_1_M,happiness,Meaning that sacred and beautiful thing love?
56,21,Ses02M_script03_1_F,neutral,Yes. Meaning just that.
56,22,Ses02M_script03_1_M,happiness,What does it all mean that's what I ask- that's what I ask myself in my ceaseless quest for ultimate truth?  Good God what does it all mean?
56,23,Ses02M_script03_1_F,neutral,Don't laugh at me. I'm serious.
56,24,Ses02M_script03_1_M,neutral,"You mustn't be serious my dear one, that's just what they want."
56,25,Ses02M_script03_1_F,neutral,Who's they?
56,26,Ses02M_script03_1_M,neutral,"All those futile moralists, who try to make life unbearable, laugh at them, be flippant. Laugh at everything all their sacred shibboleths"
56,27,Ses02M_script03_1_M,neutral,flippancy brings out the acid in their damned sweetness in light.
56,28,Ses02M_script03_1_F,neutral,"Well, if I laugh at everything then I must laugh at us too."
56,29,Ses02M_script03_1_M,neutral,"Certainly you must, we figures of fun all right."
56,30,Ses02M_script03_1_F,neutral,"Well, shall we always want to bicker and fight?"
56,31,Ses02M_script03_1_M,sadness,"No, that desire will fade along with our passion."
56,32,Ses02M_script03_1_F,sadness,"Oh dear, should we like that?"
56,33,Ses02M_script03_1_M,neutral,Depends on how well we play it.
56,34,Ses02M_script03_1_F,neutral,"Well, what happens if one of us dies, does the one that's left still laugh?"
56,35,Ses02M_script03_1_M,neutral,"Yes, yes, with all his might."
56,36,Ses02M_script03_1_F,neutral,"Well that's serious enough, isn't it?"
56,37,Ses02M_script03_1_M,neutral,"No, no it isn't, death is very laughable, such a cunning little mystery, all done with mirrors."
56,38,Ses02M_script03_1_F,neutral,"Darling, I believe you're talking nonsense."
56,39,Ses02M_script03_1_M,neutral,So is everyone else in the long run.
56,40,Ses02M_script03_1_M,neutral,"Let's be superficial and pity the poor philosophers, let's blow our trumpets and squeakers and enjoy the party as much as we can. Like quite idiotic, very small, school children. Let's savor the delight of the moment."
56,41,Ses02M_script03_1_M,neutral,Come kiss me darling before your body rots and worms pop in and out of your eye sockets.
56,42,Ses02M_script03_1_F,neutral,"Elliot, worms don't pop."
56,43,Ses02M_script03_1_M,neutral,"I don't care what you do see. You can paint yourself green and dance naked in the Place Vendome, and rush off madly with all the men in the world and I shan't say a word, as long as you love me best."
56,44,Ses02M_script03_1_F,neutral,"Thank you dear, the same applies you, except that if I catch you so much as looking at another woman, I'll kill you."
56,45,Ses02M_script03_1_M,happiness,You remember that awful scene we had in Venice?
56,46,Ses02M_script03_1_F,happiness,Which particular one?
56,47,Ses02M_script03_1_M,neutral,"The one when you bought that little, painted, wooden snake in the Piazza and put it on my bed."
56,48,Ses02M_script03_1_F,happiness,"Oh Charles, that was his name Charles. It did wiggle so beautifully."
56,49,Ses02M_script03_1_M,neutral,"Horrible thing, I hated it."
56,50,Ses02M_script03_1_F,happiness,I know you did. You threw it out of the window into the Grand Canal; I don't think I'll ever forgive you for that.
56,51,Ses02M_script03_1_M,neutral,How long did that row last?
56,52,Ses02M_script03_1_F,happiness,It went on intermittently for days.
56,53,Ses02M_script03_1_M,neutral,The worst one was in Cannes when your curling iron burned a hole in my new dressing gown.
56,54,Ses02M_script03_1_F,happiness,It burned my comb too and all the towels in the bathroom.
56,55,Ses02M_script03_1_M,happiness,"That was a rouser, wasn't it?"
56,56,Ses02M_script03_1_F,neutral,That was the first time you ever hit me.
56,57,Ses02M_script03_1_M,neutral,I didn't hit you very hard.
56,58,Ses02M_script03_1_F,happiness,The manager came in and found us rolling around on the floor biting and scratching like panthers.
56,59,Ses02M_script03_1_M,happiness,I'll never forget his face.
56,60,Ses02M_script03_1_F,happiness,"Oh it was ridiculous, completely ridiculous."
56,61,Ses02M_script03_1_M,neutral,We were very much younger then.
56,62,Ses02M_script03_1_F,happiness,And very much sillier.
56,63,Ses02M_script03_1_M,neutral,As a matter of fact the real cause of that row was Peter Burden.
57,0,Ses02M_script03_2_M,neutral,"As a matter of fact, the real cause of that row was Peter Burden."
57,1,Ses02M_script03_2_F,neutral,You knew there was nothing in that.
57,2,Ses02M_script03_2_M,anger,I knew nothing of the sort. You took presents from him.
57,3,Ses02M_script03_2_F,neutral,"Presents, just a trivial little broach."
57,4,Ses02M_script03_2_M,neutral,"Yes, I remember it well, bristling with diamonds in the worst possible taste."
57,5,Ses02M_script03_2_F,neutral,No it wasn't. It was very pretty I still have it and I wear it often.
57,6,Ses02M_script03_2_M,anger,You went out of your way to torture me over Peter Burden.
57,7,Ses02M_script03_2_F,neutral,"No I didn't, you worked the whole thing up in your jealous imagination."
57,8,Ses02M_script03_2_M,neutral,"You must admit he was in love with you, wasn't he?"
57,9,Ses02M_script03_2_F,neutral,"Just a little perhaps, nothing serious."
57,10,Ses02M_script03_2_M,anger,You let him kiss you; you said you did.
57,11,Ses02M_script03_2_F,neutral,What of it?
57,12,Ses02M_script03_2_M,neutral,What of it?
57,13,Ses02M_script03_2_F,neutral,"It gave him a lot of pleasure, it didn't hurt me any."
57,14,Ses02M_script03_2_M,anger,What about me?
57,15,Ses02M_script03_2_F,neutral,"Well, if you hadn't been so nosey and suspicious you never wouldn't have known anything about it."
57,16,Ses02M_script03_2_M,neutral,That's a nice point of view I must say.
57,17,Ses02M_script03_2_F,frustration,I'm bored of this conversation.
57,18,Ses02M_script03_2_M,neutral,"Yes, me too, bored stiff. You want some Brandy?"
57,19,Ses02M_script03_2_F,neutral,No thanks.
57,20,Ses02M_script03_2_M,neutral,I have a little I think.
57,21,Ses02M_script03_2_F,neutral,I don't see why you want any you've already had two glasses.
57,22,Ses02M_script03_2_M,neutral,"No particular reason. Anyhow, they are very small ones."
57,23,Ses02M_script03_2_F,neutral,It just seems so silly to go on and on and on with such a thing.
57,24,Ses02M_script03_2_M,neutral,You can hardly call three liquor glasses in a whole evening going on and on and on.
57,25,Ses02M_script03_2_F,neutral,"Well, it's become a habit with you."
57,26,Ses02M_script03_2_M,neutral,You needn't be so grand just because don't happen want any yourself right now.
57,27,Ses02M_script03_2_F,neutral,Don't be so stupid.
57,28,Ses02M_script03_2_M,neutral,"Really, Amanda."
57,29,Ses02M_script03_2_F,anger,What?
57,30,Ses02M_script03_2_M,frustration,Nothing.
57,31,Ses02M_script03_2_F,neutral,No I'm just making myself fascinating for you.
57,32,Ses02M_script03_2_M,neutral,"Going out somewhere, dear?"
57,33,Ses02M_script03_2_F,neutral,It's a woman's job to allure the man
57,34,Ses02M_script03_2_M,neutral,That reply has broken my heart.
57,35,Ses02M_script03_2_F,neutral,"watch me a minute, will you?"
57,36,Ses02M_script03_2_M,neutral,"As a matter of fact, that's perfectly true."
57,37,Ses02M_script03_2_F,frustration,"Oh, no it isn't."
57,38,Ses02M_script03_2_M,neutral,Yes it is.
57,39,Ses02M_script03_2_F,anger,Be quiet.
57,40,Ses02M_script03_2_M,neutral,It's a pity you didn't have any more Brandy it might have made you a little less disagreeable.
57,41,Ses02M_script03_2_F,neutral,It doesn't seem to work such wonders with you.
57,42,Ses02M_script03_2_M,frustration,"Snap, snap, snap, like a little adder."
57,43,Ses02M_script03_2_F,neutral,Adders don't snap they sting.
57,44,Ses02M_script03_2_M,frustration,Oh nonsense they have a little bag of venom behind their fangs and they snap.
57,45,Ses02M_script03_2_F,neutral,They sting.
57,46,Ses02M_script03_2_M,frustration,They snap.
57,47,Ses02M_script03_2_F,anger,I don't care. Do you understand? I don't care. I don't care if they bark or roll about like hoops.
57,48,Ses02M_script03_2_M,neutral,"Tell me, did you see much of Peter Burden after our divorce?"
57,49,Ses02M_script03_2_F,neutral,"Yes, I did quite a lot."
57,50,Ses02M_script03_2_M,neutral,I imagine you let him kiss you good deal more then.
57,51,Ses02M_script03_2_F,neutral,Mind your own business.
57,52,Ses02M_script03_2_M,anger,What riotous time you must have had.
57,53,Ses02M_script03_2_M,anger,"No restraint at all, very enjoyable, never had much anyhow."
57,54,Ses02M_script03_2_F,neutral,You're quite insufferable. I expect it's because you're drunk.
57,55,Ses02M_script03_2_M,neutral,I am not in the least drunk.
57,56,Ses02M_script03_2_M,neutral,"I imagine, as I may have already mentioned, I've had three minute liquor glasses of Brandy the whole evening long a child of two couldn't get drunk on that."
57,57,Ses02M_script03_2_F,neutral,On the contrary a child of two could get violently drunk on only one glass of Brandy.
57,58,Ses02M_script03_2_M,neutral,"Oh very interesting. How about a child of four, a child of six or a child of nine?"
57,59,Ses02M_script03_2_F,anger,Oh be quiet.
57,60,Ses02M_script03_2_M,anger,"We can get a good little debate going about that, don't you think? Intemperate tots."
57,61,Ses02M_script03_2_F,neutral,"Not very funny my dear, you better have some more Brandy."
57,62,Ses02M_script03_2_M,neutral,All right. I will.
57,63,Ses02M_script03_2_M,neutral,Better turn that off I think.
57,64,Ses02M_script03_2_F,neutral,Why?
57,65,Ses02M_script03_2_M,neutral,Because it's late and it'll annoy the people upstairs.
57,66,Ses02M_script03_2_F,neutral,There aren't any people upstairs it's a photographer's studio.
57,67,Ses02M_script03_2_M,neutral,There are people downstairs I suppose?
57,68,Ses02M_script03_2_F,neutral,They're away in Tunis.
57,69,Ses02M_script03_2_M,neutral,This is no time of the year for Tunis.
57,70,Ses02M_script03_2_F,neutral,"Turn it on again, please."
57,71,Ses02M_script03_2_M,frustration,I'll do no such thing.
57,72,Ses02M_script03_2_F,frustration,"Very well, if you insist on being boorish and idiotic."
57,73,Ses02M_script03_2_M,neutral,Turn it off it's driving me mad.
57,74,Ses02M_script03_2_F,anger,You are far too temperamental. Try to control yourself.
57,75,Ses02M_script03_2_M,anger,Turn it off.
57,76,Ses02M_script03_2_F,anger,Stop it. Stop it. I hate you.
57,77,Ses02M_script03_2_M,anger,"Amanda, listen. Listen."
57,78,Ses02M_script03_2_F,anger,"Listen indeed. I'm sick and tired of listening to you, damn sadistic bully."
57,79,Ses02M_script03_2_M,anger,Very amusing indeed.
57,80,Ses02M_script03_2_F,anger,"Stop it. Stop it. I hate you, do you hear? You're overbearing and conceited and utterly impossible."
57,81,Ses02M_script03_2_M,anger,"You're a vile tempered, loose living, wicked little beast and I hope I never see you again as long as I live."
57,82,Ses02M_script03_2_F,anger,"This is the end, do you hear? The end finally and forever."
57,83,Ses02M_script03_2_M,anger,You're not going like this.
57,84,Ses02M_script03_2_F,anger,Oh yes I am.
57,85,Ses02M_script03_2_M,anger,You're not.
57,86,Ses02M_script03_2_F,anger,"Yes, I am. Let go of me you're cruel fiend and I hate and loathe you. Thank God I realized who you really are before I would ever, ever marry you again. I would never marry you again. I'd rather die in torment."
57,87,Ses02M_script03_2_M,anger,Shut up.
57,88,Ses02M_script03_2_M,anger,Shut up.
57,89,Ses02M_script03_2_M,anger,I wouldn't marry you again if you came to me on your bended knees. You're a evil minded little vampire. I hope to God I never see you again as long as I live.
57,90,Ses02M_script03_2_F,anger,You're a beast. I hate you. Stop it. Stop it.
58,0,Ses03F_impro01_F,neutral,"God, finally I got to the line, the front of the line. I've been waiting there for like half an hour."
58,1,Ses03F_impro01_F,neutral,[BREATHING] It's so hot in here. Hoo.
58,2,Ses03F_impro01_M,neutral,Yeah.
58,3,Ses03F_impro01_M,neutral,"Oh, um-"
58,4,Ses03F_impro01_F,neutral,What's wrong?
58,5,Ses03F_impro01_M,neutral,"You didn't fill this out right. All right. It says that you have to fill out the back sheet of this, but you filled out the yellow sheet of it."
58,6,Ses03F_impro01_F,frustration,"No, no, no, no, no, no. The lady over there, she told me to fill out the front and she said to wait in this line."
58,7,Ses03F_impro01_M,neutral,Who?
58,8,Ses03F_impro01_F,frustration,I don't know. Some lady. Sonya or something.
58,9,Ses03F_impro01_M,neutral,She- she probably doesn't even work here.
58,10,Ses03F_impro01_F,frustration,"Excuse me? No, no. I waited in the line over there.."
58,11,Ses03F_impro01_M,neutral,All right  Uh-
58,12,Ses03F_impro01_F,frustration,and she told me to come over here and she said to fill out everything on the application and I did that.
58,13,Ses03F_impro01_M,frustration,It's not right.
58,14,Ses03F_impro01_F,frustration,"Look, I-- No, no, no, I--you don't understand. I have to go back to work."
58,15,Ses03F_impro01_M,frustration,You just take--all right.
58,16,Ses03F_impro01_M,frustration,"Well, you didn't fill this paper at work out right and it's going to take another fifteen minutes to do it and look at how long the line we got here so just-"
58,17,Ses03F_impro01_F,frustration,I am not-
58,18,Ses03F_impro01_M,frustration,"okay, just go back and fill it out real quick and I'm sorry, you have to get back in line and wait. I can't let you cut."
58,19,Ses03F_impro01_F,frustration,But you don't understand. I cannot get back in line because I have to go back to work. I will get fired if I don't leave here.
58,20,Ses03F_impro01_M,neutral,"Well, maybe you should have got here earlier than so you had a lot of time to do this."
58,21,Ses03F_impro01_F,neutral,But I was at work and the lady told me to come and work it and to stand in the line.
58,22,Ses03F_impro01_M,neutral,I don't know who this lady is.
58,23,Ses03F_impro01_F,frustration,[LAUGHTER]
59,0,Ses03F_impro02_F,neutral,"How's it going, babe?"
59,1,Ses03F_impro02_F,neutral,Yeah?
59,2,Ses03F_impro02_M,neutral,All right.
59,3,Ses03F_impro02_F,neutral,Good.
59,4,Ses03F_impro02_F,neutral,"Hey listen,eh- I've been wanting to talk to you. I have something to tell you. How's Amy doing?"
59,5,Ses03F_impro02_M,happiness,She's doing fine. She just took her first steps today actually. I videotaped it for you so you can watch it.
59,6,Ses03F_impro02_F,neutral,yeah.
59,7,Ses03F_impro02_F,neutral,oh.
59,8,Ses03F_impro02_F,neutral,"I really want to say that. Well I, so, you know, at the center department they called me in and I talked to-"
59,9,Ses03F_impro02_M,neutral,"Oh, yeah? What did they say?"
59,10,Ses03F_impro02_F,neutral,Well umm- actually they--I was promoted.
59,11,Ses03F_impro02_M,neutral,"Oh, wow. That's great."
59,12,Ses03F_impro02_F,sadness,And Uh- Yeah. Uh- They're going to need um- more nurses on call for uh- to go overseas to help out with the war.
59,13,Ses03F_impro02_F,neutral,"And uh - seeing as I was uh- promoted and head of the department now, and so- well, they asked me to go."
59,14,Ses03F_impro02_F,sadness,yeah.
59,15,Ses03F_impro02_M,neutral,when?
59,16,Ses03F_impro02_F,sadness,It's going- It's going to be probably in about three weeks.
59,17,Ses03F_impro02_M,neutral,What? You can't do that. Three weeks?
59,18,Ses03F_impro02_F,sadness,yeah
59,19,Ses03F_impro02_F,neutral,"Well, I'm leaving in three weeks, but-- Yeah."
59,20,Ses03F_impro02_M,frustration,"God, we're supposed to take a look at a house next week."
59,21,Ses03F_impro02_F,frustration,Maybe we can still do that
59,22,Ses03F_impro02_M,anger,"I can't- No, I can't do this alone."
59,23,Ses03F_impro02_F,sadness,"Yeah, and uh--"
59,24,Ses03F_impro02_M,neutral,Amy's starting school in a month.
59,25,Ses03F_impro02_F,frustration,"I know, but look, I have to take this. I mean, if I don't, I mean, I could get fired."
59,26,Ses03F_impro02_F,frustration,And we know you need-we need the money. We couldn't even- purchase a house if I didn't take this.
59,27,Ses03F_impro02_M,frustration,God.
59,28,Ses03F_impro02_M,frustration,You know what happened to my cousin. She went and she never came back.
59,29,Ses03F_impro02_F,sadness,"Honey, I'm going to come back. It's not like that."
59,30,Ses03F_impro02_F,sadness,But it- it is for a year.
59,31,Ses03F_impro02_M,frustration,Oh
59,32,Ses03F_impro02_F,sadness,"Babe, I'm sorry. But I don't want to do."
59,33,Ses03F_impro02_M,frustration,I can't-
59,34,Ses03F_impro02_F,sadness,"You know as much as -as much as me that I-I want to stay here with you and Amy so bad, but I can't."
59,35,Ses03F_impro02_M,neutral,You remember the last time you went? You know how hard it was for me? Now we have a kid.
59,36,Ses03F_impro02_F,frustration,"But you're so good with her. You know, she knows you better than she knows me 'cause I'm at work every day."
59,37,Ses03F_impro02_M,sadness,I have to work.
59,38,Ses03F_impro02_M,frustration,[BREATHING]
59,39,Ses03F_impro02_F,sadness,"Babe, I love you."
59,40,Ses03F_impro02_M,sadness,You can't leave your daughter alone like this.
59,41,Ses03F_impro02_F,sadness,"But she has you. I mean, that's what you're there for. You're my right-hand man."
59,42,Ses03F_impro02_F,sadness,It's going to be okay.
59,43,Ses03F_impro02_M,sadness,You can't postpone it?
59,44,Ses03F_impro02_F,sadness,"No, I have to go."
59,45,Ses03F_impro02_F,sadness,"Wait, you can write me and as you know, send me pictures."
59,46,Ses03F_impro02_M,sadness,I don't know if I can handle you going another year.
59,47,Ses03F_impro02_F,sadness,What do you mean?
59,48,Ses03F_impro02_M,sadness,I don't know if I- if I could take it.
59,49,Ses03F_impro02_F,sadness,"Look, I need you to be strong for me. 'Cause I can't be the only one that's strong right now, really, I--"
59,50,Ses03F_impro02_M,sadness,I can't be that strong. A whole year.
59,51,Ses03F_impro02_M,sadness,"me, oh my god."
59,52,Ses03F_impro02_F,neutral,"But we can work, you know, we--you can write me and we could see pictures"
59,53,Ses03F_impro02_M,frustration,What if you don't come back?
59,54,Ses03F_impro02_F,sadness,"and if we survive, if we survive that then babe, you know you know we could survive any--"
59,55,Ses03F_impro02_F,sadness,I will come back.
59,56,Ses03F_impro02_M,neutral,"What am I supposed--oh, one out of five people aren't coming back."
59,57,Ses03F_impro02_M,sadness,It doesn't look very good.
59,58,Ses03F_impro02_F,neutral,I can do it. I'm going to do it. And I'll be back safe and sound and-
59,59,Ses03F_impro02_F,sadness,we'll have all the money that we ever needed.
59,60,Ses03F_impro02_F,sadness,And- And then I'll stop working and- I'll stay home with the baby.
59,61,Ses03F_impro02_M,sadness,I don't want the money. I want-you here
59,62,Ses03F_impro02_M,neutral,"we'll get money, all right? You don't need the job, all right?"
59,63,Ses03F_impro02_M,anger,If your life is going to be in danger and this family is going to be in danger we don't need the job. We'll find the money.
59,64,Ses03F_impro02_F,sadness,It's all I ever knew how to do. I can't quit now.
59,65,Ses03F_impro02_M,sadness,How are we supposed to tell Amy? How's she supposed to understand that?
59,66,Ses03F_impro02_F,sadness,"Well, we- we tell her mommy's going on va- on a trip for for- a while."
59,67,Ses03F_impro02_M,sadness,"How is she going to feel the first year in school, no mom."
59,68,Ses03F_impro02_F,sadness,Don't do that to me.
59,69,Ses03F_impro02_F,sadness,"It's hard enough already, Brian, I can't."
59,70,Ses03F_impro02_M,neutral,I'm not thinking about just me; I'm thinking about our child.
59,71,Ses03F_impro02_F,sadness,I know.
59,72,Ses03F_impro02_F,sadness,"I didn't expect this to happen. I never planned for this. Some things you just don't plan for, you know."
59,73,Ses03F_impro02_F,sadness,"I'm sorry, babe."
59,74,Ses03F_impro02_F,sadness,I'm so sorry.
59,75,Ses03F_impro02_M,sadness,"All right, then."
60,0,Ses03F_impro03_M,neutral,"Oh, my God, look at that. Huh-oh, how many carats is that?"
60,1,Ses03F_impro03_F,neutral,"I know. [LAUGHTER]. Dude, I don't know. It's- Probably. It's huge. I don't even know how to like wear it. My hand is like going down like really low. I can't believe it."
60,2,Ses03F_impro03_M,neutral,Like eighteen? [LAUGHTER]
60,3,Ses03F_impro03_M,neutral,"Oh, Jesus."
60,4,Ses03F_impro03_M,neutral,Is it-
60,5,Ses03F_impro03_F,neutral,"I- Yeah, it's-"
60,6,Ses03F_impro03_M,neutral,So how did he do it?
60,7,Ses03F_impro03_F,neutral,"Oh, man. So I was--okay, so we went to go see this show on Broadway, right? And it was The wed- the wed- The Lousy Chaperone. Have you seen that one?"
60,8,Ses03F_impro03_M,neutral,yeah [LAUGHTER]
60,9,Ses03F_impro03_M,neutral,"Yeah, The Lousy Chaperone. [LAUGHTER] Uh huh."
60,10,Ses03F_impro03_F,neutral,"Right. Right. Right. So, and there's like a whole like wedding scene in it. All right, not the--Drowsy, Drowsy [LAUGHTER] --not the Lousy. [LAUGHTER]. Um - So Drowsy. So I go to see this Drowsy Chaperone. And uh-"
60,11,Ses03F_impro03_M,neutral,[LAUGHTER] Uh- Drowsy.
60,12,Ses03F_impro03_F,neutral,"at the end of the performance, you know, like we're all clapping and stuff. And all of a sudden I look over and"
60,13,Ses03F_impro03_F,neutral,"Joe's gone. -where did he go, you know?"
60,14,Ses03F_impro03_M,neutral,Uh huh. Oh-
60,15,Ses03F_impro03_F,neutral,"And I'm like oh, he went to the- -the bathroom, but he didn't tell me, I didn't even notice him leaving. And all of a sudden, I swear to God, I'm sitting there and-"
60,16,Ses03F_impro03_F,neutral,he comes up onstage-- And the entire cast everyone just like
60,17,Ses03F_impro03_M,neutral,oh-
60,18,Ses03F_impro03_F,neutral,goes up there and everyone's clapping and he's standing there and they put a spotlight on him.
60,19,Ses03F_impro03_M,neutral,"Oh, my God."
60,20,Ses03F_impro03_F,neutral,"And I'm like freaking out. I'm like what the hell's going on, you know. I don't know what's going on. And so he's like standing there and then all of a sudden they give him a microphone-"
60,21,Ses03F_impro03_F,neutral,and he just starts doing like this little spiel about me and like
60,22,Ses03F_impro03_F,neutral,"he asked me to marry him, like- onstage. I was like, I couldn't believe--and I had to walk up there and I was, like I think I tripped or something."
60,23,Ses03F_impro03_M,neutral,Are you kidding me?
60,24,Ses03F_impro03_M,neutral,"Wha- What'd you say? You said yes, right? [LAUGHTER]"
60,25,Ses03F_impro03_F,neutral,"Yeah, I said yes, but I, yeah, I mean,"
60,26,Ses03F_impro03_F,neutral,"I don't know- it just like took me, took me by surprise."
60,27,Ses03F_impro03_F,happiness,He scored points.
60,28,Ses03F_impro03_M,neutral,Did you get a standing ovation?
60,29,Ses03F_impro03_F,happiness,"Oh, yeah. Everyone--yeah. And people--friends of ours were in the audience, I didn't know about, like family members."
60,30,Ses03F_impro03_F,neutral,Yeah. It was great.
60,31,Ses03F_impro03_M,neutral,Are you serious?
60,32,Ses03F_impro03_F,neutral,"It was--I cried,"
60,33,Ses03F_impro03_M,happiness,"No, you deserve to cry. I mean, tears of happiness."
60,34,Ses03F_impro03_F,happiness,"like a loser, I cried."
60,35,Ses03F_impro03_F,happiness,"But, I don't know, I--it's so weird to think I'm marrying somebody 'cause I feel so young, you know?"
60,36,Ses03F_impro03_M,neutral,So where- where- where is this--have you talked about where it's going to be?
60,37,Ses03F_impro03_F,happiness,No. No plans. or any- and probably
60,38,Ses03F_impro03_F,happiness,"like I think I want to get married--I want to have two weddings. One here, then one in Europe."
60,39,Ses03F_impro03_M,neutral,Hawaii? No.
60,40,Ses03F_impro03_F,neutral,No. Hawaii's for honeymoons. But uh--
60,41,Ses03F_impro03_M,neutral,Oh. Like Paris? On the Eiffel Tower?
60,42,Ses03F_impro03_F,neutral,"Oh, maybe. I don't know. I've been there so many times. I think it's--we're going to get married in Spain and then we're going to get married here."
60,43,Ses03F_impro03_M,neutral,He's rich enough. Maybe you can rent out the Eiffel Tower for your--
60,44,Ses03F_impro03_M,neutral,"Oh, Jesus."
60,45,Ses03F_impro03_M,neutral,That's awesome. [LAUGHTER] Marriage.
60,46,Ses03F_impro03_F,neutral,Yeah. I'm so excited. [LAUGHTER].
61,0,Ses03F_impro04_F,frustration,"I don't know, Brian, if they uh--it's been three years."
61,1,Ses03F_impro04_M,neutral,"Hey, you just got to keep on going."
61,2,Ses03F_impro04_F,frustration,"No, I don't know, I--maybe this isn't for me. You know, maybe this isn't the right business for me."
61,3,Ses03F_impro04_M,neutral,"No, don't think like that."
61,4,Ses03F_impro04_F,sadness,"I just, I see all these other people getting commercials and work and it's like I'm not getting anything."
61,5,Ses03F_impro04_F,frustration,I have no money behind me. Nothing. I'm twenty five and--
61,6,Ses03F_impro04_M,neutral,Russel Crowe wasn't forty until he got his big stuff.
61,7,Ses03F_impro04_M,neutral,"If you really want to do it-I mean,"
61,8,Ses03F_impro04_F,frustration,So I'll have to wait twenty five years-
61,9,Ses03F_impro04_M,neutral,you got to do.
61,10,Ses03F_impro04_F,frustration,"-just going and auditioning and auditioning and rejection after refection, it's like--"
61,11,Ses03F_impro04_M,neutral,You could. You could. We just--
61,12,Ses03F_impro04_M,neutral,we're just pooling our funds together.
61,13,Ses03F_impro04_F,frustration,"I know, I just don't know if I can handle it. I mean, you're helping me so much financially it's like I can't survive on my own without you. I don't like that."
61,14,Ses03F_impro04_M,neutral,You don't owe me anything.
61,15,Ses03F_impro04_F,frustration,I feel like I'm not doing anything. Like I'm not giving anything into this world.
61,16,Ses03F_impro04_M,neutral,"You are, you're going to class, you're learning, you're getting better. When you finally get that role you're going to be prepared."
61,17,Ses03F_impro04_F,frustration,"Yeah, but what if I never make it? What if I studied all my life, this theatre, this acting, and I'm never going to get anywhere. I'm never going to be able to have a job."
61,18,Ses03F_impro04_M,neutral,"Oh my God, Anna, you're still young. Don't even think about that."
61,19,Ses03F_impro04_F,frustration,Time is passing by. Every year it's
61,20,Ses03F_impro04_F,frustration,a part left than I can do.
61,21,Ses03F_impro04_M,neutral,"You're only twenty five, okay? Some people don't start until they're thirty five."
61,22,Ses03F_impro04_F,neutral,Really?
61,23,Ses03F_impro04_M,neutral,Yeah.
61,24,Ses03F_impro04_F,frustration,"I don't know, I just [BREATHING] I get frustrated"
61,25,Ses03F_impro04_M,neutral,What would you do- What would you do if you didn't? You can go to law school.
61,26,Ses03F_impro04_F,frustration,That's the thing. I don't know. I don't know anything.
61,27,Ses03F_impro04_F,frustration,Law school? Maybe.
61,28,Ses03F_impro04_F,neutral,"I don't know. I don't know anything other than this, though, is the problem. This is my life. This is what I built everything about, you know."
61,29,Ses03F_impro04_M,neutral,See? So you can't just quit now.
61,30,Ses03F_impro04_F,neutral,"I mean, I could go to law school, but I'm just not passionate about it, you know? Like I'm not--it doesn't drive me, it doesn't motivate me. I--"
61,31,Ses03F_impro04_M,neutral,Have you been going to auditions and stuff?
61,32,Ses03F_impro04_F,frustration,"Yeah. I mean, I get a call-back and stuff, but-"
61,33,Ses03F_impro04_F,frustration,"I just, I need a break. I need something to break me out."
61,34,Ses03F_impro04_M,neutral,How's the job? Still waiting tables at Denny's?
61,35,Ses03F_impro04_F,neutral,Yeah. Unfortunately.
61,36,Ses03F_impro04_F,neutral,"Yeah, so I go to--get an education for four years and I'm waiting tables at Denny's."
61,37,Ses03F_impro04_M,neutral,"Well, they tip well."
61,38,Ses03F_impro04_F,frustration,[BREATHING] Brian-
61,39,Ses03F_impro04_F,sadness,it's not funny. I just don't know what I'm going to do.
61,40,Ses03F_impro04_M,neutral,Maybe you could start teaching. I don't know.
61,41,Ses03F_impro04_F,sadness,"Yeah, I guess I could."
61,42,Ses03F_impro04_M,neutral,"Go back to school. You know? Another three more years, get your master's."
61,43,Ses03F_impro04_F,sadness,Yeah
61,44,Ses03F_impro04_M,neutral,"Close to thirty. Oof, it's going to be tough."
61,45,Ses03F_impro04_F,neutral,Thanks.
61,46,Ses03F_impro04_M,neutral,[LAUGHTER]
61,47,Ses03F_impro04_F,frustration,[BREATHING]
62,0,Ses03F_impro05_F,frustration,"Look sir, I've been waiting for about an hour and my luggage still hasn't come. What's going on?"
62,1,Ses03F_impro05_M,frustration,"I'm sorry, Mrs. Rosenkrantz, but uh- I don't know what to tell you."
62,2,Ses03F_impro05_F,frustration,"What do you mean, you don't know what to tell me? I have two luggage that I've been coming--they're coming--from France and I need them here. I'm home now. I need to go start working."
62,3,Ses03F_impro05_M,frustration,Did you- Did you check with the lost and found?
62,4,Ses03F_impro05_F,anger,"Where? I don't know. The lost and found. What do you mean, lost and found?"
62,5,Ses03F_impro05_F,frustration,I had my luggage transferred here from Paris to L.A. and now I'm here and I need to be working and I have all my stuff in there.
62,6,Ses03F_impro05_M,frustration,"Maybe it got lost. Did you think about that, mom?"
62,7,Ses03F_impro05_F,frustration,"Well, that's what I'm asking you. What--I don't know what happened to it."
62,8,Ses03F_impro05_M,neutral,"Oh, not--we didn't lose it; maybe the airport lost it. Maybe someone stole it."
62,9,Ses03F_impro05_F,anger,"Wait, sir. You're- You're completely not--what do you mean, stole it? How can they just steal it from an airplane? It was up in the air?"
62,10,Ses03F_impro05_M,frustration,"No, I mean, maybe in the little--going around thingy thing where bopper stole it from there."
62,11,Ses03F_impro05_F,frustration,Okay. All I know is that I am supposed to have my language here right now. Right now. And it's not there. And you're supposed to help me because you work at the airport. So give me my luggage or tell me where the hell it is.
62,12,Ses03F_impro05_M,frustration,Okay. What can we do is we can get your name and information and if it shows up we can send it to you so-- Wherever you stay
62,13,Ses03F_impro05_F,anger,"What do you mean, if it shows up? No, I need it now. I have my keys, I have my wallet, I have my money. I have thousands and thousands of dollars worth of stuff in there."
62,14,Ses03F_impro05_F,anger,Not to mention I have my work in there.
62,15,Ses03F_impro05_M,frustration,"Well, I'll have you fill out some paperwork and see if you can get started on something."
62,16,Ses03F_impro05_F,anger,"And what if- what if it is lost? Well, what are you guys going to do for me?"
62,17,Ses03F_impro05_M,neutral,"You know, we'll file a complaint and we could possibly, you know, replace some of the things. I think-"
62,18,Ses03F_impro05_M,neutral,and when you sign your ticket we could replace about fifteen percent of what's in the bag.
62,19,Ses03F_impro05_F,anger,Fifteen percent?
62,20,Ses03F_impro05_M,neutral,Up to a limit of twenty five dollars.
62,21,Ses03F_impro05_F,anger,What? There- There's hundreds of thousands of dollars worth of stuff in there.
62,22,Ses03F_impro05_M,frustration,"Whoa, maybe you should uh- have thought of a better way to send it than just in a bag, hmm? Did you think about that?"
62,23,Ses03F_impro05_F,frustration,"No, no, no. You don't understand. This is--these are my belongings in the luggage. And I went to Paris."
62,24,Ses03F_impro05_F,frustration,"Sir, why are you laughing at me? This isn't funny."
62,25,Ses03F_impro05_M,neutral,"I think that's kind of stupid, that you put a hundred thousands of dollars in the bag."
62,26,Ses03F_impro05_F,neutral,"Well I'm sorry, if I--no, it's not stupid. You are supposed to have my luggage."
62,27,Ses03F_impro05_M,frustration,Did you lock- Did you lock it even? You probably didn't even lock it.
62,28,Ses03F_impro05_F,anger,"No, they said I couldn't lock it."
62,29,Ses03F_impro05_M,neutral,"[LAUGHTER], That's what they say."
62,30,Ses03F_impro05_F,anger,Give me--I'm going to talk to your supervisor. Give me your supervisor. I want to talk to your supervisor right now.
62,31,Ses03F_impro05_M,neutral,"Okay, let me get him.Oh, guess who the supervisor is? It's me."
62,32,Ses03F_impro05_M,neutral,"What, do you have questions?"
62,33,Ses03F_impro05_F,anger,"Well, get- I want the C.E.O. then."
63,0,Ses03F_impro06_M,neutral,How you doing?
63,1,Ses03F_impro06_F,sadness,Okay.
63,2,Ses03F_impro06_F,sadness,Yeah. Wow.
63,3,Ses03F_impro06_M,neutral,We're all going to miss him.
63,4,Ses03F_impro06_F,sadness,"Mmm hmm. I never knew it was going to be this hard, you know."
63,5,Ses03F_impro06_F,sadness,It's weird 'cause it's like you expected it to happen and eventually-
63,6,Ses03F_impro06_F,sadness,"he had cancer, you know?"
63,7,Ses03F_impro06_M,neutral,"Mmm, Hmm."
63,8,Ses03F_impro06_F,sadness,"They thought he got--would get better and he did, and then it just- things turned bad."
63,9,Ses03F_impro06_F,sadness,"Turned around for the worst, you know."
63,10,Ses03F_impro06_M,sadness,"I didn't know him, Tricia, but uh- I heard that he was a great man."
63,11,Ses03F_impro06_F,sadness,He was amazing.
63,12,Ses03F_impro06_F,sadness,I loved that boy.
63,13,Ses03F_impro06_F,sadness,"We did everything together, you know."
63,14,Ses03F_impro06_F,sadness,"It's weird, I think. I feel so alone, you know? What am I going to do now? Now that he's gone."
63,15,Ses03F_impro06_F,sadness,He's so young. It seems so--
63,16,Ses03F_impro06_F,sadness,so wrong in so many ways.
63,17,Ses03F_impro06_F,sadness,"His poor parents. You know, it's their only son."
63,18,Ses03F_impro06_M,neutral,yeah.
63,19,Ses03F_impro06_F,sadness,"Kind of a whole year. I mean, he suffered with this, this monster, this thing, this disease."
63,20,Ses03F_impro06_M,sadness,"He was in chemo the whole time, right?"
63,21,Ses03F_impro06_F,neutral,Yeah.
63,22,Ses03F_impro06_M,sadness,And he just got that baseball scholarship.
63,23,Ses03F_impro06_F,sadness,"I know. He was, he had so much going for him."
63,24,Ses03F_impro06_F,sadness,"So handsome, so young, so gifted."
63,25,Ses03F_impro06_F,sadness,So talented.
63,26,Ses03F_impro06_F,sadness,"Such a sweet person, you know?"
63,27,Ses03F_impro06_M,sadness,How's his parents doing?
63,28,Ses03F_impro06_F,sadness,Not very good.
63,29,Ses03F_impro06_F,sadness,"Can you imagine, though, you know, as a parent, just losing a kid? Twenty-two years old."
63,30,Ses03F_impro06_F,sadness,"It's weird, I kind of feel like part of me is gone now, you know?"
63,31,Ses03F_impro06_F,sadness,Because this other half was just kind of like ripped away.
63,32,Ses03F_impro06_M,sadness,"You guys were pretty close, weren't you?"
63,33,Ses03F_impro06_F,sadness,"He was like, he was like my brother, you know."
63,34,Ses03F_impro06_F,sadness,He was my brother.
63,35,Ses03F_impro06_F,sadness,"Just seems so unfair, is the way it is."
63,36,Ses03F_impro06_F,sadness,"You know, he had that really pretty girlfriend for like about a year and-"
63,37,Ses03F_impro06_M,sadness,What was her name?
63,38,Ses03F_impro06_F,sadness,Kelly. Kelly Uveny.
63,39,Ses03F_impro06_M,neutral,Kelly.
63,40,Ses03F_impro06_F,sadness,They talked about getting married and--
63,41,Ses03F_impro06_M,sadness,Trying to have a baby.
63,42,Ses03F_impro06_F,sadness,"Yeah. But then when he got cancer and it got bad, you know, she just took off and-"
63,43,Ses03F_impro06_F,sadness,so I was there for him.
63,44,Ses03F_impro06_M,sadness,Some people.
63,45,Ses03F_impro06_M,sadness,"Yeah, but you were there all the hospital days. By his bed-"
63,46,Ses03F_impro06_F,sadness,"Yeah. God, I loved that kid."
63,47,Ses03F_impro06_M,sadness,"So nice, so positive."
63,48,Ses03F_impro06_F,sadness,yeah.
63,49,Ses03F_impro06_M,sadness,We need more people like him.
63,50,Ses03F_impro06_F,sadness,"Joe, do you think he knew I loved him?"
63,51,Ses03F_impro06_M,sadness,I don't know.
63,52,Ses03F_impro06_F,sadness,"I never told him, I love you, but-"
63,53,Ses03F_impro06_F,sadness,I loved him so much.
63,54,Ses03F_impro06_M,sadness,I don't know if Benny was smart like that- but-
63,55,Ses03F_impro06_M,sadness,I'm sure he loved you too. He just didn't know it.
63,56,Ses03F_impro06_F,neutral,"Yeah, man."
64,0,Ses03F_impro07_M,neutral,"Hey, Isabella."
64,1,Ses03F_impro07_F,neutral,"Hey, how's it going, Joe?"
64,2,Ses03F_impro07_M,neutral,I'm all right.
64,3,Ses03F_impro07_F,happiness,"Uh-, So I got some good news."
64,4,Ses03F_impro07_M,neutral,Yeah?
64,5,Ses03F_impro07_F,neutral,Yep.
64,6,Ses03F_impro07_M,neutral,You're not pregnant or anything.
64,7,Ses03F_impro07_F,neutral,Pregnant? What are you talking about? No.
64,8,Ses03F_impro07_M,neutral,"I know you've been trying to have a baby, right?"
64,9,Ses03F_impro07_F,happiness,I have some better news than that.
64,10,Ses03F_impro07_M,neutral,"Oh, really?"
64,11,Ses03F_impro07_F,happiness,"Yes, What would you want more than anything in this world?"
64,12,Ses03F_impro07_M,neutral,A chocolate cake?
64,13,Ses03F_impro07_F,neutral,How about maybe for me to possibly stay in L.A.?
64,14,Ses03F_impro07_M,neutral,"Oh, wow. You got in?"
64,15,Ses03F_impro07_M,neutral,Which one?
64,16,Ses03F_impro07_F,neutral,"I got--U.S.C.. I got- Yeah, I got the acceptance letter."
64,17,Ses03F_impro07_M,neutral,oh really?
64,18,Ses03F_impro07_M,neutral,You got in? Wow.
64,19,Ses03F_impro07_F,neutral,"Yes, me, I got in. Thank you very much."
64,20,Ses03F_impro07_M,neutral,Good for you.
64,21,Ses03F_impro07_F,neutral,"Yeah, I know, my mom called me. I was with my girlfriend in Boston, and uh- she got the letter and she called me, she said I don't know, do you want me to open it? And I was like yes, open it. And she opened it and she goes oh, I'm sorry, Nat."
64,22,Ses03F_impro07_F,neutral,"And I was like what? She's like, you know, you didn't get in. Totally plays it off. Like I didn't get in. And I'm like, I start almost crying."
64,23,Ses03F_impro07_M,neutral,"Uh-huh, uh-huh."
64,24,Ses03F_impro07_F,neutral,"And my mom was like Natalie, Natalie, it's [GARBAGE], you know-"
64,25,Ses03F_impro07_M,neutral,oh yeah.
64,26,Ses03F_impro07_F,happiness,"and so, I mean, I got in."
64,27,Ses03F_impro07_M,neutral,"Oh, Jesus. That is so amazing."
64,28,Ses03F_impro07_F,happiness,So now I can stay here and now we can party. I know.
64,29,Ses03F_impro07_M,neutral,Party. You want to get drunk tonight?
64,30,Ses03F_impro07_F,neutral,"Yeah, why not."
64,31,Ses03F_impro07_M,neutral,"Yeah, we're going to celebrate."
64,32,Ses03F_impro07_F,neutral,"We're not twenty one yet, but whatever."
64,33,Ses03F_impro07_M,neutral,"Yeah, I'm only eighteen so it's--go get drunk."
64,34,Ses03F_impro07_F,neutral,"[LAUGHTER]. I'm so excited, Joe. Oh, man, I-- And I got in--I got into the school of theatre, so it's like-"
64,35,Ses03F_impro07_M,neutral,Shit. That's-
64,36,Ses03F_impro07_M,neutral,"Oh, my God. That's--I heard it's top five-- --in the Grauman scale or something."
64,37,Ses03F_impro07_F,happiness,Yeah. It's really cool.
64,38,Ses03F_impro07_F,neutral,Yeah.
64,39,Ses03F_impro07_F,happiness,Top five in the nation.
64,40,Ses03F_impro07_M,neutral,Who-whooooo. Miss Acti- Acting Pants.
64,41,Ses03F_impro07_F,neutral,"Acting Pants? So what are you going to do? Are you--you're be--you're going to stay here, right?"
64,42,Ses03F_impro07_M,neutral,Acti- acting pants.
64,43,Ses03F_impro07_M,neutral,I got into film school at the Art Academy.
64,44,Ses03F_impro07_F,neutral,Awesome. We're both going to be in L.A.
64,45,Ses03F_impro07_M,neutral,Uh-huh.
64,46,Ses03F_impro07_M,neutral,So I'm going to be--yeah. I'm going to make films; you're going to be in them.
64,47,Ses03F_impro07_F,neutral,"I'm so excited. Yeah, I thought I was going to go to Boston, but then--"
64,48,Ses03F_impro07_M,neutral,Fuck Boston.
64,49,Ses03F_impro07_F,happiness,"Oh man, I'm so excited. So much to do."
64,50,Ses03F_impro07_M,neutral,Boston smells bad. L.A. is so much cooler.
64,51,Ses03F_impro07_F,neutral,"There's so much culture here, you know? It's just like-- --all great restaurants and-"
64,52,Ses03F_impro07_M,neutral,Yeah.
64,53,Ses03F_impro07_F,happiness,I'm just so excited to start my life.
64,54,Ses03F_impro07_M,neutral,We should uh- go to Little Ethiopia.
64,55,Ses03F_impro07_F,neutral,"Oh, and you sit down and you have the sponge bread-- --and eat the--drink the beer. Ugh, I love that stuff. I'm so excited."
64,56,Ses03F_impro07_M,neutral,Yeah.
64,57,Ses03F_impro07_F,neutral,Are you going to come stay in my dorm with me sometime?
64,58,Ses03F_impro07_M,neutral,"Hell, yeah. Pass out."
64,59,Ses03F_impro07_F,neutral,Yeah. I'll get like one of those little--
64,60,Ses03F_impro07_F,neutral,Yeah. Those little-- --mattresses. I'll put it by my bed.
64,61,Ses03F_impro07_M,neutral,-drunk.
64,62,Ses03F_impro07_M,neutral,"No, I'll sleep in your bed. Cuddle up."
64,63,Ses03F_impro07_F,neutral,"Oh, I don't think so. Hmm-mm. No."
64,64,Ses03F_impro07_M,neutral,Uh-oh.
64,65,Ses03F_impro07_F,neutral,That's going to--that'll be reserved for somebody else.
64,66,Ses03F_impro07_M,neutral,"Oh, hey. Freshman slut. That's you gona need."
64,67,Ses03F_impro07_F,happiness,[LAUGHTER] Hello? I am not.
64,68,Ses03F_impro07_M,neutral,"That's what you got to be though, freshman year."
64,69,Ses03F_impro07_F,neutral,"No, I don't. I'm not like that."
64,70,Ses03F_impro07_M,neutral,Yeah.
64,71,Ses03F_impro07_M,neutral,"Well, get used to it."
64,72,Ses03F_impro07_F,happiness,"[LAUGHTER]. No, you'd get used to it."
64,73,Ses03F_impro07_M,happiness,"Hey, I'm already getting used to it."
64,74,Ses03F_impro07_F,happiness,"[LAUGHTER]. Oh, Joe, I'm so happy."
64,75,Ses03F_impro07_M,happiness,"Me too, Isabella."
65,0,Ses03F_impro08_M,anger,"Hey, you stupid dumb shit machine, give me a fucking operator, huh?"
65,1,Ses03F_impro08_F,neutral,"Hello sir, can I help you?"
65,2,Ses03F_impro08_M,neutral,"Yeah, I've been on the-with the machine for like thirty minutes--"
65,3,Ses03F_impro08_M,neutral,"trying to get an answer, and no one's given me an answer.  So what are you going to do about it?"
65,4,Ses03F_impro08_F,neutral,I [GARBAGE]
65,5,Ses03F_impro08_F,neutral,"Yes, sir, I'm very sorry, but we've had some trouble here.  There's been a lot of calls and the system has-"
65,6,Ses03F_impro08_M,neutral,"Fuck, do you think I have all day?  Jesus"
65,7,Ses03F_impro08_F,neutral,"Sir, please calm down.  There's no reason to use profanity like that.  It's not-"
65,8,Ses03F_impro08_M,frustration,"Fine, sorry.  Okay, my phone's been on the fritz for like three days.  I can't get any incoming calls. What- What is going on?"
65,9,Ses03F_impro08_F,neutral,"Okay, and this is for Verizon? Your provider?"
65,10,Ses03F_impro08_M,neutral,Yeah.
65,11,Ses03F_impro08_F,neutral,"Well, um- we have a little problem with the system going on.  One of our satellites is down, and I-"
65,12,Ses03F_impro08_M,anger,You know what?  I'm just going to- Patient?  I'm a busy man.
65,13,Ses03F_impro08_F,neutral,"You're going to have to just be patient with us, sir, as we"
65,14,Ses03F_impro08_F,neutral,"Well, I know sir, and we all are busy."
65,15,Ses03F_impro08_F,neutral,But I'm going to definitely have to- uh--get your contact information
65,16,Ses03F_impro08_M,anger,"-have to, have to what?"
65,17,Ses03F_impro08_M,anger,What?  It's my phone.  You can't even call me on it. I don't have another phone.
65,18,Ses03F_impro08_F,neutral,"Well, I don't-"
65,19,Ses03F_impro08_F,neutral,"Okay, well, if you would like, um- we will be turning on the systems in probably about ten hours."
65,20,Ses03F_impro08_M,anger,What?  Are you kidding me?
65,21,Ses03F_impro08_F,neutral,"Sir, I'm very sorry, but this is the way it is.  This- We have no control over it.  It's going to take-  -but you have to be patient with us.  You can use a calling card.  We will give you a free calling card to use."
65,22,Ses03F_impro08_M,anger,"Oh, my God."
65,23,Ses03F_impro08_M,anger,I- I'm going to kill myself right now.
65,24,Ses03F_impro08_M,anger,A free calling card?
65,25,Ses03F_impro08_F,neutral,"Do you have a land line, sir?"
65,26,Ses03F_impro08_M,neutral,"No, I don't have a land line."
65,27,Ses03F_impro08_F,neutral,"Okay, well, we will send you- We will reimburse you for the amount of minutes that you-"
65,28,Ses03F_impro08_F,neutral,-on average would use.
65,29,Ses03F_impro08_M,anger,"That's it? Okay, yeah.  What else?"
65,30,Ses03F_impro08_F,neutral,"And we will probably send you a calling card.  I'm very sorry.  You're just going to have to be patient, sir."
65,31,Ses03F_impro08_M,anger,"Okay, I need more than this.  Are you going to give me a little bit more?"
65,32,Ses03F_impro08_F,neutral,"No, we don't just give you things.  We're- we're-"
65,33,Ses03F_impro08_F,neutral,we compensating you for all your-
65,34,Ses03F_impro08_M,frustration,So you take things from me and you expect me just to wait around.
65,35,Ses03F_impro08_F,frustration,"No no, we're not taking anything from you sir.  This is- This is unbeknownst to us.  The problem had just happened."
65,36,Ses03F_impro08_F,frustration,The satellite-is down in your area.
65,37,Ses03F_impro08_M,frustration,"Okay, so you think you're going to-  -get me back some minutes, and that's going to make up for three days of business that I lost?  Okay, great."
65,38,Ses03F_impro08_F,frustration,"No, three days, sir.  It's not three days. It's- It's only been about a day now. Let's not exaggerate."
65,39,Ses03F_impro08_M,frustration,"No, it's been--three days."
65,40,Ses03F_impro08_M,frustration,"Fine, it's been a day.  Okay?"
65,41,Ses03F_impro08_F,neutral,Three days?
65,42,Ses03F_impro08_F,neutral,A day?
65,43,Ses03F_impro08_M,neutral,A day's worth of business.  You know how much I make in a day?
65,44,Ses03F_impro08_F,neutral,"I don't know, sir."
65,45,Ses03F_impro08_M,neutral,About three million dollars.
65,46,Ses03F_impro08_F,neutral,"Oh, well, I'm sorry about that. Umm- We-"
65,47,Ses03F_impro08_M,neutral,"So, you're going to give me back ten dollars worth of minutes--"
65,48,Ses03F_impro08_M,neutral,-to make up the three million dollars.
65,49,Ses03F_impro08_F,neutral,"Well, ten hours worth of minutes--"
65,50,Ses03F_impro08_F,neutral,is what's going to happen.
65,51,Ses03F_impro08_M,neutral,"Ten hours? So, basically, a day's worth of minutes which I pay forty dollars a month from it."
65,52,Ses03F_impro08_M,neutral,Yeah.
65,53,Ses03F_impro08_F,neutral,"Sir,"
65,54,Ses03F_impro08_M,neutral,So you're giving me a dollar back.
65,55,Ses03F_impro08_F,neutral,"what I would like what I'm advising you to do now is just to write down all of your problems that you-you feel that--You know, haven't been addressed, fax it to us-"
65,56,Ses03F_impro08_M,frustration,"Oh, my God."
65,57,Ses03F_impro08_F,neutral,and we will take care of it if anything happens.  But all we can do now is ask for your patience.
65,58,Ses03F_impro08_F,neutral,Okay? Thank you for calling.  Goodbye.
66,0,Ses03F_script01_1_F,neutral,What's he going to say? Maybe we ought to talk to him before he sees it.
66,1,Ses03F_script01_1_M,neutral,He saw it.
66,2,Ses03F_script01_1_F,neutral,"What-how did he see it? I mean, I was the first one up. He was still in bed."
66,3,Ses03F_script01_1_M,neutral,He was out there when it happened.
66,4,Ses03F_script01_1_F,neutral,When?
66,5,Ses03F_script01_1_M,neutral,"Um, about four this morning. Uh- I heard a crack and I looked out and I saw him standing there."
66,6,Ses03F_script01_1_F,neutral,What was he doing out at four in the morning?
66,7,Ses03F_script01_1_M,neutral,I don't know. But after it cracked he went back in the house and he cried in the kitchen.
66,8,Ses03F_script01_1_F,neutral,Did you talk to him?
66,9,Ses03F_script01_1_M,neutral,"No, I uh-, I figured the best thing to do was to leave him alone."
66,10,Ses03F_script01_1_F,neutral,"He cried hard, huh?"
66,11,Ses03F_script01_1_M,neutral,I could hear it right through the floor.
66,12,Ses03F_script01_1_F,neutral,What was he doing out there at that time? He was dreaming about him again. He's walking around at night again.
66,13,Ses03F_script01_1_M,neutral,I guess he is.
66,14,Ses03F_script01_1_F,neutral,"Could he-he's acting just like he did after he died, you know?"
66,15,Ses03F_script01_1_F,neutral,What's the meaning in that?
66,16,Ses03F_script01_1_M,neutral,I don't know.
66,17,Ses03F_script01_1_M,neutral,"But I know one thing, mom. We've made a terrible mistake with dad."
66,18,Ses03F_script01_1_F,neutral,"Well, what do you mean? What?"
66,19,Ses03F_script01_1_M,neutral,Being dishonest with him. That kind of thing always pays off and now it's paying off.
66,20,Ses03F_script01_1_F,neutral,"What do you mean, dishonest?"
66,21,Ses03F_script01_1_M,neutral,You know Larry's not coming back and I know that too. Why do we go on letting him think that we believe with him?
66,22,Ses03F_script01_1_F,frustration,"What, you're going to argue with him?"
66,23,Ses03F_script01_1_M,frustration,"No, I don't want to argue with him, but it's time that he realized that no one believes that Larry's coming back anymore."
66,24,Ses03F_script01_1_F,frustration,You can't tell him that.
66,25,Ses03F_script01_1_M,frustration,We got to tell him that.
66,26,Ses03F_script01_1_F,frustration,We can't. It just won't work.
66,27,Ses03F_script01_1_M,frustration,"You know, for God's sakes it's been three years. No one comes back after three years. It's insane."
66,28,Ses03F_script01_1_F,neutral,They do come back.
66,29,Ses03F_script01_1_F,neutral,"I know, but he doesn't know that."
66,30,Ses03F_script01_1_F,neutral,Three years has been a long time.
66,31,Ses03F_script01_1_M,frustration,"All right. Just- Sit down, mom. I want to talk to you."
66,32,Ses03F_script01_1_F,anger,"It's those Goddamn newspapers, you know? I mean, it's like every day they come out with this new person that comes along. And the next one's going to be Larry."
66,33,Ses03F_script01_1_M,frustration,"All right. All right. Just come on, sit down."
66,34,Ses03F_script01_1_F,frustration,What?
66,35,Ses03F_script01_1_M,neutral,"You know-you know why I asked Annie here, right?"
66,36,Ses03F_script01_1_F,neutral,Why?
66,37,Ses03F_script01_1_M,neutral,You know.
66,38,Ses03F_script01_1_F,neutral,"Well, I have an idea, but go on, tell me, what's the story?"
66,39,Ses03F_script01_1_M,neutral,I want to ask her to marry me.
66,40,Ses03F_script01_1_F,neutral,"Well, that's only your business, Chris."
66,41,Ses03F_script01_1_M,frustration,"Come on, you know that's not only my business."
66,42,Ses03F_script01_1_F,frustration,"Well, it is. I mean, what do you want me to do? You're grown up; you know what's going on in your mind."
66,43,Ses03F_script01_1_M,neutral,So it's all right. I'll just go ahead with it.
66,44,Ses03F_script01_1_F,frustration,"Well, you better make sure your father's not- No- I'm just saying."
66,45,Ses03F_script01_1_M,anger,"See, then it's not just my business. God, you have"
66,46,Ses03F_script01_1_M,anger,"-Oh, you infuriate me sometimes. You know, it's not just my business too if dad throws a fit."
66,47,Ses03F_script01_1_M,neutral,God. You have such a talent for ignoring things.
66,48,Ses03F_script01_1_F,frustration,"Yeah, well I ignore what I got to ignore."
66,49,Ses03F_script01_1_F,frustration,And she-she's Larry's girl.
66,50,Ses03F_script01_1_M,neutral,"No, she is not Larry's girl."
66,51,Ses03F_script01_1_F,frustration,"Well, from your father's point of view she is. I mean, he's still alive. You've got no right to take her."
66,52,Ses03F_script01_1_F,neutral,"If you go on from that point, I don't know where you go."
66,53,Ses03F_script01_1_F,frustration,"'Cause listen, I'm telling you, I don't know where to go from there. Do you?"
66,54,Ses03F_script01_1_M,neutral,"Oh, I don't know."
66,55,Ses03F_script01_1_F,frustration,What do you want from me?
66,56,Ses03F_script01_1_M,sadness,"Every time I reach out for something I have to pull back because other people will suffer. My whole entire life, time and time after time."
66,57,Ses03F_script01_1_F,neutral,You're a considerate fella and there's nothing wrong in that.
66,58,Ses03F_script01_1_M,anger,To hell with that.
66,59,Ses03F_script01_1_F,neutral,There's nothing wrong with it.
66,60,Ses03F_script01_1_M,neutral,I didn't ask Annie yet.
66,61,Ses03F_script01_1_F,frustration,You didn't ask her yet?
66,62,Ses03F_script01_1_M,neutral,I wanted to get this settled first.
66,63,Ses03F_script01_1_F,neutral,"Well, how do you know she's going to marry you? I mean, what if she feels the same way as your father?"
66,64,Ses03F_script01_1_M,neutral,Well then I guess it's over then. But from her letters I think she's forgotten him.
66,65,Ses03F_script01_1_M,neutral,"I'll find out. But then after it's all over we'll thrash it out with dad, right?"
66,66,Ses03F_script01_1_M,frustration,"Mom, don't avoid me."
66,67,Ses03F_script01_1_F,frustration,"You know, the trouble is you've never had enough women. No, you never did."
66,68,Ses03F_script01_1_M,frustration,So what? I'm not fast with women.
66,69,Ses03F_script01_1_F,frustration,I don't understand why it has to be her.
66,70,Ses03F_script01_1_M,neutral,Because it is.
66,71,Ses03F_script01_1_F,frustration,"That's a good answer, but it doesn't answer anything."
66,72,Ses03F_script01_1_M,frustration,I just-
66,73,Ses03F_script01_1_F,frustration,"I mean, you haven't seen her since the war. I mean, it's been five years."
66,74,Ses03F_script01_1_M,neutral,It just is. I-
66,75,Ses03F_script01_1_M,frustration,"I grew up with her. Okay. All these years, when I think of someone I want to be my wife I think of Annie. What do you want, a diagram?"
66,76,Ses03F_script01_1_F,frustration,"No, I don't want a diagram."
66,77,Ses03F_script01_1_F,frustration,"He thinks he's coming back. You go-go on and marry her, I mean, you're pronouncing her dead. And what's going to happen to your father, huh? I don't know. Do you?"
66,78,Ses03F_script01_1_M,frustration,"Okay. All right, then."
66,79,Ses03F_script01_1_F,frustration,"Just, listen. Give it more thought, is all."
66,80,Ses03F_script01_1_M,frustration,"No, I've given it three years of thought."
66,81,Ses03F_script01_1_M,neutral,And I thought that if I waited then dad would forget about Larry and then we could have a regular wedding and everything happy.
66,82,Ses03F_script01_1_M,neutral,But if I can't have that here then I'll get out.
66,83,Ses03F_script01_1_F,neutral,What the hell is this?
66,84,Ses03F_script01_1_M,neutral,I'll get out. I'll marry her somewhere else. Maybe New York.
66,85,Ses03F_script01_1_F,neutral,You're crazy.
66,86,Ses03F_script01_1_M,neutral,I've been a sucker too long. I'm through with it.
66,87,Ses03F_script01_1_F,frustration,You're what-you're going to leave the business? But you can't do that. What the hell is this?
66,88,Ses03F_script01_1_M,frustration,The business. The business doesn't inspire me.
66,89,Ses03F_script01_1_F,frustration,"Oh, you have to be inspired."
66,90,Ses03F_script01_1_M,anger,Yes. I like it an hour out of the day. If I have to grub for money all day long at least that evening I want it beautiful. I want a wife. I want a family. I want some kids. I want to build something I can give myself to.
66,91,Ses03F_script01_1_M,anger,"Now, Annie's in the middle of all that."
66,92,Ses03F_script01_1_M,neutral,"Now, where do I find it?"
66,93,Ses03F_script01_1_F,neutral,Tell me something.
66,94,Ses03F_script01_1_F,neutral,You'd leave that business.
66,95,Ses03F_script01_1_M,neutral,Yes. On this I would.
66,96,Ses03F_script01_1_F,frustration,You can't do that.
66,97,Ses03F_script01_1_M,neutral,Then help me stay here.
66,98,Ses03F_script01_1_F,frustration,"All right, but you can't do that. You can't talk like that."
66,99,Ses03F_script01_1_M,neutral,Okay. Just-
66,100,Ses03F_script01_1_F,frustration,"We've worked all our lives for you. Only for you, Chris. The whole shootin' match is for you."
66,101,Ses03F_script01_1_M,frustration,"Yeah, I know, I know, just help me stay here, all right?"
66,102,Ses03F_script01_1_F,neutral,I'm going to.
66,103,Ses03F_script01_1_F,neutral,You just can't talk like that.
66,104,Ses03F_script01_1_M,neutral,I am thinking like that.
66,105,Ses03F_script01_1_F,neutral,"I don't know you, do I?"
66,106,Ses03F_script01_1_M,neutral,"No, you don't. I'm a pretty tough guy."
66,107,Ses03F_script01_1_F,neutral,Yeah. I can see that.
67,0,Ses03F_script01_2_F,anger,Why did you invite her here?
67,1,Ses03F_script01_2_M,neutral,Why? Does that bother you?
67,2,Ses03F_script01_2_F,anger,She's been in New York for three-and-a-half years. She don't just suddenly come and-
67,3,Ses03F_script01_2_M,neutral,"Well, maybe, maybe he just wanted to see her."
67,4,Ses03F_script01_2_F,anger,You don't travel seven hundred miles just to see.
67,5,Ses03F_script01_2_M,neutral,"What do you mean? They lived next door to each other their entire lives. Why shouldn't he want to see her? Hey, don't look at me like that. I don't know anymore than you do."
67,6,Ses03F_script01_2_F,neutral,He's not going to marry her.
67,7,Ses03F_script01_2_M,neutral,How do you know he's even thinking about it?
67,8,Ses03F_script01_2_F,anger,It's got that about it.
67,9,Ses03F_script01_2_M,neutral,"Well, so what?"
67,10,Ses03F_script01_2_F,neutral,"What's going on here, Joe?"
67,11,Ses03F_script01_2_M,frustration,"Listen, kid-"
67,12,Ses03F_script01_2_F,anger,She's not Larry's girl. She knows that.
67,13,Ses03F_script01_2_M,neutral,You can't read her mind.
67,14,Ses03F_script01_2_F,neutral,Then why is she married? Then why isn't she married? She's been in New York and there's hundreds of single men there.
67,15,Ses03F_script01_2_F,neutral,"I'm sure hundreds of them asked her and told her that she's foolish, but no."
67,16,Ses03F_script01_2_F,neutral,She's waited.
67,17,Ses03F_script01_2_M,neutral,How do you know why she's waited?
67,18,Ses03F_script01_2_F,neutral,"Because she thinks like me, that's why."
67,19,Ses03F_script01_2_F,sadness,"She's faithful as a rock, don't you know. In my worst moments I can think of her-"
67,20,Ses03F_script01_2_F,neutral,"I think again, that I'm-I'm right."
67,21,Ses03F_script01_2_M,neutral,"Look, it's a nice day. What are we arguing for?"
67,22,Ses03F_script01_2_F,anger,"Nobody in my house better ever dare-dare to challenge her faith. Maybe strangers, but not his father, not his brother."
67,23,Ses03F_script01_2_M,neutral,Calm yourself.
67,24,Ses03F_script01_2_F,neutral,Because he's not coming back. Then what do I got to live for? I'll kill myself.
67,25,Ses03F_script01_2_M,frustration,Calm yourself.
67,26,Ses03F_script01_2_F,anger,"Don't, don't laugh at me, don't laugh at me."
67,27,Ses03F_script01_2_F,anger,"Look at it. Because why, when she came here and she slept in his room, the memorial broke into pieces. Look at it, look at it, Joe."
67,28,Ses03F_script01_2_M,anger,All right. All right. Calm yourself.
67,29,Ses03F_script01_2_F,neutral,"You got to believe, believe with me because I can't stand all alone."
67,30,Ses03F_script01_2_M,frustration,Okay. Just calm yourself.
67,31,Ses03F_script01_2_F,sadness,"No, you've got to believe."
67,32,Ses03F_script01_2_F,neutral,"Believe, Joe. You above all people have got to believe."
67,33,Ses03F_script01_2_M,anger,"Why me, above all?"
67,34,Ses03F_script01_2_M,anger,Huh?
67,35,Ses03F_script01_2_M,anger,Why me above all?
67,36,Ses03F_script01_2_F,sadness,You got to keep believing.
67,37,Ses03F_script01_2_M,anger,"Look at you, you're shaking."
67,38,Ses03F_script01_2_F,sadness,I can't help it.
67,39,Ses03F_script01_2_M,anger,What have I got to hide?
67,40,Ses03F_script01_2_M,anger,"Huh? What the hell's the matter with you, Kate?"
68,0,Ses03F_script01_3_F,happiness,You're the only one I know that still loves his parents.
68,1,Ses03F_script01_3_M,happiness,"Yeah. I know. It went out of style, didn't it?"
68,2,Ses03F_script01_3_F,happiness,"No, it's all right. There's nothing wrong in that, you know."
68,3,Ses03F_script01_3_F,happiness,It's really lovely here. The air is sweet.
68,4,Ses03F_script01_3_M,neutral,You're not sorry you came?
68,5,Ses03F_script01_3_F,sadness,No. I'm not sorry. It's-
68,6,Ses03F_script01_3_F,neutral,I can't stay.
68,7,Ses03F_script01_3_M,neutral,Why not?
68,8,Ses03F_script01_3_F,frustration,"Well, for one thing, your mother so much has told me to go. [LAUGHTER]."
68,9,Ses03F_script01_3_M,neutral,Well-
68,10,Ses03F_script01_3_F,neutral,"Look,"
68,11,Ses03F_script01_3_F,neutral,"you've been acting kind of, well, you know."
68,12,Ses03F_script01_3_M,neutral,What?
68,13,Ses03F_script01_3_F,sadness,"Well, you've been embarrassed ever since I came."
68,14,Ses03F_script01_3_M,neutral,"Yes, I guess I have been. But it's going from me now."
68,15,Ses03F_script01_3_M,happiness,"Oh look, um, well, the thing is, I was planning on, planning on sort of sneaking up on you over a week or so, and they-they take it for granted we're all set."
68,16,Ses03F_script01_3_F,neutral,Yeah.
68,17,Ses03F_script01_3_M,neutral,How did you know?
68,18,Ses03F_script01_3_F,neutral,"Yeah, they would. Especially your mom."
68,19,Ses03F_script01_3_M,neutral,"Well, uh- would you want to?"
68,20,Ses03F_script01_3_M,happiness,"I, I guess that's why I asked you to come."
68,21,Ses03F_script01_3_F,happiness,"Well, I mean,"
68,22,Ses03F_script01_3_M,happiness,"Oh, Annie."
68,23,Ses03F_script01_3_F,happiness,"from her opinion, why else would I come here?"
68,24,Ses03F_script01_3_M,happiness,"Annie, I love you."
68,25,Ses03F_script01_3_M,happiness,I love you a great deal.
68,26,Ses03F_script01_3_M,happiness,I-I love you. I have no imagination. That's all I know how to tell it.
68,27,Ses03F_script01_3_F,happiness,"Well, I guess that's why I came."
68,28,Ses03F_script01_3_M,happiness,"I'm embarrassing you. I didn't want to tell you it here. I wanted to go somewhere that would be brand-new to each other. It feels wrong here, don't you? This yard and this chair."
68,29,Ses03F_script01_3_M,happiness,I don't want to win you from anybody. I want you to be ready for me.
68,30,Ses03F_script01_3_F,happiness,"I've been ready for a long, long time."
68,31,Ses03F_script01_3_M,neutral,Then he's gone forever. You're sure?
68,32,Ses03F_script01_3_F,neutral,Look
68,33,Ses03F_script01_3_F,neutral,I was almost married two years ago.
68,34,Ses03F_script01_3_M,neutral,Why didn't you?
68,35,Ses03F_script01_3_F,neutral,'Cause you started to write me.
68,36,Ses03F_script01_3_M,happiness,You felt something that far back?
68,37,Ses03F_script01_3_F,happiness,Every day since.
68,38,Ses03F_script01_3_M,happiness,Why didn't you let me know?
68,39,Ses03F_script01_3_F,neutral,"Well, I don't know, you didn't write until then and then when you did, what'd you say?"
68,40,Ses03F_script01_3_F,neutral,You always can be so ambiguous.
68,41,Ses03F_script01_3_M,happiness,"Give me a kiss, Annie."
68,42,Ses03F_script01_3_M,happiness,Give me-
68,43,Ses03F_script01_3_M,neutral,"[LAUGHTER]. God, I kissed Annie. I kissed Annie. How long, how long I've been waiting to kiss you."
68,44,Ses03F_script01_3_F,happiness,I don't know if I ever can forgive you for that. Why'd you wait so long? I sat in my room wondering if I was crazy for thinking about you.
68,45,Ses03F_script01_3_M,happiness,We're going to live now. I'm going to make you so happy.
68,46,Ses03F_script01_3_F,neutral,"Not like that, you're not."
68,47,Ses03F_script01_3_M,happiness,I kissed you.
68,48,Ses03F_script01_3_F,happiness,"Like Larry's brother. Do it like you, Chris."
68,49,Ses03F_script01_3_F,neutral,What is it?
68,50,Ses03F_script01_3_M,sadness,Let's drive somewhere. I want to be alone with you.
68,51,Ses03F_script01_3_F,sadness,No. What is it? Is it your mother?
68,52,Ses03F_script01_3_M,neutral,"No, no, no, no. Nothing like that."
68,53,Ses03F_script01_3_F,sadness,"Well then tell me what's wrong. I mean, even in your letters there's something ashamed."
68,54,Ses03F_script01_3_M,sadness,"Yeah. I guess there is. I guess I was, but uh- it's going from me now."
68,55,Ses03F_script01_3_F,sadness,You should tell me.
68,56,Ses03F_script01_3_M,sadness,I don't know where to start.
68,57,Ses03F_script01_3_F,sadness,"But, Chris, it wouldn't work like this."
68,58,Ses03F_script01_3_M,sadness,You know when I went overseas. I said I was in command of a company.
68,59,Ses03F_script01_3_F,sadness,"Yeah, sure."
68,60,Ses03F_script01_3_M,sadness,"Well, I lost them."
68,61,Ses03F_script01_3_F,sadness,How many?
68,62,Ses03F_script01_3_M,sadness,Just about all.
68,63,Ses03F_script01_3_F,sadness,Geez.
68,64,Ses03F_script01_3_M,sadness,It takes a little while to toss that off. Because they weren't just men.
68,65,Ses03F_script01_3_M,sadness,"For instance, one time, it had to have been raining several days. There was this one kid, he came up to me and he gave me his last pair of dry socks. Put them in my pocket."
68,66,Ses03F_script01_3_M,sadness,"I mean, that's-that's only a little thing, but that's the kind of guys I had. They didn't just die. They killed themselves for each other. And I mean that exactly. A little more selfish and they'd still be here today."
68,67,Ses03F_script01_3_M,sadness,"And I, and I thought something watching them go down."
68,68,Ses03F_script01_3_M,sadness,"Everything was being destroyed, see, but there was one new thing that was being created. A kind of responsibility, man for man. You understand me?"
68,69,Ses03F_script01_3_M,sadness,And to show that-to bring that onto the earth like some sort of monument standing right behind us where everyone could feel it and it would make a difference to him.
68,70,Ses03F_script01_3_M,sadness,And I came back here and it was incredible. There was no meaning in that here. The whole thing to them was a bus accident.
68,71,Ses03F_script01_3_M,sadness,And I went to work with dad and that rat race again. And I felt what you said-ashamed somehow. Because nobody was changed at all. It seemed to make a sucker out of a lot of guys.
68,72,Ses03F_script01_3_M,sadness,"And I felt wrong to be alive. To drive the car, to see the new checkbook, to see the new refrigerator. I mean, you can take those things out of the war. But you got to know that when you drive that car that that came out of the love a man can have for another man. And you got to be a little bit better because of that."
68,73,Ses03F_script01_3_M,sadness,"Otherwise, what you have here is loot; and there's blood on it."
68,74,Ses03F_script01_3_M,sadness,And I didn't want to take any of it.
68,75,Ses03F_script01_3_M,sadness,And I guess that included you.
68,76,Ses03F_script01_3_F,sadness,And you still feel that way?
68,77,Ses03F_script01_3_M,neutral,"I want you now, Annie."
68,78,Ses03F_script01_3_F,sadness,"Because you can't feel that way, never again, Chris. You hear me? Never. I mean, the money and me too."
68,79,Ses03F_script01_3_F,neutral,"I mean, there's nothing wrong in that money, and your father put good planes up in the air and you should be proud of that. A man should be paid for that."
68,80,Ses03F_script01_3_M,happiness,"Annie,"
68,81,Ses03F_script01_3_M,happiness,"Annie, I'm going to make a fortune for you."
68,82,Ses03F_script01_3_F,happiness,What am I going to do with a fortune?
69,0,Ses03F_script02_1_M,neutral,"Hey, what time is it? They're supposed to run around midnight, right? God, this is great, isn't it?"
69,1,Ses03F_script02_1_M,neutral,Look at the night we got; couldn't be better.
69,2,Ses03F_script02_1_M,neutral,"You know actually, I wanted to go a little further up the coast to get away from all the, the people and the lights, and uh- but I thought we'd miss it. Hey, how you doing?"
69,3,Ses03F_script02_1_F,sadness,Fine.
69,4,Ses03F_script02_1_M,neutral,"Oh, is that-is that-now, is that just foam, uhh, I can't even tell."
69,5,Ses03F_script02_1_M,neutral,"Oh, though if I can't tell it probably isn't them, right? It probably would be unmistakable, wouldn't you think? Hey, how you doing?"
69,6,Ses03F_script02_1_M,neutral,"Oh, do you know what I forgot? I forgot my flashlight. How could I be so stupid. Oh, I-I should have brought my flashlight."
69,7,Ses03F_script02_1_F,neutral,What flashlight?
69,8,Ses03F_script02_1_M,neutral,"Uh- you know, the flashlight. The silver one. There's only one, isn't there?"
69,9,Ses03F_script02_1_F,neutral,That's not your flashlight; it's ours. It's mine too.
69,10,Ses03F_script02_1_M,neutral,"Oh, well, sure."
69,11,Ses03F_script02_1_F,anger,"I don't understand why you're always saying oh, it's mine, it's mine. It's not like it's just your flashlight. I mean, how do you think that makes me feel?"
69,12,Ses03F_script02_1_M,neutral,"No, of course. Yours and mine. Our flashlight. Yours and mine. Mi flashlight is su flashlight. Naturally."
69,13,Ses03F_script02_1_M,neutral,We should have brought our flashlight. I can't believe we forgot to bring it.
69,14,Ses03F_script02_1_M,neutral,I hope the moon stays out.
69,15,Ses03F_script02_1_M,neutral,"Hey, do they always run during a full moon? I can't remember if it was full last year. Do you remember?"
69,16,Ses03F_script02_1_F,neutral,Yes.
69,17,Ses03F_script02_1_M,neutral,Are you cold? Do you want my jacket?
69,18,Ses03F_script02_1_M,neutral,"We should have brought the blanket. Oh, why didn't we bring the blanket? Our blanket."
69,19,Ses03F_script02_1_M,neutral,"You know what would be good right now? A six-pack. Ah, I can't believe I forgot a six-pack. A six-pack would be just the ticket right about now."
69,20,Ses03F_script02_1_M,neutral,I'm so stupid. I'm like a little kid. I-it's amazing I get out of the house with my fly zipped. Oh- [LAUGHTER].
69,21,Ses03F_script02_1_M,neutral,I wonder if they can hear us talk. Or hear the vibrations in the sand when we move.
69,22,Ses03F_script02_1_F,neutral,I'm cold.
69,23,Ses03F_script02_1_M,neutral,Do you want my jacket?
69,24,Ses03F_script02_1_F,neutral,"It's past eleven, let's go home."
69,25,Ses03F_script02_1_M,neutral,What? Are you kidding me? We just got here. We'd miss it. What's the point of coming down there if we just turn around and go home?
69,26,Ses03F_script02_1_F,neutral,There is no point in coming down here.
69,27,Ses03F_script02_1_M,neutral,Right.
69,28,Ses03F_script02_1_F,neutral,That's my point.
69,29,Ses03F_script02_1_M,neutral,"Yeah, that's my point too."
69,30,Ses03F_script02_1_F,neutral,"Well, so let's go."
69,31,Ses03F_script02_1_M,neutral,"No. No, no, no, that's not my point. My point is there's no point in coming down here if we just turn around and leave."
69,32,Ses03F_script02_1_M,neutral,"I mean, don't you want to see it?"
69,33,Ses03F_script02_1_F,sadness,Not particularly.
69,34,Ses03F_script02_1_M,neutral,Why not?
69,35,Ses03F_script02_1_F,sadness,I don't know. I just don't.
69,36,Ses03F_script02_1_M,neutral,"Honey, this is a natural-this is a natural phenomenon. I mean, it only happens once a year. This is, this is a great opportunity. Think about the people in Kansas. They would have to get a plane ticket and hotel reservation to come and see this. We're only forty minutes away. This is too good to pass up."
69,37,Ses03F_script02_1_F,anger,Pass up what? A bunch of fish. They swim up to the beach and they flop around and they swim away and then they die.
69,38,Ses03F_script02_1_M,neutral,Yeah. But that moment on the beach is the highlight of their little lives. And all that flopping around is laying eggs or what you-spawning or mating or something like that.
69,39,Ses03F_script02_1_M,neutral,"I mean, this is the big night for these guys. Life's last orgy."
69,40,Ses03F_script02_1_F,frustration,"I don't know why you're getting so excited. I mean, it's not like the landing of the moon or something. It's just fish. Fish that nobody eats."
69,41,Ses03F_script02_1_M,neutral,"Yeah, they do."
69,42,Ses03F_script02_1_F,frustration,"Oh, God, Augie."
69,43,Ses03F_script02_1_M,neutral,"What, okay, then it's fish that do something no other fish do. Like the swallows in Capistrano or the lemmings who throw themselves off the cliffs."
69,44,Ses03F_script02_1_M,neutral,"There's magic here and mystery and a little bit of the unexplainable. I mean, I don't see how you cannot be interested."
69,45,Ses03F_script02_1_F,neutral,"I'm just not. I mean, I'm sorry, it just-they're still fish to me."
69,46,Ses03F_script02_1_M,neutral,For real?
69,47,Ses03F_script02_1_F,neutral,Yes.
69,48,Ses03F_script02_1_M,neutral,I don't get it. The last time-the first time that we came to see it you said it was the best night of your life.
69,49,Ses03F_script02_1_M,neutral,And then last year when we came to see it you ran out of the house so fast that you stubbed your toe. And you didn't even notice until you got in the car.
69,50,Ses03F_script02_1_F,frustration,"Yes, and if you also remember, I got sand in my panties. We got into an argument about nothing. You got a sore throat and we never saw the grunions."
69,51,Ses03F_script02_1_M,neutral,We weren't in a good spot.
69,52,Ses03F_script02_1_F,frustration,"No, for God's sakes, we've never seen the grunions. We're not going to see them."
69,53,Ses03F_script02_1_M,frustration,"We just weren't in a good spot, all right? This is a much better spot. I have a good instinct for these things. Look, is that-"
69,54,Ses03F_script02_1_M,neutral,"no, that's just seaweed, isn't it? This is great, isn't it?"
69,55,Ses03F_script02_1_M,neutral,"I wouldn't miss this for anything. I mean, think about this. Okay, I know you're not interested, but just think about this for a minute."
69,56,Ses03F_script02_1_M,neutral,Somewhere out there there's this huge silver mass of fish heading this way. They don't know why. And we don't know why. Just some little instinctual time-release firecracker went off-went off in their bodies.
69,57,Ses03F_script02_1_M,neutral,"And they all, all as one, turned as one and formed this line as big as the California coast and started swimming this way. Swimming as if that's the only thing that matters."
69,58,Ses03F_script02_1_M,neutral,"You know, they didn't ask it a question. They didn't, they didn't take a vote. They didn't have an invitation or a map; they just started swimming as one."
69,59,Ses03F_script02_1_M,neutral,"its single-mindedness with one mind. Urgency that's pure urge. You know, they don't give it a name."
69,60,Ses03F_script02_1_M,neutral,"They don't ask it a question. They just, they just, they don't know what drives them. They just turn as one and start the swim that brings them to here"
69,61,Ses03F_script02_1_M,neutral,"where we stand for a massive celebration of sex and death. Oh, God, I'm giving myself goosebumps. Look, I'm all-all my hairs on my arms is sticking up."
69,62,Ses03F_script02_1_F,neutral,"Yeah, that's the wind."
69,63,Ses03F_script02_1_M,neutral,So what do you think?
69,64,Ses03F_script02_1_F,neutral,About what?
69,65,Ses03F_script02_1_M,neutral,About what I just said.
69,66,Ses03F_script02_1_F,neutral,It's ridiculous.
70,0,Ses03F_script02_2_M,neutral,So what do you think?
70,1,Ses03F_script02_2_F,neutral,About what?
70,2,Ses03F_script02_2_M,neutral,About what I was just saying.
70,3,Ses03F_script02_2_F,neutral,It's ridiculous.
70,4,Ses03F_script02_2_M,frustration,It certainly is not. It is slightly exaggerated scientific fact.
70,5,Ses03F_script02_2_F,neutral,"It's so P.R. I mean, somebody's giving you a good bill about this wonderful event that's going to happen on the beach."
70,6,Ses03F_script02_2_M,frustration,"Well, I'm not the only one. Look at all these people."
70,7,Ses03F_script02_2_F,neutral,Exactly. Everyone else is told the same thing. It keeps them feeling excited. Keeps them coming back. Keeps them thinking life's going to start at any minute now.
70,8,Ses03F_script02_2_M,frustration,Are we talking about the same thing?
70,9,Ses03F_script02_2_F,neutral,I don't care. It's still fish to me.
70,10,Ses03F_script02_2_M,neutral,"Carla, can I ask you something? Don't take this wrong, but are you having your period?"
70,11,Ses03F_script02_2_F,anger,"Augie, Goddamn it, don't ask me that. You always ask me that. Why do you ask me that? I hate it. It's insulting."
70,12,Ses03F_script02_2_M,frustration,"Okay, then what's bugging you?"
70,13,Ses03F_script02_2_F,frustration,"Look, it's-we just-we're looking at this evening in a different way, both of us. We both have different ideas of it."
70,14,Ses03F_script02_2_M,frustration,"There's nothing to it, alright? We come down here, the grunion arrive, they do their little fish business, we go ooh, ah, look at the fish, and then they go home and we go home."
70,15,Ses03F_script02_2_F,neutral,It's not like that.
70,16,Ses03F_script02_2_M,neutral,We're not seeing the grunions?
70,17,Ses03F_script02_2_F,frustration,"Look, Augie, we've never seen them. They're never going to come."
70,18,Ses03F_script02_2_M,frustration,We missed them twice. That's not ever.
70,19,Ses03F_script02_2_F,neutral,Twice is as many times as we've tried. That's ever.
70,20,Ses03F_script02_2_M,frustration,We'll see them this time.
70,21,Ses03F_script02_2_F,neutral,"No, we won't."
70,22,Ses03F_script02_2_F,neutral,"It's impossible. It's like waiting around. Waiting to see Santa Claus, you know?"
70,23,Ses03F_script02_2_F,anger,Like I feel like my whole life I've been just standing on this beach with my hands clasped waiting for these fish to show up and these fish never show up.
70,24,Ses03F_script02_2_M,frustration,"God, I thought you wanted to see it."
70,25,Ses03F_script02_2_F,frustration,I do.
70,26,Ses03F_script02_2_F,frustration,"Look, I did. I always do. But it's like every time I try nothing ever happens."
70,27,Ses03F_script02_2_M,frustration,It's just fish. Nothing to get traumatized over.
70,28,Ses03F_script02_2_F,frustration,"For God's sake, Augie, this is not about fish."
70,29,Ses03F_script02_2_M,frustration,"I've been turning this thing over in my head trying to figure out when the point was when we took a turn for the worse, and I can't seem to pinpoint it."
70,30,Ses03F_script02_2_M,frustration,"You were fine during the phone call from Marge. Dinner was okay. Doing the dishes was no problem. Let's see. I took a shower. You were watching the news. You said Augie, I think the grunion are running. I said great, let's go. I feel lucky tonight."
70,31,Ses03F_script02_2_M,frustration,"And so I'm getting the animals, putting the animals out in the yard. I'm putting on my jacket, getting the car out of the garage-"
70,32,Ses03F_script02_2_F,sadness,Do you remember the last time we came here?
70,33,Ses03F_script02_2_F,sadness,We thought I was pregnant.
70,34,Ses03F_script02_2_F,sadness,You brought a bottle of champagne.
70,35,Ses03F_script02_2_F,happiness,We took off our shoes and we danced barefoot in the sand. Under the moon.
70,36,Ses03F_script02_2_F,happiness,And you whispered so intimately in my ear so I could feel your words.
70,37,Ses03F_script02_2_F,happiness,"Oh, that moment-that was it."
70,38,Ses03F_script02_2_F,sadness,"I told myself finally, this is how happy I'm supposed to be."
70,39,Ses03F_script02_2_M,neutral,Wait a minute. I got it.
70,40,Ses03F_script02_2_F,happiness,Dancing barefoot in the sand. Drinking out of a bottle of champagne.
70,41,Ses03F_script02_2_M,neutral,"It was driving past the Knickerbocker Liquor Locker, right? You said let's get some champagne, and I said time's-a-wasting or something like that."
70,42,Ses03F_script02_2_M,neutral,"You want this to be like the other time, right? That's it. Right?"
70,43,Ses03F_script02_2_F,sadness,I don't want to remember something.
70,44,Ses03F_script02_2_F,sadness,Hope for some things.
70,45,Ses03F_script02_2_M,neutral,"Right. I got it. Of course. Listen, do you want to dance?"
70,46,Ses03F_script02_2_F,sadness,No.
70,47,Ses03F_script02_2_M,neutral,Do you want me to get some champagne?
70,48,Ses03F_script02_2_F,sadness,No.
70,49,Ses03F_script02_2_M,neutral,Take off our shoes?
70,50,Ses03F_script02_2_F,sadness,"No, no."
70,51,Ses03F_script02_2_M,frustration,What? What? Do you want me to breathe in your ear?
70,52,Ses03F_script02_2_F,frustration,No.
70,53,Ses03F_script02_2_M,frustration,Do you want to get married again? What? What? Do you want to get a divorce?
70,54,Ses03F_script02_2_F,frustration,No.
70,55,Ses03F_script02_2_F,anger,No.
70,56,Ses03F_script02_2_M,frustration,A vacation?
70,57,Ses03F_script02_2_F,frustration,No.
70,58,Ses03F_script02_2_M,frustration,A new carpet? A poodle?
70,59,Ses03F_script02_2_M,anger,"A-a back rub, some ice cream, a suicide pact. What the hell do you want, Carla?"
70,60,Ses03F_script02_2_F,frustration,I want things to turn out the way that they're supposed to be.
70,61,Ses03F_script02_2_M,frustration,"Jesus, welcome to the human race."
70,62,Ses03F_script02_2_M,neutral,Did you think this is how I thought it was going to turn out? Do you think I had some great fantasy down the line? That four years down the line that we'd come to the beach and argue with each other over fish?
70,63,Ses03F_script02_2_M,frustration,"No, I was just like you. I thought it was going to be all peaches and roses and everything great. And the wind in our hair and the sand in our toes, and the fish will always come and the bills will pay themselves, and we'll have three big fat rosy kids. And oh God."
70,64,Ses03F_script02_2_M,frustration,"You know what you get? The jokes on us, baby. Because do you know what you get? Huh? Carla? Do you know what you get? You get this."
70,65,Ses03F_script02_2_F,frustration,This what? What is this? This is nothing.
70,66,Ses03F_script02_2_M,frustration,"Yes, it is."
70,67,Ses03F_script02_2_F,anger,"No, it's not. It's standing on the beach waiting and fighting."
70,68,Ses03F_script02_2_M,frustration,Right.
70,69,Ses03F_script02_2_F,sadness,Things have never turned out anything the way that I thought they would be.
70,70,Ses03F_script02_2_M,frustration,"No, I know. Me neither."
70,71,Ses03F_script02_2_F,neutral,"I mean, this is, this is everything, and it's a lot, but"
70,72,Ses03F_script02_2_F,sadness,it's not something else. Do you know what I'm trying to say?
70,73,Ses03F_script02_2_M,frustration,"Well, I'm doing the best I can."
70,74,Ses03F_script02_2_F,sadness,"I know you are, Augie, and I know you wanted this evening to be nice, but I can't help thinking of being somewhere else."
70,75,Ses03F_script02_2_M,frustration,"Yeah, maybe if you were with someone else too."
70,76,Ses03F_script02_2_F,sadness,I didn't say that.
70,77,Ses03F_script02_2_M,neutral,"No, I know. But I know I don't make you happy."
70,78,Ses03F_script02_2_F,frustration,"Augie, anything I do I'd rather be doing with you."
70,79,Ses03F_script02_2_M,neutral,Yeah?
70,80,Ses03F_script02_2_F,frustration,"God, don't you know that? I mean, you're the one that probably wants to be with somebody else. Somebody that didn't take herself so seriously, could enjoy herself more."
70,81,Ses03F_script02_2_M,happiness,"Actually now that you mention it, no, I don't."
70,82,Ses03F_script02_2_F,happiness,"Well, I guess we're just in the wrong spart-spot with the right person."
70,83,Ses03F_script02_2_M,happiness,"Seemed like a pretty good spot to me. I mean, look at the view of the moon we've got from here."
70,84,Ses03F_script02_2_F,happiness,I noticed that. It's beautiful.
70,85,Ses03F_script02_2_F,happiness,You can see right over the water.
70,86,Ses03F_script02_2_F,neutral,"God, big old white moon."
70,87,Ses03F_script02_2_M,happiness,Look what we got here.
70,88,Ses03F_script02_2_F,neutral,You brought refreshments?
70,89,Ses03F_script02_2_M,happiness,It's not champagne.
70,90,Ses03F_script02_2_F,happiness,At least we won't need glasses.
70,91,Ses03F_script02_2_M,neutral,Are you still cold? Do you want to go home?
70,92,Ses03F_script02_2_F,neutral,So I was thinking you might be right.
70,93,Ses03F_script02_2_F,happiness,Maybe this is the right place after all.
70,94,Ses03F_script02_2_F,sadness,"I'm sorry, Augie."
70,95,Ses03F_script02_2_M,neutral,Shh.
70,96,Ses03F_script02_2_M,happiness,If we're very quiet the fish might come.
70,97,Ses03F_script02_2_F,neutral,Or not.
70,98,Ses03F_script02_2_M,happiness,Or not.
71,0,Ses03F_script03_1_M,neutral,Oh.
71,1,Ses03F_script03_1_F,neutral,[BREATHING]
71,2,Ses03F_script03_1_M,neutral,Good God.
71,3,Ses03F_script03_1_F,neutral,Do you think it's them?
71,4,Ses03F_script03_1_M,neutral,I wonder.
71,5,Ses03F_script03_1_F,neutral,"I mean, nobody knows we're here except for Freda and she wouldn't ring up."
71,6,Ses03F_script03_1_M,neutral,It must be them then.
71,7,Ses03F_script03_1_F,neutral,What are we to do?
71,8,Ses03F_script03_1_M,neutral,"We're all right, aren't we darling? Whatever happens."
71,9,Ses03F_script03_1_F,neutral,"Yes. Now and always, sweet."
71,10,Ses03F_script03_1_M,neutral,Then I don't care.
71,11,Ses03F_script03_1_F,neutral,It was bound to come sooner or later.
71,12,Ses03F_script03_1_M,neutral,"Hello? Hello? What? Ugh, wrong number."
71,13,Ses03F_script03_1_F,neutral,"[LAUGHTER] God, it sent shivers up my spine."
71,14,Ses03F_script03_1_M,neutral,"things that should matter dreadfully don't seem to matter at all when one's happy, do they?"
71,15,Ses03F_script03_1_F,neutral,"Um terrible thing is one can't stay happy. Well, it's true. I mean, the whole business is a very poor joke."
71,16,Ses03F_script03_1_M,neutral,"Ooh darling, don't say that."
71,17,Ses03F_script03_1_M,neutral,"You mean that sacred and beautiful thing, love?"
71,18,Ses03F_script03_1_F,neutral,"Yes, meaning just that."
71,19,Ses03F_script03_1_M,neutral,What does it all mean? That's what I ask myself in my quest for ultimate truth. What does it all mean?
71,20,Ses03F_script03_1_F,neutral,Don't laugh at me. I'm serious.
71,21,Ses03F_script03_1_M,neutral,"[LAUGHTER]. You mustn't be serious, my dear one, that's what they want."
71,22,Ses03F_script03_1_F,neutral,Who's they?
71,23,Ses03F_script03_1_M,neutral,All the futile moralists who try to make life unbearable. Laugh at them. Be flippant. Laugh at all the sacred shibboleths. Flippancy brings out the acid in their damn sweetness and light.
71,24,Ses03F_script03_1_F,neutral,"Well, if I laugh at everything I'm going to have to laugh at us too."
71,25,Ses03F_script03_1_M,neutral,"Ooh, certainly you must. We're figures of fun, all right."
71,26,Ses03F_script03_1_F,neutral,"So how long is it going to last? This ludicrous, overbearing love of ours?"
71,27,Ses03F_script03_1_M,neutral,Who knows?
71,28,Ses03F_script03_1_F,neutral,Shall we always want to bicker and fight?
71,29,Ses03F_script03_1_M,neutral,No. The fire will fade along with our passion.
71,30,Ses03F_script03_1_F,sadness,"Oh dear, well, shall we want that?"
71,31,Ses03F_script03_1_M,neutral,Depends on how well we play it.
71,32,Ses03F_script03_1_F,sadness,"Well, what if happens if one of us is to die? Does the one that's left still laugh?"
71,33,Ses03F_script03_1_M,neutral,"Yes, yes. Yes, he must with all his might."
71,34,Ses03F_script03_1_F,neutral,"Well, that's serious enough."
71,35,Ses03F_script03_1_M,neutral,"No. No, it isn't. Death's very laughable. A cunning little mystery. All done with mirrors."
71,36,Ses03F_script03_1_F,neutral,"Darling, I believe you're talking nonsense."
71,37,Ses03F_script03_1_M,neutral,So is everyone else in the long run. Let's be superficial and pity the poor philosophers.
71,38,Ses03F_script03_1_M,neutral,"Let's blow strumpets, blow-blow trumpets and squeakers and party as much as we can like small quite idiotic school children. Let's savor the delight of the moment. Come, kiss me darling, before worms pop in and out of your eye sockets."
71,39,Ses03F_script03_1_F,neutral,"Elliott, worms don't pop."
71,40,Ses03F_script03_1_M,neutral,"I don't care what you do, see? As long-you can paint yourself bright green all over and dance naked in the Place Vendome and rush off madly with all the men in the world and I shan't say a word as long as you love me best."
71,41,Ses03F_script03_1_F,neutral,"Thank you, dear. The same applies to you. Except that if I ever so much as catch you looking at another woman I'll kill you."
71,42,Ses03F_script03_1_M,neutral,Remember that awful scene we had in Venice?
71,43,Ses03F_script03_1_F,neutral,Which particular one?
71,44,Ses03F_script03_1_M,neutral,The one when you bought that little painted wooden snake in the Piazza and put it in my bed.
71,45,Ses03F_script03_1_F,happiness,Oh Charles. That was his name. Charles. He did wiggle so beautifully.
71,46,Ses03F_script03_1_M,neutral,Horrible little thing. I hated it.
71,47,Ses03F_script03_1_F,neutral,I know you did. You threw it out the window and into the Grand Canal. I don't think I'll ever forgive you for that.
71,48,Ses03F_script03_1_M,neutral,How long did that row last?
71,49,Ses03F_script03_1_F,neutral,It went on intermittently for days.
71,50,Ses03F_script03_1_M,neutral,The worst one was in Cannes when your-your curling iron burnt a hole in my dressing gown.
71,51,Ses03F_script03_1_F,neutral,"Well, I burnt a hole in my comb too, and all the towels in the bathroom. [LAUGHTER]."
71,52,Ses03F_script03_1_F,happiness,yeah. And that was the first time you ever hit me.
71,53,Ses03F_script03_1_M,neutral,"That was a rouser, wasn't it?"
71,54,Ses03F_script03_1_F,happiness,The manager came in and found us rolling on the floor and biting and scratching like panthers. [LAUGHTER]
71,55,Ses03F_script03_1_M,neutral,I didn't hit you very hard.
71,56,Ses03F_script03_1_F,neutral,I know. Oh man. Couldn't believe it.
71,57,Ses03F_script03_1_M,neutral,"Oh, I will never forget his face. Ooh-rah [LAUGHTER]."
71,58,Ses03F_script03_1_M,neutral,We were very much younger then.
71,59,Ses03F_script03_1_F,neutral,"Yeah, and very much sillier."
71,60,Ses03F_script03_1_M,neutral,"Oh, the real cause of that row was Peter Burden."
72,0,Ses03F_script03_2_M,anger,"As a matter of fact, the real cause of that row was Peter Burden."
72,1,Ses03F_script03_2_F,neutral,You knew there was nothing in that.
72,2,Ses03F_script03_2_M,anger,I knew nothing of the sort. You took presents from him.
72,3,Ses03F_script03_2_F,neutral,Presents? It was only a small trivial little broach.
72,4,Ses03F_script03_2_M,anger,I remember it well. Bristling with diamonds. In the worst possible taste.
72,5,Ses03F_script03_2_F,neutral,Not at all. It was very pretty. And I wear it all the time. I still have it.
72,6,Ses03F_script03_2_M,neutral,You went out of your way to torture me over Peter Burden.
72,7,Ses03F_script03_2_F,neutral,"No, I didn't. You made that up all in your jealous imagination."
72,8,Ses03F_script03_2_M,neutral,You must admit that he was in love with you.
72,9,Ses03F_script03_2_F,neutral,"Just a little perhaps, but it was nothing serious."
72,10,Ses03F_script03_2_M,anger,You let him kiss you. You said so.
72,11,Ses03F_script03_2_F,neutral,"Well, what of it?"
72,12,Ses03F_script03_2_M,neutral,What of it?
72,13,Ses03F_script03_2_F,neutral,"Oh come on, it gave him a lot of pleasure and it didn't harm me."
72,14,Ses03F_script03_2_M,anger,What about me?
72,15,Ses03F_script03_2_F,neutral,"Well, if you hadn't been so suspicious and nosey you'd have never known anything about it."
72,16,Ses03F_script03_2_M,anger,"That's a nice point of view, I must say."
72,17,Ses03F_script03_2_F,neutral,"Well, it's true."
72,18,Ses03F_script03_2_M,neutral,Are you bored with this conversation?
72,19,Ses03F_script03_2_F,neutral,"I definitely, most definitely am."
72,20,Ses03F_script03_2_M,neutral,So am I. Bored stiff. Want some brandy?
72,21,Ses03F_script03_2_F,neutral,"No, thanks."
72,22,Ses03F_script03_2_M,neutral,"I'll have a little, I think."
72,23,Ses03F_script03_2_F,neutral,I don't see why you want it; you've already had two glasses.
72,24,Ses03F_script03_2_M,neutral,"No particular reason. Anyhow, they were very small ones."
72,25,Ses03F_script03_2_F,neutral,I don't see what's the point of going on and on about something like this.
72,26,Ses03F_script03_2_M,neutral,"Oh, my-you can hardly call three minute liquor glasses in the evening going on and on and on."
72,27,Ses03F_script03_2_F,neutral,It's become a habit with you.
72,28,Ses03F_script03_2_M,anger,You needn't be so grand just because you don't happen to want some yourself at the moment.
72,29,Ses03F_script03_2_F,anger,Don't be so stupid.
72,30,Ses03F_script03_2_M,anger,"Really, Amanda."
72,31,Ses03F_script03_2_F,anger,What?
72,32,Ses03F_script03_2_M,anger,Nothing.
72,33,Ses03F_script03_2_M,anger,"Going somewhere, dear?"
72,34,Ses03F_script03_2_F,neutral,No. Just making myself fascinating for you.
72,35,Ses03F_script03_2_M,neutral,That reply has broken my heart.
72,36,Ses03F_script03_2_F,neutral,"It's a woman's job to allure the man. Watch me, won't you, a minute?"
72,37,Ses03F_script03_2_M,neutral,"As a matter of fact, that's perfectly true."
72,38,Ses03F_script03_2_F,anger,"No, it isn't."
72,39,Ses03F_script03_2_M,anger,"Yes, it is."
72,40,Ses03F_script03_2_F,neutral,"No, it's not. I don't care."
72,41,Ses03F_script03_2_M,neutral,It's a pity you didn't have more brandy. It might have made you a little less disagreeable.
72,42,Ses03F_script03_2_F,neutral,"Well, it didn't seem to do such wonders with you, now did it?"
72,43,Ses03F_script03_2_M,neutral,"Oh, snap, snap, snap, like a little adder."
72,44,Ses03F_script03_2_F,frustration,"Adders don't snap, they sting."
72,45,Ses03F_script03_2_M,neutral,"Yes, they do. They have a big bag of venom behind their fangs and they snap."
72,46,Ses03F_script03_2_F,frustration,They sting.
72,47,Ses03F_script03_2_M,anger,They snap.
72,48,Ses03F_script03_2_F,anger,"I don't care. I don't care, do you understand? I don't care if they bark, if they roll over on the floor like hoops."
72,49,Ses03F_script03_2_M,neutral,"Uhh,"
72,50,Ses03F_script03_2_M,anger,did you see much of Peter Burden after our divorce?
72,51,Ses03F_script03_2_F,neutral,"Yes, I did, quite a lot actually."
72,52,Ses03F_script03_2_M,anger,"I imagine that you let him kiss you quite a bit more then, didn't you?"
72,53,Ses03F_script03_2_F,frustration,Mind your business.
72,54,Ses03F_script03_2_M,anger,You had a riotous-must have had a riotous time. No restraint at all. Very enjoyable. You never had much anyhow.
72,55,Ses03F_script03_2_F,anger,You are quite insufferable. I suppose it's because you're drunk.
72,56,Ses03F_script03_2_M,anger,I'm not in the least bit drunk.
72,57,Ses03F_script03_2_F,frustration,You've always had a weak head.
72,58,Ses03F_script03_2_M,anger,"Okay. As I mentioned before, I said I had three very minute liquor glasses. That's hardly enough to get a child of two drunk."
72,59,Ses03F_script03_2_F,neutral,"On the contrary, a child of two can get violently drunk on only one glass of brandy."
72,60,Ses03F_script03_2_M,neutral,"Oh, very interesting indeed. How about a child of four or a child of six or a child of nine. We might have a splendid little debate about this intemperate tots."
72,61,Ses03F_script03_2_F,frustration,Do shut up. Shut up.
72,62,Ses03F_script03_2_F,frustration,I don't want to talk about this anymore.
72,63,Ses03F_script03_2_M,neutral,You better turn that off.
72,64,Ses03F_script03_2_F,neutral,Why?
72,65,Ses03F_script03_2_M,neutral,It's very late and it will annoy the people upstairs.
72,66,Ses03F_script03_2_F,neutral,There aren't any people upstairs. It's a photographer's studio.
72,67,Ses03F_script03_2_M,anger,"Well, I suppose the people downstairs then."
72,68,Ses03F_script03_2_F,neutral,They're away in Tunis.
72,69,Ses03F_script03_2_M,neutral,This is no time of the year for Tunis.
72,70,Ses03F_script03_2_F,neutral,"Turn it on again, please."
72,71,Ses03F_script03_2_M,neutral,"No, I will do no such thing."
72,72,Ses03F_script03_2_F,anger,Turn it on.
72,73,Ses03F_script03_2_M,neutral,No.
72,74,Ses03F_script03_2_F,neutral,You've always had far too temperamental for yourself. You should try to control it.
72,75,Ses03F_script03_2_M,anger,Turn it off.
72,76,Ses03F_script03_2_F,anger,I will not. Go away. Go away. I hate you.
72,77,Ses03F_script03_2_M,anger,"Oh, very amusing, indeed. Amanda, listen-"
72,78,Ses03F_script03_2_F,anger,"Listen, indeed. No, no, no, no. I am sick and tired of listening to you, you sadistic bully."
72,79,Ses03F_script03_2_M,anger,Very amusing indeed.
72,80,Ses03F_script03_2_F,anger,"Stop it, stop it, I hate you, I loath you, you are overbearing and conceited and utterly impossible."
72,81,Ses03F_script03_2_M,anger,"You know, you're a vile, ill-tempered, wicked little beast and I hope that I never see you again as long as I live."
72,82,Ses03F_script03_2_F,anger,This is the end. Do you hear? The end. Now and forever.
72,83,Ses03F_script03_2_M,anger,"No, you're not going out like this. No you're not."
72,84,Ses03F_script03_2_F,anger,"Oh, yes I am."
72,85,Ses03F_script03_2_F,anger,"Yes I am. Let go of me. I hate you and I loath you. God, I can't believe I just finally realized how you are. I am never marry you. Never. Never, never, never. I would rather die in torment."
72,86,Ses03F_script03_2_M,anger,"Oh, shut up. Shut up. Shut up."
72,87,Ses03F_script03_2_M,anger,"I wouldn't marry you again if you came back crawling to me on your hands and knees because you're vile. You're a mean, evil-minded little vampire and I hope to God I never set eyes on you again."
72,88,Ses03F_script03_2_F,anger,"Beast or brute cad, swine beast beast brute."
73,0,Ses03M_impro01_M,frustration,"Hey listen here missy, I've been in this line for an hour and now I'm finally here.  So you're going to take my application."
73,1,Ses03M_impro01_F,neutral,Is that a demand sir?
73,2,Ses03M_impro01_M,frustration,It's not a demand it's a request.  Will you just take it?  Come on.
73,3,Ses03M_impro01_F,neutral,I must see it before I just take it.
73,4,Ses03M_impro01_M,neutral,Oh.  Look at it.
73,5,Ses03M_impro01_F,frustration,"Sir, you completely filled this out wrong."
73,6,Ses03M_impro01_F,neutral,No.  You filled out the back part.  You were supposed to fill out the front portion only.
73,7,Ses03M_impro01_M,neutral,What?
73,8,Ses03M_impro01_M,anger,What are you talking about?  It says fill out that part.
73,9,Ses03M_impro01_F,frustration,"No, no, no, no, no.  You're going to have to go back over on the other side-- --second door, up the stairs..."
73,10,Ses03M_impro01_M,frustration,Okay.
73,11,Ses03M_impro01_M,frustration,Oh my God. Can you just transfer it yourself?
73,12,Ses03M_impro01_F,frustration,No I can't just transfer it myself sir.  You got to do this.  Everyone else is doing the same thing.
73,13,Ses03M_impro01_M,frustration,You don't know! you can't write?  You don't know how to write?
73,14,Ses03M_impro01_F,frustration,Excuse me sir?
73,15,Ses03M_impro01_M,frustration,What's wrong with you people?  God.
73,16,Ses03M_impro01_F,frustration,I think you're being a little condescending.
73,17,Ses03M_impro01_F,frustration,You need to go back over there and fill it out again.
73,18,Ses03M_impro01_M,frustration,The information is on there.  Here I'll just fill it out right here.
73,19,Ses03M_impro01_F,frustration,"No, no, no, because there are other people in line.  You have to go get a complete new application."
73,20,Ses03M_impro01_M,frustration,"This will take like a minute, okay? Jesus."
73,21,Ses03M_impro01_F,neutral,"No, no, no. Sir,you need to get out of the line--"
73,22,Ses03M_impro01_M,anger,I'm not going anywhere.  I'm staying right here.
73,23,Ses03M_impro01_F,neutral,"Well I'm going to have to call- security because sir, you- there are hundreds of people waiting in line at this D.M.V.-- --We're closing in about half an hour..."
73,24,Ses03M_impro01_M,anger,"Hey,uh-- Well that's too bad cause I'm getting my license right now."
73,25,Ses03M_impro01_F,frustration,"You will get your license, sir, you have to go fill out-- --another copy...excuse me?"
73,26,Ses03M_impro01_M,frustration,Give me my--
73,27,Ses03M_impro01_M,anger,"Hey, no, give me that back."
73,28,Ses03M_impro01_F,neutral,No.  Now I'm going to take this from you because you are obviously misleading
73,29,Ses03M_impro01_M,anger,-- No.  I'm not waiting...I'm not coming back again.  I don't have time to come back five days.
73,30,Ses03M_impro01_F,neutral,No.  You couldn't go get another one.
73,31,Ses03M_impro01_F,neutral,Well then you won't have a license will you?
73,32,Ses03M_impro01_M,frustration,I'll have a license.
73,33,Ses03M_impro01_F,frustration,Well not from this department you won't.
73,34,Ses03M_impro01_M,anger,Yes I will.  I'll have this [GARBAGE]
73,35,Ses03M_impro01_F,frustration,Sir-
73,36,Ses03M_impro01_M,frustration,just as I want.  Ugh.
73,37,Ses03M_impro01_F,frustration,Sir?  I'm going to ask you one more time and then I'm going to call my supervisor
73,38,Ses03M_impro01_F,frustration,who will proceed to call-- security if you can't remove yourself--
73,39,Ses03M_impro01_M,anger,Fine.  Call your supervisor.  Ask supervisor over
73,40,Ses03M_impro01_M,frustration,and I'll tell her how you've been behaving.
73,41,Ses03M_impro01_F,frustration,Really?
73,42,Ses03M_impro01_M,frustration,How would you like that hmm?
73,43,Ses03M_impro01_F,frustration,"She's not actually in the building.  She's only on the phone. Sir, please leave this line immediately."
73,44,Ses03M_impro01_M,frustration,"Oh, okay.  Wow."
73,45,Ses03M_impro01_M,anger,No.  I'm not going anywhere.  I'm staying here-- I am filling out right now okay just calm down. I'm filling out right now-- Just take the god damn piece of paper.
73,46,Ses03M_impro01_F,anger,Okay.  I'm going to call security. Security!
73,47,Ses03M_impro01_F,neutral,"I have it.  I'm taking it.  Doesn't mean I'm going to do anything with it.--Get out of my line!  This is my line.  Get out.  All these people--Sir, you are causing a mob in this department."
73,48,Ses03M_impro01_M,neutral,Okey This is a new one.  Take the new one.
73,49,Ses03M_impro01_M,neutral,Do you own the D.M.V.?
73,50,Ses03M_impro01_M,frustration,I'm sorry she's--these people they just want to get their license--
73,51,Ses03M_impro01_F,frustration,"No, You cannot get your license.  You filled out the wrong part of the form."
73,52,Ses03M_impro01_M,neutral,What are you talking about?  Just transfer it over.  I filled out the new one.
73,53,Ses03M_impro01_F,anger,"This entire time you're fighting with me sir, you could've finished the form and already been half way-- No.  Get out."
73,54,Ses03M_impro01_M,anger,I did finish one.  Take it.
73,55,Ses03M_impro01_M,anger,What is wrong with you?
74,0,Ses03M_impro02_M,sadness,Hey sweetie.
74,1,Ses03M_impro02_M,sadness,Hey.
74,2,Ses03M_impro02_F,happiness,Um.
74,3,Ses03M_impro02_F,neutral,"How's it- going?  Oh I'm so tired.  Oh, I just woke up. Mmm."
74,4,Ses03M_impro02_F,neutral,What's going on?
74,5,Ses03M_impro02_M,sadness,"Uh, -Um"
74,6,Ses03M_impro02_F,happiness,Why the sad face?
74,7,Ses03M_impro02_M,sadness,they need me out there sooner than I thought
74,8,Ses03M_impro02_F,neutral,Where?  Who?  What are you talking about?
74,9,Ses03M_impro02_M,sadness,They want to deploy me next week.
74,10,Ses03M_impro02_F,neutral,Next week?
74,11,Ses03M_impro02_F,neutral,Overseas?
74,12,Ses03M_impro02_M,sadness,For--
74,13,Ses03M_impro02_F,neutral,For how long this time?
74,14,Ses03M_impro02_M,sadness,They said anywhere from two to three years.
74,15,Ses03M_impro02_F,neutral,What?  What do you mean two to three years?  Don't they know that you have a wife and an expectant child?
74,16,Ses03M_impro02_M,neutral,I told them that but they--
74,17,Ses03M_impro02_F,frustration,Honey--
74,18,Ses03M_impro02_M,frustration,--need me on the specialist honey.
74,19,Ses03M_impro02_F,frustration,You can't.  We need you.  I need you.
74,20,Ses03M_impro02_M,frustration,"I don't want to go but,-"
74,21,Ses03M_impro02_F,frustration,I don't care about the money.
74,22,Ses03M_impro02_M,frustration,but they said they'd increase my pay by triple-there promotion.
74,23,Ses03M_impro02_F,neutral,And you're leaving next week so you won't even be here for Anna's birth?
74,24,Ses03M_impro02_M,sadness,No.
74,25,Ses03M_impro02_F,sadness,Do this whole thing by myself?
74,26,Ses03M_impro02_M,sadness,Honey you're not going to be by yourself--
74,27,Ses03M_impro02_M,neutral,"We'll have internet set up, we'll get web cameras and everything.  My whole family's here too."
74,28,Ses03M_impro02_F,sadness,Carry her for nine months and then yes.
74,29,Ses03M_impro02_M,neutral,Honey.
74,30,Ses03M_impro02_F,sadness,It's not the same thing.  It's not like having you here.
74,31,Ses03M_impro02_F,sadness,I can't do this.
74,32,Ses03M_impro02_M,neutral,"You can do it.  Alright?  You can, you can be strong, you can be strong for both of us alright?"
74,33,Ses03M_impro02_F,sadness,I'm sick of being strong-- --for us.
74,34,Ses03M_impro02_M,sadness,I don't know what to do.
74,35,Ses03M_impro02_M,frustration,I don't want to - I don't- I don't want to go.
74,36,Ses03M_impro02_M,frustration,What am I supposed to do?
74,37,Ses03M_impro02_F,frustration,You can say no?
74,38,Ses03M_impro02_M,sadness,You know I can't say no.
74,39,Ses03M_impro02_F,frustration,You could.  You really could.  You could-- --get into another line of work.  I could start working after Anna's born?
74,40,Ses03M_impro02_M,frustration,The last guy who said no was fired.
74,41,Ses03M_impro02_M,frustration,I put in fifteen years in this job.
74,42,Ses03M_impro02_F,frustration,I know.
74,43,Ses03M_impro02_M,frustration,I'm so close.  Five more years and I retire-
74,44,Ses03M_impro02_M,frustration,and we'll have that happy life.
74,45,Ses03M_impro02_F,neutral,Happiness for me is having you here with me
74,46,Ses03M_impro02_F,sadness,"and watch our child grow, see her take her first steps, her first words."
74,47,Ses03M_impro02_M,sadness,Honey after a year I can be back.
74,48,Ses03M_impro02_F,sadness,You said two years.
74,49,Ses03M_impro02_M,sadness,They want me there two years but I could probably get
74,50,Ses03M_impro02_M,sadness,maybe get some vacation-- --once it quiets down there.
74,51,Ses03M_impro02_F,sadness,A whole year? --We're not talking about like a couple months here.  I mean this is a whole year.
74,52,Ses03M_impro02_M,sadness,I know.  I know.  But they really need some good guys there.
74,53,Ses03M_impro02_F,sadness,What could happen in a year?
74,54,Ses03M_impro02_F,sadness,And this isn't the first time you know?  I mean you always...sending you off to different places and...
74,55,Ses03M_impro02_M,sadness,Well that's the kind of work I'm in honey.
74,56,Ses03M_impro02_F,sadness,I don't know if that's how I want to live my life.
74,57,Ses03M_impro02_M,sadness,It's just going to be--it's going to go faster than you think.
74,58,Ses03M_impro02_F,sadness,"Joe I'm serious I don't want to have to have a little girl to tell...asking every day where's daddy, where's daddy and have to tell her that he's away--"
74,59,Ses03M_impro02_F,sadness,far away and he won't be here.
74,60,Ses03M_impro02_M,sadness,You tell her-- [BREATHING]
74,61,Ses03M_impro02_F,sadness,I'm done.  I can't honey.
74,62,Ses03M_impro02_M,sadness,What do you mean?
74,63,Ses03M_impro02_F,sadness,It's over.
74,64,Ses03M_impro02_M,neutral,What?
74,65,Ses03M_impro02_F,sadness,Honey I can't do it anymore.
74,66,Ses03M_impro02_M,neutral,Are you kidding me?  No.
74,67,Ses03M_impro02_F,sadness,I need you here.  Anna needs you.
74,68,Ses03M_impro02_M,frustration,So I have--you want me to choose between you guys or my career?
74,69,Ses03M_impro02_F,sadness,yeah.
74,70,Ses03M_impro02_M,frustration,What am I going to do?
74,71,Ses03M_impro02_F,frustration,"Priorities honey, priorities."
74,72,Ses03M_impro02_M,frustration,I want to--what am I going to do if I leave this job?
74,73,Ses03M_impro02_F,frustration,You're smart.  You could go back to school--
74,74,Ses03M_impro02_F,frustration,finish your Master's that you were started never finished.
74,75,Ses03M_impro02_M,frustration,Fine.  I'll see if I can talk to them.
75,0,Ses03M_impro03_M,neutral,Hey.
75,1,Ses03M_impro03_F,neutral,Hey.
75,2,Ses03M_impro03_M,neutral,"Esmeralda, guess what?"
75,3,Ses03M_impro03_F,neutral,What?
75,4,Ses03M_impro03_M,neutral,[LAUGHTER] Guess who just got hitched?
75,5,Ses03M_impro03_F,neutral,Shut up. Oh my God.  Really? Just like that?  You just asked the question and what...how did you ask?
75,6,Ses03M_impro03_M,neutral,This guy. Yeah.  Can you believe it? She said yes too. Yeah.  She said yes.
75,7,Ses03M_impro03_M,neutral,Okay we were at Chuck E. Cheese.
75,8,Ses03M_impro03_F,neutral,"Chuck E. Cheese?  Ah, man that is so lame."
75,9,Ses03M_impro03_F,neutral,Are you serious [GARBAGE] man?
75,10,Ses03M_impro03_M,neutral,Get the big pizza--and I put it in the pizza and she ate so [GARBAGE]
75,11,Ses03M_impro03_F,neutral,Oh like that one movie.  What's that one movie I just saw? No.  Where she like swallows the...
75,12,Ses03M_impro03_M,neutral,American Pie? Ah.
75,13,Ses03M_impro03_F,neutral,"oh, I don't remember.  Everybody Says I Love You with Drew Barrymore...no you haven't seen it?  Okay."
75,14,Ses03M_impro03_M,neutral,"Yeah.  It sounds like a chick flick. Anyways so, she gets the ring and she goes,"
75,15,Ses03M_impro03_F,neutral,Yeah.  Well...
75,16,Ses03M_impro03_M,neutral,"Barry what's this?  And I go, I don't know.  She goes--"
75,17,Ses03M_impro03_F,neutral,She calls you Barry?
75,18,Ses03M_impro03_M,neutral,That's my name.
75,19,Ses03M_impro03_F,neutral,"Oh, okay.  Well I call you Joe cause you're middle name Joseph."
75,20,Ses03M_impro03_M,neutral,"Barry Joe, B.J. [LAUGHTER] Oh you dirty, dirty girl. you're so dirty."
75,21,Ses03M_impro03_F,neutral,[LAUGHTER] So nasty. No you... dirty me?
75,22,Ses03M_impro03_F,neutral,Okay.
75,23,Ses03M_impro03_M,neutral,"Ah...Anyways, so she took the ring and she goes, is this real?  So I was like, of course--"
75,24,Ses03M_impro03_M,happiness,Sara and I--
75,25,Ses03M_impro03_F,happiness,She actually asked if it was real?  I would've probably asked the same thing considering you were in Chuck E. Cheese.
75,26,Ses03M_impro03_M,neutral,Come on. It was her birthday.
75,27,Ses03M_impro03_F,neutral,Because of Chuck E. Cheese?
75,28,Ses03M_impro03_F,neutral,"Oh, man. How old are you? Five?"
75,29,Ses03M_impro03_M,happiness,She wanted...she always wants something spontaneous.
75,30,Ses03M_impro03_F,neutral,"Yeah.  That's, you know, okay."
75,31,Ses03M_impro03_M,happiness,"I couldn't, I couldn't afford the Red Lobster. [LAUGHTER] What anyway?"
75,32,Ses03M_impro03_F,happiness,"Oh god! You are damn cheap, cheap, cheap. Anyways, moving on. It's not like you're poor.  I mean your dad makes... okey"
75,33,Ses03M_impro03_M,happiness,So Okay then and.
75,34,Ses03M_impro03_M,happiness,"I got all the character animals to do a conga line,"
75,35,Ses03M_impro03_M,happiness,"dim down the lights and uh, I got on one of the tables pulled her up."
75,36,Ses03M_impro03_F,happiness,You had the mouse?
75,37,Ses03M_impro03_F,neutral,Isn't it a rat?  It's a rat.  Chuck E. Cheese?
75,38,Ses03M_impro03_M,happiness,Yeah.
75,39,Ses03M_impro03_M,happiness,"Chucky...I don't know.  I don't know. Anyways, I pull her up and I go, I go Sarah"
75,40,Ses03M_impro03_F,neutral,Okay. [LAUGHTER]
75,41,Ses03M_impro03_M,happiness,"You're my guiding light, then they put on that song the I've had the time of my life, that song."
75,42,Ses03M_impro03_F,neutral,Oh my God.
75,43,Ses03M_impro03_F,happiness,"Okay, that is really cheesy Joe."
75,44,Ses03M_impro03_M,neutral,"And I go, I want to spend the rest of my life with you."
75,45,Ses03M_impro03_F,happiness,Oh that's kind of sweet.
75,46,Ses03M_impro03_M,neutral,And I love you baby.  And I want you to marry me.
75,47,Ses03M_impro03_F,neutral,"Wait, wait, wait I want you to marry me?  No, shouldn't you like be more like a question like, would you marry me?  Not like I want you to marry me.  It's like a demand."
75,48,Ses03M_impro03_F,neutral,"You marry me. I man I Jane, you Tarzan."
75,49,Ses03M_impro03_M,neutral,"No. Well that's what I said, spur of the moment--and she goes, she goes,"
75,50,Ses03M_impro03_M,neutral,sure.  And that was it.
75,51,Ses03M_impro03_F,happiness,She said sure?
75,52,Ses03M_impro03_F,happiness,Sure?  Who says sure?  You say yes...I don't like--
75,53,Ses03M_impro03_M,neutral,"Yeah, she goes--"
75,54,Ses03M_impro03_M,neutral,Cause she was a little confused at first but then she said yes.
75,55,Ses03M_impro03_F,happiness,How long have you guys been going out?
75,56,Ses03M_impro03_M,neutral,About two and a half weeks.
75,57,Ses03M_impro03_F,neutral,What?
75,58,Ses03M_impro03_M,happiness,Two and ...  We love each other. Yeah.
75,59,Ses03M_impro03_F,neutral,What?
75,60,Ses03M_impro03_F,neutral,Okay.  I haven't seen you in about two and a half years and I come back and you're getting engaged to somebody you only knew for
75,61,Ses03M_impro03_M,happiness,"You got to meet her, she's wonderful."
75,62,Ses03M_impro03_F,neutral,"No, no, no.  You don't get married in two and a half weeks.  It doesn't work that way.  You don't even have sex----in two and a half weeks."
75,63,Ses03M_impro03_M,happiness,She just graduated from high school and----she's planning to apply for colleges----and stuff.She's so great.  She has so much life and energy and stuff.
75,64,Ses03M_impro03_F,neutral,What? Oh my god.
75,65,Ses03M_impro03_F,happiness,She must be hot.
75,66,Ses03M_impro03_F,neutral,"Yeah, that's it.  She's hot and you are- getting married."
75,67,Ses03M_impro03_M,happiness,"Yeah, she is good-looking."
75,68,Ses03M_impro03_F,neutral,I cannot believe you.  Why do you want to get married?  You're a boy.  You're a little boy.
75,69,Ses03M_impro03_M,neutral,I'm twenty eight years old.
75,70,Ses03M_impro03_F,neutral,You still act like a boy.  And men take a lot longer to grow----I will tell you.
75,71,Ses03M_impro03_M,neutral,Well that's why I'm dating someone who's just eighteen years old. Jesus. I think she's ready to have kids already.
75,72,Ses03M_impro03_F,neutral,Oh man.
75,73,Ses03M_impro03_F,neutral,What?  Eighteen?
75,74,Ses03M_impro03_M,neutral,I'm so excited.  It's going to be great.
75,75,Ses03M_impro03_F,neutral,I can't believe you.  I can't believe it.  Well I'm going to be there.  I'll be at that wedding but I'll be in the back.
75,76,Ses03M_impro03_M,neutral,She just...she just...we're in a good position too.  She just got promoted to assistant manager at Jack In The Box
75,77,Ses03M_impro03_M,neutral,-and so... yeah.
75,78,Ses03M_impro03_F,neutral,Wow. Very promising.  Yeah.  Very promising future and what are you doing?
75,79,Ses03M_impro03_M,neutral,I'm still working at my parents' restaurant. Busing tables.
75,80,Ses03M_impro03_F,neutral,Alright. Yeah.  Have a kid.  Make a beautiful life.
75,81,Ses03M_impro03_M,happiness,Oh that's great. My mom said we can move in with her again if we run out of money.
75,82,Ses03M_impro03_F,neutral,"You, You are too much, I can't handle it."
75,83,Ses03M_impro03_M,neutral,I'm so happy.
76,0,Ses03M_impro04_F,neutral,What's going on man?  What's wrong?
76,1,Ses03M_impro04_M,sadness,I'm just so tired all the time.
76,2,Ses03M_impro04_F,neutral,"Well have you been trying to get a job, look for a job or...?"
76,3,Ses03M_impro04_M,frustration,I've been looking for like eight months.
76,4,Ses03M_impro04_F,frustration,I know.  It- It's really tough out there.  It's really hard to find a job.
76,5,Ses03M_impro04_M,frustration,"I'm tired of the same excuses.  No, no you're not qualified enough, wish you had more education."
76,6,Ses03M_impro04_F,neutral,Well what are you looking for?  I mean--
76,7,Ses03M_impro04_M,neutral,Last time someone told me I was too qualified.
76,8,Ses03M_impro04_F,neutral,"Well, okay. Well that's--"
76,9,Ses03M_impro04_M,anger,Cause I went to Harvard.
76,10,Ses03M_impro04_F,neutral,"Well, that's what?  For what job?  Who...what jobs are you looking for?"
76,11,Ses03M_impro04_M,frustration,I applied as restaurant manager at P.F. Chang.  I applied at----Macy's store manager. Tried to get investment banking job with Deloitte and Touche.  I'm trying everywhere.
76,12,Ses03M_impro04_F,neutral,"But, Listen--"
76,13,Ses03M_impro04_F,neutral,"Yeah.  Well it seems to me, you know, you just got to keep going out there, you know, pushing through.  You got a Harvard degree.  I mean, you can get a job anywhere."
76,14,Ses03M_impro04_M,frustration,You know what?  I've been working at temp jobs for the past six months.  You know how degrading it is?
76,15,Ses03M_impro04_F,sadness,Yeah.
76,16,Ses03M_impro04_M,neutral,To be a receptionist?  Oh I spent forty thousand dollar a year for my college degree and I'm a receptionist.  God.
76,17,Ses03M_impro04_F,sadness,Yeah.
76,18,Ses03M_impro04_M,anger,I'm smarter than half the people I work for.
76,19,Ses03M_impro04_F,neutral,"Well, what do you...what would ideally like to do, you know?"
76,20,Ses03M_impro04_M,frustration,I don't know astronaut?  I don't know something crazy like that.
76,21,Ses03M_impro04_F,neutral,Well what'd you major in?
76,22,Ses03M_impro04_M,frustration,Biomedical Engineering.
76,23,Ses03M_impro04_F,neutral,"You-You can't be working as a restaurant manager, I mean, come on."
76,24,Ses03M_impro04_M,frustration,"I don't want to do engineering though.  It's so...I had the internship what, last summer,"
76,25,Ses03M_impro04_M,frustration,"and I was pulling my hair out and it was like, oh my God.  So I just had to finish the major so now they're like, why are you an engineering major, and why are you working, trying to work at a restaurant.  And it's like I don't know just give me the damn job."
76,26,Ses03M_impro04_F,neutral,Look I'm sorry-
76,27,Ses03M_impro04_M,frustration,Why all these questions?
76,28,Ses03M_impro04_F,neutral,"You know if you need any help finding a place I can, I can talk to my work you know I work at that law firm downtown and I can ask if they're looking for anybody."
76,29,Ses03M_impro04_M,neutral,Oh yeah?  What kind of jobs they got?
76,30,Ses03M_impro04_F,neutral,I am...just like a law clerk.
76,31,Ses03M_impro04_M,neutral,I don't want to be a law clerk.
76,32,Ses03M_impro04_F,neutral,Yeah.
76,33,Ses03M_impro04_F,neutral,"Well, I'm moving up.  I mean it could be..."
76,34,Ses03M_impro04_M,frustration,"To be a lawyer?  You go to law school now?  God this is, all these dead ends."
76,35,Ses03M_impro04_M,frustration,And plus my car is breaking down-
76,36,Ses03M_impro04_M,frustration,-they're evicting me from my apartment.
76,37,Ses03M_impro04_F,neutral,"Well it doesn't make any sense though.  Like, with a Harvard degree you should be able to--"
76,38,Ses03M_impro04_M,neutral,Yeah.  I know.  You'd think I would be able to be C.E.O. of a company right?
76,39,Ses03M_impro04_F,neutral,"Just, you got to hang in there.  Can you ask your parents for help or anybody?"
76,40,Ses03M_impro04_M,frustration,"No.  I'm not going to...yeah, they'd laugh in my face."
76,41,Ses03M_impro04_F,neutral,"Just for a little bit, you know?  Cause I-I guarantee you're going to find something.  When you find something it's just going to be huge and you're going to get money."
76,42,Ses03M_impro04_M,frustration,No. I got a sixteen hundred on my S.A.T..
76,43,Ses03M_impro04_F,neutral,Something-- How are you going...?
76,44,Ses03M_impro04_M,frustration,I'm freaking----typing sixty words a minute.
76,45,Ses03M_impro04_F,neutral,How many words a minute?
76,46,Ses03M_impro04_M,frustration,"Sixty words.  Sixty words a minute.  Hey how are you doing Mr. Smith?  Oh, you know, it's just like God, I just want to shoot you Mr. Smith."
76,47,Ses03M_impro04_F,neutral,Sixty words a minute.  That's a min...a word per min uh second.
76,48,Ses03M_impro04_M,neutral,Yeah.  It's alright.  But--
76,49,Ses03M_impro04_F,neutral,You could be an amazing receptionist.
76,50,Ses03M_impro04_M,frustration,I'm not cut to be a receptionist.
76,51,Ses03M_impro04_M,sadness,No.
76,52,Ses03M_impro04_M,frustration,"Oh yeah.  I will be a full time receptionist.  Harvard degree, sixteen hundred on my S.A.T.--"
76,53,Ses03M_impro04_F,neutral,"Well... If you need something, I mean, you're just going to---can get a temporary thing right now and then look for something--"
76,54,Ses03M_impro04_M,frustration,--you know? Head of the Science Club.
76,55,Ses03M_impro04_M,frustration,"That's what I've been doing, temporary things"
76,56,Ses03M_impro04_F,frustration,Oh I know.  But--
76,57,Ses03M_impro04_F,neutral,"-it's going to get better I promise you. You just got to hang in there. Everyone, I mean, you know?"
76,58,Ses03M_impro04_M,neutral,Yeah.
76,59,Ses03M_impro04_M,sadness,Maybe I'll just kill myself.
76,60,Ses03M_impro04_F,neutral,What?  You can't...what?  Now come on.  Stop it.  Don't be talking like that.
76,61,Ses03M_impro04_M,sadness,I was just joking...
76,62,Ses03M_impro04_M,neutral,I don't know.
76,63,Ses03M_impro04_F,neutral,"My, what I would do was just, you know, what about can you call Harvard and see...don't they have connections?  Don't they have like career center and you can find some stuff that's going on?"
76,64,Ses03M_impro04_M,frustration,Yeah.  I--they said Brian you're too smart.  You don't need us.
76,65,Ses03M_impro04_M,frustration,Go out and take over the world by yourself and I'm like what?
76,66,Ses03M_impro04_F,frustration,Well obviously it's not working.  Just cause you got sixteen hundred on your S.A.T. doesn't guarantee you a job.  I mean it should really but--
76,67,Ses03M_impro04_M,frustration,"I don't know.  I don't know.  I know I'm just going to have to keep on looking, keep on searching-"
76,68,Ses03M_impro04_M,frustration,"and I'm never going to find anything probably but I'll just keep working hard at it-- Yeah. Okay.  Positive, I'm going to do good, find that job."
76,69,Ses03M_impro04_F,neutral,You got to be positive man.  You got to try to just--
76,70,Ses03M_impro04_F,neutral,But you got to be real about it.  You have to...
76,71,Ses03M_impro04_M,frustration,Yeah.  I got eighteen hundred on my S.A.T..
76,72,Ses03M_impro04_F,neutral,Sixteen hundred.
76,73,Ses03M_impro04_M,neutral,Same difference.
76,74,Ses03M_impro04_M,neutral,Twenty-one hundred on my S.A.T..
76,75,Ses03M_impro04_F,neutral,Twenty-one hundred?
76,76,Ses03M_impro04_M,frustration,But I'm doomed.  Yeah I got so good I was over twenty one hundred.  Now what am I doing?
76,77,Ses03M_impro04_M,happiness,"Like, wow you're really smart we're going to give you an extra [GARBAGE]."
77,0,Ses03M_impro05a_F,neutral,Can I help you sir?
77,1,Ses03M_impro05a_M,anger,Yes you can help me.  Where is my luggage?
77,2,Ses03M_impro05a_F,neutral,"Well, let me just check on that for you.  Where are you coming--?"
77,3,Ses03M_impro05a_M,anger,Yeah.  You do that.  I'm coming from Baltimore.  You know where that is?
77,4,Ses03M_impro05a_F,neutral,"Sir, yes it's in Maryland.  It's okay...well, I'm...just let me check here."
77,5,Ses03M_impro05a_M,anger,I had eight hundred pounds of luggage.
77,6,Ses03M_impro05a_F,frustration,Okay.  Sir?  Can you...if you just give me one moment and let me just check okay?
77,7,Ses03M_impro05a_M,anger,Okay.  Check.
77,8,Ses03M_impro05a_F,frustration,"Alright.  And you're coming-- Wait, hold on sir.  You're coming from Baltimore into LAX right?"
77,9,Ses03M_impro05a_M,anger,Is it there?
77,10,Ses03M_impro05a_M,anger,Yes.
77,11,Ses03M_impro05a_F,neutral,Okay and this is direct flight?
77,12,Ses03M_impro05a_M,anger,You don't know where we're at?
77,13,Ses03M_impro05a_M,anger,God.
77,14,Ses03M_impro05a_F,frustration,I'm asking you if this is direct flight from Baltimore to LAX or if you have to stop--
77,15,Ses03M_impro05a_M,neutral,You know I've been waiting here for four hours for my luggage
77,16,Ses03M_impro05a_M,neutral,"and it's not here, they told me to go to this person, go to this person.  Now I'm at this person."
77,17,Ses03M_impro05a_F,neutral,You're at me and I'm going to try to help you out sir but you just have to cooperate with me--
77,18,Ses03M_impro05a_M,anger,Okay.  What do you want?
77,19,Ses03M_impro05a_F,neutral,How many pieces of luggage do you have checked in?
77,20,Ses03M_impro05a_M,anger,Eight.  And they're all gone.
77,21,Ses03M_impro05a_F,neutral,Eight pieces of luggage.  Okay.
77,22,Ses03M_impro05a_M,anger,And what are you going to do about it?  You going to call someone?  You going to send me somewhere else?
77,23,Ses03M_impro05a_F,frustration,No.  I'm just going to check--
77,24,Ses03M_impro05a_M,anger,It's my mother's funeral tomorrow and the urn is in the suitcase.
77,25,Ses03M_impro05a_F,neutral,I'm sorry sir.
77,26,Ses03M_impro05a_M,anger,Yeah.
77,27,Ses03M_impro05a_F,neutral,I'm very sorry but let's check on this immediately.  This is definitely an emergency.  It seems--
77,28,Ses03M_impro05a_M,neutral,What am I going to do tomorrow without the urn?
77,29,Ses03M_impro05a_F,neutral,Sir it seems to me that your luggage is um- is not here
77,30,Ses03M_impro05a_M,anger,"Oh, oh, that's a good deduction."
77,31,Ses03M_impro05a_F,neutral,Yes--it is
77,32,Ses03M_impro05a_M,anger,"Sherlock Holmes.  God, where's my luggage?"
77,33,Ses03M_impro05a_F,frustration,"Sir, Please please, I would ask you to just calm down for a second--"
77,34,Ses03M_impro05a_M,anger,Calm down?  It's my mother's funeral tomorrow.  I'm the one responsible for this.
77,35,Ses03M_impro05a_F,neutral,"Okay.  We will find your luggage.  Apparently because it somehow...what flight you were taking, you were on Delta?"
77,36,Ses03M_impro05a_M,neutral,Yes.  You are a Delta representative.
77,37,Ses03M_impro05a_F,neutral,"Yes, I am."
77,38,Ses03M_impro05a_M,anger,What is the matter with you?
77,39,Ses03M_impro05a_F,anger,"Sir, I just...you need to calm down is what needs to happen right now."
77,40,Ses03M_impro05a_M,anger,Don't yell at me.
77,41,Ses03M_impro05a_F,frustration,"Okay.  I'm not.  I'm sorry, I am being--"
77,42,Ses03M_impro05a_F,frustration,"calm.  Sir, okay basically what- what's going to happen here is you're going to give me your contact information and we will contact you--"
77,43,Ses03M_impro05a_M,anger,Oh my God.  I think a blood vessel burst in my head.
77,44,Ses03M_impro05a_F,neutral,"Please, please"
77,45,Ses03M_impro05a_F,neutral,"sir, listen to me.  Your luggage is still in Baltimore."
77,46,Ses03M_impro05a_M,anger,What?
77,47,Ses03M_impro05a_F,neutral,Okay.  We can get it here in about seven to ten business days.
77,48,Ses03M_impro05a_M,anger,What?  Are you kidding me?
77,49,Ses03M_impro05a_F,neutral,"Yes.  Well, because--"
77,50,Ses03M_impro05a_M,anger,Give- Give me your manager right now.
77,51,Ses03M_impro05a_F,neutral,I am the manager sir.
77,52,Ses03M_impro05a_M,anger,"You're the manager? You don't know where you work for, you don't know where you're at and you're the manager?"
77,53,Ses03M_impro05a_F,neutral,Sir I know where I work for but I was checking because you cannot--
77,54,Ses03M_impro05a_M,anger,Whose daughter are you?
77,55,Ses03M_impro05a_F,frustration,Sir?
77,56,Ses03M_impro05a_M,anger,Sir. Sir. Sir. Sir
77,57,Ses03M_impro05a_F,anger,What is your name?
77,58,Ses03M_impro05a_M,anger,My name is Brent Caption.
77,59,Ses03M_impro05a_M,neutral,Now what are you going to do about it?
78,0,Ses03M_impro05b_F,neutral,Can I help you sir?
78,1,Ses03M_impro05b_M,neutral,Yeah.
78,2,Ses03M_impro05b_M,frustration,I've been here for four hours and I don't know where one piece of my luggage is
78,3,Ses03M_impro05b_F,neutral,Okay.  Well let's...well I'm going to go ahead and check on that for you.  You're coming from...where are you coming from?
78,4,Ses03M_impro05b_M,frustration,Baltimore.
78,5,Ses03M_impro05b_F,neutral,Baltimore and this is a direct flight to LAX
78,6,Ses03M_impro05b_M,frustration,Yes.
78,7,Ses03M_impro05b_F,neutral,Okay.  Let's look up here
78,8,Ses03M_impro05b_M,frustration,You know and they've looked it up before and it's not there.
78,9,Ses03M_impro05b_F,neutral,Okay.  Well you um-...
78,10,Ses03M_impro05b_M,frustration,Now what are you going to do for me different? Hmm?
78,11,Ses03M_impro05b_F,neutral,"What I can do for you is uh we can uh report lost, lost property."
78,12,Ses03M_impro05b_M,frustration,You can report lost property?
78,13,Ses03M_impro05b_F,neutral,Yes.
78,14,Ses03M_impro05b_M,frustration,"Okay.  I'm leaving LA tomorrow for San Diego, driving there.  So, I'm going to leave without all my lost property?  That's what you want me to do? um"
78,15,Ses03M_impro05b_F,neutral,"Well sir, if if...what I believe has happened is most of the flight was left--"
78,16,Ses03M_impro05b_F,neutral,the luggage was left in Baltimore.  Therefore--
78,17,Ses03M_impro05b_M,anger,Most of the...
78,18,Ses03M_impro05b_F,neutral,"Like the luggage, the luggage on the flight."
78,19,Ses03M_impro05b_M,neutral,Wow.  This is an incompetent airline isn't it?  Are you--?
78,20,Ses03M_impro05b_F,neutral,No actually it was...this is the first time this has ever happened.  I don't know what happened--
78,21,Ses03M_impro05b_M,frustration,"Are you going to refund us for our luggage, refund us for our tickets for this?"
78,22,Ses03M_impro05b_F,neutral,We- I mean-
78,23,Ses03M_impro05b_F,neutral,"Well, we can give you um- hotel lodging for a night if that--"
78,24,Ses03M_impro05b_M,anger,I'm going to San Diego tomorrow to stay with my family.  What do I need hotel lodging for hmmm?  Can you tell me that?
78,25,Ses03M_impro05b_F,neutral,For tonight- For tonight sir.  Would you need to stay somewhere tonight?
78,26,Ses03M_impro05b_M,neutral,Tonight no.  I'm driving tomorrow.  Tonight I'm staying with a friend alright?  I don't need hotel reservations...where?  What hotel?
78,27,Ses03M_impro05b_F,neutral,We can do Holiday Inn or...?
78,28,Ses03M_impro05b_M,anger,Wow.  Thank you.  Holiday Inn.  Wow.  Thank...the flight cost five hundred dollars.
78,29,Ses03M_impro05b_F,neutral,Sir I understand that but just--
78,30,Ses03M_impro05b_M,anger,"Okay, so you can put me in Holiday Inn for twenty dollar a night?"
78,31,Ses03M_impro05b_F,neutral,Did you have your name tags on the luggage?
78,32,Ses03M_impro05b_M,anger,Of course I had my name tags on the luggage.
78,33,Ses03M_impro05b_F,neutral,"Okay.  So if you can just give me your name, your name and your address and your phone number I can contact you as soon as we find out more information."
78,34,Ses03M_impro05b_M,anger,Soon as you...that's not good enough okay?
78,35,Ses03M_impro05b_F,frustration,"Sir, please calm down."
78,36,Ses03M_impro05b_M,frustration,I need you to help me out here.  Can you get on the phone and get the luggage over on the fastest flight you can and then maybe I won't get you fired.
78,37,Ses03M_impro05b_M,frustration,"If not, I'm going to get your name, I'm going to talk to your boss, whoever...I'm never going to fly...my business is never going to fly Delta again."
78,38,Ses03M_impro05b_F,neutral,Okay.
78,39,Ses03M_impro05b_F,neutral,What is your business?
78,40,Ses03M_impro05b_M,neutral,I work for IBM.
78,41,Ses03M_impro05b_F,neutral,"Okay.  Sir?  I am sorry to tell you this but this does happen. Uh- This is not uh- really,"
78,42,Ses03M_impro05b_F,neutral,"I mean, our airline's fault.  I don't know what happened, misplaced, something happened but we will get you--"
78,43,Ses03M_impro05b_M,anger,"You misplace a lot of, eight pieces of luggage."
78,44,Ses03M_impro05b_F,neutral,"Well, the entire flight, sir, the luggage was placed on another plane that never actually left Baltimore."
78,45,Ses03M_impro05b_F,neutral,Uh no I'm not.
78,46,Ses03M_impro05b_M,anger,Are you kidding me?
78,47,Ses03M_impro05b_M,anger,Who are you going to fire because of that?
78,48,Ses03M_impro05b_F,neutral,"Well we have some people back there that need some firing so, but I would just really appreciate--"
78,49,Ses03M_impro05b_M,anger,"Wow.  This has never happened before.  I've not lost,"
78,50,Ses03M_impro05b_M,anger,in all thousand flights I've been on probably I can't even count how many flights I've been on.  This has never happened before.
78,51,Ses03M_impro05b_M,anger,This is the worst customer service I've ever gotten before.
78,52,Ses03M_impro05b_F,neutral,Yeah.
78,53,Ses03M_impro05b_F,frustration,Okay sir.  I'm sorry you can--um-
78,54,Ses03M_impro05b_M,anger,Okay.  Get on the phone and figure out where my luggage is and tell me when it's going to get there alright?
78,55,Ses03M_impro05b_F,frustration,We already have been confirmed that it will be arriving in--uh--in about two days.
78,56,Ses03M_impro05b_M,anger,"And and, in about..."
78,57,Ses03M_impro05b_M,frustration,Two days I'll be in San Diego and how's it going to get to me in San Diego?  You going to make sure it gets to the San Diego airport?
78,58,Ses03M_impro05b_F,frustration,"Uh, we can't--"
78,59,Ses03M_impro05b_M,anger,Can you get it to the San Diego airport?  You get someone to drive it to my place alright? Then I get a refund for some...I get a free flight alright? I get free whatever.
78,60,Ses03M_impro05b_F,neutral,"Yes sir, Yes."
78,61,Ses03M_impro05b_F,neutral,We can have them direct your luggage to San Diego.
78,62,Ses03M_impro05b_M,frustration,Okay.  And you're going to give me what for my inconvenience?
78,63,Ses03M_impro05b_F,neutral,Uh--
78,64,Ses03M_impro05b_F,neutral,Some refreshments in the lobby?
78,65,Ses03M_impro05b_M,anger,Some peanuts?  Wow.  That helps a lot.
78,66,Ses03M_impro05b_M,anger,"Thanks you, thank you I don't have my luggage so you gave me a Holiday Inn stay and peanuts.  Wow.  You know what?"
78,67,Ses03M_impro05b_F,frustration,eh- we actually--
78,68,Ses03M_impro05b_M,anger,I will never do business with Delta again.
79,0,Ses03M_impro06_F,sadness,How's it going?  How are you feeling?
79,1,Ses03M_impro06_M,sadness,I ah--
79,2,Ses03M_impro06_M,sadness,alright.
79,3,Ses03M_impro06_F,sadness,Hanging in there?
79,4,Ses03M_impro06_M,sadness,Yeah.
79,5,Ses03M_impro06_F,sadness,So sad.
79,6,Ses03M_impro06_M,sadness,It just feels like I was talking to him yesterday.
79,7,Ses03M_impro06_F,sadness,Yeah.
79,8,Ses03M_impro06_F,sadness,You guys were real close huh?
79,9,Ses03M_impro06_M,sadness,He was my only friend growing up.
79,10,Ses03M_impro06_M,sadness,no one else would talk to me but he would.
79,11,Ses03M_impro06_M,sadness,He was supposed to be the best man at my wedding.
79,12,Ses03M_impro06_F,sadness,I'm so sorry.
79,13,Ses03M_impro06_M,sadness,Yeah.
79,14,Ses03M_impro06_M,sadness,You know I was always the one to tell him to be more wild you know?
79,15,Ses03M_impro06_F,neutral,Yeah.
79,16,Ses03M_impro06_M,sadness,And he just took it overboard.
79,17,Ses03M_impro06_F,sadness,What happened?  What went wrong?
79,18,Ses03M_impro06_M,sadness,You know a stupid case of drunk driving it's just...
79,19,Ses03M_impro06_M,sadness,"and the worst part of it is that he was in the car with his girlfriend,"
79,20,Ses03M_impro06_M,sadness,his girlfriend got killed too.
79,21,Ses03M_impro06_F,sadness,Oh man.
79,22,Ses03M_impro06_M,sadness,And the car that he hit was his family.
79,23,Ses03M_impro06_F,sadness,How are they?
79,24,Ses03M_impro06_M,sadness,The mother and father died--
79,25,Ses03M_impro06_M,sadness,and the kids are paralyzed in a coma right now.
79,26,Ses03M_impro06_M,sadness,and just going to the funeral it's-
79,27,Ses03M_impro06_M,sadness,"-do I miss him or do I hate him, you know?"
79,28,Ses03M_impro06_F,sadness,Yeah.  Like I mean if you need anyone to talk to or anything I'm here for you okay?
79,29,Ses03M_impro06_M,neutral,Thanks.
79,30,Ses03M_impro06_F,sadness,We're all here for you.
79,31,Ses03M_impro06_M,sadness,I was supposed to see him last summer
79,32,Ses03M_impro06_M,sadness,then I got busy with work and stuff and three years go by
79,33,Ses03M_impro06_M,sadness,and then something like this happens you know?
79,34,Ses03M_impro06_M,sadness,I mean I haven't even talked to him on the phone for the past three months.
79,35,Ses03M_impro06_M,sadness,He's supposed to be my best friend.
79,36,Ses03M_impro06_F,sadness,I know.
79,37,Ses03M_impro06_F,sadness,just things happen in life and you just...there's just no explanation you know?  We just don't...
79,38,Ses03M_impro06_M,sadness,It's so fucked up.
79,39,Ses03M_impro06_F,sadness,Yeah.
79,40,Ses03M_impro06_F,sadness,I'm so sorry.
79,41,Ses03M_impro06_M,sadness,Why is that?
79,42,Ses03M_impro06_M,sadness,He was studying to be a doctor.
79,43,Ses03M_impro06_M,sadness,"I mean he was...he wanted to help people in poor countries, that is his goal.  He didn't care about the money.  He just wanted to go and help people."
79,44,Ses03M_impro06_M,sadness,What the...what am I doing?
79,45,Ses03M_impro06_M,sadness,Working for corporate America?  Wow.
79,46,Ses03M_impro06_M,sadness,He actually wanted to do something.
79,47,Ses03M_impro06_F,sadness,"Well now you can follow his footsteps, you know?  Carry out what he wanted to do."
79,48,Ses03M_impro06_M,sadness,I can't do that.
79,49,Ses03M_impro06_F,sadness,Well sure you could.
79,50,Ses03M_impro06_M,sadness,You should've met him.
79,51,Ses03M_impro06_M,sadness,He is the greatest...everyone liked him.
79,52,Ses03M_impro06_F,sadness,Yeah.
79,53,Ses03M_impro06_F,sadness,I would've loved to.
79,54,Ses03M_impro06_F,sadness,Now I can't.
80,0,Ses03M_impro07_M,neutral,Hey.
80,1,Ses03M_impro07_F,happiness,Hey.  How's it going?  I haven't seen you in awhile.
80,2,Ses03M_impro07_M,neutral,Pretty good Susanna.
80,3,Ses03M_impro07_F,happiness,What's going on Joe?
80,4,Ses03M_impro07_M,neutral,Guess who got into U.S.C.?
80,5,Ses03M_impro07_F,neutral,Um--
80,6,Ses03M_impro07_M,neutral,"Me. Yeah, I did."
80,7,Ses03M_impro07_F,neutral,No way. Are you serious? Oh my God.  Congratulations. I'm so excited.
80,8,Ses03M_impro07_M,neutral,Yeah.
80,9,Ses03M_impro07_M,neutral,I got into the...
80,10,Ses03M_impro07_M,neutral,I got into cinema production.
80,11,Ses03M_impro07_F,neutral,No.  You didn't get into production.  There's no way.
80,12,Ses03M_impro07_M,neutral,Yeah.
80,13,Ses03M_impro07_M,neutral,No.  It's like it's harder than getting into Harvard.
80,14,Ses03M_impro07_F,neutral,I know.  Oh my God.  Oh my God Joe I am so happy for you.  Well you know what that means?
80,15,Ses03M_impro07_M,neutral,What does that mean?
80,16,Ses03M_impro07_F,neutral,You're going to be here and I'm going to be in LA so we can be together now.  I mean we can be in the same city.
80,17,Ses03M_impro07_M,neutral,Holy shit...
80,18,Ses03M_impro07_F,neutral,We can party.  We can have fun.
80,19,Ses03M_impro07_M,neutral,This will be like high school but even better.
80,20,Ses03M_impro07_F,happiness,Yeah.  Hopefully it won't be like high school.
80,21,Ses03M_impro07_F,neutral,"Oh man I am so proud of you, that is...how did you get...I mean what did you do?  How did you find out or what...?"
80,22,Ses03M_impro07_M,neutral,I-I came home and my mom was like Joe uh-
80,23,Ses03M_impro07_M,neutral,"I have some bad news.  I was like what?  She's like not really you got into U.S.C. and I was like, I was like oh my God.  I was about to tear my own hair out."
80,24,Ses03M_impro07_F,happiness,Oh man.
80,25,Ses03M_impro07_M,happiness,Yeah.  This is so crazy.  I mean I didn't get into any other school but I got into the school I wanted.
80,26,Ses03M_impro07_F,happiness,Did you say yes yet?  I mean have you sent in your answer?
80,27,Ses03M_impro07_M,neutral,Oh my God the first minute I got it I sent it back in.
80,28,Ses03M_impro07_F,happiness,All right.
80,29,Ses03M_impro07_M,neutral,So...
80,30,Ses03M_impro07_F,happiness,"This is so great, you know, because I gone fit on downtown so I'm going to be like right here.  I think I'm going to be living at City Lights downtown."
80,31,Ses03M_impro07_M,neutral,This is so exciting.  This is like a new chapter in our lives.
80,32,Ses03M_impro07_F,happiness,"Yeah, it really is."
80,33,Ses03M_impro07_M,neutral,"We're doing what we want to do, then four years later we're going to be working professionals, making money, sipping martinis every day."
80,34,Ses03M_impro07_F,neutral,God hopefully.
80,35,Ses03M_impro07_F,neutral,Man I'm just so happy for you.  I just--
80,36,Ses03M_impro07_M,neutral,Thank you
80,37,Ses03M_impro07_F,happiness,"Well, I'm happy for you but I'm happy for me cause that means you're going to stay."
80,38,Ses03M_impro07_M,neutral,And tonight my parents want to take me out to sushi and they said I could bring you.
80,39,Ses03M_impro07_F,neutral,Oh great. I would love to go.
80,40,Ses03M_impro07_M,neutral,Yeah.
80,41,Ses03M_impro07_M,neutral,Yeah and they said get whatever you want and...
80,42,Ses03M_impro07_F,happiness,Mmmm some miso soup.
80,43,Ses03M_impro07_M,neutral,Some miso soup.  You can get whatever.  You can get a vat full of miso soup.  God.
80,44,Ses03M_impro07_F,neutral,Ah man.
80,45,Ses03M_impro07_M,neutral,This is going to be so great.  I have so many great ideas.
80,46,Ses03M_impro07_F,neutral,Yeah. Did you...I mean do send in like how long after you send in your application did you hear?
80,47,Ses03M_impro07_M,neutral,to start off.
80,48,Ses03M_impro07_M,happiness,"It took them, oh man, it took them like, I mean what it's like April now and any letters that come in April are usually the rejection letters so I was just like..."
80,49,Ses03M_impro07_F,neutral,You were like...
80,50,Ses03M_impro07_M,neutral,I was struck.
80,51,Ses03M_impro07_F,neutral,Oh my God.  I am so proud of you.
81,0,Ses03M_impro08a_M,neutral,Hello.  This is Viacom Services.  How can I help you?
81,1,Ses03M_impro08a_F,frustration,"Hello?  God finally somebody, look, this is ridiculous.  I've been waiting online for like a half an hour now."
81,2,Ses03M_impro08a_M,neutral,"I'm sorry ma'am, what can I help you with?"
81,3,Ses03M_impro08a_F,frustration,"Look my, my phone isn't working.  I don't understand what's going on.  I am trying to call out.  I'm not receiving any calls"
81,4,Ses03M_impro08a_F,frustration,"and I need assistance with my...not only is my work phone, it's my home phone and look,"
81,5,Ses03M_impro08a_F,frustration,this is my business.  This is how I make money is through my phone.  It needs to be working.  Can you please help me?
81,6,Ses03M_impro08a_M,neutral,Okay.  Can you give me the last four digits of your social security number so I can verify who I'm speaking with?
81,7,Ses03M_impro08a_F,neutral,two two six six.
81,8,Ses03M_impro08a_M,neutral,Okay.  And your name is?
81,9,Ses03M_impro08a_F,frustration,Olivia.
81,10,Ses03M_impro08a_M,neutral,Olivia. Um. Okay.  So how long has this problem been?
81,11,Ses03M_impro08a_F,frustration,"This has been going on for the past two weeks.  I called every single day.  Nobody is helping me.  You guys tell me the same thing over and over, call again, call again, call again--"
81,12,Ses03M_impro08a_M,neutral,So what exactly is the problem?
81,13,Ses03M_impro08a_F,frustration,"I don't, I don't know what the problem is.  That's what I want you guys to...why is my service not turned on?  And I paid my bills on time.  I don't understand."
81,14,Ses03M_impro08a_M,neutral,Um- I think part of it has to do with the network being down.  It's been having some trouble the last few weeks--
81,15,Ses03M_impro08a_F,frustration,"Okay.  Well that is, that is fine and all.  I don't care.  I really don't care because I want my phone to work that's all."
81,16,Ses03M_impro08a_F,frustration,"That is I am paying you guys for service and I'm not getting any service.  I get, I get just dropped calls all the time and now it's completely not working at all.  I can't even call out, nine one one probably wouldn't even work."
81,17,Ses03M_impro08a_M,neutral,I understand--we're not-
81,18,Ses03M_impro08a_M,neutral,No.  Okay.  We're not charging you for any of these months.  We're going to give you three months free.
81,19,Ses03M_impro08a_F,frustration,Well you better.  You better give me a whole freaking new phone that's what you better do.
81,20,Ses03M_impro08a_M,neutral,We can give you a new phone--
81,21,Ses03M_impro08a_F,frustration,I want a camera phone actually.
81,22,Ses03M_impro08a_M,neutral,We can do that.  We can do that.  You just have to sign a one-year contract though with the--
81,23,Ses03M_impro08a_F,frustration,"No, no, no...  I'm done with these contract business because this is what can happen."
81,24,Ses03M_impro08a_F,anger,"You sign the contract and then down the line the phone doesn't work and you're stuck, you can't go to a new...no.  No contracts for me.  You give me a new phone."
81,25,Ses03M_impro08a_M,frustration,"Besides, it's sort of out of hands at the moment----The whole electrical power outage."
81,26,Ses03M_impro08a_F,anger,I want to talk to a supervisor
81,27,Ses03M_impro08a_F,anger,I would like to talk to your supervisor.  Obviously you're incompetent and don't understand what I'm asking.
81,28,Ses03M_impro08a_M,neutral,"Um- Let me connect you to my supervisor.  Actually, he's out right now so I'm supervisor until he comes back. Um-"
81,29,Ses03M_impro08a_F,frustration,What?
81,30,Ses03M_impro08a_M,neutral,"So you could----speak with me some more, you could call back later on maybe."
81,31,Ses03M_impro08a_F,frustration,That's ridiculous.  You know?
81,32,Ses03M_impro08a_F,frustration,"No I don't want to call back, you put me on hold for like hours and hours----and it's money, money, money, money and out of my pocket, out of my pocket--"
81,33,Ses03M_impro08a_M,frustration,I didn't put you on hold.
81,34,Ses03M_impro08a_M,frustration,There are a lot of people calling us having problems.  Every phone company is having the same problems ma'am
81,35,Ses03M_impro08a_F,frustration,Every phone...every single phone company?
81,36,Ses03M_impro08a_M,neutral,"Mmm hmmm.  Mmm hmmm.  The power outages, everything, hurricane Katrina. Everything's really messed up."
81,37,Ses03M_impro08a_F,anger,This is ridiculous.Well what are we supposed to do?  We starve then because I can't use my phone cause
81,38,Ses03M_impro08a_F,anger,"I am a realtor and this is my business.  People are calling me all the time but you know, and I don't have a land line.  I can't afford to have a land line"
81,39,Ses03M_impro08a_M,neutral,don't you-
81,40,Ses03M_impro08a_M,neutral,I'm really sorry ma'am.  There's not----a lot we can do for it.
81,41,Ses03M_impro08a_F,anger,That you better be sorry.
81,42,Ses03M_impro08a_F,frustration,Well you're not helping me at all.  God this is so frustrating.
81,43,Ses03M_impro08a_M,neutral,"What I can do for you, if you want to make a call right now I could contact you through our computer.  I can call through my phone and you can speak through me."
81,44,Ses03M_impro08a_F,frustration,What?  No.  That's way too complicated.  Look--
81,45,Ses03M_impro08a_F,frustration,you need to fix my phone.  I don't care what you have to do--
81,46,Ses03M_impro08a_M,neutral,I'm sorry it has to do with an electrical power outage and stuff--
81,47,Ses03M_impro08a_F,neutral,"Well then go up the freaking pole and fix it like, you need to help me.  You don't understand I'm in dire, dire need of a phone right now."
81,48,Ses03M_impro08a_M,neutral,"Well, okay I'm going to give you a free phone card that you can use at any payphone and that's on us. Okay?"
81,49,Ses03M_impro08a_F,frustration,"Yeah yeah, woman going out in South Central on the payphone at night.  Oh that's real safe."
81,50,Ses03M_impro08a_M,neutral,"I'm, I'm sorry you chose to live there um--"
81,51,Ses03M_impro08a_F,frustration,"No, no, no.  I didn't choose to live here.  I work there.  Okay?  Yeah. work work work"
81,52,Ses03M_impro08a_M,neutral,okay.
81,53,Ses03M_impro08a_M,neutral,Well I'm sure maybe there's a phone at work you could use.
81,54,Ses03M_impro08a_F,frustration,"We can't call out.  We can't make out-- line.  I don't work, I work at another office."
81,55,Ses03M_impro08a_F,frustration,A law firm.  Thank you very much.
81,56,Ses03M_impro08a_M,neutral,All right um--
81,57,Ses03M_impro08a_F,frustration,"I work out of my home as a realtor and because I don't have a land line, I need a phone and because of now I don't have one I don't know what to do.  And you're not helping me at all."
81,58,Ses03M_impro08a_F,frustration,"In fact, give me your name sir, what's your name again?"
81,59,Ses03M_impro08a_M,neutral,My name is Sara.
81,60,Ses03M_impro08a_F,frustration,Okay.  Sara what?
81,61,Ses03M_impro08a_M,neutral,Sara Brown.
81,62,Ses03M_impro08a_F,frustration,"Sara Brown.  Sara Brown, um- yeah, I'm going to get off the phone with you. And then I'm going to call back and I'm going to give your supervisor your name because you're obviously incompetent to work here."
81,63,Ses03M_impro08a_M,neutral,Okay.
81,64,Ses03M_impro08a_M,neutral,"You know maam, we record this conversation so anything you say can be proven in a law of court so keep that in mind."
81,65,Ses03M_impro08a_F,frustration,"What are you, what are you a police officer now?  You know, like I'm done, I'm over it.  Goodbye and I hope that you lose your job."
82,0,Ses03M_impro08b_F,neutral,Hello.
82,1,Ses03M_impro08b_M,neutral,Hello?
82,2,Ses03M_impro08b_F,frustration,Oh God I finally got...you know how long I've been waiting on line?  You put on hold for like five hours.  Geez.
82,3,Ses03M_impro08b_M,neutral,I'm sorry ma'am.  What's the nature of your problem?  But first can I get you to tell me your first and last name?
82,4,Ses03M_impro08b_F,frustration,I've already been through this five times with these people.  I've been calling every single day.
82,5,Ses03M_impro08b_M,neutral,I know I just need to verify every time.  I'm sorry.
82,6,Ses03M_impro08b_F,frustration,Olivia Brown.
82,7,Ses03M_impro08b_M,neutral,Alright Ms. Brown what's the nature of your problem?
82,8,Ses03M_impro08b_F,frustration,Well my phone isn't working and it hasn't been working for the last five days.
82,9,Ses03M_impro08b_M,neutral,Oh.  I'm sorry. Um- Did you drop it in water?
82,10,Ses03M_impro08b_F,anger,"Yeah, yeah, yeah you better be sorry."
82,11,Ses03M_impro08b_F,anger,No I did not drop my phone in water.  I'm not five years old and just dropped my phone anywhere I see it.  Okay this is my business.
82,12,Ses03M_impro08b_F,frustration,Okay?  And it [GARBAGE]. My business is failing because my phone isn't working and I don't have a land line and I really can't handle this right now.
82,13,Ses03M_impro08b_M,neutral,Okay.
82,14,Ses03M_impro08b_M,neutral,"Um- well it's probably easy.  Can you any more symptoms either you're not receiving calls----ok, you're not receiving calls, not getting calls."
82,15,Ses03M_impro08b_F,frustration,"the symptoms- This [GARBAGE] a doctor's office. I'm not receiving calls...I can't receive- no, it's, it cuts me off--"
82,16,Ses03M_impro08b_M,neutral,Is the phone turned on?
82,17,Ses03M_impro08b_F,frustration,Yes the phone turns on.  No I mean I'm using it not turning on the phone.  Of course it turns on.
82,18,Ses03M_impro08b_M,neutral,"Well, um- okay.  Your sim card is in- didn't fall out-"
82,19,Ses03M_impro08b_F,frustration,No- I don't have a sim card because it's Verizon and you guys don't use sim cards.
82,20,Ses03M_impro08b_M,neutral,Alright.  Um- Well that could be the problem. cause--
82,21,Ses03M_impro08b_M,neutral,you might have an older phone where we would use sim cards but probably not.
82,22,Ses03M_impro08b_F,frustration,"Okay no.  Sir, this is the deal.  My phone isn't working and I don't care what the problem is but it needs to work.  That's why I'm paying you guys to fix it."
82,23,Ses03M_impro08b_M,neutral,Okay.  How about this we'll send you a brand new camera phone with palm pilot-- and-
82,24,Ses03M_impro08b_F,frustration,I don't know even how to use that stuff it's too complicated.  I just want my flip phone to work----that's all I need
82,25,Ses03M_impro08b_M,neutral,"So we'll send it- And we'll give you, how about a free year's service?"
82,26,Ses03M_impro08b_F,frustration,"Look, I am on the road all the time.  Do you understand how important?  I'm a woman, a single mother by herself working...what?"
82,27,Ses03M_impro08b_M,neutral,Tell them my name.  My name is Brent Backersen.
82,28,Ses03M_impro08b_F,frustration,"Brent Backersen, I am writing this down, Brent Backersen.  Alright."
82,29,Ses03M_impro08b_M,neutral,Okay.  Tell them my - my ID number is two one three five.
82,30,Ses03M_impro08b_M,neutral,"Tell them that.  You can go in, get a brand new phone, they'll hook you up with service even give you a free three months--"
82,31,Ses03M_impro08b_F,frustration,"I, I, I don't want a contract. Okay. I don't want any contracts."
82,32,Ses03M_impro08b_M,neutral,It will be free.  No contract okay?
82,33,Ses03M_impro08b_F,frustration,Really?  No contract?
82,34,Ses03M_impro08b_M,neutral,"Go in there, yeah, go in there.  Tell them Brent Backersen sent you."
82,35,Ses03M_impro08b_F,neutral,I want the best freaking camera phone there is though.  I want the really good kind--
82,36,Ses03M_impro08b_M,neutral,"the top of the line camera phone, game boy, anything you want. For free. And palm pilot."
82,37,Ses03M_impro08b_F,neutral,And palm pilot.
82,38,Ses03M_impro08b_F,neutral,And charger and accessories and I want a cover that's pink.
82,39,Ses03M_impro08b_M,neutral,They might only have orange.
82,40,Ses03M_impro08b_F,neutral,no
82,41,Ses03M_impro08b_M,neutral,"Okay.  They can figure out pink for you.  So go in there and just tell them that and they'll hook you up with other goodies, stuff like that free service, no contract, no nothing.  Just for being a good customer"
82,42,Ses03M_impro08b_M,neutral,and battling through with us.
82,43,Ses03M_impro08b_F,neutral,"Alright. Well-  I guess - I guess that's okay but,"
82,44,Ses03M_impro08b_F,neutral,you better promise me.
82,45,Ses03M_impro08b_M,neutral,Yes.  You just tell them Brent Backersen sent you.
82,46,Ses03M_impro08b_F,neutral,Okay.
82,47,Ses03M_impro08b_M,neutral,Alright?  Great.  Have a nice evening.
82,48,Ses03M_impro08b_F,neutral,Alright Thanks.
83,0,Ses03M_script01_1_F,neutral,What's he going to say?  Maybe we ought to talk to him before he sees it.
83,1,Ses03M_script01_1_M,sadness,He saw it.
83,2,Ses03M_script01_1_F,neutral,"What do you mean. He couldn't have seen it. I was the first one up, he was still in bed."
83,3,Ses03M_script01_1_M,sadness,He was out there when it happened.
83,4,Ses03M_script01_1_F,neutral,When?
83,5,Ses03M_script01_1_M,sadness,About four in the morning.  I heard a crack and I looked out and he was standing right there when it happened.
83,6,Ses03M_script01_1_F,neutral,Well what was he doing out at four in the morning?
83,7,Ses03M_script01_1_M,sadness,I don't know. But after it cracked he ran back into the house and he cried in the kitchen.
83,8,Ses03M_script01_1_F,sadness,Did you talk to him?
83,9,Ses03M_script01_1_M,sadness,No.  I figured the best thing to do was leave him alone.
83,10,Ses03M_script01_1_F,sadness,He cried hard?
83,11,Ses03M_script01_1_M,sadness,I could hear it right through the floor.
83,12,Ses03M_script01_1_F,neutral,"God, what was he doing out there anyway?"
83,13,Ses03M_script01_1_F,frustration,Starting to dream about him again.  He's walking around at night again.
83,14,Ses03M_script01_1_M,sadness,I guess he is.
83,15,Ses03M_script01_1_F,sadness,"He's getting just like he did after he died, you know?  What, what, what's the meaning of this?"
83,16,Ses03M_script01_1_M,sadness,"I don't know.  But I know one thing mom, we made a terrible mistake with dad."
83,17,Ses03M_script01_1_F,neutral,What?
83,18,Ses03M_script01_1_M,frustration,Being dishonest with him.  That kind of thing always pays off and now it's paying off.
83,19,Ses03M_script01_1_F,neutral,What do you mean dishonest?
83,20,Ses03M_script01_1_M,anger,You know that Larry's not coming back and I know that too.  Why we both go on letting him think that we both believe with him.
83,21,Ses03M_script01_1_F,neutral,What are you going to do?  You want to argue with him?
83,22,Ses03M_script01_1_M,frustration,"No I don't want to argue with him but, it's time that he realizes that nobody believes Larry's coming back anymore."
83,23,Ses03M_script01_1_M,anger,"Why shouldn't he walk around and dream at him at night.  Walk around.  Why shouldn't he walk around?  Why shouldn't he dream of him, walk around at night waiting for him?  Do we contradict him?  Do we say flat out that we don't have anymore hope?"
83,24,Ses03M_script01_1_M,anger,That we haven't had any hope for years now?
83,25,Ses03M_script01_1_F,neutral,You can't say that to him.
83,26,Ses03M_script01_1_M,neutral,We got to say it to him.
83,27,Ses03M_script01_1_F,frustration,How are you going to prove it?  Can you prove it?
83,28,Ses03M_script01_1_M,frustration,Larry's been gone for three years.  For god sakes no one comes back after three years.  It's insane.
83,29,Ses03M_script01_1_F,neutral,"To you maybe, to me, but not to your father.  I mean,"
83,30,Ses03M_script01_1_F,frustration,he still thinks he's alive still.  I mean you could talk yourself blue in the face and there's no body and there's no grave so where are you?
83,31,Ses03M_script01_1_M,frustration,"Listen mom, just, sit down.  I want to talk to you."
83,32,Ses03M_script01_1_F,anger,No.  It's his god damned newspapers is what it is.  Now every month there's a new boy comes home and Larry's going to be the next one.
83,33,Ses03M_script01_1_M,frustration,Alright. Alright. Alright just listen.
83,34,Ses03M_script01_1_M,neutral,"You know why I asked Annie here, right?"
83,35,Ses03M_script01_1_F,anger,Why?
83,36,Ses03M_script01_1_M,neutral,You know.
83,37,Ses03M_script01_1_F,neutral,Well I have an idea but I don't know.  What's the story?
83,38,Ses03M_script01_1_M,neutral,I want to ask her to marry me.
83,39,Ses03M_script01_1_F,neutral,Well that's your business Chris.
83,40,Ses03M_script01_1_M,frustration,You know it's not just my business.
83,41,Ses03M_script01_1_F,anger,"Well what do you want me to do?  I mean, you're old enough to know your own mind."
83,42,Ses03M_script01_1_M,neutral,Okay.  So then it's alright.  I'll go ahead with it.
83,43,Ses03M_script01_1_F,neutral,"Well, I mean, you got to make sure your dad's not going--"
83,44,Ses03M_script01_1_M,anger,Oh see then it's just not my business. God you infuriate me sometimes.  Isn't my business too if dad throws a fit?  Huh?  God you have such a talent for ignoring things.
83,45,Ses03M_script01_1_F,frustration,Well I'm just saying--
83,46,Ses03M_script01_1_F,neutral,You know I ignore what I got to ignore.
83,47,Ses03M_script01_1_F,neutral,She's not...she's Larry's girl.
83,48,Ses03M_script01_1_M,frustration,She's not Larry's girl.
83,49,Ses03M_script01_1_F,frustration,From your father's point of view he is still alive and if you try and take her that's just not fair.  You can't do that.
83,50,Ses03M_script01_1_M,frustration,I don't know why it is but every time I reach out for something I want I have to pull back
83,51,Ses03M_script01_1_F,frustration,"And-And-And if you go on from there if you know already to go on from there, then you can.  But I'm telling you something that I don't know where to go.  You got it?  I mean, do you?"
83,52,Ses03M_script01_1_M,neutral,Because other people will suffer.
83,53,Ses03M_script01_1_M,frustration,"My whole entire, bloody life time and time again."
83,54,Ses03M_script01_1_F,neutral,You're a considerate fellow.  There is nothing wrong in that.
83,55,Ses03M_script01_1_M,anger,Well to hell with that.
83,56,Ses03M_script01_1_F,neutral,Did you ask Annie yet?
83,57,Ses03M_script01_1_M,neutral,I wanted to get this settled first.
83,58,Ses03M_script01_1_F,neutral,And what if she doesn't marry you huh?  What if she feels the same way your father does?
83,59,Ses03M_script01_1_M,neutral,Then I guess that's the end of it.
83,60,Ses03M_script01_1_M,sadness,But from her letters I think she's forgotten him.  I'll find out.
83,61,Ses03M_script01_1_M,neutral,"And then we'll thrash it out with dad right?  Mom, don't avoid me."
83,62,Ses03M_script01_1_F,neutral,"Look, you never had seen many, many women.  You know?  I mean..."
83,63,Ses03M_script01_1_M,neutral,Well so what?  I'm just not fast with women.
83,64,Ses03M_script01_1_F,frustration,Well I just don't see why it has to be Annie.
83,65,Ses03M_script01_1_M,frustration,Because it is.
83,66,Ses03M_script01_1_F,neutral,"Well that's a good answer but, it doesn't answer anything.  You haven't seen her since you left to go to the war and it's been five years."
83,67,Ses03M_script01_1_M,frustration,It's just...that's just the way it is.  That's how I feel.  You know these years when I think of someone I want to marry I think of Annie.  What do you want a diagram?
83,68,Ses03M_script01_1_F,frustration,No I don't want a diagram.
83,69,Ses03M_script01_1_F,frustration,"He thinks he's coming back. And you go off and marry that girl and you're just pronouncing him dead and what's going to happen to him?  I don't know.  Do you?  I mean, I don't know."
83,70,Ses03M_script01_1_M,frustration,Alright then.
83,71,Ses03M_script01_1_F,neutral,"Look, just give it some thought okay?"
83,72,Ses03M_script01_1_M,sadness,I've given it three years of thought and I thought that if I waited then dad would forget about Larry and then we could have a regular wedding and everything happy.
83,73,Ses03M_script01_1_M,neutral,But if I can't have that here I'll get out.
83,74,Ses03M_script01_1_F,neutral,What the hell is this?
83,75,Ses03M_script01_1_M,neutral,I'll get out.  I'll marry her somewhere else.  Maybe New York.
83,76,Ses03M_script01_1_F,neutral,Are you crazy?
83,77,Ses03M_script01_1_M,anger,I've been a good son too long.  A good sucker and I'm through with it.
83,78,Ses03M_script01_1_F,anger,You're just going to leave the business?  You have a business here.  You can't do that.
83,79,Ses03M_script01_1_M,anger,The business doesn't inspire me.
83,80,Ses03M_script01_1_F,neutral,"Oh, you have to be inspired."
83,81,Ses03M_script01_1_M,anger,Yes.  I like it an hour out of the day.  If I have to grub for money all day long at least at evening I want it beautiful.  I want a family.  I want a wife.  I want some kids.  I want to build something I can give myself to.
83,82,Ses03M_script01_1_M,frustration,Now Annie is in the middle of all that.  Where do I find it?
83,83,Ses03M_script01_1_F,sadness,Tell me something.  You can leave this business?
83,84,Ses03M_script01_1_M,neutral,Yes.  On this I would.
83,85,Ses03M_script01_1_F,neutral,You can't talk like that.
83,86,Ses03M_script01_1_M,neutral,Then help me stay here.
83,87,Ses03M_script01_1_F,frustration,Alright but you can't talk like that you hear?
83,88,Ses03M_script01_1_F,anger,"I mean what the hell have we worked for then?  I mean, it's all for you Chris.  The whole shooting match is for you."
83,89,Ses03M_script01_1_M,sadness,I know.  Just you help me stay here.
83,90,Ses03M_script01_1_F,frustration,Alright but you don't talk like that you hear?  You don't.
83,91,Ses03M_script01_1_M,sadness,I am thinking like that.
83,92,Ses03M_script01_1_F,sadness,I don't understand you do I?
83,93,Ses03M_script01_1_M,sadness,No you don't.  I'm a pretty tough guy.
83,94,Ses03M_script01_1_F,sadness,Yeah.  I can see that.
84,0,Ses03M_script01_2_F,anger,Why did he invite her here?
84,1,Ses03M_script01_2_M,frustration,Why does that bother you?
84,2,Ses03M_script01_2_F,anger,Well she's been away for three and a half years in New York and suddenly she just shows up.
84,3,Ses03M_script01_2_M,neutral,"Well maybe, maybe he just wanted to see her."
84,4,Ses03M_script01_2_F,neutral,Nobody travels seven hundred miles just see.
84,5,Ses03M_script01_2_M,frustration,uh-uh What do you mean?  They grew up next to each other their entire lives.  Why shouldn't he want to see her?
84,6,Ses03M_script01_2_M,frustration,Hey don't look at me like that.  I don't know anymore than you.
84,7,Ses03M_script01_2_F,neutral,He's not going to marry her.
84,8,Ses03M_script01_2_M,neutral,Who said he even thought about that?
84,9,Ses03M_script01_2_F,neutral,I see it.  It has the appearance of it.
84,10,Ses03M_script01_2_M,neutral,"Well, so what?"
84,11,Ses03M_script01_2_F,neutral,What's going on here Joe?
84,12,Ses03M_script01_2_M,frustration,Now listen kid...
84,13,Ses03M_script01_2_F,anger,No.  She's not his girl Joe and she knows that.
84,14,Ses03M_script01_2_M,neutral,You can't read her mind.
84,15,Ses03M_script01_2_F,neutral,"Then why is still single?  I mean there's plenty of single men in New York.  Why isn't she married by now?  Probably a hundred men has told her that she's foolish but, she's waiting."
84,16,Ses03M_script01_2_M,neutral,How do you know why she's waited?  Hmmm?
84,17,Ses03M_script01_2_F,neutral,"Because she knows what I know, that's why."
84,18,Ses03M_script01_2_F,anger,"I mean, her faith is stronger than a rock."
84,19,Ses03M_script01_2_F,sadness,"My worst times I think about her, you know, and I"
84,20,Ses03M_script01_2_F,sadness,it's like I know as long as she's waiting I'm right again.
84,21,Ses03M_script01_2_M,frustration,Look at how nice the day is.  What are we arguing for?
84,22,Ses03M_script01_2_F,anger,"No.  Nobody in my house better dare and challenge her faith.  You know and maybe strangers but not his father, not his brother."
84,23,Ses03M_script01_2_M,frustration,What do you want me to do?  What do you want?
84,24,Ses03M_script01_2_F,neutral,I want-I want you to act like he's still alive.  I mean don't think I haven't seen the way that you've been since he invited her here.
84,25,Ses03M_script01_2_M,frustration,But Kate...
84,26,Ses03M_script01_2_F,neutral,But I won't have any of this nonsense because you know what happens?  If he doesn't come back I'll kill myself.
84,27,Ses03M_script01_2_F,anger,"Laugh, laugh at me but I will.  Because you know what happened when she came here?  When she came back she slept in his room, the memorial broke into pieces. Joe, look. Look at it. You got to believe with me."
84,28,Ses03M_script01_2_M,frustration,Okay. Calm yourself. Just calm yourself.
84,29,Ses03M_script01_2_F,neutral,I can't do it all alone.
84,30,Ses03M_script01_2_M,neutral,"Calm yourself, alright?"
84,31,Ses03M_script01_2_F,sadness,"Look, it was just last week that Detroit, some boy came back he had been away longer than Larry, you can read it for yourself. You above all people have got to believe."
84,32,Ses03M_script01_2_M,anger,"Alright, alright, calm yourself okay?  Calm yourself. Wait, wait.  What do you mean, me above all?"
84,33,Ses03M_script01_2_F,neutral,"Look, just keep believing okay?"
84,34,Ses03M_script01_2_M,anger,"Wait, what does that mean?  Me above all?"
84,35,Ses03M_script01_2_M,anger,"Look at you, you're shaking."
84,36,Ses03M_script01_2_F,sadness,I can't help it.
84,37,Ses03M_script01_2_M,anger,What do I got to hide?  Huh?  What the hell's the matter with you Kate?
85,0,Ses03M_script01_3_F,neutral,You're the only one I know that still loves his parents.
85,1,Ses03M_script01_3_M,neutral,I know.  It sort of went out of style didn't it?
85,2,Ses03M_script01_3_F,neutral,"No.  It's alright.  It's a good thing, you know?"
85,3,Ses03M_script01_3_F,neutral,It's lovely here.
85,4,Ses03M_script01_3_F,neutral,The air is so sweet.
85,5,Ses03M_script01_3_M,neutral,You're not sorry you came?
85,6,Ses03M_script01_3_F,sadness,No.  I'm not sorry.  But I'm not going to stay.
85,7,Ses03M_script01_3_M,neutral,Why?
85,8,Ses03M_script01_3_F,neutral,First of all your mother so much as told me to go.
85,9,Ses03M_script01_3_M,neutral,Well...
85,10,Ses03M_script01_3_F,sadness,"Look,"
85,11,Ses03M_script01_3_F,sadness,"you saw the way that she acted and then well, I mean, you, you were acting kind of..."
85,12,Ses03M_script01_3_M,neutral,What?
85,13,Ses03M_script01_3_F,sadness,"Well, I don't know, embarrassed of her since I came."
85,14,Ses03M_script01_3_M,neutral,Well the trouble is I was planning on sneaking up on you over a week or so and they take it for granted that we're all set.
85,15,Ses03M_script01_3_F,neutral,"Yeah.  I know they would, especially your mother."
85,16,Ses03M_script01_3_M,neutral,How did you know?
85,17,Ses03M_script01_3_F,neutral,"Well what other reason, from her point of view, would I be coming here?"
85,18,Ses03M_script01_3_M,neutral,"So, would you want to?"
85,19,Ses03M_script01_3_M,happiness,"I mean, that's the reason why I asked you here."
85,20,Ses03M_script01_3_F,happiness,"Well,"
85,21,Ses03M_script01_3_M,neutral,Oh Annie.  I love you.  I love you a great deal.
85,22,Ses03M_script01_3_M,happiness,I love you.
85,23,Ses03M_script01_3_F,happiness,I guess that's why I came.
85,24,Ses03M_script01_3_M,neutral,I don't...I have no imagination that's the only way I know how to tell it.
85,25,Ses03M_script01_3_M,neutral,I'm embarrassing you.  I didn't want to tell you this here.  I wanted to drive someplace brand new where we'd be brand new to each other.  It feels wrong here don't you?
85,26,Ses03M_script01_3_M,neutral,"This yard and this chair.  I don't want to win you from anything, I want you to be ready for me."
85,27,Ses03M_script01_3_F,happiness,"Look, I've been ready for a long, long time now."
85,28,Ses03M_script01_3_M,neutral,"Then he's gone forever, you sure?"
85,29,Ses03M_script01_3_F,happiness,"Look, I almost got married two years ago."
85,30,Ses03M_script01_3_M,neutral,Why didn't you?
85,31,Ses03M_script01_3_F,happiness,You started to write me.
85,32,Ses03M_script01_3_M,happiness,You felt something that far back.
85,33,Ses03M_script01_3_F,happiness,Every day since.
85,34,Ses03M_script01_3_M,neutral,Why didn't you let me know?
85,35,Ses03M_script01_3_F,happiness,"I was waiting for you Chris, I mean, till then you never wrote and then when you did what did you say?"
85,36,Ses03M_script01_3_F,happiness,You'd always be so ambiguous.
85,37,Ses03M_script01_3_M,happiness,"Give me a kiss Ann, just give me..."
85,38,Ses03M_script01_3_M,neutral,"Oh God.  Annie, I kissed Annie.  I kissed Annie."
85,39,Ses03M_script01_3_F,happiness,I'll never forgive you for that.
85,40,Ses03M_script01_3_M,neutral,"How long, how long I've been waiting to do that."
85,41,Ses03M_script01_3_F,happiness,"I mean,  Why did you wait all these years?  There I was sitting around and wondering if I was crazy for thinking about you."
85,42,Ses03M_script01_3_M,happiness,We're going to live now.  I'm going to make you so happy.
85,43,Ses03M_script01_3_F,happiness,Not like that you're not.
85,44,Ses03M_script01_3_M,neutral,I kissed you.
85,45,Ses03M_script01_3_F,neutral,Like Larry's brother.  Do it like you Chris.
85,46,Ses03M_script01_3_M,sadness,"Nothing.  Hey, let's drive somewhere.  I want to be alone with you."
85,47,Ses03M_script01_3_F,neutral,What is it?
85,48,Ses03M_script01_3_F,neutral,"No, what is it?  Your mother?"
85,49,Ses03M_script01_3_M,neutral,"No, nothing, nothing like that."
85,50,Ses03M_script01_3_F,neutral,"Tell me what's wrong.  I mean, even in your letters you seemed ashamed."
85,51,Ses03M_script01_3_M,neutral,"Well, yes I guess I've been ashamed but, it's going from me."
85,52,Ses03M_script01_3_F,neutral,You got to tell me.
85,53,Ses03M_script01_3_M,neutral,I don't know where to start.
85,54,Ses03M_script01_3_F,neutral,Okay.  It wouldn't work like this?
85,55,Ses03M_script01_3_M,sadness,You remember overseas I was in command of a company?
85,56,Ses03M_script01_3_F,neutral,"Yeah, sure."
85,57,Ses03M_script01_3_M,sadness,Well I lost them.
85,58,Ses03M_script01_3_F,sadness,How many?
85,59,Ses03M_script01_3_M,sadness,Just about all.
85,60,Ses03M_script01_3_F,sadness,Geez.
85,61,Ses03M_script01_3_M,sadness,Takes a little while to toss that off cause they weren't just men.
85,62,Ses03M_script01_3_M,sadness,"For instance, one time this...it had been raining several days and this one kid, he came up to me, he gave me his last pair of dry socks, put them in my pocket."
85,63,Ses03M_script01_3_M,sadness,"That's just a little thing but that's the kind of guys I had.  They didn't just die, they killed themselves for each other and I mean that exactly."
85,64,Ses03M_script01_3_M,sadness,A little more selfish and they'd still be here today.  And I got this idea watching them go down.  See everything was being destroyed but there was one new thing that was being created.
85,65,Ses03M_script01_3_M,sadness,"It was a kind of responsibility, man for man.  You understand me?"
85,66,Ses03M_script01_3_M,sadness,And to show that and to bring that onto the earth again like some sort of monument standing right behind all of us and we could feel it and it would make a difference to him.
85,67,Ses03M_script01_3_M,sadness,And then I came here and it was incredible.  There was no meaning in it here.  The whole thing to them was a kind of bus accident.
85,68,Ses03M_script01_3_M,sadness,"And I went to work with dad and that rat race again and I felt what you said, ashamed.  Somehow because nobody was changed at all."
85,69,Ses03M_script01_3_M,sadness,"It seemed to make a sucker out of a lot of guys.  I felt wrong to be alive.  I felt wrong to have that new checkbook,"
85,70,Ses03M_script01_3_M,sadness,"open that new bank account, drive the new car and see the new refrigerator"
85,71,Ses03M_script01_3_M,sadness,"cause you can take those things out of the war.  But you got to know, when you drive that car that it came out of the love that a man can have for a man and you got to be a little bit better because of that."
85,72,Ses03M_script01_3_M,sadness,Otherwise what you have is loot and there's blood on it.
85,73,Ses03M_script01_3_M,sadness,And I didn't want to take any of it and I guess that included you.
85,74,Ses03M_script01_3_F,sadness,And you still feel that way?
85,75,Ses03M_script01_3_M,neutral,I want you now Annie.
85,76,Ses03M_script01_3_F,neutral,Cause you must not feel that way again.  You hear me?  You can't.  You deserve everything you have Chris.
85,77,Ses03M_script01_3_F,sadness,"that includes me too, I mean and the money, you have right to that money.  Your father put planes up in the air, good planes and he deserves it, you should be proud of that.  A man should be paid for that."
85,78,Ses03M_script01_3_M,neutral,[GARBAGE] Annie
85,79,Ses03M_script01_3_M,happiness,Annie I'm going to make a fortune for you.
85,80,Ses03M_script01_3_F,happiness,What am I going to do with a fortune?
85,81,Ses03M_script01_3_M,happiness,Buy some hats?
86,0,Ses03M_script02_1_M,neutral,"Hey, what time is it?  This pokes around midnight right?  God this is great isn't it?"
86,1,Ses03M_script02_1_M,neutral,Look at the night we got.  I wouldn't trade this for anything.
86,2,Ses03M_script02_1_M,neutral,You know actually I wanted to go a little further up the coast and get away from all the lights and people but I was afraid you'd miss it.  How are you doing?
86,3,Ses03M_script02_1_F,neutral,Fine.
86,4,Ses03M_script02_1_M,neutral,"Is that, is that, nah, is that just Paul?  I can't even tell."
86,5,Ses03M_script02_1_M,neutral,"But if I can't tell, it probably isn't them isn't it?  Probably would be unmistakable wouldn't you think?  How are you doing?"
86,6,Ses03M_script02_1_M,neutral,"Oh, you know what I forgot?  I forgot my flashlight.  How could I be so stupid?  I should've brought my flashlight."
86,7,Ses03M_script02_1_F,neutral,What flashlight?
86,8,Ses03M_script02_1_M,neutral,"You know, the flashlight, the silver one?  There's only one isn't there?"
86,9,Ses03M_script02_1_F,neutral,It's not your flashlight.
86,10,Ses03M_script02_1_M,neutral,"Well, whose is it?"
86,11,Ses03M_script02_1_F,neutral,It's ours.  Mine too.
86,12,Ses03M_script02_1_M,neutral,"Well, sure."
86,13,Ses03M_script02_1_F,neutral,"Well, you keep saying it's my flashlight like it's only your flashlight.  I mean, how do you think that makes me feel?"
86,14,Ses03M_script02_1_M,neutral,"No.  Of course, our flashlight.  Yours and mine.  Me flashlight is su flashlight, naturally."
86,15,Ses03M_script02_1_M,neutral,How could we have not thought to bring it?  I hope the moon stays out.
86,16,Ses03M_script02_1_M,neutral,Was it a full moon last year when they were running?  I can't remember.  Do you remember?
86,17,Ses03M_script02_1_F,neutral,Yes.
86,18,Ses03M_script02_1_M,neutral,Are you cold?  Do you want my jacket?
86,19,Ses03M_script02_1_M,neutral,"We should've brought the blanket, our blanket."
86,20,Ses03M_script02_1_M,neutral,"God.  Oh, you know what would be good right about now?  A six-pack.  A six-pack would be just the ticket."
86,21,Ses03M_script02_1_M,neutral,"I'm so stupid, I should've brought a six-pack.  God, I'm like a little kid.  It's amazing I get out of the house with my fly zipped up. Oh- [LAUGHTER]"
86,22,Ses03M_script02_1_M,neutral,I wonder if they can hear us talk?  Or feel the vibrations in the sand when we move around?
86,23,Ses03M_script02_1_F,neutral,"Look, I'm cold."
86,24,Ses03M_script02_1_M,neutral,Do you want my jacket?
86,25,Ses03M_script02_1_F,frustration,"It's past eleven, let's go."
86,26,Ses03M_script02_1_M,neutral,What?  Are you kidding me?  We just got here.  We miss it.  What's the point of coming down here if we just turn around and go home?
86,27,Ses03M_script02_1_F,frustration,There is no point in coming down here.
86,28,Ses03M_script02_1_M,neutral,Right.
86,29,Ses03M_script02_1_F,frustration,That's my point.
86,30,Ses03M_script02_1_M,frustration,That's my point too...No.  No.  That's not my point.  My point is what's the point if we come down here if we just turn around and leave?
86,31,Ses03M_script02_1_F,neutral,So let's go.
86,32,Ses03M_script02_1_M,neutral,"I mean, don't you want to see it?"
86,33,Ses03M_script02_1_F,neutral,Not particularly.
86,34,Ses03M_script02_1_M,neutral,Why not?
86,35,Ses03M_script02_1_F,neutral,I don't know.  I just don't.
86,36,Ses03M_script02_1_M,neutral,"Honey, this is a natural phenomenon.  It only happens once a year.  I mean think about the people in Kansas, they would have to get hotel reservations and plane tickets to come and see this.  We're only forty minutes away.  This is too good to pass up."
86,37,Ses03M_script02_1_F,frustration,"Pass up what?  These fish swim up to shore, on the beach and then they flop around a little, they swim away and then they die."
86,38,Ses03M_script02_1_M,neutral,"Well this is like the highlight, the one night of their lives and that flopping around, that's laying eggs or spawning or mating or whatever you call it."
86,39,Ses03M_script02_1_M,neutral,"But this is the big night for these guys.  Their last, life's last orgy."
86,40,Ses03M_script02_1_F,neutral,"What are you getting so excited about?  I mean, it's not like it's like the landing on the moon or something.  I mean, it's just fish, fish that nobody eats."
86,41,Ses03M_script02_1_M,neutral,Yeah they do.
86,42,Ses03M_script02_1_F,frustration,Augie.
86,43,Ses03M_script02_1_M,neutral,"Okay.  But it's fish that do something that no other fish do.  Like the swallows in Capistrano or the Lemmings that throw themselves off the cliffs, there's magic here and some mystery and a little bit of unexplainable."
86,44,Ses03M_script02_1_M,neutral,"I mean, I can't see how you can not be interested."
86,45,Ses03M_script02_1_F,neutral,I'm just not.
86,46,Ses03M_script02_1_M,neutral,For real?
86,47,Ses03M_script02_1_F,neutral,Yes.
86,48,Ses03M_script02_1_M,neutral,"I don't get it.  I mean the first time we came to see it, you said it was the best night of your life."
86,49,Ses03M_script02_1_M,neutral,And last year when we came you ran out of the house so fast you stubbed your toe and you didn't even notice it until we got in the car.
86,50,Ses03M_script02_1_F,frustration,"You also could remember that I got sand in my panties, we got in an argument over nothing, you got a sore throat and we didn't even get to see the Grunions."
86,51,Ses03M_script02_1_M,neutral,Okay.  We're in a good spot.
86,52,Ses03M_script02_1_F,frustration,You didn't see them the first time either.
86,53,Ses03M_script02_1_M,frustration,"We just weren't in the good spot.  This is a much better spot.  You know, I have a good instincts for these things."
86,54,Ses03M_script02_1_M,neutral,"Look, is that...no is that just seaweed?"
86,55,Ses03M_script02_1_M,neutral,"You know, this is great isn't it?  You know, I wouldn't trade this for anything."
86,56,Ses03M_script02_1_M,neutral,"I mean, think about this, I know you're not interested but just think about this for a minute."
86,57,Ses03M_script02_1_M,neutral,"Somewhere out there, there's this huge silver mass of fish heading this way, they don't why, we don't know why, they just some little instinctual fire cracker went off in their bodies..."
86,58,Ses03M_script02_1_M,neutral,"...like and they all just turned at once and formed a line as long as the California coast and started swimming this way.  They didn't, you know, they didn't make a decision, they didn't, you know, have boats or anything.  No one sent them an invitation or a map, they just started swimming as if that's the only thing that matters."
86,59,Ses03M_script02_1_M,neutral,"It's single mindedness with no mind.  It's urgency that's pure urge and they don't, they don't ask it a question, they don't give it a name, they just swim."
86,60,Ses03M_script02_1_M,neutral,They just start swimming to this place right here where we stand for massive celebration of sex and death.
86,61,Ses03M_script02_1_M,neutral,"Oh, I'm giving myself goose bumps.  Look, all my hairs are standing up."
86,62,Ses03M_script02_1_F,neutral,That's the wind.
86,63,Ses03M_script02_1_M,neutral,[BREATHING] So what do you think?
86,64,Ses03M_script02_1_F,neutral,About what?
86,65,Ses03M_script02_1_M,neutral,About what I just said?
86,66,Ses03M_script02_1_F,neutral,It's ridiculous.
86,67,Ses03M_script02_1_M,frustration,It certainly is not.  It's
87,0,Ses03M_script02_2_M,neutral,So what do you think?
87,1,Ses03M_script02_2_F,anger,About what?
87,2,Ses03M_script02_2_M,frustration,About what I just said?
87,3,Ses03M_script02_2_F,anger,It's ridiculous.
87,4,Ses03M_script02_2_M,frustration,It certainly is not.  It's a slightly exaggerated scientific fact.
87,5,Ses03M_script02_2_F,anger,"It's PR.  I mean, somebody sold you a good bill about this wonderful event that going to happen on the beach."
87,6,Ses03M_script02_2_M,frustration,I'm not the only one.  Look at all these people.
87,7,Ses03M_script02_2_F,anger,"Yeah.  Everyone else was sold the same thing.  I mean, look, it keeps us excited, it keeps us coming back for more and you know, keeps us thinking life's going to start any minute now."
87,8,Ses03M_script02_2_M,frustration,Are we talking about the same thing?
87,9,Ses03M_script02_2_F,anger,"Look, I'm sorry but it's still just fish to me."
87,10,Ses03M_script02_2_M,frustration,I thought you wanted to see it.
87,11,Ses03M_script02_2_F,neutral,It's just...
87,12,Ses03M_script02_2_F,neutral,"Look, we just have different ideas of what this night is supposed to be like."
87,13,Ses03M_script02_2_M,frustration,"There's nothing to it.  The Grunions arrive, they do their little fish business, you know?  We go oh, ahh, look at the fish and they go home and we go home."
87,14,Ses03M_script02_2_F,frustration,"For heavens sake, grow up.  We're not going to see the Grunions."
87,15,Ses03M_script02_2_M,frustration,Why not?
87,16,Ses03M_script02_2_F,frustration,"We never do, do we?  Have we ever?"
87,17,Ses03M_script02_2_M,frustration,"Oh my gosh.  We missed them twice, that's hardly ever."
87,18,Ses03M_script02_2_F,anger,Okay.  Twice is as many times as we've tried and that's ever.
87,19,Ses03M_script02_2_M,frustration,"Carla, can I ask you something?"
87,20,Ses03M_script02_2_F,neutral,What?
87,21,Ses03M_script02_2_M,frustration,"Don't take this wrong but, are you having your period?"
87,22,Ses03M_script02_2_F,anger,"Augie, god dammit, don't ask me that.  You always ask me that.  I hate it when you ask me that.  It's insulting."
87,23,Ses03M_script02_2_M,frustration,What's bugging you then?
87,24,Ses03M_script02_2_F,frustration,"Look, it's pointless.  It's...we're not going to see the Grunions I mean, it's like waiting around to see Santa Claus, you know, it's..."
87,25,Ses03M_script02_2_F,anger,"Listen, I've waiting my entire life on this beach just standing there waiting for this fish to show up and these fish never show up."
87,26,Ses03M_script02_2_M,frustration,I thought you wanted to see it.
87,27,Ses03M_script02_2_F,frustration,"God, you don't understand anything."
87,28,Ses03M_script02_2_M,frustration,"No, of course not."
87,29,Ses03M_script02_2_F,frustration,"I do.  I always do.  I keep thinking, this time will be the time and it never is."
87,30,Ses03M_script02_2_M,neutral,"Well, we're going to see it."
87,31,Ses03M_script02_2_F,anger,"No we won't.  I mean, God, this isn't about the fish Augie."
87,32,Ses03M_script02_2_M,frustration,"What...I've been trying to, I've been trying to figure out the point where we went wrong and I can't seem to pinpoint that moment."
87,33,Ses03M_script02_2_M,neutral,"You were fine during the phone call with Marge, dinner was okay, doing the dishes was no problem."
87,34,Ses03M_script02_2_M,neutral,"Let's see I took a shower, you were watching the news, you said hey, hey the Grunions are running tonight and I said great let's go, I feel lucky tonight."
87,35,Ses03M_script02_2_M,frustration,"And then I'm putting the animals out in the yard, I'm pulling the car out of the garage, putting my jacket on."
87,36,Ses03M_script02_2_F,frustration,"Look, do you remember the first time we came here?"
87,37,Ses03M_script02_2_F,sadness,We thought I was pregnant.
87,38,Ses03M_script02_2_F,neutral,We brought a bottle of champagne and we took off our shoes and danced barefoot in the sand...
87,39,Ses03M_script02_2_F,neutral,Under the moon and you whispered so softly into my ear so I could feel your words.
87,40,Ses03M_script02_2_F,neutral,"And I thought, this is it.  This is how happy I'm supposed to be."
87,41,Ses03M_script02_2_M,neutral,Wait a minute.  I've got it.
87,42,Ses03M_script02_2_F,neutral,What?  Dancing barefoot in the sand?  Drinking out of a bottle of champagne?
87,43,Ses03M_script02_2_M,neutral,It was in the car right?  Driving past the Knickerbocker Liquor Locker...
87,44,Ses03M_script02_2_M,neutral,And you said let's get some champagne and I said time's a wasting or something like that.
87,45,Ses03M_script02_2_M,neutral,You want this to be like the other time right?  That's it right?
87,46,Ses03M_script02_2_F,sadness,I'd rather not remember something...
87,47,Ses03M_script02_2_F,sadness,Rather not hope for something.
87,48,Ses03M_script02_2_M,neutral,"Okay, right.  I got it.  Sure.  Of course.  Listen, do you want to dance?"
87,49,Ses03M_script02_2_F,sadness,No.
87,50,Ses03M_script02_2_M,frustration,Do you want me to get some champagne?
87,51,Ses03M_script02_2_F,frustration,No.
87,52,Ses03M_script02_2_M,frustration,Take off our shoes?
87,53,Ses03M_script02_2_F,frustration,No.
87,54,Ses03M_script02_2_M,frustration,What?  Do you want me to breathe in your ear?
87,55,Ses03M_script02_2_F,frustration,No.
87,56,Ses03M_script02_2_M,neutral,Do you want to get married again? What? What?  Do you want a divorce? A vacation? What?  A carpet?  A poodle?  A basket of fruit?  What?  A suicide pact?  What the hell do you want Carla?
87,57,Ses03M_script02_2_F,frustration,No...No...No...
87,58,Ses03M_script02_2_F,frustration,No...
87,59,Ses03M_script02_2_F,anger,I want things to turn out the way that they're supposed to be.
87,60,Ses03M_script02_2_M,anger,Welcome to the human race.
87,61,Ses03M_script02_2_M,anger,Do you think that this is what I had in mind?  That four years down the line that we'd get married and come to the beach and argue with each other over fish?  No.
87,62,Ses03M_script02_2_M,anger,I was just like you.  I thought it was going to be all peaches and roses and everything great and the sand in our toes and the wind in our hair and the fish will always come and the bills will pay themselves and we'd have three big fat rosy kids...
87,63,Ses03M_script02_2_M,anger,...and you know?  Baby the jokes on us.  Because you know what you get?  Do you know what you get Carla?  You get this.
87,64,Ses03M_script02_2_F,frustration,"This what...what's this?  This isn't anything. Alright.  Sure.  Standing on the beach, fighting and waiting."
87,65,Ses03M_script02_2_M,anger,Yes it is.
87,66,Ses03M_script02_2_M,anger,Right.
87,67,Ses03M_script02_2_F,anger,Cause everything isn't anything like I thought it would be.
87,68,Ses03M_script02_2_M,neutral,No.  I know.  Me neither.
87,69,Ses03M_script02_2_F,sadness,This is just this.  You know?  I mean it's a lot and everything but it isn't somewhere else.  Do you know what I'm trying to say?
87,70,Ses03M_script02_2_M,frustration,I'm trying to do the best I can.
87,71,Ses03M_script02_2_F,sadness,I know you are Augie.  I know you wanted this evening to be nice.
87,72,Ses03M_script02_2_F,sadness,I can't help thinking about being somewhere else.
87,73,Ses03M_script02_2_M,sadness,Maybe if you were with someone else too.
87,74,Ses03M_script02_2_F,sadness,I didn't say that.
87,75,Ses03M_script02_2_M,sadness,I know.  But I know I don't make you happy.
87,76,Ses03M_script02_2_F,sadness,"Augie, whatever I'm doing I'd rather be doing with you."
87,77,Ses03M_script02_2_M,neutral,Yeah?
87,78,Ses03M_script02_2_F,neutral,Yeah.  Don't you know that?
87,79,Ses03M_script02_2_F,sadness,If anybody wants to be with anybody else it's probably you.  Probably somebody who enjoys herself a little more and is not so hard.
87,80,Ses03M_script02_2_M,neutral,"Actually, now that you mention it, no I don't."
87,81,Ses03M_script02_2_F,sadness,"Well, I guess this is the wrong spot for the right people."
87,82,Ses03M_script02_2_M,neutral,It seemed like a good spot to me.
87,83,Ses03M_script02_2_M,happiness,I mean look at the view of the moon we got from here.
87,84,Ses03M_script02_2_F,happiness,Yeah.  I noticed that.  It's real pretty on the water.
87,85,Ses03M_script02_2_F,neutral,Big old white moon.
87,86,Ses03M_script02_2_M,happiness,"Hey, look what we got here."
87,87,Ses03M_script02_2_F,happiness,Oh you brought refreshments.
87,88,Ses03M_script02_2_M,neutral,It's not champagne.
87,89,Ses03M_script02_2_F,neutral,Well at least we won't need glasses.
87,90,Ses03M_script02_2_M,neutral,Are you still cold?  Do you want to go home?
87,91,Ses03M_script02_2_F,happiness,No I'm beginning to think you might be right.
87,92,Ses03M_script02_2_F,happiness,I think this may be the place for us after all.
87,93,Ses03M_script02_2_F,happiness,I am sorry Augie.
87,94,Ses03M_script02_2_M,happiness,Shh.  If we're very quiet the fish might come.
87,95,Ses03M_script02_2_F,happiness,Or not.
87,96,Ses03M_script02_2_M,happiness,Or not.
88,0,Ses03M_script03_1_M,neutral,Good God.
88,1,Ses03M_script03_1_F,neutral,Do you think it's them?
88,2,Ses03M_script03_1_M,neutral,I wonder.
88,3,Ses03M_script03_1_F,neutral,And nobody knows we're here except for Freda and she wouldn't ring up.
88,4,Ses03M_script03_1_M,neutral,Well it must be them then.
88,5,Ses03M_script03_1_F,neutral,What are you going to do?
88,6,Ses03M_script03_1_M,neutral,We're fine right?  Aren't we?  Whatever happens darling.
88,7,Ses03M_script03_1_F,neutral,Now and always sweet.
88,8,Ses03M_script03_1_M,neutral,I don't care then.
88,9,Ses03M_script03_1_F,neutral,"I mean, it was, it's bound to come out sooner or later."
88,10,Ses03M_script03_1_M,neutral,Hello?  Hello?  What?
88,11,Ses03M_script03_1_F,neutral,That sent shivers up my spine.
88,12,Ses03M_script03_1_M,neutral,"No, wrong number."
88,13,Ses03M_script03_1_M,neutral,What are we to do if they suddenly walk in on us?
88,14,Ses03M_script03_1_F,neutral,Behave exquisitely.
88,15,Ses03M_script03_1_M,neutral,With the most perfect poise?
88,16,Ses03M_script03_1_F,neutral,Certainly.  And I shall probably do a court courtesy.
88,17,Ses03M_script03_1_M,neutral,um- Things that should matter dreadfully don't seem to matter at all when one's happy do they?
88,18,Ses03M_script03_1_F,neutral,What is so horrible is that one cannot stay happy.
88,19,Ses03M_script03_1_M,neutral,"Oh, darling.  Don't say that."
88,20,Ses03M_script03_1_F,neutral,"It's true.  I mean, the whole business it's a very poor joke."
88,21,Ses03M_script03_1_M,neutral,"You mean that, that sacred and beautiful thing love?"
88,22,Ses03M_script03_1_F,neutral,Yes.  I mean just that.
88,23,Ses03M_script03_1_M,neutral,What does that all mean?  That's what I asked myself on my quest for ultimate truth.  What does it all mean?
88,24,Ses03M_script03_1_F,neutral,Don't laugh at me.  I'm serious.
88,25,Ses03M_script03_1_M,neutral,"[LAUGHTER] Oh, darling.  You mustn't be serious, that's just what they want."
88,26,Ses03M_script03_1_F,neutral,Who's they?
88,27,Ses03M_script03_1_M,neutral,All the futile moralists who try to make life unbearable.  Laugh at them.  Be flippant.
88,28,Ses03M_script03_1_M,neutral,Laugh at all their sacred shibboleths.  Flippancy brings the acid in their damn sweetness and light.
88,29,Ses03M_script03_1_F,neutral,So if I'm to laugh at everything then I must laugh at us too.
88,30,Ses03M_script03_1_M,neutral,"Oh, certainly, you must.  We're figures of fun alright."
88,31,Ses03M_script03_1_F,neutral,How long will it last?  This ludicrous overbearing love of ours?
88,32,Ses03M_script03_1_M,neutral,Who knows?
88,33,Ses03M_script03_1_F,neutral,Shall we always want to bicker and fight?
88,34,Ses03M_script03_1_M,neutral,No.  That fire will fade along with our passion.
88,35,Ses03M_script03_1_F,neutral,"Well, dear, shall we want that?"
88,36,Ses03M_script03_1_M,neutral,"Well, it depends on how well we've played."
88,37,Ses03M_script03_1_F,neutral,"What happens if one of us dies?  I mean, does the other one still laugh?"
88,38,Ses03M_script03_1_M,neutral,"Of course, yes, yes, with all his might."
88,39,Ses03M_script03_1_F,sadness,That's serious enough.
88,40,Ses03M_script03_1_M,neutral,"No.  No it isn't.  That's very laughable, a cunning little mystery all done with mirrors."
88,41,Ses03M_script03_1_F,neutral,Darling I believe you're talking nonsense.
88,42,Ses03M_script03_1_M,neutral,"Oh, and who isn't talking nonsense?"
88,43,Ses03M_script03_1_M,neutral,Let's be superficial and pity the poor philosophers hmmm?  Let's blow trumpets and squeakers and party as much as we can like quite idiotic school children.
88,44,Ses03M_script03_1_M,neutral,Let's savor the delight of the moment.  Come kiss me darling before worms pop in and out of your eye sockets.
88,45,Ses03M_script03_1_F,neutral,"Elliot, worms don't pop."
88,46,Ses03M_script03_1_M,neutral,"I don't care what you do, you see?  As long, no I don't care what you do, see?"
88,47,Ses03M_script03_1_M,neutral,You can put green paint all over your body and dance naked in the Place Vendome and rush off madly with all the men in the world and I shan't say a word as long as you love me best.
88,48,Ses03M_script03_1_F,neutral,Thank you dear.  The same applies to you...
88,49,Ses03M_script03_1_F,neutral,...only if you ever so much as look at another woman I'll kill you.
88,50,Ses03M_script03_1_M,neutral,Remember that awful scene we had in Venice?
88,51,Ses03M_script03_1_F,neutral,Which particular one?
88,52,Ses03M_script03_1_M,neutral,The one when you bought a little painted wooden snake in the Piazza and put it in my bed.
88,53,Ses03M_script03_1_F,neutral,"Charles, that was his name, Charles.  Oh, God he was so wiggled so beautifully."
88,54,Ses03M_script03_1_M,neutral,Horrible little thing.
88,55,Ses03M_script03_1_F,neutral,Yeah.  I know you did.  You threw it out the window and into the Grand Canal.  I don't think I'll ever forgive you for that.
88,56,Ses03M_script03_1_M,neutral,I hated it.
88,57,Ses03M_script03_1_M,neutral,How long did that rile last?
88,58,Ses03M_script03_1_F,neutral,It went on intermittently for days.
88,59,Ses03M_script03_1_M,neutral,"Oh, the worst one was in Cannes when you-"
88,60,Ses03M_script03_1_F,neutral,I burnt a hole in my comb too and all the towels in the bathroom.
88,61,Ses03M_script03_1_M,neutral,you're curling iron burnt a hole in my dressing gown.
88,62,Ses03M_script03_1_M,neutral,That was a rouser wasn't it?
88,63,Ses03M_script03_1_F,neutral,[LAUGHTER] Yeah.  That was the first time you ever hit me.
88,64,Ses03M_script03_1_M,neutral,I didn't hit you very hard.
88,65,Ses03M_script03_1_F,neutral,"The manager came in and saw us rolling on the floor, scratching and biting like panthers."
88,66,Ses03M_script03_1_M,neutral,I will never forget his face. Ooh-rah [LAUGHTER].
88,67,Ses03M_script03_1_F,neutral,"How ridiculous.  How utterly, utterly ridiculous."
88,68,Ses03M_script03_1_M,neutral,We were very much younger then.
88,69,Ses03M_script03_1_F,neutral,And much sillier too.
88,70,Ses03M_script03_1_M,neutral,The real cause of that rile was Peter Burden.
89,0,Ses03M_script03_2_M,neutral,Yes.  The real cause of that rile was Peter Burden.
89,1,Ses03M_script03_2_F,neutral,"Oh, come on, you knew there was nothing in that."
89,2,Ses03M_script03_2_M,neutral,I knew nothing of the sort.  You took presents from him.
89,3,Ses03M_script03_2_F,anger,Presents?  A trivial little broach.
89,4,Ses03M_script03_2_M,neutral,Mmm Hmm.  I remember it well.  Bristling with diamonds in the worst possible taste.
89,5,Ses03M_script03_2_F,neutral,Not at all.  It was very pretty.  I still have it and I wear it often.
89,6,Ses03M_script03_2_M,anger,You went out of your way to torture me over Peter Burden.
89,7,Ses03M_script03_2_F,neutral,No I didn't.  You made up the whole thing in your jealous imagination.
89,8,Ses03M_script03_2_M,anger,You must admit he was in love with you.
89,9,Ses03M_script03_2_F,neutral,Just a little perhaps but nothing serious.
89,10,Ses03M_script03_2_M,anger,You let him kiss you. You said so.  What of it?
89,11,Ses03M_script03_2_F,neutral,Well what of it?
89,12,Ses03M_script03_2_F,neutral,"Well it didn't harm him, in fact, it pleasured him a lot and it didn't hurt me."
89,13,Ses03M_script03_2_M,anger,And what about me?
89,14,Ses03M_script03_2_F,neutral,"Well, if you hadn't been so suspicious and nosey you would've never known anything."
89,15,Ses03M_script03_2_M,anger,"Oh, that's a nice point of view I must say."
89,16,Ses03M_script03_2_F,neutral,"Look, I'm bored with this conversation."
89,17,Ses03M_script03_2_M,anger,"Yeah, so am I.  Bored stiff."
89,18,Ses03M_script03_2_M,neutral,You want some brandy?
89,19,Ses03M_script03_2_F,neutral,No thanks.
89,20,Ses03M_script03_2_M,neutral,I'll have a little I think.
89,21,Ses03M_script03_2_F,anger,I don't know why you want it.  You've already had two glasses.
89,22,Ses03M_script03_2_M,anger,No particular reason.  Anyhow they were very small ones.
89,23,Ses03M_script03_2_F,anger,I don't see what you have to go on and on with this kind of thing.
89,24,Ses03M_script03_2_M,anger,Oh my...just because I just...okay...
89,25,Ses03M_script03_2_M,neutral,...having three small minute liquor glasses in the evening is hardly going on and on and on.
89,26,Ses03M_script03_2_F,neutral,It's become a habit with you.
89,27,Ses03M_script03_2_M,anger,You needn't be so grand just because you don't happen to want any yourself at the moment.
89,28,Ses03M_script03_2_F,neutral,Don't be so stupid.
89,29,Ses03M_script03_2_M,frustration,Really Amanda.
89,30,Ses03M_script03_2_F,anger,What?
89,31,Ses03M_script03_2_M,frustration,Nothing.
89,32,Ses03M_script03_2_F,neutral,[BREATHING]
89,33,Ses03M_script03_2_M,frustration,Going out somewhere dear?
89,34,Ses03M_script03_2_F,neutral,"No, just making myself beautiful for you."
89,35,Ses03M_script03_2_M,neutral,That reply has broken my heart.
89,36,Ses03M_script03_2_F,neutral,That's the woman's job to lure the man.  Watch me a moment won't you?
89,37,Ses03M_script03_2_M,neutral,Actually that's perfectly true.
89,38,Ses03M_script03_2_F,neutral,No it isn't.
89,39,Ses03M_script03_2_M,neutral,Yes it is.
89,40,Ses03M_script03_2_F,neutral,"Oh, be quiet."
89,41,Ses03M_script03_2_F,neutral,I think you should have some more brandy...
89,42,Ses03M_script03_2_M,neutral,I think that
89,43,Ses03M_script03_2_F,neutral,...cause really
89,44,Ses03M_script03_2_F,neutral,it doesn't seem to be working on you.
89,45,Ses03M_script03_2_M,neutral,"perhaps maybe you should've had more brandy, it might've made you a little less disagreeable."
89,46,Ses03M_script03_2_F,neutral,Well it really hasn't worked wonders with you.
89,47,Ses03M_script03_2_M,neutral,"Hmm, snap, snap, snap like a little adder."
89,48,Ses03M_script03_2_F,anger,"Adders don't snap, they sting."
89,49,Ses03M_script03_2_M,neutral,Yes they do.  They have a bag of venom behind their fangs and they snap.
89,50,Ses03M_script03_2_F,anger,They sting.
89,51,Ses03M_script03_2_M,frustration,They snap.
89,52,Ses03M_script03_2_F,neutral,I don't care.  I don't care.  Do you understand?  I don't care if they roll around and bark like hoops.
89,53,Ses03M_script03_2_M,neutral,Did you see much of Peter Burden after our divorce?
89,54,Ses03M_script03_2_F,neutral,"Yes, I did.  Quite a lot."
89,55,Ses03M_script03_2_M,neutral,I suppose you let him kiss you a great deal more then?
89,56,Ses03M_script03_2_F,anger,Mind your business.
89,57,Ses03M_script03_2_M,neutral,"Mmm, you must've had a riotous time.  No restraint at all, very enjoyable.  You never had much anyhow."
89,58,Ses03M_script03_2_F,anger,You're quite insufferable.  I expect it's because you're drunk.
89,59,Ses03M_script03_2_M,anger,I'm not in the least bit drunk.
89,60,Ses03M_script03_2_F,anger,You've always had a weak head.
89,61,Ses03M_script03_2_M,anger,"Okay, like I mentioned before I had three very small, minute liquor glasses of brandy.  That's not even enough to get a child of two drunk."
89,62,Ses03M_script03_2_F,anger,"On the contrary, a child of two can get violently drunk off just one glass of brandy."
89,63,Ses03M_script03_2_M,anger,"Oh, what an interesting topic.  What about a child of four and a child of six?  A child of nine?"
89,64,Ses03M_script03_2_F,anger,Shut up.
89,65,Ses03M_script03_2_M,anger,We might be able to bring up a splendid little debate about this intemperate tots.
89,66,Ses03M_script03_2_F,anger,"Not very funny dear.  In fact, maybe you better have some more brandy."
89,67,Ses03M_script03_2_M,anger,"Oh, thanks.  I think I will."
89,68,Ses03M_script03_2_M,anger,You better turn that off.
89,69,Ses03M_script03_2_F,neutral,Why?
89,70,Ses03M_script03_2_M,neutral,Because people upstairs will get annoyed.
89,71,Ses03M_script03_2_F,neutral,There aren't any people upstairs.  This is a photographer's studio.
89,72,Ses03M_script03_2_M,neutral,Well there are people downstairs I suppose.
89,73,Ses03M_script03_2_F,neutral,They are away in Tunis.
89,74,Ses03M_script03_2_M,neutral,"Oh, this is no time to be in here for Tunis."
89,75,Ses03M_script03_2_F,frustration,"Turn it on again, please."
89,76,Ses03M_script03_2_M,anger,No I'll do no such thing.
89,77,Ses03M_script03_2_F,anger,Very well.  If you insist on being a boorish and idiotic.
89,78,Ses03M_script03_2_M,anger,"Come on, turn it off.  It's driving me mad."
89,79,Ses03M_script03_2_F,anger,You are far too temperamental.  Try to control yourself.
89,80,Ses03M_script03_2_M,anger,Turn it--Turn it off.
89,81,Ses03M_script03_2_F,anger,Go away.  Go away.  I hate you.
89,82,Ses03M_script03_2_M,anger,Very amusing indeed.
89,83,Ses03M_script03_2_F,anger,"I hate you.  Listen I'm sick and tired of listening to you, you sadistic bully."
89,84,Ses03M_script03_2_M,anger,"You know what?  You're a vile, little, evil-minded, little, wicked beast and I never want to see you again."
89,85,Ses03M_script03_2_F,anger,"This is the end.  Understand?  This is the end, here and now, forever and always."
89,86,Ses03M_script03_2_M,anger,You're not going nowhere. No you're not.
89,87,Ses03M_script03_2_F,anger,"Oh, yes I am. Yes I am and you can't stop me."
89,88,Ses03M_script03_2_M,anger,Just shut up.
89,89,Ses03M_script03_2_M,anger,shut up. shut up.  I would-I would never marry you again if you came crawling back to me on your hands and knees because you're an evil-minded little vampire and I hope to God I never see you again.
89,90,Ses03M_script03_2_F,anger,"Listen, you're a cruel fiend and I hate, loathe you.  Thank God finally, finally thank God I've realized just how horrible you are--and marry you?  Marry you?  Never. I will never marry you.  I will die die in torment-"
89,91,Ses03M_script03_2_F,anger,Beast. Brute. Cad. Swine. Beast. Beast. Brute. Devil. Sorry.
89,92,Ses03M_script03_2_M,anger,Oh.
90,0,Ses04F_impro01_F,neutral,"Hi.  Um, excuse me I've been to, like, five of the desks here and nobody seems to be able to tell me what it is I need to do.  I've been here for over an hour.  Can you possibly help me?"
90,1,Ses04F_impro01_M,frustration,"Uh, lets- What do you need exactly?"
90,2,Ses04F_impro01_F,frustration,Well I filled out all the forms and I've given them to everyone and they keep sending me to someone else.
90,3,Ses04F_impro01_M,frustration,"You need a new license, is that what you're telling me?"
90,4,Ses04F_impro01_F,frustration,Yes.  I'm just trying to get a new license.
90,5,Ses04F_impro01_M,frustration,Let me see the form. Just let me see the form. Yeah.  You filled this out wrong.  I can't - I can't - I can't do anything with this.
90,6,Ses04F_impro01_F,frustration,Okay.  I did-
90,7,Ses04F_impro01_M,frustration,Ma'am I cannot help you.  You need to fill out a new form and you need to get in the back of the line.
90,8,Ses04F_impro01_F,anger,I did exactly what they told me to do.
90,9,Ses04F_impro01_F,frustration,I have done everything everyone in this entire place has told me to do.  I've been here for over an hour.  They make me wait in line.  Every single time I start over again.
90,10,Ses04F_impro01_M,frustration,Ma'am I can't help you.  Do you understand?
90,11,Ses04F_impro01_F,frustration,I have a life.  I have things to do.  I have places to go.  Can you not just put this through please?
90,12,Ses04F_impro01_M,anger,I've got a life too ma'am
90,13,Ses04F_impro01_M,frustration,and I got to - i got to work here all day long.  Okay.  I've got to deal with you people all day.
90,14,Ses04F_impro01_M,frustration,So what I need you to do is I need you to fill out this form correctly and go to the back of the line.
90,15,Ses04F_impro01_F,frustration,"Okay, that's nice. That's nice but I have done everything you people have told me to do. I don't understand why you can't just help me get this done.  It's simple, right?  License.  I need it. Can we just do this please?"
90,16,Ses04F_impro01_M,anger,There's nothing I can do for you.  Do you understand that?  Nothing.
90,17,Ses04F_impro01_M,frustration,"What I need you to do is go to the back of the line,"
90,18,Ses04F_impro01_F,anger,I've been to the back of the line five times.
90,19,Ses04F_impro01_M,frustration,fill out this form and wait
90,20,Ses04F_impro01_M,anger,You're going to have to go back again.
90,21,Ses04F_impro01_F,anger,Okay.  What is it that I did wrong on the form that I have to start all over again?
90,22,Ses04F_impro01_M,neutral,This whole area here you didn't initial
90,23,Ses04F_impro01_M,frustration,and you filled out-
90,24,Ses04F_impro01_F,anger,"Okay.  Well, I can do that right here right now without going to the back of the line again.  See look initialed.  All done. Ready to go."
90,25,Ses04F_impro01_M,anger,Ma'am I have other people waiting in line right now.  I have other people waiting in line right now.
90,26,Ses04F_impro01_F,frustration,I have been waiting for over an hour.
90,27,Ses04F_impro01_M,frustration,This whole area of the form was not supposed to be filled out and you put the address in the wrong place
90,28,Ses04F_impro01_M,frustration,"Uhh, and you spelled your own name wrong.  So I need you to take that"
90,29,Ses04F_impro01_F,anger,I'm not starting over again.  No I have done this five times.  I am not starting over again.
90,30,Ses04F_impro01_M,frustration,"and, uh, throw it away. I need you to fill out a new form."
90,31,Ses04F_impro01_M,frustration,Ma'am you're going to have- you- look. You really- you really
90,32,Ses04F_impro01_F,frustration,Look can you not just help me?
90,33,Ses04F_impro01_M,neutral,I can't help you right now.  Do you understand that?
90,34,Ses04F_impro01_F,anger,I mean look she's -she's perfectly nice.  She doesn't mind waiting for a couple of minutes because I've been here all day. I have a job to get back to.  I have kids to pick up from school.  I can't just stay here.
90,35,Ses04F_impro01_M,neutral,Look I'm going on my lunch break right now.  So you're just going to have to take this form and go to the back of the line.
90,36,Ses04F_impro01_F,neutral,No.  No.  No. No. You have to help me.
90,37,Ses04F_impro01_M,anger,like I said before right now.
90,38,Ses04F_impro01_F,anger,This is your job is to help people like me who need to get a new license.
90,39,Ses04F_impro01_F,neutral,That's like the whole purpose of you being here.
90,40,Ses04F_impro01_M,frustration,Ma'am you are testing my patience.  Do you understand me?
90,41,Ses04F_impro01_F,neutral,I- I- I'm testing your patience?
90,42,Ses04F_impro01_M,anger,You're testing my goddamn patience.
90,43,Ses04F_impro01_F,anger,I'm testing your patience?
90,44,Ses04F_impro01_M,anger,"I work in this fucking building all day. And I'm sick of it, okay?"
90,45,Ses04F_impro01_F,neutral,Yeah.  You have to be here all day.
90,46,Ses04F_impro01_F,anger,I don't need to be.  I need to go and do other things with my time.  Okay.
90,47,Ses04F_impro01_F,anger,"Please just put the form in, take the picture, let me get my license and get the hell out of here.  Please."
90,48,Ses04F_impro01_M,neutral,I've walked away already.  I'm not here anymore.
91,0,Ses04F_impro02_M,sadness,So you're leaving tomorrow.
91,1,Ses04F_impro02_F,sadness,Yeah.  They just called.
91,2,Ses04F_impro02_M,sadness,This is really-this is unfair.
91,3,Ses04F_impro02_F,sadness,I know.
91,4,Ses04F_impro02_M,frustration,I don't see [BREATHING]
91,5,Ses04F_impro02_F,sadness,I don't know what to say.  I don't want to go but I don't have a lot of choice.
91,6,Ses04F_impro02_M,frustration,"I mean we both knew that this was going to happen.  It's just that I feel that, you know, I don't want Susie growing up without a mother."
91,7,Ses04F_impro02_M,sadness,"And, uh, I'm afraid that if you, you know, when you leave, you won't come back."
91,8,Ses04F_impro02_F,sadness,I'm going to come back.  I need you to believe that.
91,9,Ses04F_impro02_M,frustration,You don't know that.
91,10,Ses04F_impro02_F,neutral,I need you to believe that too.  How am I supposed to believe everything's going to be okay if you don't?
91,11,Ses04F_impro02_M,frustration,"I'll believe it, but- I'll believe it but it- I don't know that that's going to happen."
91,12,Ses04F_impro02_F,sadness,Well you have to have faith because I don't have a choice and I have to go.
91,13,Ses04F_impro02_M,neutral,You do have a choice.  You don't have to go.
91,14,Ses04F_impro02_F,sadness,Do you think I want to leave you?
91,15,Ses04F_impro02_M,frustration,You have a choice.
91,16,Ses04F_impro02_F,sadness,I have to do this.  I don't want to leave.  Do you think I want to miss seeing her grow up?
91,17,Ses04F_impro02_M,frustration,I know.  It's just you don't have to do this for a living you know.
91,18,Ses04F_impro02_M,frustration,You're a smart person.  There are other things you can do.
91,19,Ses04F_impro02_F,frustration,Look we both knew what this meant when I signed on
91,20,Ses04F_impro02_F,sadness,And now- and now it's really shitty timing but now I have to go.
91,21,Ses04F_impro02_F,frustration,I mean I'm the one who has to leave here.  I'm the one who has to leave the two of you.  At least you get to be together.
91,22,Ses04F_impro02_M,neutral,It's just not going to work out without you here.
91,23,Ses04F_impro02_F,sadness,What's that supposed to mean?
91,24,Ses04F_impro02_M,sadness,I mean we can't-we're not a complete family without you here.
91,25,Ses04F_impro02_F,anger,Well I'll come back.  What is that supposed to mean?  You're not willing to wait for me to come back?
91,26,Ses04F_impro02_M,frustration,Of course I'm going to wait.  I just- I just don't like the idea of this happening because this isn't the last time this is going to happen. You're going to go on more tours and stuff.  I just- I can't-
91,27,Ses04F_impro02_M,frustration,I can't deal with this emotionally.
91,28,Ses04F_impro02_F,frustration,What do you want me to do?
91,29,Ses04F_impro02_M,frustration,I want you to leave.  I want you to leave the service.
91,30,Ses04F_impro02_F,frustration,Well I can't very well do it today.  I still have to leave tomorrow.
91,31,Ses04F_impro02_M,frustration,You can do it today.  You don't have to do anything.  You don't have to do anything you don't want to do.
91,32,Ses04F_impro02_F,frustration,"You're not making this any easier for me, you know.  I'm the one who has to go and you're really not helping."
91,33,Ses04F_impro02_M,frustration,Look I'm just telling you that you don't have to go.
91,34,Ses04F_impro02_F,frustration,I do have to go. And I need to know that you're here waiting for me and that you believe that I'm coming back.
91,35,Ses04F_impro02_M,anger,That's all I'm saying... No you don't.
91,36,Ses04F_impro02_F,anger,Thanks that helps.
91,37,Ses04F_impro02_M,frustration,It's just really unfair.  This is- this is bullshit.
91,38,Ses04F_impro02_F,anger,I feel much better now.
91,39,Ses04F_impro02_M,anger,"You're acting like, you know, you're the one who's going all through, you know, all this shit and it's really- it's really not."
91,40,Ses04F_impro02_F,frustration,I know I'm leaving you here with all the responsibility but at least you get to be with her.
91,41,Ses04F_impro02_M,anger,Yeah.  Of course I do because I didn't enlist in this stupid thing.  Why don't you just get out now and then-
91,42,Ses04F_impro02_F,frustration,I will but I can't right now.
91,43,Ses04F_impro02_M,neutral,Yes- You don't have to go.  What are they going to do?  Huh?  Put a gun to your head?
91,44,Ses04F_impro02_F,neutral,You know- you know how this works.  I have to go.
91,45,Ses04F_impro02_M,frustration,Then go.  We'll be here when you get back.
91,46,Ses04F_impro02_F,anger,That's how you want to leave it?
91,47,Ses04F_impro02_M,sadness,"I don't know how else to leave it.  What, do you want me to lie to you?"
91,48,Ses04F_impro02_M,sadness,You want me tell you that I'm okay with it?
91,49,Ses04F_impro02_F,sadness,I want you to be okay with it as much as you can be.  I mean it's not a great situation but we don't have an option here.
91,50,Ses04F_impro02_M,sadness,Well I can't be okay with it the same way you can't not go.  It just doesn't work that way.
91,51,Ses04F_impro02_F,sadness,Fine.
92,0,Ses04F_impro03_F,neutral,I have something to tell you.
92,1,Ses04F_impro03_M,neutral,What?  You seem so excited.
92,2,Ses04F_impro03_F,neutral,It's really exciting.  Don't you want to guess?
92,3,Ses04F_impro03_M,neutral,"Uh, you got a new car, a new house. Uh, a dog."
92,4,Ses04F_impro03_F,neutral,Look.
92,5,Ses04F_impro03_M,neutral,Are you serious?  You're getting married.
92,6,Ses04F_impro03_F,neutral,Yes.  He finally proposed.  I'm getting married.
92,7,Ses04F_impro03_M,neutral,Holy shit that's amazing.
92,8,Ses04F_impro03_F,neutral,I know. I'm so-
92,9,Ses04F_impro03_M,neutral,Congratulations.
92,10,Ses04F_impro03_F,neutral,Thank you. [LAUGHTER]
92,11,Ses04F_impro03_M,neutral,"I'm invited, right."
92,12,Ses04F_impro03_F,neutral,You think. [LAUGHTER]
92,13,Ses04F_impro03_M,neutral,"I'll have to, uh, I'll have to get myself a new tux.  My, uh, the old one is a little worn and dirty.  That's awesome.  Where are you guys going to have it?"
92,14,Ses04F_impro03_F,neutral,"Well actually we were just talking about today and I don't really want to do like the traditional church thing, you know.  So we are going to get married in the meadow."
92,15,Ses04F_impro03_F,neutral,Do you remember up by Yosemite? Yeah.
92,16,Ses04F_impro03_M,neutral,"Well, that's- that's- that's beautiful. That's a beautiful place to do it."
92,17,Ses04F_impro03_F,neutral,We're going to get married in the middle of a meadow. [LAUGHTER]
92,18,Ses04F_impro03_F,happiness,"Everybody's going to come up. We're going to stay in all the pretty cabins up there and, um, everybody's going to have, you know, really flowery sort of naturey stuff."
92,19,Ses04F_impro03_F,neutral,So pretty.
92,20,Ses04F_impro03_M,neutral,That's great
92,21,Ses04F_impro03_M,neutral,I hope- they're not like
92,22,Ses04F_impro03_F,happiness,Very Midsummer Night's wedding.
92,23,Ses04F_impro03_M,neutral,"Right.  Nice.  That's great.  I hope while we're up there nobody gets attacked by any, like, bears or wolves or anything."
92,24,Ses04F_impro03_F,neutral,Thanks. Thanks a lot.  You're really helping the Excitement here. I hope no one dies.
92,25,Ses04F_impro03_M,neutral,"Well no, I am- I'm trying to be positive"
92,26,Ses04F_impro03_M,neutral,I'm trying to be positive.  I'm trying to say I hope that doesn't happen.
92,27,Ses04F_impro03_F,neutral,"Okey Well- well-, you know what?  I was hoping that you would help"
92,28,Ses04F_impro03_M,neutral,We're going to be in the middle of the wilderness. These kind of things happen
92,29,Ses04F_impro03_F,neutral,plan everything.  So then you can make sure that no one gets attacked by bears.
92,30,Ses04F_impro03_M,neutral,Yeah.  I'll help plan.
92,31,Ses04F_impro03_F,neutral,Yeah?
92,32,Ses04F_impro03_M,neutral,Yeah.
92,33,Ses04F_impro03_F,neutral,Really?
92,34,Ses04F_impro03_M,neutral,Sure.
92,35,Ses04F_impro03_F,neutral,"Okay.  It's going to be in, like, six months.  So we don't have a really long time."
92,36,Ses04F_impro03_M,neutral,"I'm thinking greens, lots of greens. Greens and browns.  We're nature."
92,37,Ses04F_impro03_F,neutral,Okay.
92,38,Ses04F_impro03_F,neutral,No.  No browns.
92,39,Ses04F_impro03_M,neutral,Why not browns?
92,40,Ses04F_impro03_F,neutral,It's a wedding.
92,41,Ses04F_impro03_M,neutral,"It's a light brown, tanish."
92,42,Ses04F_impro03_F,neutral,Blue for the sky.
92,43,Ses04F_impro03_F,neutral,Come on.
92,44,Ses04F_impro03_M,neutral,I just think browns are really what you want to go with.  I mean I think there's more contrast between brown and green than there is-
92,45,Ses04F_impro03_F,neutral,who- Who's getting married though?
92,46,Ses04F_impro03_M,neutral,I know but you just asked me to-
92,47,Ses04F_impro03_F,neutral,to help plan because I'm getting married. [LAUGHTER]
92,48,Ses04F_impro03_M,neutral,So we're going to go greens and browns.
92,49,Ses04F_impro03_F,neutral,No.
92,50,Ses04F_impro03_M,frustration,"Come on.  Please will you do the greens and browns, just the browns for me?"
92,51,Ses04F_impro03_M,neutral,Just for me.  Come on.  I'm your best friend.
92,52,Ses04F_impro03_F,neutral,It's not your wedding. You can-
92,53,Ses04F_impro03_M,neutral,I'm your best friend
92,54,Ses04F_impro03_F,neutral,You know what? You know what?
92,55,Ses04F_impro03_M,neutral,Give me the browns.
92,56,Ses04F_impro03_F,neutral,"You can't ruin my mood today.  If you want to wear a brown tux, you go ahead and wear a brown tux"
92,57,Ses04F_impro03_M,neutral,Okay.  Fine.  So green and what?
92,58,Ses04F_impro03_F,neutral,but bridesmaids aren't wearing brown and I'm not wearing brown.
92,59,Ses04F_impro03_M,neutral,Blue?
92,60,Ses04F_impro03_F,neutral,Maybe
92,61,Ses04F_impro03_M,neutral,"Okay, fine. Greens and blues."
92,62,Ses04F_impro03_F,neutral,I like blue.
92,63,Ses04F_impro03_M,neutral,Greens and blues and maybe a little light yellow?
92,64,Ses04F_impro03_F,neutral,That would work.
92,65,Ses04F_impro03_M,neutral,Yeah?
92,66,Ses04F_impro03_F,neutral,"Throw in a little- little, uh, trim in yellow.  Maybe some yellow flowers."
92,67,Ses04F_impro03_M,neutral,"Okay.  That sounds good. Um, and, uh, we're going to get like a five, uh, story cake, right?"
92,68,Ses04F_impro03_F,neutral,"Yeah.  I hadn't actually thought about the cake yet, but"
92,69,Ses04F_impro03_M,neutral,"I mean, you know, you're going to have at least, like, two hundred and fifty people come.  So we're going to need, you know, just a huge buffet."
92,70,Ses04F_impro03_F,neutral,Yes.
92,71,Ses04F_impro03_M,neutral,"Fried chicken, mashed potatoes."
92,72,Ses04F_impro03_F,neutral,See this is why you have to help.
92,73,Ses04F_impro03_F,neutral,because you're going to take care of everything.  You're going to think of all the details that I forget.
92,74,Ses04F_impro03_M,neutral,Well I can't be in charge of this.  I mean I got things I got to do.
92,75,Ses04F_impro03_F,neutral,Well right but you can help.
92,76,Ses04F_impro03_M,neutral,Well this is really exciting.  I mean- I just- I couldn't be happier right now.
92,77,Ses04F_impro03_M,neutral,I'm thrilled.  God.
92,78,Ses04F_impro03_F,neutral,Ha ha ha.
92,79,Ses04F_impro03_F,neutral,Ha ha.
92,80,Ses04F_impro03_M,neutral,Just ecstatic.  I can't believe you're my best friend
92,81,Ses04F_impro03_F,neutral,Just couldn't be any cooler.
92,82,Ses04F_impro03_M,neutral,"You're my best friend, we're growing up and now you're getting married. that's amazing"
92,83,Ses04F_impro03_F,neutral,I know.  I've been waiting forever.  I can't believe it's finally happening.
92,84,Ses04F_impro03_M,neutral,Wow.  I just- I- I- I feel like I'm going to faint.
92,85,Ses04F_impro03_M,neutral,I'm so- all the blood
92,86,Ses04F_impro03_F,neutral,You don't look like you're going to faint.
92,87,Ses04F_impro03_M,neutral,"has just rushed to my head, and I, and I mean honestly."
92,88,Ses04F_impro03_M,neutral,I'm getting a little weak in the knees.
92,89,Ses04F_impro03_F,neutral,So- So when are you getting married Mr. Excited?
92,90,Ses04F_impro03_M,neutral,"You know that I've never-I- I have a long run of bad relationships but, you know, I mean, you got to work through it.  It's fine."
92,91,Ses04F_impro03_F,neutral,What about Kathy?  I mean you guys have been dating for a while.
92,92,Ses04F_impro03_M,neutral,"Yeah, but"
92,93,Ses04F_impro03_F,neutral,You haven't ruined it yet.
92,94,Ses04F_impro03_M,neutral,"Yeah.  I know but it's, you know, maybe we'll get married.  I don't know.  Should be pretty-"
92,95,Ses04F_impro03_F,neutral,You really like
92,96,Ses04F_impro03_M,neutral,"I don't know.  Okay.  I mean gosh.  There's just- look there's a lot of pressure in getting married, okay."
92,97,Ses04F_impro03_F,neutral,What?  She could be just as excited as I am right now.
92,98,Ses04F_impro03_F,neutral,You could make her that excited.  You really like her.  You guys have been together for a really long time now.
92,99,Ses04F_impro03_M,neutral,"Oh, I've made her that excited."
92,100,Ses04F_impro03_F,neutral,[LAUGHTER] That's more than I needed to know.
92,101,Ses04F_impro03_M,neutral,What?  You've heard me talk about it before.
92,102,Ses04F_impro03_F,neutral,[laughter]
92,103,Ses04F_impro03_M,neutral,I'm a monster in bed.
93,0,Ses04F_impro04_M,neutral,Hey.  Get out of the way.  I'm watching TV.
93,1,Ses04F_impro04_F,neutral,That's helpful.
93,2,Ses04F_impro04_F,frustration,I just don't think I can do this anymore.  It's been a really long time and it's not like I'm not trying.
93,3,Ses04F_impro04_M,neutral,Well I guess you're not trying hard enough.
93,4,Ses04F_impro04_F,frustration,I am try-  it's been three years
93,5,Ses04F_impro04_F,frustration,and I have gone everywhere I can think of.  I have given resumes.  I have done interviews.  I've tried to pull in favors.  I've asked everybody I know for help.  I don't know what else to do.
93,6,Ses04F_impro04_M,neutral,"Just, I don't know, maybe you're not smart enough."
93,7,Ses04F_impro04_M,neutral,I mean I don't know just go out and keep trying. Just-
93,8,Ses04F_impro04_M,neutral,I don't know.
93,9,Ses04F_impro04_F,frustration,"Okay but I've been trying for three years.  Three years and I haven't gotten a bite much less actually gotten hired, and I am smart enough.  Thank you very much."
93,10,Ses04F_impro04_M,neutral,"Hey.  Look, I mean- you know."
93,11,Ses04F_impro04_F,anger,I'm really good at what I do.  I just don't know how to make someone else see that.
93,12,Ses04F_impro04_M,neutral,Look bananas don't grow overnight.  Okay.
93,13,Ses04F_impro04_F,anger,What?  Who says that?  Bananas don't grow overnight.
93,14,Ses04F_impro04_M,neutral,You need that- Time-
93,15,Ses04F_impro04_M,neutral,"You know- You need to just- you need, I mean it takes time to get a good job.  I mean-"
93,16,Ses04F_impro04_F,frustration,Okay.  I think three years is a little excessive.
93,17,Ses04F_impro04_M,neutral,"look at me, like, you know. I mean, Hey, I- it took me, you know, like six years to get where I am now. I mean-"
93,18,Ses04F_impro04_F,anger,"Yeah but you weren't unemployed for three years trying to find any job.  I mean at this point I'm going to go drive a cab or, you know, work at the gas station or something.  I don't even- I don't know what to do anymore."
93,19,Ses04F_impro04_M,frustration,I don't know.  I mean whatever.
93,20,Ses04F_impro04_F,frustration,Nothing I'm trying seems to work. Just-
93,21,Ses04F_impro04_M,neutral,Clearly.
93,22,Ses04F_impro04_F,neutral,Okay that's helpful.  Thanks.
93,23,Ses04F_impro04_M,neutral,Look I'm sorry okay. It's just-
93,24,Ses04F_impro04_F,anger,Clearly everything you're doing is completely wrong.
93,25,Ses04F_impro04_M,neutral,"I mean, well I mean i don't know; it doesn't really affect my life, you know."
93,26,Ses04F_impro04_F,frustration,Well don't you understand that this is-
93,27,Ses04F_impro04_M,neutral,"Yeah, I understand, but-"
93,28,Ses04F_impro04_F,anger,I don't even- I mean you have to have some kind of an idea.  Something you could possibly throw out there that I could maybe use.
93,29,Ses04F_impro04_M,neutral,"I don't know. Well like, I don't know. I mean-"
93,30,Ses04F_impro04_F,anger,I mean it's not like this is an
93,31,Ses04F_impro04_F,anger,extreme request.  I want to find a job.  Everybody wants to find a job. It's really not that.
93,32,Ses04F_impro04_M,neutral,Clearly- cle- clearly you're doing something wrong.
93,33,Ses04F_impro04_F,anger,"Okay. Okay, Fine."
93,34,Ses04F_impro04_M,neutral,"'Cause if you've been looking, you've been applying for jobs for three years. And-"
93,35,Ses04F_impro04_F,anger,Okey So I'm doing something wrong.  What am I doing wrong?
93,36,Ses04F_impro04_F,anger,I'm really good at what I do.  I'm smart.  I'm trained.  I have the education.  I'm talented.  I cannot-
93,37,Ses04F_impro04_M,neutral,Are you- I mean do you like get dressed up and everything when you go to the job interview?
93,38,Ses04F_impro04_F,frustration,Well yeah I mean I like take a shower and stuff.
93,39,Ses04F_impro04_M,neutral,"And you like- you know, you shave your legs and everything?"
93,40,Ses04F_impro04_F,frustration,[LAUGHTER] Yeah.  Usually.
93,41,Ses04F_impro04_M,neutral,"and I want- I mean you know you've got to, like, do your hair.  I mean- I don't know, it's like,"
93,42,Ses04F_impro04_F,frustration,"Yeah, I- I make my"
93,43,Ses04F_impro04_F,frustration,I make myself very presentable before I go to any kind of interview.
93,44,Ses04F_impro04_M,neutral,"you know what I mean? You know, it's like they say presentation is, like eighty percent."
93,45,Ses04F_impro04_M,neutral,or some- some large percent of- of success.
93,46,Ses04F_impro04_F,frustration,"Uhuh. Uhuh. Yeah, yeah. Good quote."
93,47,Ses04F_impro04_M,neutral,"Because I don't know I mean just, you know, just keep- keep- keep at it.  Keep trying.  Go-"
93,48,Ses04F_impro04_F,frustration,Buck-O. That's really helpful.  Just keep chugging along.  The little engine that could.
93,49,Ses04F_impro04_M,neutral,"What do you want me to? Look, Hey look if I could- Don't get all sassy."
93,50,Ses04F_impro04_F,anger,Well you- just you're doing something wrong.
93,51,Ses04F_impro04_M,frustration,"Look if I could give you a job,if I could give you a job I would but I mean I'm not in that position. I'm-"
93,52,Ses04F_impro04_F,frustration,Well maybe you could help.  I mean you've got a job.  I'm willing to look outside of my realm.  I could try something else.
93,53,Ses04F_impro04_M,neutral,"Hey, I'd love to help you but I- you don't have the kind of training that I-"
93,54,Ses04F_impro04_F,frustration,I'll get it.  I just need a job.  I don't care what it is.
93,55,Ses04F_impro04_M,frustration,"So, go to McDonalds."
93,56,Ses04F_impro04_F,frustration,Well I mean I need to make a little bit more than the minimum wage fry flipper.
93,57,Ses04F_impro04_M,neutral,Well you've got to start somewhere.  I mean-
93,58,Ses04F_impro04_F,frustration,I did start somewhere.  I worked my way up.  I'm not going to start at the bottom again.
93,59,Ses04F_impro04_M,frustration,Well you're going to have to.  You don't really have an option.  What's your problem?
93,60,Ses04F_impro04_F,anger,What's my problem?  What's my problem? I don't have a job.
93,61,Ses04F_impro04_M,neutral,I don't know it's like I'm trying to be-
93,62,Ses04F_impro04_F,anger,I thought I was pretty clear about what the problem was.
93,63,Ses04F_impro04_M,neutral,I'm trying to be helpful.
93,64,Ses04F_impro04_M,neutral,"I'm trying to be helpful and you're just, like, coming at me with, like, attacks."
93,65,Ses04F_impro04_F,frustration,Well maybe you could be a little helpful.  I mean obviously you don't have any problems so would it really take so much time out of your day to just go ahead and help somebody else.
93,66,Ses04F_impro04_M,neutral,I'm trying to watch TV.
93,67,Ses04F_impro04_M,neutral,I'm trying to watch TV. TV.
93,68,Ses04F_impro04_F,frustration,That's important.  That's really important.
94,0,Ses04F_impro05_M,frustration,Welcome to Northwest Airlines.  How can I help you?
94,1,Ses04F_impro05_F,frustration,You guys lost my bag.
94,2,Ses04F_impro05_M,frustration,Did you file a complaint already?
94,3,Ses04F_impro05_F,frustration,Yeah.  Yeah I did.
94,4,Ses04F_impro05_M,frustration,Where?  Did you do it at the front desk or by the baggage claims?
94,5,Ses04F_impro05_F,frustration,"I-I don't know.  The place where they told me to go.  Look they told me to come talk to you because you guys lost my bag.  Not it's late.  Not it will be here soon, lost it completely.  What are you going to do about that?"
94,6,Ses04F_impro05_M,frustration,"Ma'am, first of all I'd like you to calm down.  Second of all-"
94,7,Ses04F_impro05_F,frustration,Look that bag has my entire life in it and you just lost it.
94,8,Ses04F_impro05_M,neutral,I understand that ma'am.
94,9,Ses04F_impro05_F,anger,"Lost it just, like, I mean,"
94,10,Ses04F_impro05_M,frustration,"Ma'am, I understand that."
94,11,Ses04F_impro05_F,anger,it's not like it just disappeared into thin air. Somebody wasn't paying attention
94,12,Ses04F_impro05_F,anger,"because my bag was very easy to keep track of.  It's got big, you know, rainbow colored crap all over it and no one was paying attention because now it's just gone."
94,13,Ses04F_impro05_M,frustration,"I understand that.  The best I can do for you, at this moment, is give you fifty dollar check courtesy of Northwest Airlines for inconveniencing you in losing your luggage."
94,14,Ses04F_impro05_F,neutral,Wait.  What?
94,15,Ses04F_impro05_M,frustration,"At this moment in time, all I can do for you is give you-"
94,16,Ses04F_impro05_F,anger,No. No. I heard- I heard what you said.
94,17,Ses04F_impro05_F,anger,"You're kidding me, right.  You're going to give me fifty dollars to completely cover my bag, everything that was in it, the inconvenience that I've gone through.  I paid for my ticket.  All I expect is to safely get to my destination with my stuff.  Is that so much to ask?  I mean I really don't think that's that big a deal to ask you guys to have my bag in the place where I leave and then put my bag where I end up."
94,18,Ses04F_impro05_M,frustration,you're getting very excited right now
94,19,Ses04F_impro05_F,anger,"Yeah, well that's got everything I have in it."
94,20,Ses04F_impro05_M,frustration,"I understand that, ma'am but there's not really much I can do for you right now."
94,21,Ses04F_impro05_F,anger,Look fifty dollars is unacceptable.  My bag itself cost over a hundred and fifty dollars.  You can't just give me fifty dollar gift certificate to Percoes or whatever the hell and then send me off like that's- that's good enough.  Like that's all I needed was fifty dollars.  My bag is worth more than that.
94,22,Ses04F_impro05_M,frustration,What I need you to do is file another complaint form. There's a form that you can fill out over by the front desk near the baggage claim.
94,23,Ses04F_impro05_M,frustration,If you'd like to take that over to the front desk- Ma'am.
94,24,Ses04F_impro05_M,frustration,We're just talking over each other.
94,25,Ses04F_impro05_M,frustration,We're not going to communicate anything this way.
94,26,Ses04F_impro05_F,anger,I expect your airline who was responsible for my bag to give me the equivalent of the bag and all of the things in it.
94,27,Ses04F_impro05_M,frustration,Ma'am in flying with Northwest Airlines you agreed to
94,28,Ses04F_impro05_M,frustration,sign away your luggage to the
94,29,Ses04F_impro05_F,anger,I didn't sign anything. I didn't sign anything. And you people have got to make-
94,30,Ses04F_impro05_M,frustration,"It's part of the small- it's part of the agreement when you're purchasing an airline ticket, there's- when you-"
94,31,Ses04F_impro05_F,anger,You have to make amends for what you did for losing my bag and all of my stuff.  Fifty dollars is unacceptable.
94,32,Ses04F_impro05_M,frustration,"Ma'am, please calm down.  When you purchase a ticket, there is a terms and agreement,"
94,33,Ses04F_impro05_F,anger,No.  No.  I don't know. You know what? I'm going to call my lawyer. You know what?  That's what I'm going to do.  I'm going to call my lawyer and have him get down here and explain to you that this is an unacceptable option.
94,34,Ses04F_impro05_M,frustration,terms and conditions- in the agreement of purchasing a ticket. Most people frequently look it over
94,35,Ses04F_impro05_M,frustration,The best that we can do for you is give you-
94,36,Ses04F_impro05_M,frustration,Ma'am.
94,37,Ses04F_impro05_F,anger,I want to talk to your supervisor.
94,38,Ses04F_impro05_M,frustration,I am- I am- I am my own supervisor.
94,39,Ses04F_impro05_F,anger,"I've had enough.  I want to talk to-no, no unacceptable I want to your supervisor. I am done with this."
94,40,Ses04F_impro05_M,frustration,"I am the supervisor, ma'am."
94,41,Ses04F_impro05_F,anger,"Really, you don't work for anybody.  It's just you?"
94,42,Ses04F_impro05_M,frustration,I am the current manager on duty.
94,43,Ses04F_impro05_F,anger,"Okay.  Well I want to call whoever you report to, whoever your boss is because I have had enough with this airline and I am finished waiting for my fifty dollar gift certificate."
94,44,Ses04F_impro05_M,frustration,"Ma'am, I own Northwest Airlines."
95,0,Ses04F_impro06_M,sadness,"Hey, I'm, uh. I'm really sorry about what happened.  I don't um- I mean what you can you do?  I mean it's-"
95,1,Ses04F_impro06_F,sadness,Thanks.
95,2,Ses04F_impro06_M,sadness,"When I was seven, my- my grandmother died and I really- I don't know, I mean it was really hard to let go but the important thing is- is that you do let go and your realize that, you know, they- you know, they- this person had fun while they were- while they were here and, uh, you know, you work- you work through it."
95,3,Ses04F_impro06_F,sadness,"You know it's just, I just, you know, I mean it just happened.  I just, like- I just keep expecting him to walk in, you know."
95,4,Ses04F_impro06_M,sadness,Mmhmm. Yeah.  Yeah.  I mean it's- it's hard.  It's hard.
95,5,Ses04F_impro06_F,sadness,"I just- I just thought he would have longer, you know, because I'm- I mean when he found out he was sick, we knew that wasn't good but I just- I just thought that it would take longer, you know?"
95,6,Ses04F_impro06_M,sadness,Yeah.
95,7,Ses04F_impro06_M,neutral,"Well I mean, you know, I mean it was I mean with that kind of condition,"
95,8,Ses04F_impro06_F,sadness,Yeah. I know. I know.
95,9,Ses04F_impro06_M,sadness,"you know, it's inevitable  and I mean honestly it's- it's almost like"
95,10,Ses04F_impro06_M,neutral,"you know, you don't- you know, how long do you want the person to go through that, you know."
95,11,Ses04F_impro06_M,neutral,It's sort of- it's almost better off to rest in peace than he is to live in pain.
95,12,Ses04F_impro06_F,sadness,"Yeah, I know. But I'd rather have him here with me, you know. It's just not fair.  I mean he- he didn't get to do like anything. I mean he was-"
95,13,Ses04F_impro06_F,sadness,"He was only twenty four and just so many things that we were going to do, you know, and now he won't get to do them and he won't get to be here when I do.  You know, like I'll get married some day and he won't be there, like, he won't get to see that."
95,14,Ses04F_impro06_M,sadness,Yeah.
95,15,Ses04F_impro06_F,sadness,It just doesn't seem fair.
95,16,Ses04F_impro06_M,sadness,"It's not fair but I mean that's, you know, the course of life is that, you know, you meet people and you lose them."
95,17,Ses04F_impro06_M,sadness,You're okay
95,18,Ses04F_impro06_F,sadness,Thank you for being here.
95,19,Ses04F_impro06_M,sadness,You know I think- I think we should celebrate because I think that's what he would have wanted.
95,20,Ses04F_impro06_F,happiness,[LAUGHTER] You're probably right.  He probably would be pissed if we were all sitting around being upset about it. He'd want us to have a party.
95,21,Ses04F_impro06_M,neutral,Yeah.
95,22,Ses04F_impro06_F,happiness,And to drink in his honor. [LAUGHTER]
95,23,Ses04F_impro06_M,sadness,"That's right.  That's right.  I mean he would want us to, you know, celebrate the life that he- that he lived and, you know, enjoy the rest of ours as much as we can."
95,24,Ses04F_impro06_F,sadness,"Yeah, I know."
95,25,Ses04F_impro06_M,sadness,So-
96,0,Ses04F_impro07_M,neutral,"Hey, what's up?"
96,1,Ses04F_impro07_F,neutral,Guess what came today?
96,2,Ses04F_impro07_M,neutral,What?
96,3,Ses04F_impro07_F,neutral,My acceptance letter.
96,4,Ses04F_impro07_M,neutral,Get out.
96,5,Ses04F_impro07_F,neutral,From U.S.C..
96,6,Ses04F_impro07_M,neutral,You serious?
96,7,Ses04F_impro07_F,neutral,"Yes, I am."
96,8,Ses04F_impro07_M,neutral,"Oh, my god what happened.  You got in. Otherwise you wouldn't be so happy. [LAUGHTER]"
96,9,Ses04F_impro07_F,neutral,"Well yeah, that's the general idea. [LAUGHTER]"
96,10,Ses04F_impro07_M,neutral,That's awesome.  Congratulations.
96,11,Ses04F_impro07_F,neutral,Big bad acceptance packet with all the information.  I'm going to U.S.C..
96,12,Ses04F_impro07_M,neutral,That's amazing.  Wow.
96,13,Ses04F_impro07_F,neutral,I know. [LAUGHTER]
96,14,Ses04F_impro07_M,neutral,You're going to have to get like a nine millimeter because U.S.C.'s like in South Central.
96,15,Ses04F_impro07_F,neutral,"[LAUGHTER] Yeah, uh. No."
96,16,Ses04F_impro07_F,neutral,[LAUGHTER] It's safe around there.
96,17,Ses04F_impro07_M,neutral,"No, seriously. No, seriously, you should do it."
96,18,Ses04F_impro07_F,neutral,The campus is beautiful. I'm so excited.
96,19,Ses04F_impro07_M,neutral,I know but you should get like a taser or something.  I mean walking around the campus at night-
96,20,Ses04F_impro07_F,neutral,"Do you want to buy me some mace for my, you know, going away present?"
96,21,Ses04F_impro07_M,neutral,I'll get you- I'll get you a bottle of mace.
96,22,Ses04F_impro07_F,neutral,There we go.  Perfect.
96,23,Ses04F_impro07_M,neutral,And a taser and a knife.
96,24,Ses04F_impro07_F,neutral,And a taser.  Excellent.  Just make sure it's a big knife.
96,25,Ses04F_impro07_M,neutral,And you'll be fully loaded.
96,26,Ses04F_impro07_F,neutral,I don't want any of those little puny ones.
96,27,Ses04F_impro07_M,neutral,"So, um- so what are you going to- what are you going to major in?"
96,28,Ses04F_impro07_F,neutral,Well I was thinking maybe underwater basket weaving.
96,29,Ses04F_impro07_M,neutral,"Underwater basket weaving, my god."
96,30,Ses04F_impro07_F,neutral,"U.S.C. has a major in that, right."
96,31,Ses04F_impro07_M,neutral,They have- they have that
96,32,Ses04F_impro07_F,neutral,They have - U.S.C. has everything because U.S.C. is the best school ever.
96,33,Ses04F_impro07_M,neutral,they have that as a major?
96,34,Ses04F_impro07_M,neutral,That's ridiculous.  I don't believe that.
96,35,Ses04F_impro07_F,neutral,Okay.  Well I'm lying but-
96,36,Ses04F_impro07_M,neutral,"Seriously, what's your major?"
96,37,Ses04F_impro07_F,neutral,"Well, I haven't decided yet.  I want to try some things out."
96,38,Ses04F_impro07_M,neutral,So you're undecided?
96,39,Ses04F_impro07_F,neutral,Yeah.
96,40,Ses04F_impro07_M,neutral,"Hey, that's cool."
96,41,Ses04F_impro07_F,neutral,"I know 'cause then I can do whatever I want, right.  I can try classes in this and then try classes in that and then pick whatever I like best."
96,42,Ses04F_impro07_M,neutral,"No, no.  It's totally cool.  I mean, like, this friend of mine he was- he's been undecided now for, like, the past like eleven years of his life."
96,43,Ses04F_impro07_F,neutral,okay.  Well I'm not going to be undecided forever. [LAUGHTER]
96,44,Ses04F_impro07_M,neutral,"Uh, well-"
96,45,Ses04F_impro07_F,neutral,And it's so close so you can come visit me all the time.
96,46,Ses04F_impro07_M,neutral,You- you- you'll find.
96,47,Ses04F_impro07_M,neutral,"Yeah, I know.  That's right. Yeah, yeah. Because I live in LA."
96,48,Ses04F_impro07_F,neutral,Right.
96,49,Ses04F_impro07_M,neutral,and I like living in LA.
96,50,Ses04F_impro07_F,neutral,"So this works out perfectly.  Because I was worried if I didn't get in to U.S.C., then I would have to go somewhere far away and then-"
96,51,Ses04F_impro07_M,neutral,"You'd have to, like go somewhere else, and, you know, we would be apart, and that would suck."
96,52,Ses04F_impro07_F,neutral,I would miss you.
96,53,Ses04F_impro07_F,neutral,Yeah. But now we don't have to.
96,54,Ses04F_impro07_M,neutral,Right.
96,55,Ses04F_impro07_F,neutral,Everything worked out perfectly.
96,56,Ses04F_impro07_M,neutral,That's awesome.
96,57,Ses04F_impro07_F,neutral,I know.  We should have a party.
96,58,Ses04F_impro07_M,neutral,We should have a party.
96,59,Ses04F_impro07_F,neutral,An I got accepted to U.S.C. party.
96,60,Ses04F_impro07_M,neutral,You got accepted-what?  to a U.S.C. party?
96,61,Ses04F_impro07_F,neutral,No.  An I got accepted to U.S.C. party. [LAUGHTER]
96,62,Ses04F_impro07_M,neutral,"Oh, that's right. Okay, I see. Right, right, right."
96,63,Ses04F_impro07_M,neutral,A party celebrating your acceptance.
96,64,Ses04F_impro07_F,neutral,Right.  Now you're with me.
96,65,Ses04F_impro07_M,neutral,That's cool.
96,66,Ses04F_impro07_F,neutral,That is why I got accepted.
96,67,Ses04F_impro07_M,neutral,"Well, that's really cool that you're going to be staying in the same city and everything. so umm"
96,68,Ses04F_impro07_F,neutral,I know.
96,69,Ses04F_impro07_M,neutral,"I don't know are you, like, I don't know.  Are you, like, available or anything?"
96,70,Ses04F_impro07_F,neutral,[LAUGHTER] Are you asking me on a date?
96,71,Ses04F_impro07_M,neutral,"Well I mean I don't know.  It's like you know I kind of had a crush on you throughout high school and, like"
96,72,Ses04F_impro07_M,neutral,"I don't know I just thought that, you know, maybe we could, you know, I don't know.  It's like, you know, just test the waters anyway.  I don't see what the problem is."
96,73,Ses04F_impro07_F,neutral,What- what did you have in mind?
96,74,Ses04F_impro07_M,neutral,"Movies- movie, we'll go to a movie and a dinner and- and"
96,75,Ses04F_impro07_M,neutral,"actually, you know, there's this- there's this really cool restaurant, um, I don't know if you-  it's Red Lobster.  It's like down on"
96,76,Ses04F_impro07_F,neutral,[LAUGHTER]
96,77,Ses04F_impro07_M,neutral,Vermont.
96,78,Ses04F_impro07_F,neutral,You just did not ask me on a date to Red Lobster.
96,79,Ses04F_impro07_M,neutral,"Wait, you've been there before?"
96,80,Ses04F_impro07_F,neutral,On occasion I've heard of it.
96,81,Ses04F_impro07_M,neutral,"Oh, so well then you know that it's awesome."
96,82,Ses04F_impro07_F,neutral,Yeah.  Totally.
96,83,Ses04F_impro07_M,neutral,"Right, so we'll go there and then- and then we'll get some ice cream and maybe we'll go putt-putt golfing."
96,84,Ses04F_impro07_F,neutral,I am totally down with the ice cream.
96,85,Ses04F_impro07_M,neutral,Okay.  Putt-putt golfing?
96,86,Ses04F_impro07_F,neutral,"Eh, we can work that part out."
96,87,Ses04F_impro07_M,neutral,"Yeah, you want to go.  No, you want to go. You want to go."
96,88,Ses04F_impro07_F,neutral,Alright.
96,89,Ses04F_impro07_M,neutral,I can see it in your eyes.  You want to go.
96,90,Ses04F_impro07_F,neutral,I think that'd be really fun actually.
96,91,Ses04F_impro07_M,neutral,Yeah.  So we'll do that and then- and then- and then tomorrow we'll have your
96,92,Ses04F_impro07_F,neutral,party.
96,93,Ses04F_impro07_M,neutral,your I got into U.S.C. graduate party. Yeah.
96,94,Ses04F_impro07_F,neutral,Well look at that.  What a great day.  I got into college and I got asked out on a date.
96,95,Ses04F_impro07_M,neutral,Good. Alright we're so happy.
96,96,Ses04F_impro07_F,neutral,Yay for me.
96,97,Ses04F_impro07_M,neutral,"That's right.  Um, so U.S.C. is a really nice school."
96,98,Ses04F_impro07_F,neutral,I know.
96,99,Ses04F_impro07_M,neutral,Are you going to take out loans or-
96,100,Ses04F_impro07_F,neutral,Okay well that's not a happy part.  We don't want to talk about that.
96,101,Ses04F_impro07_M,neutral,"Well hey, it's okay, fine, gees."
96,102,Ses04F_impro07_F,neutral,"Well no.  I mean I have some scholarships and some financial aid and stuff but I'll have to, you know, I'll get a job"
96,103,Ses04F_impro07_F,neutral,while I'm in school.  It'll be good.
96,104,Ses04F_impro07_M,neutral,Sweet.
96,105,Ses04F_impro07_F,neutral,Yeah.  It will work out.  Maybe I could work at Red Lobster.
96,106,Ses04F_impro07_M,neutral,"Well, it's not far."
96,107,Ses04F_impro07_F,neutral,I know.  Right down the street.
96,108,Ses04F_impro07_M,neutral,"That's right.  There's lots of like, there's lots of doughnut shops, like, everywhere."
96,109,Ses04F_impro07_F,neutral,"Right, there's always that option. The doughnut thing."
96,110,Ses04F_impro07_M,neutral,I mean There's pretty much doughnut shops everywhere in LA.
96,111,Ses04F_impro07_F,neutral,Right
96,112,Ses04F_impro07_M,neutral,"But, um-"
96,113,Ses04F_impro07_F,neutral,and like most places really.
96,114,Ses04F_impro07_M,neutral,"I mean, like, I don't know.  I'm just saying if you need to make some extra cash.  You can, you know"
96,115,Ses04F_impro07_F,neutral,Work at a doughnut shop.
96,116,Ses04F_impro07_M,neutral,Or library.
96,117,Ses04F_impro07_F,neutral,"Maybe on campus, I hear they have jobs on campus."
96,118,Ses04F_impro07_M,neutral,I just said the library
96,119,Ses04F_impro07_M,neutral,"or, um, campus cruiser.  You can drive people around."
96,120,Ses04F_impro07_F,neutral,Excellent.  Drive drunk people around because you know that's all campus cruisers for.
96,121,Ses04F_impro07_M,neutral,Right or you can run for student counsel.
96,122,Ses04F_impro07_F,neutral,"Okay.  No, that's dorky."
96,123,Ses04F_impro07_M,neutral,Dorky?
96,124,Ses04F_impro07_F,neutral,Yeah.
96,125,Ses04F_impro07_M,neutral,It's important.
96,126,Ses04F_impro07_F,neutral,Student counsel?
96,127,Ses04F_impro07_M,neutral,Yes.
96,128,Ses04F_impro07_F,neutral,"No, it's dorky."
96,129,Ses04F_impro07_M,neutral,Fine.  It's dorky.
96,130,Ses04F_impro07_F,neutral,Social life.  Hello.
96,131,Ses04F_impro07_M,neutral,But that'll fit you  because you're a dork.
96,132,Ses04F_impro07_F,neutral,[LAUGHTER].
96,133,Ses04F_impro07_M,neutral,[LAUGHTER].
96,134,Ses04F_impro07_M,neutral,[LAUGHTER].
96,135,Ses04F_impro07_F,neutral,[LAUGHTER].
96,136,Ses04F_impro07_M,neutral,I dork.
96,137,Ses04F_impro07_F,neutral,"No.  But I'm thinking I might, you know, like audition for a play or something.  I don't really want to do the sorority thing.  I'm not really feeling that vibe with the"
96,138,Ses04F_impro07_M,neutral,"Yeah, you don't want to do the sorority thing because you'll probably get used and abused by"
96,139,Ses04F_impro07_F,neutral,ditsy valley girls and
96,140,Ses04F_impro07_F,neutral,lots of money and
96,141,Ses04F_impro07_M,neutral,lots of drunk frat boys
96,142,Ses04F_impro07_F,neutral,Right.
96,143,Ses04F_impro07_M,neutral,Yeah.
96,144,Ses04F_impro07_M,neutral,"But, hey. They have- they have- they have free, uh"
96,145,Ses04F_impro07_F,neutral,What have you heard about the Greek system?
96,146,Ses04F_impro07_M,neutral,free buffets and free events.
96,147,Ses04F_impro07_F,neutral,Free nothing. 'Cause you have to pay tons of money anyway.
96,148,Ses04F_impro07_M,neutral,"I mean it's not really free because you have to pay for it, but yeah."
96,149,Ses04F_impro07_M,neutral,Well do you think you're going to live on campus or off campus your first year?
96,150,Ses04F_impro07_F,neutral,"I think I'll live on campus the first year cause you  meet more people that way, right?"
96,151,Ses04F_impro07_M,neutral,"Oh, yeah? In a dorm?"
96,152,Ses04F_impro07_F,neutral,"Well, yeah.  I mean that's where you meet people, right.  Everybody lives in the dorms, right."
96,153,Ses04F_impro07_M,neutral,"I hate to break this to you but you meet people by being cool, so-"
96,154,Ses04F_impro07_F,neutral,"Oh, oh, I'm sorry, my bad.  I'll have to, like, sign up for summer lessons from you before I go.  You can teach me how to be cool before I go to college."
96,155,Ses04F_impro07_M,neutral,"No, no, no.  You're right though.  I mean, you know, dorms are definitely the way to meet people.  I know that I was in an apartment off campus"
96,156,Ses04F_impro07_M,neutral,"and I mean, you know, I knew my roommates and stuff but I there wasn't really that sense of community-"
96,157,Ses04F_impro07_F,neutral,Right.
96,158,Ses04F_impro07_M,neutral,"that happened, you know, that was going on."
96,159,Ses04F_impro07_F,neutral,So basically what you're saying is that I was right
96,160,Ses04F_impro07_M,neutral,I was just joking.  Gosh.  You don't have to take everything so- so seriously.
96,161,Ses04F_impro07_F,neutral,"I'm- I'm right, right."
96,162,Ses04F_impro07_M,neutral,"Yes, you're right."
96,163,Ses04F_impro07_F,neutral,That's what you're saying. I'm right. [LAUGHTER]
96,164,Ses04F_impro07_M,neutral,All hail to the
96,165,Ses04F_impro07_F,neutral,me.
96,166,Ses04F_impro07_M,neutral,"to you, yes."
97,0,Ses04F_impro08_F,happiness,Hello.  Thank you for calling Dell Taco Corporate.  Can I help you?
97,1,Ses04F_impro08_M,frustration,"Yeah, um.  I have been trying to reach somebody who will refund, uh, my money."
97,2,Ses04F_impro08_M,neutral,"Um, I basically, um I- I ordered some food"
97,3,Ses04F_impro08_M,frustration,um and everything was pretty much uh- uh- just not done right. All the orders were messed up.
97,4,Ses04F_impro08_F,neutral,"Okay.  Well, Did you go through the automated menu?  Most of your requests can be taken care of through that."
97,5,Ses04F_impro08_M,frustration,"Yes, I did and that didn't- I got through to, like, one operator and she sent me to like three others"
97,6,Ses04F_impro08_M,neutral,and now I'm talking to you.  And all I want is my money back.  That's all I'm asking for. It's not much.
97,7,Ses04F_impro08_F,neutral,Okay.  Well I'd be happy to-
97,8,Ses04F_impro08_M,frustration,"If you could just give me that, then I will leave you alone. And just- if i could also- What?"
97,9,Ses04F_impro08_F,frustration,"Okay, sir.  I'd be happy to help you."
97,10,Ses04F_impro08_F,neutral,"Sir, can- can you tell me which branch you went to.  We can start there."
97,11,Ses04F_impro08_M,neutral,"Yeah, Beverley Hills."
97,12,Ses04F_impro08_F,neutral,"Okay.  Um, and what was the complaint?"
97,13,Ses04F_impro08_M,frustration,The food was prepared incorrectly.
97,14,Ses04F_impro08_M,frustration,I asked for no tomatoes.
97,15,Ses04F_impro08_F,neutral,"Can you be a little more specific, sir?"
97,16,Ses04F_impro08_M,neutral,"I asked for no tomatoes on six tacos.  I got tomatoes and onions on all of them,"
97,17,Ses04F_impro08_M,neutral,"Um, hairs were found in three out of the six."
97,18,Ses04F_impro08_F,frustration,"Did you try to take them back and get your order fixed, sir?"
97,19,Ses04F_impro08_M,neutral,"Yeah.  I did and they're like you've got to take it up with corporate, and I'm like well fine.  I'll have your ass by the end of the day and so now I'm trying to do that."
97,20,Ses04F_impro08_F,neutral,"Well I'm very sorry, sir.  They should have dealt with it at that particular branch.  I apologize for that, uh, but we can help you.  That's no worries.  We can take care of that.  So how much did you need to be refunded?"
97,21,Ses04F_impro08_M,neutral,"It was a hundred a sixty dollars.  I'm sorry, uh, sixteen dollars."
97,22,Ses04F_impro08_F,neutral,"Okay.  Um, I'm going to go ahead and transfer you over to another department.  They'll need your address."
97,23,Ses04F_impro08_M,anger,"Look, I don't want to be transferred over to another- All I want to do is just give you my name and address so you can send me a check."
97,24,Ses04F_impro08_M,anger,"Okay.  You understand that's all I want. Just don't give me a problem with this.  Okay, please because I'm very sensitive right now"
97,25,Ses04F_impro08_M,anger,"and if I get sent to another operator, I'll have to tell them the same damn story again.  I don't- I think I'm just going to lose my mind.  So if you could please just not do that, that would be great.  Thank you."
97,26,Ses04F_impro08_F,frustration,"I understand, sir.  I will explain to them what the situa-"
97,27,Ses04F_impro08_M,anger,You don't understand because you've never gone to Del Taco and gotten the service that I've gotten.  You don't understand.
97,28,Ses04F_impro08_F,neutral,You're right sir.  It is your particular situation but I will call the other operator.  I will explain to them what's going on. You won't have to tell your story again.
97,29,Ses04F_impro08_M,anger,You're not going to call the other operator. You're not going to call the the other operator.
97,30,Ses04F_impro08_M,anger,You're going to fill out a form on your desk
97,31,Ses04F_impro08_M,anger,because I know you're at a desk right now in your stupid corporate building and you're going to send me a check for sixteen dollars and forty two cents.
97,32,Ses04F_impro08_F,frustration,"Okay, sir.  They- they have to-"
97,33,Ses04F_impro08_F,frustration,Sir.
97,34,Ses04F_impro08_F,frustration,"Sir, they have to take down your address at the other station.  I will transfer.  I will explain everything to them.  It will all be fine.  I promise."
97,35,Ses04F_impro08_M,frustration,What's your name?
97,36,Ses04F_impro08_F,frustration,Cindy?
97,37,Ses04F_impro08_M,neutral,Cinnee?
97,38,Ses04F_impro08_F,neutral,Cindy.
97,39,Ses04F_impro08_M,anger,Cindy?  Cindy what?
97,40,Ses04F_impro08_F,frustration,"Sir, I don't think my name is really relevant-"
97,41,Ses04F_impro08_M,anger,"Cindy, look.  If you don't get your ass a piece of paper that has a check"
97,42,Ses04F_impro08_M,anger,"attached to it and you don't send it to me, I'm going to get very upset."
97,43,Ses04F_impro08_F,frustration,"Alright, sir. Sir.  I'm going to transfer you to the address."
97,44,Ses04F_impro08_F,frustration,"Alright.  You know what, sir.  The customer is always right."
97,45,Ses04F_impro08_M,frustration,"You know what.  I- You know what? You know what? No, it's fine. it's fine it's fine You know what?"
97,46,Ses04F_impro08_F,frustration,I will go ahead and I will take- I will take
97,47,Ses04F_impro08_M,frustration,"Hey, Cindy. Cindy, look I know this is not your fault.  Do whatever you want."
97,48,Ses04F_impro08_M,frustration,Send me to whatever operator. I just- You know what?  I'm just done.  I'm just done.  I've lost all hope.
97,49,Ses04F_impro08_F,neutral,"Sir, customer satisfaction is our first goal.  I will go ahead and take your number and your address down myself."
97,50,Ses04F_impro08_M,frustration,"of getting my sixteen dollars back. It fine, no honestly."
97,51,Ses04F_impro08_M,frustration,"No, Cindy just don't even-look don't even.  Cuz I- look Cindy I know you don't care about me, okay.  I know that I'm just like another person who calls-"
97,52,Ses04F_impro08_F,neutral,Wait. But I-
97,53,Ses04F_impro08_F,anger,But I'm giving you what you want.
97,54,Ses04F_impro08_M,frustration,No it doesn't matter.  It's fine.  It's fine.  Just send me to the next operator.  That's fine.
97,55,Ses04F_impro08_F,frustration,"Okay.  If that's what you want, you want to go to the next person?"
97,56,Ses04F_impro08_M,neutral,Yes.
97,57,Ses04F_impro08_F,frustration,Okay.  Great.
98,0,Ses04F_script01_1_F,neutral,What's he going to say?  Maybe we should tell him before he sees it.
98,1,Ses04F_script01_1_M,neutral,He saw it.
98,2,Ses04F_script01_1_F,neutral,How could he see it?  I was the first one up.  He was still in bed.
98,3,Ses04F_script01_1_M,neutral,He was out here when it broke.
98,4,Ses04F_script01_1_F,neutral,When?
98,5,Ses04F_script01_1_M,neutral,About four this morning.  I heard it cracking and I woke up and looked out.  He was standing right there when it cracked.
98,6,Ses04F_script01_1_F,neutral,What was he doing out here at four in the morning?
98,7,Ses04F_script01_1_M,neutral,"I don't know.  When it cracked, he ran back into the house and cried in the kitchen."
98,8,Ses04F_script01_1_F,sadness,Did you talk to him?
98,9,Ses04F_script01_1_M,sadness,"No, I figured the best thing was to leave him alone."
98,10,Ses04F_script01_1_F,neutral,He cried hard?
98,11,Ses04F_script01_1_M,sadness,I could hear him right through the floor of my room.
98,12,Ses04F_script01_1_F,frustration,What was he doing out here at that hour?  He's dreaming about him again.  He's walking around at night.
98,13,Ses04F_script01_1_M,neutral,I guess he is.
98,14,Ses04F_script01_1_F,neutral,He's getting just like after he died.
98,15,Ses04F_script01_1_F,neutral,What's the meaning in that?
98,16,Ses04F_script01_1_M,frustration,"I don't know the meaning of this, mom.  But I know one thing you made a terrible mistake with dad."
98,17,Ses04F_script01_1_F,neutral,What?
98,18,Ses04F_script01_1_M,frustration,"Being dishonest with him, that kind of thing always pays off and now it's paying off."
98,19,Ses04F_script01_1_F,neutral,What do you mean dishonest?
98,20,Ses04F_script01_1_M,anger,You know that Larry's not coming back and I know it.  Why do we allow him to go on thinking that we believe with him?
98,21,Ses04F_script01_1_F,anger,"What do you want to do, argue with him?"
98,22,Ses04F_script01_1_M,anger,I don't want to argue with him but it's time that he realizes that Larry's not coming back anymore.
98,23,Ses04F_script01_1_M,neutral,"Why shouldn't he dream of him?  Walk the nights waiting for him?  Do we contradict him?  Do we say straight out that we have no hope anymore, that we haven't had any hope for years now?"
98,24,Ses04F_script01_1_F,anger,You can't say that to him.
98,25,Ses04F_script01_1_M,anger,We've got to say it to him.
98,26,Ses04F_script01_1_F,anger,How are you going to prove it?  Can you prove it?
98,27,Ses04F_script01_1_M,anger,For God's sake three years.  Nobody comes back after three years.  It's insane.
98,28,Ses04F_script01_1_F,anger,To you it is and to me but not to him.  You can talk yourself blue in the face but there's no body and no grave so where are you?
98,29,Ses04F_script01_1_M,frustration,Sit down mom.  I want to talk to you.
98,30,Ses04F_script01_1_F,anger,The trouble is the goddamn newspapers.  Every month some boy turns up from nowhere so the next one is going to be Larry.
98,31,Ses04F_script01_1_M,frustration,"Alright, alright, alright.  Listen. You know why I asked Annie here don't you?"
98,32,Ses04F_script01_1_F,neutral,Why?
98,33,Ses04F_script01_1_M,neutral,You know why.
98,34,Ses04F_script01_1_F,neutral,Well I got an idea but what's the story?
98,35,Ses04F_script01_1_M,neutral,I'm going to ask her to marry me.
98,36,Ses04F_script01_1_F,neutral,"Well that's only your business, Chris."
98,37,Ses04F_script01_1_M,frustration,You know it's not only my business.
98,38,Ses04F_script01_1_F,anger,What do you want me to do?  You're old enough to know your own mind.
98,39,Ses04F_script01_1_M,frustration,Then it's alright.  I'll go ahead with it.
98,40,Ses04F_script01_1_F,neutral,Well you want to make sure that father isn't going to-
98,41,Ses04F_script01_1_M,anger,Then it isn't just my business.
98,42,Ses04F_script01_1_F,frustration,I'm just saying.
98,43,Ses04F_script01_1_M,anger,Sometimes you infuriate me.  You know that?  Isn't it your business too if I tell this to father and he throws a fit about it.
98,44,Ses04F_script01_1_M,anger,Sometimes you have a- Sometimes you have a talent for ignoring things.
98,45,Ses04F_script01_1_F,anger,I ignore what I got to ignore. The girl is Larry's girl.
98,46,Ses04F_script01_1_M,frustration,She's not Larry's girl.
98,47,Ses04F_script01_1_F,anger,"From father's point of view, he's not dead and you have no right to take his girl."
98,48,Ses04F_script01_1_F,anger,"Now you can go on from there and you know where to go, but I'm telling you I don't know where to go.  See I don't know.  Now what can I do for you?"
98,49,Ses04F_script01_1_M,frustration,"I don't know why it is but every time I reach out for something I want, I have to pull back because other people will suffer. My whole bloody life time after time after time."
98,50,Ses04F_script01_1_F,neutral,You're a considerate fellow.  There's nothing wrong in that.
98,51,Ses04F_script01_1_M,anger,To hell with that.
98,52,Ses04F_script01_1_F,neutral,Did you ask Annie yet?
98,53,Ses04F_script01_1_M,sadness,I wanted to get this settled first.
98,54,Ses04F_script01_1_F,frustration,How do you know she'll marry you?  Maybe she feels the same way father does.
98,55,Ses04F_script01_1_M,frustration,"Well if she does, then that's the end of it.  From her letters, I think she's forgotten him.  I'll find out."
98,56,Ses04F_script01_1_M,anger,"and then we'll thrash it out with dad, right mom.  Don't avoid me."
98,57,Ses04F_script01_1_F,frustration,The trouble is you don't see enough women.  You never did.
98,58,Ses04F_script01_1_M,anger,So what I'm not fast with women.
98,59,Ses04F_script01_1_F,anger,I don't see why it has to be Annie.
98,60,Ses04F_script01_1_M,anger,Because it is.
98,61,Ses04F_script01_1_F,anger,Well that's a good answer but it don't answer anything.  You haven't seen her since you went to war.  It's been five years.
98,62,Ses04F_script01_1_M,neutral,I can't help it.  I know her best.  I was brought up next door to her.
98,63,Ses04F_script01_1_M,sadness,"These years when I think of someone for my wife, I think of Annie.  What do you want, a diagram?"
98,64,Ses04F_script01_1_F,frustration,"I don't want a diagram.  He thinks he's coming back, Chris."
98,65,Ses04F_script01_1_F,anger,You marry that girl.  You're pronouncing him dead.  Now what happens to your father?  Do you know because I don't?
98,66,Ses04F_script01_1_M,neutral,Alright then mom.
98,67,Ses04F_script01_1_F,neutral,Just give it some more thought.
98,68,Ses04F_script01_1_M,anger,"I've given it three years of thought.  I hoped that if I waited, dad would forget about Larry"
98,69,Ses04F_script01_1_M,frustration,"and everything would be happy and we would have a regular wedding.  But if that can't happen here, then I'll have to get out."
98,70,Ses04F_script01_1_F,neutral,What the hell is this?
98,71,Ses04F_script01_1_M,neutral,"I'll get out.  I'll get married and live someplace else, maybe New York."
98,72,Ses04F_script01_1_F,anger,Are you crazy?
98,73,Ses04F_script01_1_M,neutral,I've been a good son too long.  A good sucker I'm through with it.
98,74,Ses04F_script01_1_F,anger,You've got a business here.  What the hell is this?
98,75,Ses04F_script01_1_M,anger,"The business, the business doesn't inspire me."
98,76,Ses04F_script01_1_F,anger,Must you be inspired?
98,77,Ses04F_script01_1_M,frustration,"Yes, I like it an hour a day.  If I have to grub for money all day long, at least at evening I want it beautiful."
98,78,Ses04F_script01_1_M,frustration,I want- I want a family.  I want some kids.  I want to build something I give myself to.  Annie is in the middle of that.  Now where do I find it?
98,79,Ses04F_script01_1_F,frustration,You mean-tell me something you mean you'd really leave the business?
98,80,Ses04F_script01_1_M,neutral,Yes on this I would.
98,81,Ses04F_script01_1_F,neutral,Well you don't want to think that way.
98,82,Ses04F_script01_1_M,frustration,Then you help me stay here.
98,83,Ses04F_script01_1_F,anger,Alright but don't think that way
98,84,Ses04F_script01_1_F,anger,"because what the hell did we work for?  This whole shooting match is just for you, Chris."
98,85,Ses04F_script01_1_M,frustration,I know.  Just you help me stay here.
98,86,Ses04F_script01_1_F,anger,But don't think that way.  You hear me?
98,87,Ses04F_script01_1_M,neutral,I am thinking that way.
98,88,Ses04F_script01_1_F,neutral,I don't understand you do I?
98,89,Ses04F_script01_1_M,neutral,No.  I'm a pretty tough guy.
98,90,Ses04F_script01_1_F,anger,Yeah.  I can see that.
99,0,Ses04F_script01_2_F,anger,Why did he invite her?
99,1,Ses04F_script01_2_M,neutral,Why does that bother you?
99,2,Ses04F_script01_2_F,anger,It's been three years.  Why all of a sudden?
99,3,Ses04F_script01_2_M,neutral,Well maybe- maybe he just wanted to see her again.
99,4,Ses04F_script01_2_F,frustration,Nobody comes seven hundred miles just to see.
99,5,Ses04F_script01_2_M,neutral,What do you mean?  He was brought up next door to the girl his whole life.  Why shouldn't he want to see her again?
99,6,Ses04F_script01_2_M,neutral,Don't look at me like that.  He didn't tell me anymore than he told you.
99,7,Ses04F_script01_2_F,neutral,She's not going to marry him.
99,8,Ses04F_script01_2_M,neutral,How do you know he's even thinking about it?
99,9,Ses04F_script01_2_F,neutral,It's got that about it.
99,10,Ses04F_script01_2_M,neutral,Well so what.
99,11,Ses04F_script01_2_F,anger,"What's going on here, Joe?"
99,12,Ses04F_script01_2_M,frustration,Listen kid.
99,13,Ses04F_script01_2_F,anger,"No, line."
99,14,Ses04F_script01_2_M,neutral,"Uh, Then why is she still-she's not his girl, Joe"
99,15,Ses04F_script01_2_F,anger,"She's not his girl, Joe.  She knows she's not."
99,16,Ses04F_script01_2_M,neutral,You can't read her mind.
99,17,Ses04F_script01_2_F,anger,Then why is she still single?  New York is full of men.  Why hasn't she married?
99,18,Ses04F_script01_2_F,anger,Probably a hundred people told her she's foolish but she's waited.
99,19,Ses04F_script01_2_M,frustration,How do you know why she waited?
99,20,Ses04F_script01_2_F,anger,Because she knows what I know that's why.  She's faithful as a rock.
99,21,Ses04F_script01_2_F,frustration,"In my worst moments, I think of her waiting and I know again that I'm right."
99,22,Ses04F_script01_2_M,frustration,Look it's a nice day.  What are we arguing for?
99,23,Ses04F_script01_2_F,frustration,"Nobody in this house dares take her faith away, Joe.  Strangers might but not his father, not his brother."
99,24,Ses04F_script01_2_M,frustration,What do you want me to do?
99,25,Ses04F_script01_2_F,neutral,"I want you to act like he's coming back, both of you.  Don't think I haven't noticed you since he invited her.  I won't stand for any nonsense."
99,26,Ses04F_script01_2_M,frustration,But Kate-
99,27,Ses04F_script01_2_F,frustration,"Because if he's not coming back, I'll kill myself."
99,28,Ses04F_script01_2_F,neutral,"Laugh, laugh at me, but why did that happen the very night she came back?"
99,29,Ses04F_script01_2_F,anger,"She goes to sleep in his room and his memorial breaks in pieces.  Look, look at it.  Joe-"
99,30,Ses04F_script01_2_M,frustration,Calm yourself.
99,31,Ses04F_script01_2_F,frustration,"Believe with me, Joe.  I can't stand alone."
99,32,Ses04F_script01_2_M,frustration,Calm yourself.
99,33,Ses04F_script01_2_F,frustration,Just last week a man showed up in Detroit missing longer than Larry.  You read it yourself.
99,34,Ses04F_script01_2_M,frustration,Alright.  Alright.  Calm yourself.
99,35,Ses04F_script01_2_F,frustration,You above all have got to believe.  You.
99,36,Ses04F_script01_2_M,frustration,Why me above all?
99,37,Ses04F_script01_2_F,frustration,Just don't stop believing.
99,38,Ses04F_script01_2_M,anger,"What does that mean, me above all?  Look at you.  You're shaking."
99,39,Ses04F_script01_2_F,frustration,I can't help it.
99,40,Ses04F_script01_2_M,frustration,What have I got to hide?  What the hell is matter with you Kate?
100,0,Ses04F_script01_3_F,neutral,You're the only one I know who loves his parents.
100,1,Ses04F_script01_3_M,neutral,I know it went out of style didn't it?
100,2,Ses04F_script01_3_F,neutral,It's okay.  It's a good thing.
100,3,Ses04F_script01_3_F,neutral,You know it's lovely here.  The air is sweet.
100,4,Ses04F_script01_3_M,neutral,You're not sorry you came.
100,5,Ses04F_script01_3_F,neutral,"Not sorry, no but I'm not staying."
100,6,Ses04F_script01_3_M,neutral,Why?
100,7,Ses04F_script01_3_F,neutral,"In the first place, your mother as much as told me to go."
100,8,Ses04F_script01_3_M,neutral,Well.
100,9,Ses04F_script01_3_F,neutral,You saw that and you- you've been kind of-
100,10,Ses04F_script01_3_M,anger,What?
100,11,Ses04F_script01_3_F,neutral,Well kind of embarrassed ever since I got here.
100,12,Ses04F_script01_3_M,neutral,The trouble is I planned on sneaking up on you over a period of a week or so but they take it for granted that we're all set.
100,13,Ses04F_script01_3_F,neutral,"I knew they would, your mother anyway."
100,14,Ses04F_script01_3_M,neutral,How did you know?
100,15,Ses04F_script01_3_F,neutral,From her point of view why else would I come?
100,16,Ses04F_script01_3_M,neutral,Wouldn't you want to?
100,17,Ses04F_script01_3_M,neutral,I guess you know this is why I asked you to come.
100,18,Ses04F_script01_3_F,happiness,I guess this is why I came.
100,19,Ses04F_script01_3_M,happiness,"Ann, I love you.  I love you a great deal.  I love you."
100,20,Ses04F_script01_3_M,happiness,I have no imagination that's all I know to tell you.
100,21,Ses04F_script01_3_M,happiness,I'm embarrassing you.  I didn't want to tell it to you here.  I
100,22,Ses04F_script01_3_M,neutral,"wanted some place we'd never been, a place where we'd be brand new to each other."
100,23,Ses04F_script01_3_M,neutral,"You think this is wrong, this chair, this yard.  I want you to be ready for me.  I don't want to win you away from anything."
100,24,Ses04F_script01_3_F,happiness,"Chris, I've been ready a long, long time."
100,25,Ses04F_script01_3_M,neutral,And he's gone forever.  You're sure?
100,26,Ses04F_script01_3_F,neutral,I almost got married two years ago.
100,27,Ses04F_script01_3_M,neutral,Why didn't you?
100,28,Ses04F_script01_3_F,happiness,You started to write me.
100,29,Ses04F_script01_3_M,neutral,You felt something that far back?
100,30,Ses04F_script01_3_F,happiness,Every day since.
100,31,Ses04F_script01_3_M,neutral,"Ann, why didn't you let me know?"
100,32,Ses04F_script01_3_F,happiness,"I was waiting for you, Chris.  Till then you never wrote and then when you did what did you say.  I mean you sure can be ambiguous you know."
100,33,Ses04F_script01_3_M,happiness,"Give me a kiss, Ann.  Give me a-God I kissed you."
100,34,Ses04F_script01_3_M,happiness,"I kissed Annie.  How long, how long I've been waiting to kiss you."
100,35,Ses04F_script01_3_F,happiness,I'll never forgive you.  Why did you wait all these years?  All I've done is sit and wonder if I was crazy for thinking of you.
100,36,Ses04F_script01_3_M,happiness,"Annie, we're going to live now.  I'm going to make you so happy."
100,37,Ses04F_script01_3_F,neutral,Not like that you're not.
100,38,Ses04F_script01_3_M,neutral,I kissed you.
100,39,Ses04F_script01_3_F,neutral,"Like Larry's brother.  Do it like you, Chris."
100,40,Ses04F_script01_3_F,neutral,What is it Chris?
100,41,Ses04F_script01_3_M,neutral,Let's drive some place.  I want to be alone with you.
100,42,Ses04F_script01_3_F,neutral,"No.  What is it Chris, your mother?"
100,43,Ses04F_script01_3_M,sadness,"No, nothing like that."
100,44,Ses04F_script01_3_F,neutral,Well then what's wrong?  Even in your letters there was something ashamed.
100,45,Ses04F_script01_3_M,sadness,Yes.  I suppose I have been but it's going from me.
100,46,Ses04F_script01_3_F,neutral,You've got to tell me.
100,47,Ses04F_script01_3_M,frustration,I don't know where to start.
100,48,Ses04F_script01_3_F,neutral,It wouldn't work this way.
100,49,Ses04F_script01_3_M,sadness,There's so many things mixed up.
100,50,Ses04F_script01_3_M,sadness,You remember overseas I was in command of a company?
100,51,Ses04F_script01_3_F,neutral,"Yeah, sure."
100,52,Ses04F_script01_3_M,sadness,Well I lost them.
100,53,Ses04F_script01_3_F,sadness,How many?
100,54,Ses04F_script01_3_M,sadness,Just about all.
100,55,Ses04F_script01_3_F,neutral,"Oh, gees."
100,56,Ses04F_script01_3_M,sadness,It takes a lot of time to toss that off because they weren't just men.
100,57,Ses04F_script01_3_M,sadness,"For instance, one time it had been raining several days and this kid came to me and gave me his last pair of dry socks."
100,58,Ses04F_script01_3_M,sadness,I put them in my pocket. that's only a little thing but these are the kind of guys I had.
100,59,Ses04F_script01_3_M,sadness,They didn't die.  They killed themselves for each other.  I mean that exactly.  A little more selfish and they'd have been here today.
100,60,Ses04F_script01_3_M,sadness,"And I got this idea watching them go down.  Everything was being destroyed see, but it seemed to me that there was one new thing that was made"
100,61,Ses04F_script01_3_M,sadness,a sort of responsibility man for man.  You understand me?
100,62,Ses04F_script01_3_M,sadness,And then I came home and it was amazing.
100,63,Ses04F_script01_3_M,neutral,There was no meaning in it here.
100,64,Ses04F_script01_3_M,neutral,The whole thing to them was sort of a bus accident. Then I went to work with father and that whole rat race again.
100,65,Ses04F_script01_3_M,sadness,"I felt, what you said, ashamed somehow"
100,66,Ses04F_script01_3_M,sadness,because nobody was changed at all.  It seemed to make suckers out of a lot of guys.
100,67,Ses04F_script01_3_M,sadness,"I felt wrong to be alive, to open the new bank book, to drive the new car, to see the new refrigerator."
100,68,Ses04F_script01_3_M,neutral,I mean you can take those things out of war but
100,69,Ses04F_script01_3_M,sadness,"when you drive the new car, you have to know that it came out of the love a man can have for a man.  You've got to be a little better because of that."
100,70,Ses04F_script01_3_M,sadness,Otherwise what you have is really just loot and there's blood on it.  I didn't want to take any of it.
100,71,Ses04F_script01_3_M,sadness,I guess that included you.
100,72,Ses04F_script01_3_F,neutral,And do you still feel that way?
100,73,Ses04F_script01_3_M,neutral,"I want you now, Annie."
100,74,Ses04F_script01_3_F,neutral,"Because you mustn't feel that way anymore because you have a right to whatever you have, Chris, do you understand, everything"
100,75,Ses04F_script01_3_F,neutral,that includes me.  And your money there's nothing wrong in your money.  Your father put hundreds of planes in the air.
100,76,Ses04F_script01_3_F,neutral,You should be proud.  A man should be paid for that.
100,77,Ses04F_script01_3_M,happiness,"Annie, Annie I'm going to make a fortune for you."
100,78,Ses04F_script01_3_F,happiness,What'll I do with a fortune?
101,0,Ses04F_script02_1_M,happiness,What time is it?  They're supposed to run around midnight.  This is great isn't it?  Look at this night we've got here.  It couldn't be better.
101,1,Ses04F_script02_1_M,neutral,"Actually, I wanted to go a little farther up the coast, get away from the lights and the people, but I was afraid to miss it.  How you doing?"
101,2,Ses04F_script02_1_F,neutral,Fine.
101,3,Ses04F_script02_1_M,neutral,"Is that, is that-that's just foam isn't it?  I can't even tell"
101,4,Ses04F_script02_1_M,neutral,"although if you can't tell, it probably isn't them.  It will probably be unmistakable.  Don't you think?  How you doing?"
101,5,Ses04F_script02_1_M,frustration,"Oh, no you know what I did?  I forgot my flashlight.  How could I be so stupid I forgot my flashlight."
101,6,Ses04F_script02_1_F,neutral,What flashlight?
101,7,Ses04F_script02_1_M,frustration,"The flashlight, the silver one.  There's only one isn't there?"
101,8,Ses04F_script02_1_F,frustration,It's not yours.
101,9,Ses04F_script02_1_M,neutral,Whose is it?
101,10,Ses04F_script02_1_F,neutral,It's ours.  It's mine too.
101,11,Ses04F_script02_1_M,frustration,Well sure.
101,12,Ses04F_script02_1_F,neutral,You kept saying my flashlight as if it somehow is just yours.  How's that supposed to make me feel?
101,13,Ses04F_script02_1_M,frustration,"No of course our flashlight, yours and mine, mi flashlight es su flashlight naturally.  How could we not think to bring it?"
101,14,Ses04F_script02_1_M,neutral,I hope the moon stays out.  I wonder do they always run during a full moon.  I can't remember if it was full last year.  Remember?
101,15,Ses04F_script02_1_F,neutral,Yes.
101,16,Ses04F_script02_1_M,neutral,"Are you cold?  Do you want my jacket?  We should have brought the blanket, our blanket."
101,17,Ses04F_script02_1_M,happiness,"Ah, this is great, isn't it?  I didn't even think to bring a six-pack.  A six-pack would be just the ticket right about now."
101,18,Ses04F_script02_1_M,neutral,I can't believe I forgot.  I'm like a kid.  It's amazing I got out of the house with my fly zipped.
101,19,Ses04F_script02_1_M,neutral,"Oh, I wonder if they can hear me talk or feel the vibrations in the sand when we move around?"
101,20,Ses04F_script02_1_F,neutral,I'm cold.
101,21,Ses04F_script02_1_M,neutral,Do you want my jacket?
101,22,Ses04F_script02_1_F,anger,It's after eleven let's go home.
101,23,Ses04F_script02_1_M,frustration,Are you kidding?  We'd miss it.  We just got here.  What's the point of coming down here if we just turn around and go home?
101,24,Ses04F_script02_1_F,anger,There is no point in coming down here.
101,25,Ses04F_script02_1_M,frustration,Right.
101,26,Ses04F_script02_1_F,frustration,That's my point.
101,27,Ses04F_script02_1_M,neutral,That's my point too.
101,28,Ses04F_script02_1_F,frustration,So let's go home.
101,29,Ses04F_script02_1_M,frustration,"No, no, no.  That's not my point.  My point is is that there's no point in coming down here if we just leave.  Don't you want to see it?"
101,30,Ses04F_script02_1_F,frustration,Not particularly.
101,31,Ses04F_script02_1_M,neutral,Why not?
101,32,Ses04F_script02_1_F,anger,I just don't.  It's stupid.
101,33,Ses04F_script02_1_M,frustration,Honey this is natural phenomenon.  I mean this only happens once a year.  This is a great opportunity.
101,34,Ses04F_script02_1_M,neutral,Think about the people in Kansas.  They'd have to get plane tickets and hotel reservations to come see this.  We're just forty minutes away.  It's too good to pass up.
101,35,Ses04F_script02_1_F,anger,"Pass up what?  These little fish swim onto the beach, flop around, and then swim away and then they die."
101,36,Ses04F_script02_1_M,frustration,"Yeah but that moment on the beach is the highlight of their little lives.  All that flopping around is laying eggs or what do you, spawning or mating something like that."
101,37,Ses04F_script02_1_M,neutral,This is the big night for these guys.  Life's last orgy.
101,38,Ses04F_script02_1_F,anger,What are you so excited about?  This isn't a moon landing we're talking about.  It's fish.  It's fish nobody even eats.
101,39,Ses04F_script02_1_M,frustration,"Yeah, they do."
101,40,Ses04F_script02_1_F,frustration,"Oh, Augie."
101,41,Ses04F_script02_1_M,frustration,Okay but it's fish who do something none of the other fish do
101,42,Ses04F_script02_1_M,neutral,"like the swallows returning to Capistrano or the lemmings throwing themselves off the cliffs, like that.  There's mystery here and magic"
101,43,Ses04F_script02_1_M,frustration,a little bit of the unexplainable.  I don't see how you cannot be interested.
101,44,Ses04F_script02_1_F,anger,I'm just not.
101,45,Ses04F_script02_1_M,neutral,For real?
101,46,Ses04F_script02_1_F,anger,Yes.
101,47,Ses04F_script02_1_M,frustration,I don't get it.  The first time we came here to see it you said it was the best night of your life and last year I remember distinctly you were so excited to get here.  You stubbed your toe rushing me out the door and didn't even notice until we were in the car.
101,48,Ses04F_script02_1_F,neutral,Last year you will also remember our shoes got wet.  I got sand in my panties.  We got in a big fight over nothing.  You got a sore throat and we did not see the Grunions.
101,49,Ses04F_script02_1_M,frustration,We weren't in a good spot.
101,50,Ses04F_script02_1_F,anger,We didn't see them the first time either.
101,51,Ses04F_script02_1_M,anger,We just weren't in a good spot.  This is a much better spot.
101,52,Ses04F_script02_1_M,neutral,"I've got good instincts for these things.  Look there. What's that.  Is that?  Is that, is that-no it's just seaweed isn't it."
101,53,Ses04F_script02_1_M,neutral,"Ah, man this is great.  I wouldn't miss this for anything.  I mean think about this.  I know you're not interested but just think about this for a minute."
101,54,Ses04F_script02_1_M,neutral,Out there someplace there's this huge mass of silver fish heading this way.  They don't know why.  We don't know why.  It wasn't a decision.  They didn't take a vote.
101,55,Ses04F_script02_1_M,neutral,No one sent them a map or an invitation.  Just some little instinctual time release firecracker went off in their little bodies and all as one. They turned and formed a line as long as the California coast and started swimming.
101,56,Ses04F_script02_1_M,neutral,They're swimming right now as if that's the only thing that matters.
101,57,Ses04F_script02_1_M,neutral,It's single mindedness with no mind.  Urgency that's pure urge.
101,58,Ses04F_script02_1_M,neutral,They don't know what drives them.  They don't give it a name or ask question.  They just turn as one and start the swim that brings them here to this place
101,59,Ses04F_script02_1_M,neutral,where we stand for massive celebration of sex and death.
101,60,Ses04F_script02_1_M,neutral,"Ah, I'm giving myself goose bumps.  All my hairs are popping up."
101,61,Ses04F_script02_1_F,frustration,That's the wind.
101,62,Ses04F_script02_1_M,neutral,Well so what do you think?
101,63,Ses04F_script02_1_F,anger,About what?
101,64,Ses04F_script02_1_M,neutral,What I said.
101,65,Ses04F_script02_1_F,anger,It's ridiculous.
102,0,Ses04F_script02_2_M,neutral,"Well, so what do you think?"
102,1,Ses04F_script02_2_F,neutral,About what?
102,2,Ses04F_script02_2_M,neutral,What I said.
102,3,Ses04F_script02_2_F,neutral,It's ridiculous.
102,4,Ses04F_script02_2_M,neutral,It certainly is not.  It's slightly exaggerated scientific fact.
102,5,Ses04F_script02_2_F,anger,It's PR.  Somebody sold you a bill of goods that this wonderful event is going to take place on the beach.
102,6,Ses04F_script02_2_M,neutral,I'm not the only one.  Look at these people.
102,7,Ses04F_script02_2_F,neutral,"Well sure everybody's told the same story.  It keeps us all coming back for more.  It keeps us all excited, keeps us thinking that life is going to start any minute now if we can just find the right spot and get in on the action."
102,8,Ses04F_script02_2_M,neutral,Are we talking about the same thing?
102,9,Ses04F_script02_2_F,neutral,Well I'm sorry but it's still just fish to me.
102,10,Ses04F_script02_2_M,neutral,"Carla, can I ask you something?  Don't take this the wrong way but are you having your period?"
102,11,Ses04F_script02_2_F,anger,Goddamn it Augie don't ask me that.  You always ask me that.  I hate it when you ask me that.  It's insulting.
102,12,Ses04F_script02_2_M,frustration,Well then what's bugging you?
102,13,Ses04F_script02_2_F,anger,We just have different ideas about what this evening is supposed to look like.
102,14,Ses04F_script02_2_M,frustration,"There's nothing to it.  We come down here.  The grunions arrive.  They do their little fish business.  We go oh, ah look at the fish.  They go home.  We go home."
102,15,Ses04F_script02_2_F,anger,"For heaven's sake, this is not about fish."
102,16,Ses04F_script02_2_M,frustration,Why not?
102,17,Ses04F_script02_2_F,neutral,We totally skipped. Right.
102,18,Ses04F_script02_2_M,neutral,"There's nothing to it.  We come down here.  The grunions arrive.  They do the little fish business.  We go oh, ah look at the fish.  They go home.  We go home."
102,19,Ses04F_script02_2_F,anger,"For heaven's sake, grow up we are not going to see the Grunions."
102,20,Ses04F_script02_2_M,frustration,Why not?
102,21,Ses04F_script02_2_F,anger,We never do.  Do we have we ever?
102,22,Ses04F_script02_2_M,frustration,We've missed them twice that's not ever.
102,23,Ses04F_script02_2_F,anger,Twice is every time we've tried that's ever.
102,24,Ses04F_script02_2_M,frustration,We'll see them this year.
102,25,Ses04F_script02_2_F,neutral,"No, we won't.  It's pointless.  It's like waiting up to see Santa Clause."
102,26,Ses04F_script02_2_F,neutral,"God I feel as though my entire life is going to be spent standing on the beach with my eyes wide open and my hands clasped expectantly waiting for the fish to show up,"
102,27,Ses04F_script02_2_F,anger,and the fish won't show up.
102,28,Ses04F_script02_2_M,frustration,I thought you wanted to see it.
102,29,Ses04F_script02_2_F,frustration,You don't understand anything I'm saying.
102,30,Ses04F_script02_2_M,frustration,"No, of course not."
102,31,Ses04F_script02_2_F,frustration,I did want to see it.  I always do.  I keep thinking that this time will be the time but it never is.
102,32,Ses04F_script02_2_M,frustration,It's just a fish.  Nothing to get traumatized over.
102,33,Ses04F_script02_2_F,neutral,"For heaven's sake, this is not about fish."
102,34,Ses04F_script02_2_M,frustration,I've been trying to work this backwards but I can't seem to pinpoint the moment when we took a turn for the worse.  You were fine during the phone call from Marge.  Dinner was okay.  Doing the dishes was no problem.
102,35,Ses04F_script02_2_M,neutral,Let's see I took a shower.  You watched the news.  You said the Grunions are running tonight. I said great let's go.  I feel lucky tonight.
102,36,Ses04F_script02_2_M,neutral,"Okay.  Uh, so I'm putting on my jacket, putting out the animals.  We're getting the car out of the garage."
102,37,Ses04F_script02_2_F,neutral,Do you remember the first time we came to see it?  It was about four years ago right after we got married.
102,38,Ses04F_script02_2_F,sadness,We thought I was pregnant and we had a bottle of champagne but no glasses.  You asked me to dance.  So we took off our shoes
102,39,Ses04F_script02_2_F,sadness,"and you popped the cork and while we were dancing, you said the softest most intimate things to me"
102,40,Ses04F_script02_2_F,sadness,right into my ear so that I could hear them as much as- so that I could feel them as much as hear them.
102,41,Ses04F_script02_2_F,sadness,"And I remember thinking this is it.  At last, at last I'm as happy as I'm supposed to be."
102,42,Ses04F_script02_2_M,neutral,Wait a minute.  I've got it.
102,43,Ses04F_script02_2_F,sadness,"Dancing barefoot in the sand, drinking champagne from the bottle."
102,44,Ses04F_script02_2_M,neutral,"It was in the car right.  Driving past the Knickerbocker Liquor Locker, you said let's get some champagne and I said times a wasting or something like that.  Right?"
102,45,Ses04F_script02_2_M,neutral,"That's it, right?  You want this to be like the other time, right.  That's it."
102,46,Ses04F_script02_2_F,sadness,I would rather not remember some things.  I would rather not hope for some things.
102,47,Ses04F_script02_2_M,neutral,Okay.  Right.  I got it.  Sure.  Of course.  Listen you want to dance?
102,48,Ses04F_script02_2_F,neutral,No.
102,49,Ses04F_script02_2_M,neutral,You want me to get some champagne?
102,50,Ses04F_script02_2_F,sadness,No.
102,51,Ses04F_script02_2_M,neutral,Take off our shoes?
102,52,Ses04F_script02_2_F,frustration,No.  No.
102,53,Ses04F_script02_2_M,frustration,Well what?  Want me to breath in your ear?
102,54,Ses04F_script02_2_F,frustration,No.
102,55,Ses04F_script02_2_M,frustration,Want to get married again?
102,56,Ses04F_script02_2_F,frustration,No.
102,57,Ses04F_script02_2_M,frustration,What?  What do you want a divorce?
102,58,Ses04F_script02_2_F,frustration,No.
102,59,Ses04F_script02_2_M,frustration,A vacation?
102,60,Ses04F_script02_2_F,anger,No.
102,61,Ses04F_script02_2_M,frustration,"A new carpet, a poodle, a backrub, ice cream, a suicide pact.  What?  What?  Carla what the hell do you want?"
102,62,Ses04F_script02_2_F,neutral,I want something to turn out the way it's supposed to.
102,63,Ses04F_script02_2_M,neutral,Well welcome to the human race.  You think this is what I had in mind.
102,64,Ses04F_script02_2_M,frustration,"Do you think that when I proposed, I had this great fantasy going that four years down the line we'd come to the beach and yell at each other over fish."
102,65,Ses04F_script02_2_M,frustration,Do you think that I knew that there'd be times when you'd look at me like I'm a used Kleenex and times I would look at you and think holy hell when's the next flight to Alaska.
102,66,Ses04F_script02_2_M,frustration,"No, no I'm just like you.  I thought it was going to be all peaches and roses and sand in our hair and wind in our"
102,67,Ses04F_script02_2_M,frustration,"Sand in our toes and wind in our hair and the fish will always come and the bills will always pay themselves and ha, ha baby the jokes on us.  Because you know what you get,"
102,68,Ses04F_script02_2_M,neutral,"you know what you get Carla, this."
102,69,Ses04F_script02_2_F,anger,"This what, what is this?  This isn't even anything."
102,70,Ses04F_script02_2_M,neutral,Yes it is.
102,71,Ses04F_script02_2_F,anger,"Oh, right, sure this is standing on the beach.  This is waiting.  This is fighting."
102,72,Ses04F_script02_2_M,neutral,Right.
102,73,Ses04F_script02_2_F,neutral,But this isn't anything like I thought anything would be like.
102,74,Ses04F_script02_2_M,neutral,"No, I know me either."
102,75,Ses04F_script02_2_F,neutral,"This is just this.  I mean it includes a lot in everything but it's just not, you know, something else.  Do you have any idea what I'm trying to say?"
102,76,Ses04F_script02_2_M,frustration,I'm doing the best I can.
102,77,Ses04F_script02_2_F,sadness,"I know you are, Augie.  Really I do.  I know you wanted this to be special and nice and it's the full moon and the sand and all but I just couldn't help thinking about being somewhere else."
102,78,Ses04F_script02_2_M,sadness,Maybe if you were with somebody else too.
102,79,Ses04F_script02_2_F,frustration,I didn't say that.
102,80,Ses04F_script02_2_M,sadness,"No, I know but still.  I know I don't make you happy."
102,81,Ses04F_script02_2_F,frustration,"For heaven's sake, whatever I'm doing I'd rather be doing it with you."
102,82,Ses04F_script02_2_M,neutral,Yeah?
102,83,Ses04F_script02_2_F,frustration,Well don't be ridiculous.  Don't you know that?  You're the one who probably wishes you were with somebody else
102,84,Ses04F_script02_2_F,sadness,somebody who knew how to enjoy herself and didn't take everything so hard.
102,85,Ses04F_script02_2_M,neutral,"Actually now that you mention it, no I don't."
102,86,Ses04F_script02_2_F,neutral,Okay.  Fine.  So we're in the wrong spot but we're with the right person.
102,87,Ses04F_script02_2_M,neutral,I don't know.  It seemed like a good spot to me.
102,88,Ses04F_script02_2_M,neutral,I mean look at the view you've got of the moon from here.
102,89,Ses04F_script02_2_F,happiness,"Yeah, I noticed that.  Looks pretty on the water doesn't it, big old white moon."
102,90,Ses04F_script02_2_M,neutral,Well look at what we got here.
102,91,Ses04F_script02_2_F,happiness,"Oh, Augie you brought refreshments."
102,92,Ses04F_script02_2_M,neutral,It's not champagne.
102,93,Ses04F_script02_2_F,happiness,Well then I guess we don't need glasses.
102,94,Ses04F_script02_2_M,neutral,You still cold?  Do you want to go home?
102,95,Ses04F_script02_2_F,happiness,I'm beginning to think you might be right.  I think this may be the spot after all.  Augie I'm sorry.
102,96,Ses04F_script02_2_M,neutral,"Shh.  If we're very quiet, the fish might come."
102,97,Ses04F_script02_2_F,neutral,Or not.
102,98,Ses04F_script02_2_M,neutral,Or not.
103,0,Ses04F_script03_1_M,neutral,Good God.
103,1,Ses04F_script03_1_F,neutral,Do you think it's them?
103,2,Ses04F_script03_1_M,neutral,I wonder.
103,3,Ses04F_script03_1_F,neutral,Nobody knows we're here except Freda and she wouldn't ring up.
103,4,Ses04F_script03_1_M,neutral,It must be them then.
103,5,Ses04F_script03_1_F,neutral,Well what are we going to do?
103,6,Ses04F_script03_1_M,neutral,"We'll be alright, darling.  Whatever happens, aren't we?"
103,7,Ses04F_script03_1_F,neutral,Now and always sweet.
103,8,Ses04F_script03_1_M,neutral,I don't care then.
103,9,Ses04F_script03_1_F,neutral,It was bound to come sooner or later.
103,10,Ses04F_script03_1_M,neutral,Hello.  Hello.  What?  Wrong number.
103,11,Ses04F_script03_1_F,neutral,Ahh.  It sent shivers up my spine.
103,12,Ses04F_script03_1_M,neutral,What shall we do if they suddenly walk in on us?
103,13,Ses04F_script03_1_F,neutral,Behave exquisitely.
103,14,Ses04F_script03_1_M,neutral,With the most perfect poise.
103,15,Ses04F_script03_1_F,neutral,Certainly I shall probably do a court curtsy.
103,16,Ses04F_script03_1_M,neutral,"Things that ought to matter dreadfully don't matter at all when one's happy, do they?"
103,17,Ses04F_script03_1_F,neutral,What is so horrible is that one can't stay happy.
103,18,Ses04F_script03_1_M,neutral,"Don't say that, my darling."
103,19,Ses04F_script03_1_F,neutral,It's true the whole business is very poor joke.
103,20,Ses04F_script03_1_M,neutral,Meaning that sacred and beautiful thing love.
103,21,Ses04F_script03_1_F,neutral,"Yes, meaning just that."
103,22,Ses04F_script03_1_M,neutral,What does it all mean?  That's what I asked myself in my ceaseless quest for ultimate truth.  Dear God what does it all mean?
103,23,Ses04F_script03_1_F,neutral,Don't laugh at me.  I'm serious.
103,24,Ses04F_script03_1_M,neutral,"You mustn't be serious, my darling.  It's just what they want."
103,25,Ses04F_script03_1_F,neutral,Who's they?
103,26,Ses04F_script03_1_M,neutral,All the futile moralists who try to make life unbearable.
103,27,Ses04F_script03_1_M,neutral,"Laugh at them, be flippant, laugh at everything, all their sacred shibboleths"
103,28,Ses04F_script03_1_M,neutral,flippancy brings out the acid in their damn sweetness and light.
103,29,Ses04F_script03_1_F,neutral,"If I must laugh at everything, I must laugh at us too."
103,30,Ses04F_script03_1_M,neutral,Certainly you must.  We are figures of fun alright.
103,31,Ses04F_script03_1_F,neutral,"Oh, how long will it last, this ludicrous, over-bearing love of ours?"
103,32,Ses04F_script03_1_M,neutral,Well who knows?
103,33,Ses04F_script03_1_F,neutral,We always want to bicker and fight.
103,34,Ses04F_script03_1_M,neutral,No that fire will fade long with our passion.
103,35,Ses04F_script03_1_F,neutral,"Oh, dear shall we like that?"
103,36,Ses04F_script03_1_M,neutral,It all depends on how well we've played.
103,37,Ses04F_script03_1_F,neutral,What happens if one of us dies?  Does the one that's left still laugh?
103,38,Ses04F_script03_1_M,neutral,Yes.  Yes.  with all his might.
103,39,Ses04F_script03_1_F,neutral,"Well that's serious enough, isn't it?"
103,40,Ses04F_script03_1_M,neutral,"No, no it isn't.  Death is very laughable such a cunning little mystery.  All done with mirrors."
103,41,Ses04F_script03_1_F,neutral,"Darling, I believe you're talking nonsense."
103,42,Ses04F_script03_1_M,neutral,So is everyone else in the long run.  Let's be superficial and pity the poor philosophers.
103,43,Ses04F_script03_1_M,neutral,Let's blow trumpets and squeakers and enjoy the party as much as we can like small quite idiotic little school children.
103,44,Ses04F_script03_1_M,neutral,Let's savor the delight of the moment.  Come and kiss me darling before your body rots and worms pop in and out of your eye sockets.
103,45,Ses04F_script03_1_F,neutral,"Elliott, worms don't pop."
103,46,Ses04F_script03_1_M,neutral,"I don't mind what you do, see. you can paint yourself green all over"
103,47,Ses04F_script03_1_M,neutral,and dance naked in the place Place Vendome and rush away with all the men in the world and I shan't say a word as long as you love me best.
103,48,Ses04F_script03_1_F,neutral,"Thank you, dear.  The same applies to you except that if I catch you so much as looking at another woman, I'll kill you."
103,49,Ses04F_script03_1_M,neutral,Do you remember that awful scene in Venice?
103,50,Ses04F_script03_1_F,neutral,Which particular one?
103,51,Ses04F_script03_1_M,neutral,The one where you bought that little painted wooden snake and put it on my bed.
103,52,Ses04F_script03_1_F,neutral,"Oh, Charles.  That was his name.  Charles he did wriggle so beautifully."
103,53,Ses04F_script03_1_M,neutral,Horrible thing.  I hated it.
103,54,Ses04F_script03_1_F,neutral,"Yes, I know you did.  You threw him out of the window into the Grand Canal.  I don't think I'll ever forgive you for that."
103,55,Ses04F_script03_1_M,neutral,How long did that row last?
103,56,Ses04F_script03_1_F,neutral,It went on intermittently for days.
103,57,Ses04F_script03_1_M,neutral,The worst one was in Cannes when your curling irons burnt holes in my dressing gown.
103,58,Ses04F_script03_1_F,neutral,It burnt my comb too and all the towels in the bathroom.
103,59,Ses04F_script03_1_M,neutral,"Ah, we were much younger then.  That was a rouser wasn't it?"
103,60,Ses04F_script03_1_F,neutral,That was the first time you ever hit me.
103,61,Ses04F_script03_1_M,neutral,You didn't hit me- I didn't hit you very hard.
103,62,Ses04F_script03_1_F,neutral,Then the manager came in and found us rolling about on the floor biting and scratching like panthers.
103,63,Ses04F_script03_1_M,neutral,I shall never forget his face.
103,64,Ses04F_script03_1_F,neutral,"How ridiculous.  How utterly, utterly ridiculous."
103,65,Ses04F_script03_1_M,neutral,We were very much younger then.
103,66,Ses04F_script03_1_F,neutral,And very much sillier.
103,67,Ses04F_script03_1_M,neutral,"As a matter of fact, the real cause of that row was Peter Burden."
104,0,Ses04F_script03_2_M,neutral,"As a matter of fact, the real cause of that row was Peter Burden."
104,1,Ses04F_script03_2_F,neutral,"There was nothing in that, you know that."
104,2,Ses04F_script03_2_M,anger,I knew nothing of the sort.  You took presents from him.
104,3,Ses04F_script03_2_F,neutral,Presents a trivial little broach.
104,4,Ses04F_script03_2_M,neutral,I remember it well bristling with diamonds in the worst possible taste.
104,5,Ses04F_script03_2_F,neutral,Not at all.  It was very pretty.  I still have it and I wear it often.
104,6,Ses04F_script03_2_M,anger,You went out of your way to torture me over Peter Burden.
104,7,Ses04F_script03_2_F,neutral,I did not.  You made the whole thing up in your jealous imagination.
104,8,Ses04F_script03_2_M,neutral,"You must admit that he was in love with you, wasn't he?"
104,9,Ses04F_script03_2_F,neutral,"Just a little perhaps, nothing serious."
104,10,Ses04F_script03_2_M,anger,You let him kiss you.  You said you did.
104,11,Ses04F_script03_2_F,anger,What of it?
104,12,Ses04F_script03_2_M,anger,What of it?
104,13,Ses04F_script03_2_F,neutral,It gave him a lot of pleasure and it didn't hurt me.
104,14,Ses04F_script03_2_M,anger,What about me?
104,15,Ses04F_script03_2_F,neutral,"If you hadn't been so nosey, you never would have known a thing about it."
104,16,Ses04F_script03_2_M,anger,"That's a nice point of view, I must say."
104,17,Ses04F_script03_2_F,frustration,"Oh, dear.  I'm bored with this conversation."
104,18,Ses04F_script03_2_M,neutral,So am I.  Bored stiff.  Want some brandy?
104,19,Ses04F_script03_2_F,frustration,No thanks.
104,20,Ses04F_script03_2_M,neutral,"I'll have some myself, I think."
104,21,Ses04F_script03_2_F,neutral,I don't see why you want it.  You've already had two glasses.
104,22,Ses04F_script03_2_M,neutral,No particular reason.  Anyway they were very small ones.
104,23,Ses04F_script03_2_F,neutral,seems so silly to go on and on and on with such a thing.
104,24,Ses04F_script03_2_M,frustration,You can hardly call three liquor glasses in the whole evening going on and on and on.
104,25,Ses04F_script03_2_F,anger,It's become a habit with you.
104,26,Ses04F_script03_2_M,neutral,You needn't be so grand just because you don't happen to want any at the moment.
104,27,Ses04F_script03_2_F,anger,"Oh, don't be so stupid."
104,28,Ses04F_script03_2_M,anger,"Really, Amanda."
104,29,Ses04F_script03_2_F,anger,What?
104,30,Ses04F_script03_2_M,anger,Nothing.
104,31,Ses04F_script03_2_M,anger,"Going somewhere, my dear?"
104,32,Ses04F_script03_2_F,frustration,Just making myself fascinating for you.
104,33,Ses04F_script03_2_M,neutral,"Ah, that reply has broken my heart."
104,34,Ses04F_script03_2_F,frustration,The woman's job is to allure the man.  Watch me a minute will you.
104,35,Ses04F_script03_2_M,neutral,"As a matter of fact, that's perfectly true."
104,36,Ses04F_script03_2_F,frustration,"Oh, no it isn't"
104,37,Ses04F_script03_2_M,neutral,"Yes, it is."
104,38,Ses04F_script03_2_F,neutral,"Oh, be quiet."
104,39,Ses04F_script03_2_M,neutral,It's a pity you don't have anymore brandy.  It might have made you a little less disagreeable.
104,40,Ses04F_script03_2_F,anger,It doesn't seem to have worked such wonders with you.
104,41,Ses04F_script03_2_M,frustration,"Snap, snap, snap like a little adder."
104,42,Ses04F_script03_2_F,anger,Adders don't snap they sting.
104,43,Ses04F_script03_2_M,neutral,Non-sense they have bags of venom behind their fangs and they snap.
104,44,Ses04F_script03_2_F,anger,They sting.
104,45,Ses04F_script03_2_M,neutral,They snap.
104,46,Ses04F_script03_2_F,anger,"I don't care, okay.  Do you understand?  I don't care.  I don't mind if they bark and roll about like hoops."
104,47,Ses04F_script03_2_M,neutral,Did you see much of Peter Burden after our divorce?
104,48,Ses04F_script03_2_F,anger,"Yes, I did quite a lot."
104,49,Ses04F_script03_2_M,neutral,I suppose you let him kiss you a good deal more then.
104,50,Ses04F_script03_2_F,anger,Mind your own business.
104,51,Ses04F_script03_2_M,neutral,"You must have had a riotous time.  No restraint at all, very enjoyable, you never had much anyhow."
104,52,Ses04F_script03_2_F,anger,You're quite insufferable.  I expect it's because you're drunk.
104,53,Ses04F_script03_2_M,anger,I'm not in the least drunk.
104,54,Ses04F_script03_2_F,anger,You always had a weak head.
104,55,Ses04F_script03_2_M,frustration,I think I mentioned once before that I had three minute liquor glasses of brandy the whole evening long.  A child of two couldn't get drunk on that.
104,56,Ses04F_script03_2_F,anger,"On, the contrary.  A child of two could get violently drunk on only one glass of brandy."
104,57,Ses04F_script03_2_M,neutral,Very interesting and how about a child of six and a child of four and a child of nine.
104,58,Ses04F_script03_2_F,anger,"Oh, shut up."
104,59,Ses04F_script03_2_M,neutral,"They'd get up a splendid little debate about that, you know.  Intemperate tots."
104,60,Ses04F_script03_2_F,anger,"Not very funny, dear.  You'd better have some more brandy."
104,61,Ses04F_script03_2_M,anger,Very good idea.  I will.
104,62,Ses04F_script03_2_M,neutral,You'd better turn that off I think.
104,63,Ses04F_script03_2_F,anger,Why?
104,64,Ses04F_script03_2_M,neutral,It's very late and it will annoy the people upstairs.
104,65,Ses04F_script03_2_F,anger,There is no one upstairs.  It's a photographer's studio.
104,66,Ses04F_script03_2_M,anger,There are people downstairs I suppose.
104,67,Ses04F_script03_2_F,neutral,They're away in Tunis.
104,68,Ses04F_script03_2_M,anger,This is no time of year for Tunis.
104,69,Ses04F_script03_2_F,neutral,"Turn it on again, please."
104,70,Ses04F_script03_2_M,neutral,I'll do no such thing.
104,71,Ses04F_script03_2_F,anger,Very well if you insist on being boorish and idiotic.
104,72,Ses04F_script03_2_M,anger,Turn it off.  It's driving me mad.
104,73,Ses04F_script03_2_F,anger,You're far too temperamental.  Try to control yourself.
104,74,Ses04F_script03_2_M,neutral,Turn it off.
104,75,Ses04F_script03_2_F,anger,"Go away, go away.  I hate you."
104,76,Ses04F_script03_2_M,anger,"Amanda, listen."
104,77,Ses04F_script03_2_F,anger,Listen? Listen indeed.  I'm sick and tired of listening to you.  You damn sadistic bully.
104,78,Ses04F_script03_2_F,anger,Stop.
104,79,Ses04F_script03_2_M,anger,Very amusing.
104,80,Ses04F_script03_2_F,anger,"Stop, stop.  I hate you.  Do you hear?  You're conceited and overbearing and utterly impossible."
104,81,Ses04F_script03_2_M,anger,"You're a vile tempered, loose living, wicked little beast. And I hope I never see you again as long as I live."
104,82,Ses04F_script03_2_F,anger,"This is the end do you understand?  The end,"
104,83,Ses04F_script03_2_M,anger,You're not going like this.
104,84,Ses04F_script03_2_F,anger,finally and forever
104,85,Ses04F_script03_2_F,anger,"Oh, I am.  Let go of me."
104,86,Ses04F_script03_2_M,anger,You're not.
104,87,Ses04F_script03_2_F,anger,"Oh, I hate you. It's a good thing that I found out in time what you're really like. Marry you again?  Never, never, never."
104,88,Ses04F_script03_2_M,anger,Shut up.  Shut up. I wouldn't marry you again if you came crawling to me on your bended knees.
104,89,Ses04F_script03_2_M,anger,"You're a mean, evil minded, little tempered witch. I hope to God I never set eyes on you again as long as I live. Whore."
104,90,Ses04F_script03_2_F,anger,I'd rather die in torment. Beast.  Brute.  Calf swine.
105,0,Ses04M_impro01_M,neutral,"Yeah, hi.  Um, look, I -- all I'm trying to do right now is renew my license plate.  That's all.  I just need to get one of those little stickers."
105,1,Ses04M_impro01_F,neutral,Okay.  What's the problem?
105,2,Ses04M_impro01_M,frustration,"And I've- I've- some lady -- I got in line.  I waited for about two hours um, and, I gave her this form"
105,3,Ses04M_impro01_M,frustration,"that she gave to me earlier. And she said oh, I gave you the wrong one by accident.  So I was hoping I could just fill out a new one, give it to you and sort of skip this whole line business."
105,4,Ses04M_impro01_F,neutral,"Okay, um.  Do you have your photo ID with you?"
105,5,Ses04M_impro01_M,neutral,"Yes, I do."
105,6,Ses04M_impro01_F,neutral,Okay.  This is the wrong form.  I'm sorry.
105,7,Ses04M_impro01_M,frustration,"This is -- okay, then just can I have the form that I need."
105,8,Ses04M_impro01_F,frustration,"I don't have the form.  You're going to have to go get in that line over there and they will give you the right form.  And after you fill it out, you can bring it back to me."
105,9,Ses04M_impro01_M,frustration,Don't you -- you don't have-
105,10,Ses04M_impro01_M,frustration,are you telling me you don't have a stack of them behind the desk?
105,11,Ses04M_impro01_F,frustration,I don't have any of
105,12,Ses04M_impro01_F,frustration,I don't have any of them over here.  You're gonna have to go get in that line over there.  And they will give you a copy of the form.
105,13,Ses04M_impro01_M,frustration,"But you're -- it's the same -- I mean, you can -- like I can't go behind your desk--"
105,14,Ses04M_impro01_F,frustration,"Nope, I don't. I don't have-"
105,15,Ses04M_impro01_M,frustration,or I can't go behind there- you can go behind this person's desk and just grab the form. So if you could just do that; that would help me out a lot.
105,16,Ses04M_impro01_F,frustration,"No, I can't. That's-"
105,17,Ses04M_impro01_F,frustration,I'm sorry.  You have to do things the way you have to do things here.  We have rules.
105,18,Ses04M_impro01_M,frustration,"Look, can you please just-- --make this -- look, I look--"
105,19,Ses04M_impro01_F,frustration,"Go get in that-- Sir-- Sir, there are people in line behind you. you need"
105,20,Ses04M_impro01_M,frustration,look-- It's  been- it's been two hours.  Can you please just make this easier on me and just go and get the form?  It's not- it's really not
105,21,Ses04M_impro01_F,frustration,"I'm sorry.  I'm sorry you're having a hard time,"
105,22,Ses04M_impro01_F,frustration,but you're gonna have to go get in  that line to
105,23,Ses04M_impro01_M,frustration,What if I pay you money?
105,24,Ses04M_impro01_M,frustration,"Can I pay you money?  Can I give you, like, twenty bucks and you'll go back there and get the form?"
105,25,Ses04M_impro01_F,neutral,twenty bucks? Please. Go get in that line over there.
105,26,Ses04M_impro01_M,frustration,"Come on.  Will you please?  I just --I look, I  cannot-- --just if I --"
105,27,Ses04M_impro01_F,frustration,"Look, I'm having a really bad day.  I'm off in twenty minutes and I just really don't need this right now, okay."
105,28,Ses04M_impro01_M,frustration,"I don't care, well- You're having a bad -- I just waited in line for two hours."
105,29,Ses04M_impro01_F,frustration,"And you're gonna have to go wait again, because that's the line you need."
105,30,Ses04M_impro01_M,neutral,Well I just -- I can't do that right -- can you please just grab the form? All you have to do is grab the form.  I'm not gonna ask anything else of you.
105,31,Ses04M_impro01_F,frustration,I can't do that. It's against our rules. You can go get in that line over there or you can just go ahead and leave and come back another day.  Maybe there will be a shorter line.
105,32,Ses04M_impro01_M,frustration,That's all I- I just- That's all i want you to-
105,33,Ses04M_impro01_M,frustration,"Rules, you just have to grab a piece of paper behind from somebody's desk"
105,34,Ses04M_impro01_M,anger,It's not rocket science.
105,35,Ses04M_impro01_M,frustration,"Come -- just, please, just grab the form.  It's right over there."
105,36,Ses04M_impro01_F,frustration,I can't do that.
105,37,Ses04M_impro01_M,neutral,I know it's right over there.
105,38,Ses04M_impro01_M,frustration,Why are you being such a bitch?
105,39,Ses04M_impro01_F,frustration,"I'm sorry, but I can't do that."
105,40,Ses04M_impro01_M,frustration,"Please, will you please -- will you please just grab the form?"
105,41,Ses04M_impro01_F,anger,So go get in the other line or leave.  Or I will have you escorted out by security.
105,42,Ses04M_impro01_F,anger,Would you like to be kicked out of the D.M.V.?  You don't think that'll be a little embarrassing?
105,43,Ses04M_impro01_M,frustration,"Fine, which line is it?"
105,44,Ses04M_impro01_F,frustration,The one you just came from.
105,45,Ses04M_impro01_M,anger,"Okay, fine.  I'll go over there.  Thanks, a lot.  You've been really helpful."
105,46,Ses04M_impro01_F,anger,Yeah.  Thank you.  Have a pleasant day.
106,0,Ses04M_impro02_M,sadness,It's only going to be a year.
106,1,Ses04M_impro02_F,neutral,It's the first year of your child's life.
106,2,Ses04M_impro02_M,neutral,There's really -- there's nothing I can do.
106,3,Ses04M_impro02_F,neutral,You're just fine with this?
106,4,Ses04M_impro02_M,frustration,There's nothing I --
106,5,Ses04M_impro02_F,frustration,You're just going to pick up and leave me and our baby and miss a year of our lives?
106,6,Ses04M_impro02_M,frustration,"It's -- look, it's only a year.  It'll go by quickly.  Okay."
106,7,Ses04M_impro02_F,neutral,"When you get back, think of all of the things that you're going to have missed."
106,8,Ses04M_impro02_M,frustration,"I know, but I'll be back then.  And - and- and we'll have -- we have the rest of our lives."
106,9,Ses04M_impro02_F,neutral,Don't go.
106,10,Ses04M_impro02_M,frustration,I can't do that.  I have to go.
106,11,Ses04M_impro02_F,frustration,"Do you want to -- do you want to leave us behind?  I mean, I don't understand why you have to do this."
106,12,Ses04M_impro02_M,frustration,I've made a pledge.  I can't not do this at this point.
106,13,Ses04M_impro02_F,neutral,"You've made a pledge to us, too.  Remember that day, we stood in front of each other and said 'til death do us part.  Put on some rings and it's supposed to mean something."
106,14,Ses04M_impro02_M,frustration,I know that. I know that. I know that.
106,15,Ses04M_impro02_M,neutral,"There's nothing I can do.  I mean, I have to go."
106,16,Ses04M_impro02_M,frustration,"And this is what I do.  This is -- I mean, this is my life.  And I know that you're part of my life, too, and I mean, it's only -- it's just going to be a year.  I'll be back."
106,17,Ses04M_impro02_F,frustration,Can't you ask them?  Can't you go back and ask them if you could -- I don't know if you could change  assignments or something and you could stay here?
106,18,Ses04M_impro02_M,frustration,It's not- it's not- It's not like that.  It's not like that.  I can't do that.
106,19,Ses04M_impro02_F,frustration,"Why not?  You could, at least, try.  They have to understand"
106,20,Ses04M_impro02_M,frustration,Because it's impossible.  There's -- I just can't.  I can't.
106,21,Ses04M_impro02_F,sadness,You won't even know your child when you come back.  This -- isn't there someone you could talk to?
106,22,Ses04M_impro02_F,frustration,Explain the situation to them and then you can stay here.
106,23,Ses04M_impro02_M,frustration,"Look, honey, it's- it's- it's only going to be a year."
106,24,Ses04M_impro02_M,frustration,It's only going to be a year. I'm not going to miss my son's entire life.
106,25,Ses04M_impro02_F,frustration,"And what happens if, at the end of that year, they ask you to stay longer?  Are you just going to agree?  Are you just going to absentmindedly brainwashedly do whatever it is they tell you to do?"
106,26,Ses04M_impro02_M,frustration,I'm not going to stay more than a year.  I've  agreed to a year
106,27,Ses04M_impro02_F,frustration,Then why do you have to go a year at all?
106,28,Ses04M_impro02_M,frustration,Because I've already agreed to that.
106,29,Ses04M_impro02_F,frustration,Well unagree.  Tell them that you can't leave right now.  I can't do this by myself.  I can't do this without you.
106,30,Ses04M_impro02_M,frustration,"Yes, you can.  Yes, you can.  You know you can.  You're a strong person."
106,31,Ses04M_impro02_F,neutral,This is supposed to be a partnership.  We're supposed to do this together. I'm not supposed to be left here to do this by myself while you leave.
106,32,Ses04M_impro02_M,frustration,It is. It is. It is. It is. I'm going to write you every day.
106,33,Ses04M_impro02_F,neutral,"What am I supposed to do, read your letters?"
106,34,Ses04M_impro02_M,frustration,What else can we do?  I -- we don't have a choice in this.  Do you understand?  You can't come with me and I can't stay here.  That's all there is to it.
106,35,Ses04M_impro02_F,frustration,"There has to be something.  I mean, we can't just live with this.  It's not -- it just won't work this way."
106,36,Ses04M_impro02_M,frustration,We don't have a choice.  I have to do this.
106,37,Ses04M_impro02_F,frustration,Just tell them no.
106,38,Ses04M_impro02_M,frustration,"I can't do it.  I'd love to.  I mean, I don't - if you understand, I don't want to stay."
106,39,Ses04M_impro02_M,frustration,"I mean, I don't want to -- I don't want to leave.  I want to stay here with you."
106,40,Ses04M_impro02_F,frustration,"Then, can't you please try something?  If you go and ask them and they say no, then I would understand, but you're not even willing to ask."
106,41,Ses04M_impro02_F,frustration,Can't you just make an effort?  Can't you just try?
106,42,Ses04M_impro02_M,frustration,I've asked already.  I can't go back.
106,43,Ses04M_impro02_M,frustration,"It can't happen.  I have to go.  I want to stay really bad, but I can't.  There's just no -- I don't have an option."
106,44,Ses04M_impro02_F,sadness,When do you leave?
106,45,Ses04M_impro02_M,frustration,Next week.
106,46,Ses04M_impro02_F,anger,A week.  You're giving me a week to be okay with this.
106,47,Ses04M_impro02_M,frustration,"You can't make it out like I'm happy about this.  I mean, I didn't -- I didn't want to put you in this situation."
106,48,Ses04M_impro02_F,frustration,Well it doesn't seem like you're that bothered by it.
106,49,Ses04M_impro02_M,frustration,"I am.  I mean, I don't know.  I don't know what else to tell -- you know, I mean, I can tell you.  I don't know what else to do. I mean, I've been forced into this situation."
106,50,Ses04M_impro02_F,frustration,"If you really cared so much, you'd find a way out."
106,51,Ses04M_impro02_M,frustration,There's nothing I can do.  I-- I
106,52,Ses04M_impro02_F,neutral,"Fine, fine.  We have to be together.  If you can't stay here, then I'll go with you.  I don't care where you go.  We'll go, too.  I'm not staying behind."
106,53,Ses04M_impro02_M,frustration,They won't let you come along.  It's not going to happen.
106,54,Ses04M_impro02_F,frustration,"It's a free world.  I can go where I want.  Wherever you are, that's where we're going to go."
106,55,Ses04M_impro02_M,frustration,Are you kidding? Please don't be difficult about this.
106,56,Ses04M_impro02_F,neutral,Difficult.  You're leaving for a year. We have a newborn child and you're leaving.  I don't think I'm being difficult.
106,57,Ses04M_impro02_M,frustration,[BREATHING]
106,58,Ses04M_impro02_F,frustration,"I'm finding a way to make it work.  And I will go wherever you go.  Whatever I have to do, I will make this work."
106,59,Ses04M_impro02_M,frustration,"Look, I--"
106,60,Ses04M_impro02_F,frustration,You're not really giving me a lot of options.
106,61,Ses04M_impro02_M,frustration,Where I'm going is not the safest place on the earth.  Okay.
106,62,Ses04M_impro02_F,frustration,But I'm supposed to be okay with you going there.
106,63,Ses04M_impro02_M,frustration,But I've been trained.  You have no training.
106,64,Ses04M_impro02_F,neutral,I'm not going to stay here and wait.
106,65,Ses04M_impro02_M,frustration,You have to.  Do you understand me?  You have to.
106,66,Ses04M_impro02_F,neutral,I can't do it.
106,67,Ses04M_impro02_M,frustration,"Well I guess we're at a stalemate then, aren't we?"
107,0,Ses04M_impro03_M,neutral,"So, um, well, I just -- I kind of wanted to, you know, tell you that I'm actually -- I proposed to Kate and we're going to get married."
107,1,Ses04M_impro03_F,neutral,"Wait, what?"
107,2,Ses04M_impro03_M,neutral,"Yeah. Yeah, I proposed to her yesterday. We're getting -- we're engaged now and we're going to -- we're going to get married in about eight months."
107,3,Ses04M_impro03_F,neutral,"Oh, my God.  Congratulations."
107,4,Ses04M_impro03_M,neutral,"Yeah, it's pretty amazing, huh?"
107,5,Ses04M_impro03_F,neutral,I can't -- how did you do it?  What happened?
107,6,Ses04M_impro03_M,neutral,Well I decided to take her sailing
107,7,Ses04M_impro03_M,neutral,"and we were just out on the water and, you know, I just -- I had the ring with me.  And I was like let's do this.  And she was like okay and then we're getting married."
107,8,Ses04M_impro03_F,neutral,[LAUGHTER] Well you paint a romantic picture.
107,9,Ses04M_impro03_M,happiness,"Well I didn't want it to be like cheesy, you know."
107,10,Ses04M_impro03_F,neutral,Did she cry?
107,11,Ses04M_impro03_M,happiness,"She didn't cry, but she was laughing a lot and it was very exciting, so..."
107,12,Ses04M_impro03_F,neutral,"Oh, my God.  How long have you been planning on doing this?"
107,13,Ses04M_impro03_M,happiness,"Honestly, it was kind of quickly.  It was actually only in the past couple months."
107,14,Ses04M_impro03_F,neutral,I can't believe this.  You're getting married. It's crazy!
107,15,Ses04M_impro03_M,happiness,"Yeah. Yeah. So- I know.  I know. I know.  It's weird 'cause it's like the beginning of the rest of my life, you know."
107,16,Ses04M_impro03_F,neutral,"Yeah, it is."
107,17,Ses04M_impro03_M,happiness,"But uh- no, I mean, you know.  You know, I really want you to like, you know, sort of"
107,18,Ses04M_impro03_M,neutral,"help Kate out with like planning stuff. I mean, if you want to.  I mean, you guys are good friends anyway so I figured, you know, if you guys want to like -- I mean, you know, I'm sure you enjoy that kind of thing."
107,19,Ses04M_impro03_F,neutral,"Yeah, I would love to. Thanks. [LAUGHTER]"
107,20,Ses04M_impro03_M,neutral,Okay. Well there you go.
107,21,Ses04M_impro03_F,neutral,"Oh, my God, where -- have you guys talked about where you're going to get married or--"
107,22,Ses04M_impro03_M,neutral,I think we're going to -- we're going to -- we want to do it in Hawaii and just fly everybody in.
107,23,Ses04M_impro03_F,neutral,"Oh, my God."
107,24,Ses04M_impro03_M,neutral,"I just -- 'cause, I mean, Hawaii just has like the best fruit buffets.  And so I'm just going to say forget, you know, all like kind of meats and all that stuff."
107,25,Ses04M_impro03_M,neutral,"It's just going to be like a all fruit--fruit buffet wedding, plus a cake."
107,26,Ses04M_impro03_F,neutral,Are you going to get married like on the beach barefoot or like fancier?  Like in a church.
107,27,Ses04M_impro03_M,neutral,Barefoot?
107,28,Ses04M_impro03_F,neutral,Well I don't know.  Throwing it out there.
107,29,Ses04M_impro03_M,neutral,"Um, no, no, no.  It'll be in like a park near the beach."
107,30,Ses04M_impro03_F,neutral,Okay.
107,31,Ses04M_impro03_M,neutral,Yeah.  But I'm really excited.  So and everybody's going to come out and it'll be a great time.  And--
107,32,Ses04M_impro03_F,neutral,"Are you going to have a big wedding or like keep it really small like just, you know, family and really close friends?  Or, I mean--"
107,33,Ses04M_impro03_M,neutral,"It'll be kind of small, but not, you know, not tiny, you know.  I want to have, you know, as many people as we can afford to fly out to Hawaii and put up there for--"
107,34,Ses04M_impro03_F,neutral,It's so exciting.  What's the ring look like?
107,35,Ses04M_impro03_M,neutral,It's big and shiny.  I don't know.  It's silver and--
107,36,Ses04M_impro03_F,neutral,Big and shiny.  You're such a guy. [LAUGHTER]
107,37,Ses04M_impro03_M,happiness,"Yeah, I don't know. [LAUGHTER] But, yeah, so anyway -- well I wanted to tell you that, you know, 'cause you're one of my good friends and you're Kate's- one of her best friends and-"
107,38,Ses04M_impro03_F,neutral,I'm so excited for you. That's great. I'm so-
107,39,Ses04M_impro03_M,happiness,"Yeah, yeah. She was actually -- she was going to tell you but I told her that I wanted to tell you and she had to work today anyway, so I decided to-"
107,40,Ses04M_impro03_F,neutral,Well I'm glad you told me.
107,41,Ses04M_impro03_M,happiness,"Yeah, yeah."
107,42,Ses04M_impro03_F,neutral,It's fantastic.  I -- congratulations. It's amazing.
107,43,Ses04M_impro03_M,neutral,"Thank you.  I'm really -- I'm really excited.  And it's -- I don't know, it's like a little -- it's like a little scary, 'cause I'm like, ah, you know, it's the first time I've ever done anything like this."
107,44,Ses04M_impro03_M,happiness,"But, you know, it's like I really love her and I really just -- I can't imagine spending my life with anybody else but her.  So, you know, it's like I know that's the right thing.  And if you have to, you know, if you have to question that, you know, don't- don't do it.  So we're going to do it."
107,45,Ses04M_impro03_M,happiness,"And it's going to -- the -- you know, I told her that I just -- I want the color brown to be as an integral in the wedding.  And, um, maybe some greens and blues."
107,46,Ses04M_impro03_F,neutral,And how did she feel about that?
107,47,Ses04M_impro03_M,happiness,She's okay with it.
107,48,Ses04M_impro03_F,neutral,Well that's good.  It'll be a great wedding.  You're willing to compromise on things.
107,49,Ses04M_impro03_M,neutral,"Exactly, exactly, exactly.  So--"
107,50,Ses04M_impro03_F,neutral,She's going to let you have say in the wedding choices?  That's pretty impressive. Very forward-thinking woman. [LAUGHTER]
107,51,Ses04M_impro03_M,happiness,"Well, I mean I just told her--Well I just said, you know, hey, these are my suggestions."
107,52,Ses04M_impro03_F,neutral,And brown.
107,53,Ses04M_impro03_M,happiness,All fruit and the color brown. Just that. That's all- that's my only request.
107,54,Ses04M_impro03_F,happiness,This is why men don't plan weddings. [LAUGHTER]
107,55,Ses04M_impro03_M,happiness,Yeah.  Well maybe--maybe you're right. Maybe there's something to that.
107,56,Ses04M_impro03_F,neutral,All fruit and brown. [LAUGHTER]
107,57,Ses04M_impro03_M,neutral,"So, um, anyway, do you want to order now?   So, um I mean--"
108,0,Ses04M_impro04_M,frustration,"Oh, man, I just -- I don't know what to do.  I don't know what to do.  It's like every job, you know, I go to; every job I apply to,"
108,1,Ses04M_impro04_M,frustration,"it's just like nobody- nobody wants to hire me. It's been years, I mean, do you understand, years?  Like, I'm -- you know what I mean, it's like I've been collecting unemployment for so long now, it's just like I just -- I can't take it.  I don't know what to do.  I mean, I'm just like losing my mind."
108,2,Ses04M_impro04_F,neutral,Well there has to be something you haven't tried.
108,3,Ses04M_impro04_M,frustration,"I-I'm not kidding.  I've tried everything.  Like I've gone to every business and local, you know,"
108,4,Ses04M_impro04_M,frustration,"local business in- in the area and I can't- I can't get anything.  Like, nobody -"
108,5,Ses04M_impro04_F,neutral,What about like a temp agency?
108,6,Ses04M_impro04_F,neutral,"Have you gone, like, signed up with a temp agency?  Maybe they can help."
108,7,Ses04M_impro04_M,neutral,"there's just like no jobs available.  I mean, it's just like, God."
108,8,Ses04M_impro04_M,frustration,"Yeah, I tried that.  And there was like, yeah, like I did like one thing once.  But, like, that's not -- it doesn't last very long.  And it's not enough to live on."
108,9,Ses04M_impro04_F,neutral,"Right, but you have -- I mean, you have to keep on them.  You have to keep calling and reminding them that you're still looking and"
108,10,Ses04M_impro04_F,neutral,"I mean, you have to be really aggressive about it."
108,11,Ses04M_impro04_M,frustration,"Yeah, I do.  I do.  You don't understand."
108,12,Ses04M_impro04_M,frustration,I- You don't understand. I don't have a job.  All- My job is to look for a job.  I don't do anything else.
108,13,Ses04M_impro04_M,frustration,"But, like, it's been years now and I just can't seem to get anything that really fits.  It's just it -- I -- it drives me absolutely insane."
108,14,Ses04M_impro04_F,neutral,"Well, I mean, if it's that bad, maybe you're gonna have to take something that doesn't really fit, you know.  Like maybe you'll have to do something else for a while.  Find a new field, new skill."
108,15,Ses04M_impro04_M,frustration,"No, no, no, no, no.  I can't- I can't do that.  I can't, I- because if I'm not- if I'm not- if I'm not doing something that I love, then I can't -- I can't- I mean it's- what's the point?"
108,16,Ses04M_impro04_F,neutral,"Well then you're choosing to be unemployed, really."
108,17,Ses04M_impro04_M,frustration,I'm not choosing. I'm not-
108,18,Ses04M_impro04_F,neutral,"If you're not willing to try and work with it and find something and, you know, I mean, there are things you could do."
108,19,Ses04M_impro04_M,frustration,"No, but I'm try- but like all the things that I-it's like I apply to all these places and none of them"
108,20,Ses04M_impro04_M,frustration,"-- I mean, I don't understand.  It's like -- I mean, I feel like I'm qualified enough.  I just don't understand.  Like, I mean, it's just like a matter of circumstance, but it's been three years, you know, three years."
108,21,Ses04M_impro04_F,neutral,"Well maybe, you know, your luck it is just down and the market for your particular field is down and maybe you just need to look into doing something else for a while."
108,22,Ses04M_impro04_M,frustration,This is stupid.
108,23,Ses04M_impro04_F,neutral,"I mean, I'm not saying that you should, you know--"
108,24,Ses04M_impro04_M,frustration,"You know what, this is your fault."
108,25,Ses04M_impro04_F,neutral,Excuse me?
108,26,Ses04M_impro04_M,frustration,It's your fault 'cause -cause you always told me to- to do this and I did that instead.  And I didn't take your advice and - and- but you sort of were like were telling--
108,27,Ses04M_impro04_F,neutral,It's my fault 'cause you didn't do what I told you to?
108,28,Ses04M_impro04_M,frustration,"Yeah, exactly."
108,29,Ses04M_impro04_F,neutral,Well that sounds like your fault.
108,30,Ses04M_impro04_M,frustration,Yeah.
108,31,Ses04M_impro04_F,neutral,You didn't do what I told you to do.
108,32,Ses04M_impro04_M,frustration,That's 'cause you always tell me to do the wrong thing.  And I thought this time it was -- I was gonna be right by going with the opposite thing. So it's your fault because
108,33,Ses04M_impro04_M,frustration,"-because you were always wrong and-and-and this time you were right. And-and I didn't -- yeah, that's why."
108,34,Ses04M_impro04_F,neutral,That's amazing logic that you managed to turn that around and make it my fault.
108,35,Ses04M_impro04_M,neutral,"Well, I mean, it makes sense, doesn't it, hmm?"
108,36,Ses04M_impro04_F,neutral,I think maybe you can't get employed because you aren't willing to take responsibility for your own actions.
108,37,Ses04M_impro04_M,neutral,That's not true.  I take responsibility for my own actions.
108,38,Ses04M_impro04_F,neutral,Really?  Whose fault is it you don't have a job?
108,39,Ses04M_impro04_M,neutral,Yours.  I don't--
108,40,Ses04M_impro04_F,neutral,[LAUGHTER]
108,41,Ses04M_impro04_F,neutral,"You see what you just did there, though?"
108,42,Ses04M_impro04_M,neutral,"I had- No, I don't.  I'm sorry.  I just totally screwed this one up.  You can stop it I guess."
109,0,Ses04M_impro05_M,frustration,"Yeah, hi.  Look--Um, okay.  Here's the thing."
109,1,Ses04M_impro05_F,neutral,"Hi, how can I help you?"
109,2,Ses04M_impro05_M,neutral,Just arrived from London--
109,3,Ses04M_impro05_F,neutral,Mmhmm.
109,4,Ses04M_impro05_M,frustration,lost my luggage. Your airline--
109,5,Ses04M_impro05_F,neutral,I'm sorry.
109,6,Ses04M_impro05_F,neutral,Right.
109,7,Ses04M_impro05_M,frustration,"lost my luggage. I didn't lose it. No, it's not like I left it somewhere and somebody took it."
109,8,Ses04M_impro05_F,neutral,"Oh, oh, you didn't."
109,9,Ses04M_impro05_F,neutral,I thought you lost your luggage.
109,10,Ses04M_impro05_M,frustration,"It was lost.  I waited on the conveyor -- near the conveyor belt to see, you know, where -- then the baggage claim and see if it would- it would come out."
109,11,Ses04M_impro05_M,frustration,"Didn't come out.  I spoke to somebody, a local authority figure."
109,12,Ses04M_impro05_M,frustration,"And he told me to come to this desk here so I can, uh, at least get, uh, the hundred- hundred and fifty dollars that- that I'm owed for my loss."
109,13,Ses04M_impro05_M,frustration,'Cause that's roughly how much the bag plus all its contents was worth.
109,14,Ses04M_impro05_F,neutral,"Uh. Okay.  I -- first of all, I'm very sorry you lost your bag."
109,15,Ses04M_impro05_F,neutral,"Um, but, actually, our policy is a fifty dollar"
109,16,Ses04M_impro05_M,anger,fifty dollars?
109,17,Ses04M_impro05_F,neutral,refund--coverage of the bag that was lost. yes
109,18,Ses04M_impro05_M,anger,"fifty dollars. No way, no."
109,19,Ses04M_impro05_F,neutral,"That's our policy, sir."
109,20,Ses04M_impro05_M,anger,"I don't but the thing is, I don't care about your policy."
109,21,Ses04M_impro05_M,anger,You understand?
109,22,Ses04M_impro05_M,frustration,"What I want you to do is I want you to write three of those, as if I were three people.  Okay.  You can write -- you can just put my name on all --"
109,23,Ses04M_impro05_F,neutral,I can't do that.
109,24,Ses04M_impro05_M,frustration,But what I'm telling you is that's what you're going to do.
109,25,Ses04M_impro05_F,neutral,"Uh, no, actually, no I'm not."
109,26,Ses04M_impro05_M,anger,"No, no, because, look, I don't care what your policy says.  I mean--"
109,27,Ses04M_impro05_F,frustration,I'm very sorry.  I understand you're frustrated. You just got off of a flight.
109,28,Ses04M_impro05_M,anger,You understand that the contents of my bag- The contents of my bag cost a hundred and fifty dollars.
109,29,Ses04M_impro05_M,anger,You--
109,30,Ses04M_impro05_F,neutral,We'll cover fifty.
109,31,Ses04M_impro05_M,anger,No.  No.  No.  What I need you to do -- I need you to write checks for -- I need you to write three of them. That'll be satisfactory.
109,32,Ses04M_impro05_F,frustration,We only cover fifty do-
109,33,Ses04M_impro05_M,anger,"Just -- you can fill out the form--We can fill out - no, no, no, we can fill out the form three times."
109,34,Ses04M_impro05_F,frustration,We only cover fifty dollars worth of lost items.
109,35,Ses04M_impro05_M,frustration,And then that'll be that. It's going to be fine. Just-
109,36,Ses04M_impro05_M,neutral,"I'm going to get very upset.  Like, I mean, I'm- I'm upset right now but I'm going to get really upset if you- if you don't do the check thing."
109,37,Ses04M_impro05_F,frustration,I'm very sorry.
109,38,Ses04M_impro05_F,neutral,I'm very sorry.  I understand you're upset.  You just got off a long flight.
109,39,Ses04M_impro05_M,frustration,"You don't understand. You don't understand, actually.  You don't understand because it was my luggage that was lost.  Okay."
109,40,Ses04M_impro05_F,frustration,We really -- we want to work with you. We really -- we want to help.
109,41,Ses04M_impro05_F,neutral,I understand that.  I would know if it was mine. Um-
109,42,Ses04M_impro05_M,anger,"Yeah.  If it was yours, but it's not. It's mine.  Okay. So just--"
109,43,Ses04M_impro05_F,neutral,But it's not.  It's yours.  I understand.
109,44,Ses04M_impro05_F,frustration,I know.  We want to work with you.  We will give you the fifty dollars but I'm--
109,45,Ses04M_impro05_M,neutral,"No, it's not going to be -- but it's not going to be fifty, it's going to be a hundred and fifty.  You're going to write three, you understand, three of- of the forms.  You're going to write three of them out and then give it to me."
109,46,Ses04M_impro05_F,frustration,"Yeah, we don't do that.  I can go ahead and send you--"
109,47,Ses04M_impro05_M,frustration,You- you- you- you're misunderstanding me.  You're going to do that.
109,48,Ses04M_impro05_F,frustration,"We will definitely keep an eye out for your bag. We will try to find it.  We will, you know, fill out the form for missing items."
109,49,Ses04M_impro05_M,frustration,"Look, can I just -- can I speak to your manager, please?  'Cause I- I really -- I don't, um -- I mean, I just don't want to deal with -- I know that -- I mean, I know this isn't your fault,"
109,50,Ses04M_impro05_F,frustration,No one can make the three check thing happen 'cause we don't do that.
109,51,Ses04M_impro05_F,frustration,I can write you the one check.
109,52,Ses04M_impro05_M,anger,but I need to speak to somebody who can make the three check thing happen.
109,53,Ses04M_impro05_F,frustration,All- all that my supervisor could do is the exact same thing that I'm offering to do.
109,54,Ses04M_impro05_M,frustration,"But what I'm talk -- but I'm just,just- please let me--"
109,55,Ses04M_impro05_M,frustration,But if I could just speak directly -- if I could just speak directly to your-- to your superior person
109,56,Ses04M_impro05_F,frustration,"I'd be happy to give you a cup of coffee, too."
109,57,Ses04M_impro05_F,frustration,We'll just throw that in--gratuitously.
109,58,Ses04M_impro05_M,frustration,then that would be helpful to me because I just feel like if- you don't think you have the power to write three checks but you actually do. see?
109,59,Ses04M_impro05_F,frustration,"No, I don't. See, I could lose my job if I did that."
109,60,Ses04M_impro05_M,frustration,But your job is not my concern. My concern is getting my luggage.
109,61,Ses04M_impro05_F,frustration,And your bag is not my concern.
109,62,Ses04M_impro05_F,frustration,The fifty dollars I'm going to give you for your bag is really all I'm concerned with.
109,63,Ses04M_impro05_M,frustration,"Look, I don't -- look, can we just not argue about this.  Like--"
109,64,Ses04M_impro05_F,frustration,I'm more than happy to not argue about it.  I will give you your fifty dollar certificate.
109,65,Ses04M_impro05_F,frustration,You can go ahead and go fill out the form. We'll look for your bag.
109,66,Ses04M_impro05_M,frustration,So what if- what if we- what if we do three forms
109,67,Ses04M_impro05_M,frustration,with different names on them? That-
109,68,Ses04M_impro05_F,frustration,Then that would be lying.
109,69,Ses04M_impro05_M,frustration,"but, no. See, 'cause"
109,70,Ses04M_impro05_M,frustration,if we have three forms then I can get the hundred and fifty.
109,71,Ses04M_impro05_F,frustration,I'm sorry.  We can only issue one fifty dollar certificate to cover the lost bag for one person.
109,72,Ses04M_impro05_M,frustration,"Just please, will you please just work with me here? Just -- all I'm asking you to do is just work with me. I know -- I know that you get lots of people all day long who give you shit, give you crap, but"
109,73,Ses04M_impro05_F,neutral,"I understand you're frustrated, but--"
109,74,Ses04M_impro05_M,frustration,"um, you know, I -- this is my bag and I need the hundred and fifty dollars. Please."
109,75,Ses04M_impro05_F,neutral,I know. I understand it's personal-- It's personal to you. I get that.
109,76,Ses04M_impro05_M,anger,Please.
109,77,Ses04M_impro05_F,frustration,"But if you want to just sit down, you know, maybe have a cup of tea, calm down a little bit, we'll go ahead and we'll do what we can for you. you okey"
109,78,Ses04M_impro05_M,anger,"I'm already calm. Okay, I'm calm. I'm calm."
109,79,Ses04M_impro05_M,frustration,"Just all I need you to do is just fill out three forms and I'll leave you alone forever, forever.  I'll never -- we'll never see each other again."
109,80,Ses04M_impro05_F,frustration,"And I'm looking forward to that.  However, I can't do that. I would lose my job."
109,81,Ses04M_impro05_M,frustration,But that's not going to-- But you don't understand. You're looking forward to never seeing me again.
109,82,Ses04M_impro05_F,frustration,"Oh, yes."
109,83,Ses04M_impro05_M,frustration,But never seeing me again is not going to happen until you give me the three checks.
109,84,Ses04M_impro05_F,frustration,"I'm sorry, really.  But--"
109,85,Ses04M_impro05_M,frustration,I don't -- I'm not- I'm not convinced.
109,86,Ses04M_impro05_F,frustration,That I'm sorry?
109,87,Ses04M_impro05_M,anger,"Yeah.  If you were really sorry, you'd give me the three checks."
109,88,Ses04M_impro05_M,anger,"So why don't we just do that and stop this nonsense, hmm?  Hmm?"
110,0,Ses04M_impro06_F,sadness,"Hey, how you doing?"
110,1,Ses04M_impro06_F,sadness,I'm sorry.
110,2,Ses04M_impro06_M,sadness,Thanks.
110,3,Ses04M_impro06_F,sadness,"I know- I know there's nothing I can say that will really help, but--"
110,4,Ses04M_impro06_M,sadness,"I know.  I just -- I don't know.  It's just weird because you have somebody who's, you know,"
110,5,Ses04M_impro06_M,sadness,a major part of your life and then they're gone.  And I don't know.  That's not really -- it's never really happened to me before.
110,6,Ses04M_impro06_F,sadness,I'm sorry.  It's never easy.
110,7,Ses04M_impro06_M,sadness,Yeah.
110,8,Ses04M_impro06_F,sadness,"But, I'm here if there's anything you need.  I mean, you just have to ask.  I know --"
110,9,Ses04M_impro06_M,sadness,Thanks.
110,10,Ses04M_impro06_F,sadness,--it doesn't really do anything.  But--
110,11,Ses04M_impro06_M,sadness,I just -- it's just not fair.
110,12,Ses04M_impro06_F,sadness,I know.  It never is.
110,13,Ses04M_impro06_F,sadness,"How's, um -- how's his parents doing?"
110,14,Ses04M_impro06_M,sadness,"I mean, they're, you know, they're upset.  It's like you know, they"
110,15,Ses04M_impro06_M,sadness,feel the same way everybody else does.
110,16,Ses04M_impro06_F,sadness,"I mean, what do you want to do?  Do you want to- do you want to talk about it?  Do you-"
110,17,Ses04M_impro06_M,sadness,"[BREATHING] I mean, there's nothing really to talk about.  He's gone and I'll never see him again."
110,18,Ses04M_impro06_F,sadness,"Well I know it's not a lot of help or anything, but at least you got to know him.  I mean, at least you had the time with him that you did."
110,19,Ses04M_impro06_M,sadness,Yeah.
110,20,Ses04M_impro06_F,sadness,"I mean, we can be grateful for that."
110,21,Ses04M_impro06_M,sadness,"Yeah, I don't know.  Sometimes I wish I didn't know him.  So I wouldn't--"
110,22,Ses04M_impro06_F,sadness,You feel that way now because you're upset.  But you don't really think that.
110,23,Ses04M_impro06_F,sadness,"It'll get better.  I know it doesn't help, but it will get better and you will remember all of the good things that you guys had; all of the memories that you have with him that were happy and you'll be grateful for those."
110,24,Ses04M_impro06_M,sadness,This is just -- this is a terrible life.  I just don't understand.
110,25,Ses04M_impro06_F,neutral,"Just life, in general?"
110,26,Ses04M_impro06_M,sadness,"I mean, it's just not fair.  Like, I don't know.  Why people -"
110,27,Ses04M_impro06_M,sadness,"there should just be some sort of rule that people don't die until they're older, 'cause then, at least, it's expected."
110,28,Ses04M_impro06_F,sadness,"I agree.  If I knew how to make that happen, I would certainly help you."
110,29,Ses04M_impro06_M,sadness,I don't know what to do.
110,30,Ses04M_impro06_F,sadness,"When's the service? Can- can we help?  Is there anything, I mean--"
110,31,Ses04M_impro06_M,sadness,"I mean, you- you can go.  I don't know.  I don't know what else."
110,32,Ses04M_impro06_M,sadness,I hope it rains.  Somehow that'll make me feel more comfortable.
110,33,Ses04M_impro06_F,sadness,"Seems like if the whole world's sad, then it's okay for you to be."
110,34,Ses04M_impro06_M,sadness,Yeah.
110,35,Ses04M_impro06_M,sadness,I just wish there was some way to just bring him back to life magically.
110,36,Ses04M_impro06_F,sadness,I know.
110,37,Ses04M_impro06_M,sadness,"Just, you know, some thing; some genie. I need to find a genie bottle."
110,38,Ses04M_impro06_F,sadness,"I don't have any magic answers.  But,"
110,39,Ses04M_impro06_F,sadness,"I mean, as- as cliche as it is, as long as people who loved him remember him, then it's not a waste, you know."
110,40,Ses04M_impro06_M,sadness,I know.
111,0,Ses04M_impro07_M,neutral,"Alright, so you're not going to believe this.  But I went home today. I looked through the mail.  And I got an acceptance letter from U.S.C.."
111,1,Ses04M_impro07_F,neutral,"What, no way."
111,2,Ses04M_impro07_M,neutral,I'm going to U.S.C.. Yeah.
111,3,Ses04M_impro07_F,neutral,Really?
111,4,Ses04M_impro07_M,neutral,"Yeah, yeah."
111,5,Ses04M_impro07_F,neutral,I didn't even
111,6,Ses04M_impro07_F,neutral,know you applied to U.S.C..
111,7,Ses04M_impro07_M,neutral,"I did.  I did. I've -- yeah, I applied to U.S.C..  I mean, it's really expensive but"
111,8,Ses04M_impro07_M,neutral,it's a really good school.  So
111,9,Ses04M_impro07_M,neutral,"Um, um- yeah, I'm just -- I'm really excited 'cause I don't know.  It's like a whole -- I mean, it's just like, I've been really -- I wanted to go there ever since I was a kid.  So now I actually am and it's awesome.  It's a really nice campus.  Oh, you've been there."
111,10,Ses04M_impro07_F,neutral,"That's amazing.  I've seen it on TV. Um, Wow.  I mean, well what are you going to major in?  What are you going to do?"
111,11,Ses04M_impro07_M,neutral,"Um, I'm thinking a history and geology minor."
111,12,Ses04M_impro07_F,neutral,Wow.
111,13,Ses04M_impro07_M,happiness,"Yeah.  I like to know about history, 'cause, you know, it's- it's just so relevant to the present."
111,14,Ses04M_impro07_F,neutral,Right.
111,15,Ses04M_impro07_M,happiness,Yeah.
111,16,Ses04M_impro07_F,neutral,Yes.
111,17,Ses04M_impro07_M,happiness,"And, uh-"
111,18,Ses04M_impro07_F,neutral,Is U.S.C. known for its history program?
111,19,Ses04M_impro07_M,happiness,"Um, you know, I don't think so.  But I think that, you know, it's still a private school"
111,20,Ses04M_impro07_M,happiness,"and right you know it's still- and then, you know, I mean-"
111,21,Ses04M_impro07_F,neutral,I know.  It's a great school and you know
111,22,Ses04M_impro07_M,happiness,"I'm guessing, you know it's like I I checked it out.  And, like, they have a decent history program."
111,23,Ses04M_impro07_F,neutral,It's all about the connections
111,24,Ses04M_impro07_M,happiness,"So -- and like the geology just is awesome.  It rocks, no pun intended. [LAUGHTER]"
111,25,Ses04M_impro07_F,happiness,"Oh, you did not just say that."
111,26,Ses04M_impro07_M,neutral,"Um, but, uh- anyway -- yeah, so that's awesome, though, because you live here and then we're not going to be separated by me going to some other school"
111,27,Ses04M_impro07_F,neutral,I know.  You're going to be so close.
111,28,Ses04M_impro07_M,neutral,"And, uh, it's just really exciting.  I- You know, I'm -- just I want to- I want to share this special happy moment with you. It's awesome"
111,29,Ses04M_impro07_F,neutral,I'm glad you did.
111,30,Ses04M_impro07_M,neutral,So um
111,31,Ses04M_impro07_F,neutral,"That's great.  I mean, I'm really glad you're not going to go anywhere.  You'll still be here."
111,32,Ses04M_impro07_M,neutral,"Yeah, yeah, yeah.  We're only going to be like twenty minutes apart."
111,33,Ses04M_impro07_F,neutral,Everything in LA is twenty minutes away.
111,34,Ses04M_impro07_M,neutral,"Exactly. It's more like twenty five. Twenty five, half an hour,"
111,35,Ses04M_impro07_F,neutral,Give or take. [LAUGHTER]
111,36,Ses04M_impro07_M,neutral,"But, uh, yeah, so I'm really excited. I can't wait- can't wait to go.  I have to go to orientation,"
111,37,Ses04M_impro07_F,neutral,Well congratulations.
111,38,Ses04M_impro07_M,neutral,"umm, and I'm going to check out school and get, you know, check out the courses"
111,39,Ses04M_impro07_M,neutral,find out all this stuff.  And- and I don't know.  I think I'm going to try to live in a dorm.
111,40,Ses04M_impro07_F,neutral,Yeah.
111,41,Ses04M_impro07_M,neutral,"'Cause, you know, it's like you get to know a lot of people in the dorms and."
111,42,Ses04M_impro07_F,neutral,"Yeah, and then you got that whole communal shower thing which is really appealing."
111,43,Ses04M_impro07_M,neutral,Well I'll have flip flops for that.  That's not  some- It's not a problem.
111,44,Ses04M_impro07_F,neutral,"Okay. Well, that's a good plan. Shower shoes. Two thumbs up."
111,45,Ses04M_impro07_M,neutral,"Yeah, yeah.  But um, so, yeah.  So it's pretty sweet, huh?  You should go there, too."
111,46,Ses04M_impro07_F,neutral,Wow. I- I was looking at U.C.L.A.
111,47,Ses04M_impro07_M,neutral,"Ouch.  That's, um -- oh, wow."
111,48,Ses04M_impro07_F,neutral,"But, congrats on the U.S.C. thing."
111,49,Ses04M_impro07_M,neutral,"No, no, I mean, I didn't know -- I didn't know that about you. Um, I feel like --"
111,50,Ses04M_impro07_F,neutral,"The -- what, the- I mean--"
111,51,Ses04M_impro07_M,neutral,"No, I'm just messing with you. I mean, I'm not going to, you know, I mean, I'm not even really a football fan anyway.  So or- or a basketball-"
111,52,Ses04M_impro07_F,neutral,"You're not going to -- you're going to go to games, though, right? I mean, you can't go to U.S.C. and not go to a football game."
111,53,Ses04M_impro07_M,neutral,No. Football's boring.
111,54,Ses04M_impro07_F,neutral,"Just one game, though?  I mean, for the experience.  I mean, you don't have to go to all of the games but you gotta go to a game."
111,55,Ses04M_impro07_M,neutral,I'll go to basketball games.
111,56,Ses04M_impro07_F,neutral,"Okay.  Well that's cool, too, but like--"
111,57,Ses04M_impro07_M,neutral,Maybe some golf matches.
111,58,Ses04M_impro07_F,neutral,"Wow, you are a winner and a half. [LAUGHTER]"
111,59,Ses04M_impro07_M,neutral,Do they even have any golf matches? I don't even know.
111,60,Ses04M_impro07_M,neutral,I don't know.  Do they have golf?  Do they have- Does U.S.C. have a -- I don't know if they have a golf team.
111,61,Ses04M_impro07_F,neutral,I don't know. Women's volleyball.
111,62,Ses04M_impro07_M,neutral,"That I'll go to.  Definitely go to women's volleyball.  Women's volleyball, swimming, tennis."
111,63,Ses04M_impro07_F,neutral,Basically anything women do.
111,64,Ses04M_impro07_M,neutral,"And then men's basketball.  And -- oh, well not women's basketball."
111,65,Ses04M_impro07_F,neutral,You have to go to a football game.  Come on.
111,66,Ses04M_impro07_M,neutral,"No, I'm not going to go to a football game."
111,67,Ses04M_impro07_F,neutral,"Paint some red and yellow S C on your face. And like get one of those big you know, number one hand things."
111,68,Ses04M_impro07_M,neutral,Forget it. Forget it. Forget it. No way.
111,69,Ses04M_impro07_F,neutral,Maybe one of those megaphones. Pompom.
111,70,Ses04M_impro07_M,neutral,I do -- I will need to get a gun-
111,71,Ses04M_impro07_F,neutral,"There are cheerleaders at football games.  That's girls, scantily clad sexy girls."
111,72,Ses04M_impro07_M,neutral,You've got a point there.
111,73,Ses04M_impro07_F,neutral,I know.
111,74,Ses04M_impro07_M,neutral,I'll take that in consideration.  Alright.
111,75,Ses04M_impro07_F,neutral,I'm just -- I'm watching your back.
111,76,Ses04M_impro07_M,neutral,"Okay.  Um, but, no, I, uh, I do need to get a gun soon, though, 'cause I mean"
111,77,Ses04M_impro07_F,neutral,Excuse me?
111,78,Ses04M_impro07_M,neutral,I need to get like a -- just a small little gun just 'cause -- or like a taser or something or just like a butterfly knife
111,79,Ses04M_impro07_F,neutral,No.
111,80,Ses04M_impro07_M,neutral,"'cause, you know, I mean, it's like If I ever want to go south of campus"
111,81,Ses04M_impro07_F,neutral,Well just don't go south of campus.  Don't get a gun. That's stupid. I mean-
111,82,Ses04M_impro07_M,neutral,Well I need to defend myself from
111,83,Ses04M_impro07_F,neutral,Why don't you take kung fu?
112,0,Ses04M_impro08_M,frustration,Thank you for calling Sprint.  We care about everybody.  How can I help you?
112,1,Ses04M_impro08_F,frustration,Hi.  I've been on the phone for an hour trying to get a little discrepancy on my bill fixed.  I was charged for two hundred dollars worth of calls that I didn't make.
112,2,Ses04M_impro08_M,neutral,Are you sure you didn't make them?
112,3,Ses04M_impro08_F,frustration,I'm positive.  They came from like another state.
112,4,Ses04M_impro08_M,frustration,"Can I get your phone number, please?"
112,5,Ses04M_impro08_F,frustration,"Uh. Yeah, I just gave it to the automated thing like five times."
112,6,Ses04M_impro08_M,frustration,I'm going to need it again.  I need to look at your file.  If you want me to look at your file--
112,7,Ses04M_impro08_F,frustration,Okay.  three two three six nine seven five zero six six.  Can we move on?
112,8,Ses04M_impro08_M,neutral,Okay.
112,9,Ses04M_impro08_F,neutral,"Okay, cool."
112,10,Ses04M_impro08_M,neutral,"Umm, Miss Aruckman"
112,11,Ses04M_impro08_F,neutral,Yes.
112,12,Ses04M_impro08_M,neutral,I am seeing the two hundred dollar charge.
112,13,Ses04M_impro08_F,frustration,"Yes, and I've been through all of the menus, pushed one and star and pound and all of that stuff and I'm just trying to get through to a person who can"
112,14,Ses04M_impro08_M,frustration,Well I'm looking at these.
112,15,Ses04M_impro08_F,frustration,"take off the charges that came from like Nebraska or wherever because, obviously, I didn't make those."
112,16,Ses04M_impro08_F,frustration,So can you please refund the mischarged charges
112,17,Ses04M_impro08_M,neutral,So you're saying that you didn't make these calls.
112,18,Ses04M_impro08_F,frustration,I did not make the calls from B.F.E. Nebraska.
112,19,Ses04M_impro08_M,frustration,"Well I mean, I'm supposed to use discretion in the situation and, um--"
112,20,Ses04M_impro08_F,frustration,So could you discretion it back?
112,21,Ses04M_impro08_M,neutral,All I can do for you right now is give you a hundred dollars.
112,22,Ses04M_impro08_F,frustration,"Okay, but that's like half"
112,23,Ses04M_impro08_M,neutral,What I can
112,24,Ses04M_impro08_F,frustration,of the money that I was charged that I didn't make those calls.
112,25,Ses04M_impro08_M,neutral,What I can do for you is give you a hundred dollars right now and fill out complaint form
112,26,Ses04M_impro08_M,neutral,which you- which you'll have to go into a local Verizon dealer--  or Sprint.
112,27,Ses04M_impro08_F,frustration,"Okay, no, look, I- I- I- I'm really -- I'm trying to be patient.  I know this isn't your fault.  I know that you didn't do it"
112,28,Ses04M_impro08_F,frustration,"but, at the same time, I have been through an hour of little robot voices telling me what I needed to do."
112,29,Ses04M_impro08_M,frustration,"Ma'am, I understand that."
112,30,Ses04M_impro08_F,neutral,And I did everything they said.  And now i'm talking to you and you're supposed to put the money back on my account because I didn't make the calls and I'm really tired of dealing with this because I didn't even
112,31,Ses04M_impro08_M,frustration,"Ma'am, I - I - I understand that. I understand that. What I can do for you right now is what I'm telling you is that I can do- I can give you a hundred dollars back and then you'll have to fill out a complaint form and then you'll get -- there'll be some investigation. Some men will show up at your house and go through your things."
112,32,Ses04M_impro08_F,frustration,Excuse me?
112,33,Ses04M_impro08_M,frustration,And then then you'll get some money back.
112,34,Ses04M_impro08_F,frustration,How long does that take?
112,35,Ses04M_impro08_M,neutral,A few weeks.  You won't even know that they were there.
112,36,Ses04M_impro08_F,frustration,I have to wait a few weeks for people come go through my things to get the money back that I didn't spend?
112,37,Ses04M_impro08_M,frustration,"Okay.  You know what?  I just don't feel like doing this anymore.  Um, you can have all the money back, two hundred dollar, right now."
112,38,Ses04M_impro08_F,neutral,Really?
112,39,Ses04M_impro08_M,neutral,"Yeah.  That's fine.  I just -- that's fine. Yeah, I mean, it doesn't make any difference to me.  I mean, it's not like it's going to cost my job or anything."
112,40,Ses04M_impro08_F,neutral,You're just going to put it back on my account.
112,41,Ses04M_impro08_M,neutral,"I mean, technically, that's policy.  But, like, I mean, I don't really care about -- nobody really cares about policy here."
112,42,Ses04M_impro08_F,neutral,So you're just going to take care of this for me?
112,43,Ses04M_impro08_M,neutral,Sure.
112,44,Ses04M_impro08_F,happiness,"Oh, my God, thank you so much."
112,45,Ses04M_impro08_M,neutral,You're welcome.
112,46,Ses04M_impro08_F,happiness,"I really appreciate this. I know it's not policy or whatever but, seriously"
112,47,Ses04M_impro08_M,neutral,"No, no, no, it's cool.  It's cool.  It's cool.  So, um"
112,48,Ses04M_impro08_F,happiness,make my life a lot easier.
112,49,Ses04M_impro08_M,neutral,"You know, so- I mean, are you doing anything later?  Or um"
112,50,Ses04M_impro08_F,neutral,Really?
112,51,Ses04M_impro08_M,neutral,"Oh, I don't know.  I mean, I don't know.  I just thought, you know, maybe you want to get some co--I mean, I'm actually -- wait, where do you live?  Oh, you're in Los Angeles, I see.  Oh, no, that sucks 'cause I'm in, actually in Alabama."
112,52,Ses04M_impro08_F,neutral,"Right. Um, Thanks for asking, though. I mean, you sound nice, you know."
112,53,Ses04M_impro08_M,neutral,"God, that's like a whole problem with like-- But, no, I mean, hey-- if you ever"
112,54,Ses04M_impro08_M,neutral,"if you ever come out to Montgomery, I mean, you know, just -- just call up, you know, call up the operator and I'll-- I'll be here. So, um."
112,55,Ses04M_impro08_F,neutral,I'll
112,56,Ses04M_impro08_F,neutral,"call up the Sprint call center and, uh, you know. cool"
112,57,Ses04M_impro08_F,neutral,"Wow, alright. Well, thanks. And, uh, you- you have a good one."
112,58,Ses04M_impro08_M,neutral,Alright. Take Care.
112,59,Ses04M_impro08_F,neutral,You too.
113,0,Ses04M_script01_1_F,neutral,What's he going to say?  Maybe we ought to tell him before he sees it.
113,1,Ses04M_script01_1_M,neutral,He saw it.
113,2,Ses04M_script01_1_F,neutral,How could he see it?  I was the first one up.  He was still in bed.
113,3,Ses04M_script01_1_M,neutral,He was out here when it broke.
113,4,Ses04M_script01_1_F,neutral,When?
113,5,Ses04M_script01_1_M,neutral,About four this morning.  I heard it cracking and I woke up and looked out.  He was standing right there when it cracked.
113,6,Ses04M_script01_1_F,neutral,What was he doing out here at four in the morning?
113,7,Ses04M_script01_1_M,neutral,"I don't know.  After it cracked, he ran back in the house and cried in the kitchen."
113,8,Ses04M_script01_1_F,neutral,Did you talk to him?
113,9,Ses04M_script01_1_M,neutral,No.  I - I figured the best thing was to leave him alone.
113,10,Ses04M_script01_1_F,neutral,He cried hard?
113,11,Ses04M_script01_1_M,neutral,I heard him right through the floor of my room.
113,12,Ses04M_script01_1_F,neutral,What was he doing out here at that hour?  He's dreaming about him again.  He's walking around at night.
113,13,Ses04M_script01_1_M,neutral,I guess he is.
113,14,Ses04M_script01_1_F,sadness,He's getting just like after he died.  What's the meaning in that?
113,15,Ses04M_script01_1_M,frustration,"I don't know the meaning of it, mom.  But I know one thing; we made a terrible mistake with dad."
113,16,Ses04M_script01_1_F,neutral,What?
113,17,Ses04M_script01_1_M,neutral,Being dishonest with him.  That kind of thing always pays off and now it's paying off.
113,18,Ses04M_script01_1_F,frustration,"What do you mean, dishonest?"
113,19,Ses04M_script01_1_M,neutral,You know that Larry's not coming back.  And I know it.  Why do we allow him to go on thinking that we believe with him?
113,20,Ses04M_script01_1_F,frustration,What do you want to do?  Argue with him?
113,21,Ses04M_script01_1_M,frustration,I don't want to argue with him but it's time he realized that nobody believes Larry's alive anymore.
113,22,Ses04M_script01_1_M,neutral,Why shouldn't he dream of him?  Walk the nights waiting for him.
113,23,Ses04M_script01_1_M,neutral,"Do we contradict him?  Do we say straight out that we have no hope anymore?  That we haven't had any hope for years, now."
113,24,Ses04M_script01_1_F,anger,You can't say that to him.
113,25,Ses04M_script01_1_M,anger,We've gotta say it to him.
113,26,Ses04M_script01_1_F,anger,How are you going to prove it?  Can you prove it?
113,27,Ses04M_script01_1_M,anger,"For God's sake, three years.  Nobody comes back after three years.  It's insane."
113,28,Ses04M_script01_1_F,anger,"To you it is and to me, but not to him.  You can talk yourself blue in the face, but there's no body and no grave, so where are you?"
113,29,Ses04M_script01_1_M,neutral,"Sit down, mom.  I want to talk to you."
113,30,Ses04M_script01_1_F,neutral,"The trouble is the Goddamn newspapers.  Every month some boy turns up from nowhere, so the next boy is going to be Larry.  So we have to keep--"
113,31,Ses04M_script01_1_M,frustration,"Alright, alright, alright.  Listen.  You know why I asked Annie here don't you?"
113,32,Ses04M_script01_1_F,neutral,Why?
113,33,Ses04M_script01_1_M,frustration,You know why.
113,34,Ses04M_script01_1_F,neutral,"Well I've got an idea, but what's the story?"
113,35,Ses04M_script01_1_M,neutral,Going to ask her to marry me.
113,36,Ses04M_script01_1_F,neutral,"Well that's only your business, Chris."
113,37,Ses04M_script01_1_M,frustration,You know it's not only my business.
113,38,Ses04M_script01_1_F,anger,What do you want me to do?  You're old enough to know your own mind.
113,39,Ses04M_script01_1_M,neutral,Then it's alright.  I'll go ahead with it?
113,40,Ses04M_script01_1_F,neutral,Well you want to make sure your father isn't going to have --
113,41,Ses04M_script01_1_M,anger,"Well, then you know it's not only my business."
113,42,Ses04M_script01_1_F,frustration,I'm just saying.
113,43,Ses04M_script01_1_M,anger,"Sometimes you infuriate me, you know that?  Isn't it your business, too, if I tell this to father and he throws a fit about it?  You have such a talent for ignoring things."
113,44,Ses04M_script01_1_F,anger,I ignore what I got to ignore.  The girl is Larry's girl.
113,45,Ses04M_script01_1_M,frustration,She's not Larry's girl.
113,46,Ses04M_script01_1_F,anger,"From father's point of view, he's not dead.  And you have no right to take his girl."
113,47,Ses04M_script01_1_F,frustration,"Now you can go on from there if you know where to go. But I'm telling you I don't know where to go.  See, I don't know."
113,48,Ses04M_script01_1_F,frustration,Now what can I do for you?
113,49,Ses04M_script01_1_M,frustration,"I don't know why it is but every time I reach out for something I want, I have to pull back because other people will suffer.  My whole bloody life, time after time after time."
113,50,Ses04M_script01_1_F,neutral,You're a considerate fellow.  There's nothing wrong in that.
113,51,Ses04M_script01_1_M,frustration,To hell with that.
113,52,Ses04M_script01_1_F,neutral,Did you ask Annie yet?
113,53,Ses04M_script01_1_M,neutral,I wanted to get this settled first.
113,54,Ses04M_script01_1_F,neutral,How do you know she'll marry you?  Maybe she feels the same way father does.
113,55,Ses04M_script01_1_M,neutral,"Well if she does, then that's the end of it.  From her letters, I think she's forgotten him.  We'll find out.  Then we'll thrash it out with dad. Right, mom?  Don't avoid me."
113,56,Ses04M_script01_1_F,neutral,"The trouble is, you don't see enough women.  You never did."
113,57,Ses04M_script01_1_M,neutral,So what?  I'm not fast with women.
113,58,Ses04M_script01_1_F,anger,I don't see why it has to be Annie.
113,59,Ses04M_script01_1_M,frustration,Because it is.
113,60,Ses04M_script01_1_F,neutral,"Well that's a good answer, but it don't answer anything.  He thinks he's coming back, Chris.  You marry that girl, you're pronouncing him dead.  Now what happens to your father?  Do you know?  Because I don't."
113,61,Ses04M_script01_1_M,frustration,Line?
113,62,Ses04M_script01_1_F,frustration,"Alright, then, mom."
113,63,Ses04M_script01_1_M,neutral,"Alright, then, mom.  Did we skip something?  No.  Alright, then, mom."
113,64,Ses04M_script01_1_F,neutral,Yes we did. Do you want to keep going?
113,65,Ses04M_script01_1_M,neutral,"Yeah, let's keep going."
113,66,Ses04M_script01_1_F,neutral,Just give it some more thought.
113,67,Ses04M_script01_1_M,frustration,I've given it three years' of thought.  I'd hope that if
113,68,Ses04M_script01_1_M,sadness,"father forgot about Larry, we'd have a regular wedding and everything happy.  If I can't get that here, then I'll have to get out."
113,69,Ses04M_script01_1_F,anger,What the hell is this?
113,70,Ses04M_script01_1_M,neutral,I'll get out.  I'll get married and live someplace else.  Maybe New York.
113,71,Ses04M_script01_1_F,anger,Are you crazy?
113,72,Ses04M_script01_1_M,frustration,I've been a good son too long; a good sucker.  I'm through with it.
113,73,Ses04M_script01_1_F,anger,You've got a business here.  What the hell is this?
113,74,Ses04M_script01_1_M,anger,The business?  The business doesn't inspire me.
113,75,Ses04M_script01_1_F,anger,Must you be inspired?
113,76,Ses04M_script01_1_M,anger,"Yes.  I like getting an hour a day.  If I have to grub for money all day long, at least at evening, I want it beautiful."
113,77,Ses04M_script01_1_M,neutral,I want a family.  I want some kids.  I want to build something I can give myself to.  Annie's in the middle of that.  Now where do I find it?
113,78,Ses04M_script01_1_F,neutral,You mean -- tell me something.  You mean you'd really leave the business?
113,79,Ses04M_script01_1_M,neutral,"Yes, on this I would."
113,80,Ses04M_script01_1_F,anger,You don't want to think like that.
113,81,Ses04M_script01_1_M,neutral,Then you help me stay here.
113,82,Ses04M_script01_1_F,anger,"Alright.  But just don't think like that because what the hell did we work for?  That's all for you, Chris.  The whole shooting match is just for you."
113,83,Ses04M_script01_1_M,frustration,I know that.  Just you help me stay here.
113,84,Ses04M_script01_1_F,anger,"But don't think that way, you hear me?"
113,85,Ses04M_script01_1_M,neutral,I am thinking that way.
113,86,Ses04M_script01_1_F,neutral,"I don't understand you, do I?"
113,87,Ses04M_script01_1_M,frustration,"No, you don't.  I'm a pretty tough guy."
113,88,Ses04M_script01_1_F,neutral,"Yeah, I can see that."
114,0,Ses04M_script01_2_F,anger,Why did he invite her here?
114,1,Ses04M_script01_2_M,neutral,"Oh, God, line."
114,2,Ses04M_script01_2_F,neutral,Why does that bother you?
114,3,Ses04M_script01_2_M,neutral,"Why does- why, does that bother you?"
114,4,Ses04M_script01_2_F,anger,"She's been in New York three and a half years.  Why, all of a sudden--"
114,5,Ses04M_script01_2_M,neutral,"Well, maybe- maybe he just wanted to see her."
114,6,Ses04M_script01_2_F,anger,Nobody comes seven hundred miles just to see.
114,7,Ses04M_script01_2_M,frustration,What do you mean?  He grew up next door to the girl all his life.  Why shouldn't he want to -- why shouldn't he want to see her again?
114,8,Ses04M_script01_2_M,neutral,Don't look at me like that.  He didn't tell me anymore than he told you.
114,9,Ses04M_script01_2_F,anger,He's not going to marry her.
114,10,Ses04M_script01_2_M,neutral,How do you know he's even thinking about it?
114,11,Ses04M_script01_2_F,anger,It's got that about it.
114,12,Ses04M_script01_2_M,neutral,Well so what?
114,13,Ses04M_script01_2_F,anger,"What's going on here, Joe?"
114,14,Ses04M_script01_2_M,neutral,Line.
114,15,Ses04M_script01_2_F,neutral,"Now listen, kid. Now, listen."
114,16,Ses04M_script01_2_M,neutral,"Oh.  Now listen, kid."
114,17,Ses04M_script01_2_F,anger,"She's not his girl, Joe.  She knows she's not."
114,18,Ses04M_script01_2_M,neutral,You can't read her mind.
114,19,Ses04M_script01_2_F,anger,"Then why is she still single?  New York is full of men.  Why hasn't she married?  Probably a hundred people told her she's foolish, but she's waited."
114,20,Ses04M_script01_2_M,neutral,How do you know why she waited?
114,21,Ses04M_script01_2_F,anger,"Because she knows what I know, that's why.  She's faithful as a rock.  In my worst moments, I think of her waiting and I know, again, that I'm right."
114,22,Ses04M_script01_2_M,frustration,"Look, it's a nice day.  What are we arguing for?"
114,23,Ses04M_script01_2_F,anger,"Nobody in this house dares take her faith away, Joe.  Strangers might, but not his father, not his brother."
114,24,Ses04M_script01_2_M,frustration,What do you want me to do? What do you want?
114,25,Ses04M_script01_2_F,anger,"I want you to act like he's coming back, both of you.  Don't think I haven't noticed you since he invited her here.  I won't stand for any nonsense."
114,26,Ses04M_script01_2_M,frustration,"But, Kate--"
114,27,Ses04M_script01_2_F,anger,"Because if he's not coming back, I'll kill myself."
114,28,Ses04M_script01_2_F,anger,Laugh.  Laugh at me.  But why did that happen the very night that she came here?
114,29,Ses04M_script01_2_F,anger,She goes to sleep in his bed and his memorial breaks in pieces.  Look.  Look at it.  Joe--
114,30,Ses04M_script01_2_M,frustration,Calm yourself.
114,31,Ses04M_script01_2_F,anger,"Believe with me, Joe.  I can't stand all alone"
114,32,Ses04M_script01_2_M,frustration,Calm yourself.
114,33,Ses04M_script01_2_F,neutral,"Only last week, a man turned up in Detroit missing longer than Larry."
114,34,Ses04M_script01_2_M,frustration,"Alright, alright.  Calm yourself."
114,35,Ses04M_script01_2_F,anger,"You, above all, have got to believe.  You."
114,36,Ses04M_script01_2_M,frustration,Why me above all?
114,37,Ses04M_script01_2_F,neutral,Just don't stop believing.
114,38,Ses04M_script01_2_M,neutral,"What does that mean, me above all?  Look at you.  You're shaking."
114,39,Ses04M_script01_2_F,sadness,I can't help it.
114,40,Ses04M_script01_2_M,anger,"What have I got to hide?  What the hell is the matter with you, Kate?"
115,0,Ses04M_script01_3_F,neutral,You're the only one I know who loves his parents.
115,1,Ses04M_script01_3_M,neutral,"I know.  It went out of style, didn't it?"
115,2,Ses04M_script01_3_F,neutral,"It's okay.  It's a good thing.  You know, it's lovely here and the air is sweet."
115,3,Ses04M_script01_3_M,neutral,So you're not sorry you came?
115,4,Ses04M_script01_3_F,neutral,"No, not sorry, but I'm not going to stay."
115,5,Ses04M_script01_3_M,neutral,Why?
115,6,Ses04M_script01_3_F,neutral,"In the first place, your mother as much as told me to go."
115,7,Ses04M_script01_3_F,neutral,You saw that and then you've been kind of--
115,8,Ses04M_script01_3_M,neutral,What?
115,9,Ses04M_script01_3_F,neutral,"Well, kind of embarrassed ever since I got here."
115,10,Ses04M_script01_3_M,neutral,The trouble is I planned on sneaking up on you over a period of a week or so.  But they take it for granted that we're all set.
115,11,Ses04M_script01_3_F,neutral,"I knew they would, your mother, anyway."
115,12,Ses04M_script01_3_M,neutral,How did you know?
115,13,Ses04M_script01_3_F,neutral,"From her point of view, why else would I come?"
115,14,Ses04M_script01_3_M,neutral,Well wouldn't you want to?
115,15,Ses04M_script01_3_M,neutral,I guess you know this is why I asked you to come.
115,16,Ses04M_script01_3_F,neutral,I guess this is why I came.
115,17,Ses04M_script01_3_M,neutral,"Ann, I love you.  I love you a great deal.  I love you."
115,18,Ses04M_script01_3_M,neutral,I have no imagination.  That's all I know to tell you.  I'm embarrassing you.
115,19,Ses04M_script01_3_M,neutral,I didn't want to tell it to you here.  I wanted someplace we'd never been; someplace where we'd be brand new to each other.
115,20,Ses04M_script01_3_M,neutral,"You think this is wrong, don't you; this yard, this chair?  I want you to be ready for me.  I don't want to win you away from anything."
115,21,Ses04M_script01_3_F,neutral,"Chris, I've been ready a long, long time."
115,22,Ses04M_script01_3_M,neutral,Then he's gone forever?  You're sure?
115,23,Ses04M_script01_3_F,neutral,I almost got married two years ago.
115,24,Ses04M_script01_3_M,neutral,Why didn't you?
115,25,Ses04M_script01_3_F,neutral,You started to write me.
115,26,Ses04M_script01_3_M,neutral,You felt something that far back?
115,27,Ses04M_script01_3_F,happiness,Every day since.
115,28,Ses04M_script01_3_M,neutral,"Anne, why didn't you let me know?"
115,29,Ses04M_script01_3_F,happiness,"I was waiting for you, Chris.  'Til then, you never wrote and when you did, what did you say?  You sure can be ambiguous, you know."
115,30,Ses04M_script01_3_M,neutral,"Anne, give me a kiss.  Give me a -"
115,31,Ses04M_script01_3_M,neutral,"I kissed you.  I kissed Annie.  How long, how long I've waited to kiss you."
115,32,Ses04M_script01_3_F,happiness,I'll never forgive you.  Why did you wait all these years?  All I've done is sit around and wonder if I was crazy for thinking of you.
115,33,Ses04M_script01_3_M,neutral,"Anne, we're going to live now.  I'm going to make you so happy."
115,34,Ses04M_script01_3_F,neutral,Not like that you're not.
115,35,Ses04M_script01_3_M,neutral,I kissed you.
115,36,Ses04M_script01_3_F,neutral,"Like Larry's brother.  Do it like you, Chris.  What is it, Chris?"
115,37,Ses04M_script01_3_M,neutral,Let's drive somewhere.  I want to be alone with you.
115,38,Ses04M_script01_3_F,neutral,"No, what is it, Chris?  Your mother?"
115,39,Ses04M_script01_3_M,neutral,"No, no, nothing like that."
115,40,Ses04M_script01_3_F,neutral,"Then what's wrong.  Even in your letters, there was something ashamed."
115,41,Ses04M_script01_3_M,sadness,"Yes, I suppose there has been.  But it's going from me."
115,42,Ses04M_script01_3_F,neutral,You've got to tell me.
115,43,Ses04M_script01_3_M,sadness,I don't know where to start.
115,44,Ses04M_script01_3_F,neutral,It wouldn't work this way.
115,45,Ses04M_script01_3_M,sadness,"It's all mixed up with so many other things.  You remember overseas, I was in command of a company?"
115,46,Ses04M_script01_3_F,neutral,"Yeah, sure."
115,47,Ses04M_script01_3_M,sadness,Well I lost them.
115,48,Ses04M_script01_3_F,sadness,How many?
115,49,Ses04M_script01_3_M,sadness,Just about all.
115,50,Ses04M_script01_3_F,sadness,"Oh, gees."
115,51,Ses04M_script01_3_M,sadness,It takes a little time to toss that off because they weren't just men.
115,52,Ses04M_script01_3_M,sadness,"For instance, one time it'd been raining several days.  And this kid came to me and gave me his last pair of dry socks; put them in my pocket.  That's only a little thing, but that's the kind of guys I had."
115,53,Ses04M_script01_3_M,neutral,They didn't die.  They killed themselves for each other.  I mean that exactly.  A little more selfish and they'd have been here today.
115,54,Ses04M_script01_3_M,sadness,"And I got this idea watching them go down, everything was being destroyed, see?  But, to me, it seemed there was one new thing that was made,"
115,55,Ses04M_script01_3_M,sadness,a kind of responsibility.  Man for man.  You understand me?  And then I went home and it was incredible.
115,56,Ses04M_script01_3_M,sadness,"There was no meaning in it here.  The whole thing to them was some sort of bus accident.  Then I went to work for dad and that whole rat race again.  I felt, what you said, ashamed somehow"
115,57,Ses04M_script01_3_M,sadness,because nobody was changed.  It seemed to make suckers out of a lot of guys.  I felt wrong to be alive;
115,58,Ses04M_script01_3_M,sadness,"to open that bank book; to drive the new car; to see the new refrigerator.  I mean, you can take these things out of a war, but when you drive the new car, you have to know that it came out of the love a man can have for a man."
115,59,Ses04M_script01_3_M,sadness,"You have to be a little better because of that.  Otherwise, we have is really loot and there's blood on it.  I don't want to take any of it.  I guess that included you."
115,60,Ses04M_script01_3_F,neutral,And do you still feel that way?
115,61,Ses04M_script01_3_M,neutral,"I want you now, Annie."
115,62,Ses04M_script01_3_F,neutral,"Because you mustn't feel that way anymore, Chris.  Because you have a right to everything you have, everything, Chris; to me, too."
115,63,Ses04M_script01_3_F,neutral,"And your money, there's nothing wrong in your money.  Your father put hundreds of planes in the air.  You should be proud.  A man should be paid for that."
115,64,Ses04M_script01_3_M,happiness,"Annie, Annie, I'm going to make you a fortune."
115,65,Ses04M_script01_3_F,happiness,What'll I do with a fortune?
116,0,Ses04M_script02_1_M,neutral,"What time is it?  They're supposed to run around midnight.  This is great, isn't it?  Look at this night we've got here; couldn't be better."
116,1,Ses04M_script02_1_M,neutral,"Actually, I wanted to go a little farther up the coast, get away from the lights and the people, but I was afraid we'd miss it.  How you doing?"
116,2,Ses04M_script02_1_F,neutral,Fine.
116,3,Ses04M_script02_1_M,neutral,"Is that, is that - is that just foam?  I can't even tell.  Although, if you can't tell, it's probably isn't them.  It'll probably be unmistakable, don't you think?"
116,4,Ses04M_script02_1_M,neutral,"How you doing?  Oh, no, you know what I did?  I forgot to bring my flashlight.  How could I be so stupid?  I should have brought my flashlight."
116,5,Ses04M_script02_1_F,neutral,What flashlight?
116,6,Ses04M_script02_1_M,neutral,"The flashlight; the silver one.  There's only one, isn't there?"
116,7,Ses04M_script02_1_F,anger,It's not yours.
116,8,Ses04M_script02_1_M,neutral,Whose is it?
116,9,Ses04M_script02_1_F,anger,"It's ours.  It's mine, too."
116,10,Ses04M_script02_1_M,frustration,"Well, sure."
116,11,Ses04M_script02_1_F,anger,You kept saying my flashlight as if it's somehow just yours.  How is that supposed to make me feel?
116,12,Ses04M_script02_1_M,neutral,"No, of course, our flashlight; yours and mine.  Me flashlight es su flashlight, naturally.  How could we not think to bring it?  I hope the moon stays out."
116,13,Ses04M_script02_1_M,neutral,"I wonder, do they always run during a full moon? I can't remember if it was full last year.  Remember?"
116,14,Ses04M_script02_1_F,anger,Yes.
116,15,Ses04M_script02_1_M,neutral,"Are you cold?  Do you want my jacket?  We should have brought the blanket, our blanket."
116,16,Ses04M_script02_1_M,neutral,"Oh, man.  This is great.  I didn't even think to bring a six pack.  Six pack would be just the ticket right about now.  I can't believe I forgot.  I'm like a kid.  It's amazing I got out of the house with my fly zipped.  Oh."
116,17,Ses04M_script02_1_M,neutral,I wonder if they can hear me talk or feel the vibrations in the sand when we move around.
116,18,Ses04M_script02_1_F,neutral,I'm cold.
116,19,Ses04M_script02_1_M,neutral,You want my jacket?
116,20,Ses04M_script02_1_F,anger,It's after eleven; let's go home.
116,21,Ses04M_script02_1_M,frustration,Are you kidding?  We'd miss it.  We just got here.  What's the point of coming down here if we just turn around and go home?
116,22,Ses04M_script02_1_F,anger,There is no point in coming down here.
116,23,Ses04M_script02_1_M,neutral,Right.
116,24,Ses04M_script02_1_F,frustration,That's my point.
116,25,Ses04M_script02_1_M,neutral,"That's my point, too."
116,26,Ses04M_script02_1_F,anger,So let's go home.
116,27,Ses04M_script02_1_M,frustration,"No, no, no.  That's not my point.  My point is is that there's no point in coming down here if we just leave.  Don't you want to see it?"
116,28,Ses04M_script02_1_F,frustration,Not particularly.
116,29,Ses04M_script02_1_M,neutral,Why not?
116,30,Ses04M_script02_1_F,anger,I just don't.  It's stupid.
116,31,Ses04M_script02_1_M,neutral,"Honey, this is a natural phenomenon.  I mean, this only happens once a year.  It's a great opportunity.  Think about the people in Kansas.  They'd have to get plane tickets and hotel reservations to come see this.  We're just forty minutes away.  It's too good to pass up."
116,32,Ses04M_script02_1_F,anger,"Pass up what?  These little fish swim onto the beach, flop around and then they swim away.  And then they die."
116,33,Ses04M_script02_1_M,frustration,"Yeah, but that moment on the beach is the highlight of their little lives.  I mean, all that flopping around is laying eggs or what do you -- spawning or mating, something like that."
116,34,Ses04M_script02_1_M,neutral,There's mystery here and magic.
116,35,Ses04M_script02_1_F,neutral,What are you so excited about?
116,36,Ses04M_script02_1_M,neutral,"Oh, it's a big night for these guys.  Uh, life's last orgy."
116,37,Ses04M_script02_1_F,frustration,This isn't a moon landing we're talking about.  It's fish.  It's fish nobody even eats.
116,38,Ses04M_script02_1_M,neutral,"Yeah, they do. Okay.  But it's fish who do something none of the other fish do; like the swallows are returning to Capistrano; or the lemmings throwing themselves off the cliffs, like that."
116,39,Ses04M_script02_1_M,neutral,There's mystery here and magic; a little bit of the unexplainable.  I don't see how you can not be interested.
116,40,Ses04M_script02_1_F,frustration,I'm just not.
116,41,Ses04M_script02_1_M,neutral,For real?
116,42,Ses04M_script02_1_F,anger,Yes.
116,43,Ses04M_script02_1_M,neutral,"I don't get it.  First time we came here to see it, you said it was the best night of your life.  And last year, I remember distinctly you were so excited to get here, you stubbed your toe rushing me out the door and didn't even notice until we were in the car."
116,44,Ses04M_script02_1_F,anger,"Last year, you will also remember, our shoes got wet.  I got sand in my panties.  We got into a big fight over nothing.  You got a sore throat and we did not see the grunions."
116,45,Ses04M_script02_1_M,neutral,We weren't in a good spot.
116,46,Ses04M_script02_1_F,frustration,We didn't see them the first time either.
116,47,Ses04M_script02_1_M,neutral,We just weren't in a good spot.  This is a much better spot.  I've got good instincts for these things.  Look there.  What's that?  Is that -
116,48,Ses04M_script02_1_M,neutral,"no, it's just seaweed, isn't it?  Oh, man, this is great.  I wouldn't miss this for anything.  I mean, think about this.  I know you're not interested, but just think about this for a minute."
116,49,Ses04M_script02_1_M,neutral,Out there someplace is this huge mass of silver fish heading this way.  They don't know why.  We don't know why.  It wasn't a decision.  They didn't take a vote.  No one sent them an invitation or a map;
116,50,Ses04M_script02_1_M,neutral,"just some little instinctual time release firecracker went off in their little bodies and all as one, they turned and formed a line as long as the California coast and started swimming."
116,51,Ses04M_script02_1_M,neutral,They're swimming right now as if that's the only thing that matters.  It's single mindedness with no mind.  Urgency that's pure urge.
116,52,Ses04M_script02_1_M,neutral,"They don't know what drives them.  They don't give it a name or ask a question.  They just turn, as one, and start the swim that brings them here; to this place, where we stand, for a massive celebration of sex and death.  Oh, man, I'm giving myself goose bumps.  All my hairs are popping up."
116,53,Ses04M_script02_1_F,frustration,That's the wind.
116,54,Ses04M_script02_1_M,neutral,Well so what did you think?
116,55,Ses04M_script02_1_F,frustration,About what?
117,0,Ses04M_script02_2_F,neutral,"Look at this, goose bumps."
117,1,Ses04M_script02_2_M,neutral,Well so what'd you think?
117,2,Ses04M_script02_2_F,neutral,About what?
117,3,Ses04M_script02_2_M,neutral,What I said.
117,4,Ses04M_script02_2_F,neutral,It's ridiculous.
117,5,Ses04M_script02_2_M,frustration,Certainly is not.  It's slightly exaggerated scientific fact.
117,6,Ses04M_script02_2_F,neutral,It's PR.  Somebody sold you a bill of goods that this wonderful event is going to take place on the beach.
117,7,Ses04M_script02_2_M,neutral,I'm not the only one.  Look at these people.
117,8,Ses04M_script02_2_F,neutral,Sure.  They're all told the same story.  It's what keeps us coming back for more; keeps us excited; keeps us thinking that life is going to start any minute now if we could just find the right spot; get in on the action.
117,9,Ses04M_script02_2_M,neutral,Are we talking about the same thing?
117,10,Ses04M_script02_2_F,neutral,"Well, I'm sorry, but it's still just fish to me."
117,11,Ses04M_script02_2_M,frustration,"Carla, can I ask you something?  Don't take this the wrong way, but are you having your period?"
117,12,Ses04M_script02_2_F,anger,"Goddamn it, Augie, don't ask me that.  I hate it when you ask me that.  You always ask me that.  It's insulting."
117,13,Ses04M_script02_2_M,anger,Well what's bugging you?
117,14,Ses04M_script02_2_F,anger,We just have different ideas about what this evening is supposed to look like.
117,15,Ses04M_script02_2_M,anger,"There's nothing to it.  We come down here.  The grunions arrive.  They do their little fish business.  We go ooh, ah, look at the fish.  They go home.  We go home."
117,16,Ses04M_script02_2_F,neutral,"For heaven's sake, we are not going to see the grunions."
117,17,Ses04M_script02_2_M,neutral,Why not?
117,18,Ses04M_script02_2_F,anger,"We never do, do we?  Have we ever?"
117,19,Ses04M_script02_2_M,neutral,We've missed them twice.
117,20,Ses04M_script02_2_M,neutral,That's not ever.
117,21,Ses04M_script02_2_F,frustration,Twice is every time we've tried.  That's ever.
117,22,Ses04M_script02_2_M,frustration,We'll see them this year.
117,23,Ses04M_script02_2_F,neutral,"No, we won't.  It's pointless.  It's like waiting up to see Santa Claus.  I feel as though my entire life is going to be spent standing on the beach with my eyes wide open and my hands clasped expectantly waiting for the fish to show up.  And the fish won't show up."
117,24,Ses04M_script02_2_M,neutral,I thought you wanted to see them.
117,25,Ses04M_script02_2_F,frustration,You don't have any idea what I'm saying.
117,26,Ses04M_script02_2_M,frustration,"No, of course, not."
117,27,Ses04M_script02_2_F,anger,"I did want to see it.  I always do.  I keep thinking this time will be the time, but it never is."
117,28,Ses04M_script02_2_M,frustration,It's just fish; nothing to get traumatized over.
117,29,Ses04M_script02_2_F,neutral,"For heaven's sake, this is not about fish."
117,30,Ses04M_script02_2_M,frustration,"I've been trying to work this backwards, but I can't seem to pinpoint the moment when we took a turn for the worse."
117,31,Ses04M_script02_2_M,frustration,"You were fine during the phone call from Marge.  Dinner was okay.  Doing the dishes was no problem.  Let's see, I took a shower.  Uh, you watched the news.  You said the grunions are running tonight.  I said great, let's go.  I feel lucky tonight."
117,32,Ses04M_script02_2_M,frustration,"Uh,okay.  So I'm putting on my jacket; putting out the animals;"
117,33,Ses04M_script02_2_F,neutral,Do you remember the first time we came to see it?
117,34,Ses04M_script02_2_M,frustration,"uh, taking the car out of the gara- out of the garage."
117,35,Ses04M_script02_2_M,frustration,Uh.
117,36,Ses04M_script02_2_F,sadness,"It was about four years ago, right after we got married.  We thought I was pregnant and we had a bottle of champagne but no glasses.  You asked me to dance.  So we took off our shoes and you popped the cork."
117,37,Ses04M_script02_2_F,neutral,"And while we were dancing, you said the softest, most intimate things to me, right into my ear so that I could feel them as much as hear them.  And I remember thinking this is it.  At last, at last I'm as happy as I'm supposed to be."
117,38,Ses04M_script02_2_M,neutral,"Wait a minute, I've got it."
117,39,Ses04M_script02_2_F,sadness,Dancing barefoot in the sand; drinking champagne from the bottle.
117,40,Ses04M_script02_2_M,neutral,"It was in the car, right?  Driving past the Knickerbocker Liquor Locker?  You said let's get some champagne and I said times a wasting or something like that.  Right?  That's it, right?  You want this to be like the other time.  That's it.  Of course."
117,41,Ses04M_script02_2_F,sadness,I'd rather not remember some things.  I'd rather not hope for some things.
117,42,Ses04M_script02_2_M,neutral,Sure.  Okay.  Alright.  I've got it.  Listen do you want to dance?
117,43,Ses04M_script02_2_F,sadness,No.
117,44,Ses04M_script02_2_M,neutral,You want to get some champagne?
117,45,Ses04M_script02_2_F,sadness,No.
117,46,Ses04M_script02_2_M,frustration,"What, you want me to breathe in your ear?"
117,47,Ses04M_script02_2_F,frustration,No.
117,48,Ses04M_script02_2_M,frustration,You want to get married again?
117,49,Ses04M_script02_2_F,frustration,No.
117,50,Ses04M_script02_2_M,frustration,"What, you want a divorce?"
117,51,Ses04M_script02_2_F,frustration,No.
117,52,Ses04M_script02_2_M,frustration,A vacation?
117,53,Ses04M_script02_2_F,anger,No.
117,54,Ses04M_script02_2_M,neutral,"A new carpet?  A poodle?  An ice cream?  A back rub?  A suicide pact?  What?  What, Carla?  What the hell do you want?"
117,55,Ses04M_script02_2_F,anger,I want something to turn out the way it's supposed to.
117,56,Ses04M_script02_2_M,anger,"Well welcome to the human race.  You think this is what I had in mind?  You think that when I proposed, I had this great fantasy going that four years down the line, we'd come to the beach and yell at each other over fish?  No."
117,57,Ses04M_script02_2_M,neutral,"No, I'm just like you.  I thought it was going to be all peaches and roses and wind in our hair and sand in our toes and the fish will always come and the bills will always pay themselves."
117,58,Ses04M_script02_2_M,anger,"And we'll have three fat rosy kids and ha, ha, ha, baby, the joke's on us, 'cause you know what you get, Carla?  You know what you get?  This."
117,59,Ses04M_script02_2_F,anger,This what?  What is this?  This isn't even anything.
117,60,Ses04M_script02_2_M,frustration,"Yes, it is."
117,61,Ses04M_script02_2_F,anger,"Oh, right, sure.  This is standing on the beach.   This is waiting.  This is fighting."
117,62,Ses04M_script02_2_M,frustration,Right.
117,63,Ses04M_script02_2_F,anger,But this isn't anything like I thought anything would be like.
117,64,Ses04M_script02_2_M,anger,"No, I know, me neither."
117,65,Ses04M_script02_2_F,neutral,"This is just this.  I mean, it includes a lot and everything, but it's just not, you know, something else.  Do you have any idea what I'm trying to say?"
117,66,Ses04M_script02_2_M,frustration,I'm doing the best I can.
117,67,Ses04M_script02_2_F,frustration,"I know you are, Augie.  Really, I do.  I know you meant for this to be special and nice and it's the full moon and the sand and everything.  But I just couldn't help thinking about being somewhere else."
117,68,Ses04M_script02_2_M,neutral,"Maybe if you were with somebody else, too, huh?"
117,69,Ses04M_script02_2_F,sadness,I didn't say that.
117,70,Ses04M_script02_2_M,sadness,"No, I know.  But still.  I know I don't make you happy."
117,71,Ses04M_script02_2_F,neutral,"For heaven's sake, whatever I'm doing, I'd rather be doing it with you."
117,72,Ses04M_script02_2_M,neutral,Yeah?
117,73,Ses04M_script02_2_F,neutral,Well don't be ridiculous.  Don't you know that?  You're the one who probably wishes you were with somebody else; somebody who knew how to enjoy herself and didn't take everything so hard.
117,74,Ses04M_script02_2_M,happiness,"Actually, now that you mention it, no.  I don't."
117,75,Ses04M_script02_2_F,happiness,"Okay, fine.  So we're in the wrong spot, but we're with the right person."
117,76,Ses04M_script02_2_M,happiness,"I don't know.  It seemed like a good spot to me.  I mean, look at the view you've got of the moon from here."
117,77,Ses04M_script02_2_F,happiness,"Yeah, I noticed that.  Looks pretty on the water, doesn't it?  Big ol' white moon.  I'm sorry, Augie."
117,78,Ses04M_script02_2_M,happiness,"Shh.  If we're very quiet, the fish might come."
117,79,Ses04M_script02_2_F,neutral,Or not.
117,80,Ses04M_script02_2_M,neutral,Or not.
118,0,Ses04M_script03_1_M,neutral,Good God.
118,1,Ses04M_script03_1_F,neutral,Do you think it's them?
118,2,Ses04M_script03_1_M,neutral,I wonder.
118,3,Ses04M_script03_1_F,neutral,"Nobody knows we're here, except Freda and she wouldn't ring up."
118,4,Ses04M_script03_1_M,neutral,"It must be them, then."
118,5,Ses04M_script03_1_F,neutral,What are we to do?
118,6,Ses04M_script03_1_M,neutral,"We'll be alright, darling.  Whatever happens, aren't we?"
118,7,Ses04M_script03_1_F,neutral,Now and always sweet.
118,8,Ses04M_script03_1_M,neutral,"I don't care, then."
118,9,Ses04M_script03_1_F,neutral,It was bound to come sooner or later.
118,10,Ses04M_script03_1_M,neutral,"Hello, hello.  What?  Wrong number."
118,11,Ses04M_script03_1_F,neutral,"Oh, it sent shivers up my spine."
118,12,Ses04M_script03_1_M,neutral,What shall we do if they suddenly walk in on us?
118,13,Ses04M_script03_1_F,neutral,Behave exquisitely.
118,14,Ses04M_script03_1_M,neutral,With the mo- with the most perfect poise?
118,15,Ses04M_script03_1_F,neutral,Certainly.  I shall probably do a court curtsey.
118,16,Ses04M_script03_1_M,neutral,"Ah.  Things that ought to matter dreadfully don't matter when one's happy, do they?"
118,17,Ses04M_script03_1_F,neutral,But what's so horrible is that one can't stay happy.
118,18,Ses04M_script03_1_M,neutral,"Don't say that, darling."
118,19,Ses04M_script03_1_F,neutral,It's true.  The whole business is a very poor joke.
118,20,Ses04M_script03_1_M,neutral,"Meaning that sacred and beautiful thing, love?"
118,21,Ses04M_script03_1_F,neutral,"Yes, meaning just that."
118,22,Ses04M_script03_1_M,neutral,"What does it all mean?  That's what I ask myself in my ceaseless quest for ultimate truth.  Dear God, what does it all mean?"
118,23,Ses04M_script03_1_F,neutral,Don't laugh at me.  I'm serious.
118,24,Ses04M_script03_1_M,neutral,"You mustn't be serious, my dear.  That's just what they want."
118,25,Ses04M_script03_1_F,neutral,Who's they?
118,26,Ses04M_script03_1_M,anger,All the futile moralists who try to make life unbearable.  Laugh at them.  Be flippant.  Laugh at everything.  All their sacred shibboleths.  Flippancy brings out the acid- acid in their damn sweetness and light.
118,27,Ses04M_script03_1_F,neutral,"If I laugh at everything, I must laugh at us, too."
118,28,Ses04M_script03_1_M,neutral,Certainly you must.  We're figures of fun alright.
118,29,Ses04M_script03_1_F,neutral,"How long will it last, this ludicrous and overbearing love of ours?"
118,30,Ses04M_script03_1_M,neutral,Who knows.
118,31,Ses04M_script03_1_F,neutral,Shall we always want to bicker and fight?
118,32,Ses04M_script03_1_M,sadness,No.  That fire will fade along with our passion.
118,33,Ses04M_script03_1_F,neutral,"Oh, dear.  Should we like that."
118,34,Ses04M_script03_1_M,neutral,It all depends on how well we've played.
118,35,Ses04M_script03_1_F,neutral,"What happens if one of us dies?  Does the one that's left, still laugh?"
118,36,Ses04M_script03_1_M,neutral,"Yes.  Yes, with all his might."
118,37,Ses04M_script03_1_F,neutral,"Well that's serious enough, isn't it?"
118,38,Ses04M_script03_1_M,neutral,"No, no, it isn't.  Death's very laughable; such a cunning little mystery, all done with mirrors."
118,39,Ses04M_script03_1_F,neutral,"Darling, I believe you're talking nonsense."
118,40,Ses04M_script03_1_M,neutral,"So is everyone else in the long run.  Let's be superficial and pity the poor philosophers.  Let's blow trumpets and squeakers and- and enjoy the party as much as we can, like very small, quite idiotic little school children."
118,41,Ses04M_script03_1_M,neutral,"Let's savor the delight of the moment.  Come and kiss me, darling, before your body rots and worms pop in and out of your eye sockets."
118,42,Ses04M_script03_1_F,neutral,"Elliot, worms don't pop."
118,43,Ses04M_script03_1_M,neutral,"I don't mind what you do, see?  You can paint yourself bright green all over and dance naked in the Place Vendome and rush off madly with all the men in the world and I shan't say a word as long as you love me best."
118,44,Ses04M_script03_1_F,neutral,"Thank you, dear.  The same applies to you, except that if I catch you so much as looking at another woman, I will kill you."
118,45,Ses04M_script03_1_M,neutral,Do you remember that awful scene we had in Venice?
118,46,Ses04M_script03_1_F,neutral,Which particular one?
118,47,Ses04M_script03_1_M,neutral,The one when you bought that little painted wooded snake and put it on my bed?
118,48,Ses04M_script03_1_F,neutral,"Oh, Charles; that was his name, Charles.  Oh, he did wriggle so beautifully."
118,49,Ses04M_script03_1_M,anger,Horrible thing.  I hated it.
118,50,Ses04M_script03_1_F,neutral,I know you did.  You threw it out of the window into the Grand Canal.  I don't think I'll ever forgive you for that.
118,51,Ses04M_script03_1_M,neutral,How long did that row last?
118,52,Ses04M_script03_1_F,neutral,It went on intermittently for days.
118,53,Ses04M_script03_1_M,neutral,The worst one was in Cannes when your curling irons burnt holes in my dressing gown.
118,54,Ses04M_script03_1_F,neutral,"It burnt my comb, too, and all the towels in the bathroom."
118,55,Ses04M_script03_1_M,neutral,Line?
118,56,Ses04M_script03_1_M,neutral,How -- that was a rouser wasn't it?
118,57,Ses04M_script03_1_F,neutral,That was the first time you ever hit me.
118,58,Ses04M_script03_1_M,neutral,I didn't hit you very hard.
118,59,Ses04M_script03_1_F,neutral,"The manager came in and found is rolling about on the floor, biting and scratching like panthers.  Oh, dear."
118,60,Ses04M_script03_1_M,neutral,"Ah, I shall never forget his face."
118,61,Ses04M_script03_1_F,neutral,"How ridiculous. How utterly, utterly ridiculous."
118,62,Ses04M_script03_1_M,neutral,Yes.  We were very much younger then.
118,63,Ses04M_script03_1_F,neutral,And very much sillier.
118,64,Ses04M_script03_1_M,neutral,"As a matter of fact, the real cause of that row was Peter Burden."
119,0,Ses04M_script03_2_M,neutral,"That was a rouser, wasn't it?"
119,1,Ses04M_script03_2_F,anger,That was the first time you ever hit me.
119,2,Ses04M_script03_2_M,neutral,I didn't hit you very hard.
119,3,Ses04M_script03_2_F,happiness,"The manager came in and found us rolling about on the floor, biting and scratching like panthers.  Oh, dear."
119,4,Ses04M_script03_2_M,neutral,I shall never forget his face.
119,5,Ses04M_script03_2_F,happiness,"How ridiculous.  How utterly, utterly ridiculous."
119,6,Ses04M_script03_2_M,neutral,We were very much younger then.
119,7,Ses04M_script03_2_F,happiness,And very much sillier.
119,8,Ses04M_script03_2_M,frustration,"As a matter of fact, the real cause of that row was Peter Burden."
119,9,Ses04M_script03_2_F,neutral,You knew there was nothing in that.
119,10,Ses04M_script03_2_M,frustration,I knew nothing of the sort.  You took presents from him.
119,11,Ses04M_script03_2_F,neutral,Presents?  A trivial little brooch.
119,12,Ses04M_script03_2_M,neutral,"I remember it well, bristling with diamonds in the worst possible taste."
119,13,Ses04M_script03_2_F,neutral,Not at all.  It was very pretty.  I still have it and I wear it often.
119,14,Ses04M_script03_2_M,frustration,You went out of your way to torture me over Peter Burden.
119,15,Ses04M_script03_2_F,neutral,I did not.  You made the whole thing up in your jealous imagination.
119,16,Ses04M_script03_2_M,anger,"You must admit that he was in love with you, wasn't he?"
119,17,Ses04M_script03_2_F,happiness,"Just a little, perhaps, nothing serious."
119,18,Ses04M_script03_2_M,neutral,Line?
119,19,Ses04M_script03_2_F,neutral,Let him kiss you.
119,20,Ses04M_script03_2_M,anger,You let him kiss you.  You said you did.
119,21,Ses04M_script03_2_F,anger,What of it?
119,22,Ses04M_script03_2_M,anger,What of it?
119,23,Ses04M_script03_2_F,neutral,It gave him a lot of pleasure and it didn't hurt me.
119,24,Ses04M_script03_2_M,anger,What about me?
119,25,Ses04M_script03_2_F,frustration,"If you hadn't been so nosey, you never would have known a thing about it."
119,26,Ses04M_script03_2_M,anger,"That's a nice point of view, I must say."
119,27,Ses04M_script03_2_F,frustration,"Oh, dear.  I'm bored with this conversation."
119,28,Ses04M_script03_2_M,anger,So am I; bored stiff.
119,29,Ses04M_script03_2_M,neutral,You want some brandy?
119,30,Ses04M_script03_2_F,anger,"No, thanks."
119,31,Ses04M_script03_2_M,frustration,"I'll have a little myself, I think."
119,32,Ses04M_script03_2_F,frustration,I don't see why you want it.  You've already had two glasses.
119,33,Ses04M_script03_2_M,frustration,"No particular reason.  Anyhow, they were very small ones."
119,34,Ses04M_script03_2_F,frustration,It seems so silly to go on and on and on with such a thing.
119,35,Ses04M_script03_2_M,frustration,You can hardly call three liquor glasses in a whole evening going on and on and on.
119,36,Ses04M_script03_2_F,anger,It's become a habit with you.
119,37,Ses04M_script03_2_M,frustration,You needn't be so grand just because you don't happen to want any at the moment.
119,38,Ses04M_script03_2_F,frustration,"Oh, don't be so stupid."
119,39,Ses04M_script03_2_M,anger,"Really, Amanda"
119,40,Ses04M_script03_2_F,anger,What?
119,41,Ses04M_script03_2_M,anger,Nothing.
119,42,Ses04M_script03_2_M,anger,"Going out somewhere, my dear?"
119,43,Ses04M_script03_2_F,frustration,"No, just making myself fascinating for you"
119,44,Ses04M_script03_2_M,frustration,Oh.  That reply has broken my heart.
119,45,Ses04M_script03_2_F,neutral,"The woman's job is to allure the man.  Watch me a minute, will you?"
119,46,Ses04M_script03_2_M,anger,"As a matter of fact, that's perfectly true."
119,47,Ses04M_script03_2_F,anger,"Oh, no, it isn't."
119,48,Ses04M_script03_2_M,anger,"Yes, it is."
119,49,Ses04M_script03_2_F,anger,"Oh, be quiet."
119,50,Ses04M_script03_2_M,neutral,Line?
119,51,Ses04M_script03_2_F,neutral,It's a pity you didn't- It's a pity you didn't have more brandy.
119,52,Ses04M_script03_2_M,anger,It's a pity you didn't have any more brandy.  It might have made you a little less disagreeable.
119,53,Ses04M_script03_2_F,frustration,It doesn't seem to have worked such wonders with you.
119,54,Ses04M_script03_2_M,neutral,Line?
119,55,Ses04M_script03_2_M,anger,"Snap.  Oh, snap, snap, snap, like a little adder."
119,56,Ses04M_script03_2_F,anger,"Adders don't snap, they sting."
119,57,Ses04M_script03_2_M,anger,"They -- nonsense, they have a little bag of venom behind their fangs and they snap."
119,58,Ses04M_script03_2_F,frustration,They sting.
119,59,Ses04M_script03_2_M,anger,They snap.
119,60,Ses04M_script03_2_F,anger,I don't care.  Do you understand?  I don't care.  I don't mind if they bark and roll about like hoops.
119,61,Ses04M_script03_2_M,neutral,Did you see much of Peter Burden after our divorce?
119,62,Ses04M_script03_2_F,anger,"Yes, I did, quite a lot."
119,63,Ses04M_script03_2_M,anger,"I suppose you let him kiss you a good deal more then, hmm?"
119,64,Ses04M_script03_2_F,anger,Mind your own business.
119,65,Ses04M_script03_2_M,anger,You must have had a riotous time.
119,66,Ses04M_script03_2_M,anger,"No restraint at all, very enjoyable.  You never had much anyhow."
119,67,Ses04M_script03_2_F,anger,You're quite insufferable.  I expected it's because you're drunk.
119,68,Ses04M_script03_2_M,anger,I'm not in the least drunk.
119,69,Ses04M_script03_2_F,anger,You always had a weak head.
119,70,Ses04M_script03_2_M,frustration,I think I mentioned once before that I've only had three minute liquor glasses of brandy this whole evening.  That's hardly enough to get a child of two drunk.
119,71,Ses04M_script03_2_F,anger,"On the contrary, a child of two could get violently drunk on only one glass of brandy."
119,72,Ses04M_script03_2_M,anger,Very interesting.  And how about a child of four and a child of six and a child of nine?
119,73,Ses04M_script03_2_F,anger,"Oh, shut up."
119,74,Ses04M_script03_2_M,neutral,"We might get up a splendid little- a splendid little debate about this, you know, intemperate tots."
119,75,Ses04M_script03_2_F,anger,"Not very funny, dear.  You'd better have some more brandy."
119,76,Ses04M_script03_2_M,anger,Very good idea.  I will
119,77,Ses04M_script03_2_M,anger,You better turn that off I think.
119,78,Ses04M_script03_2_F,anger,Why?
119,79,Ses04M_script03_2_M,neutral,It's late and the people upstairs will get annoyed.
119,80,Ses04M_script03_2_F,anger,There aren't any people upstairs.  It's a photographer's studio.
119,81,Ses04M_script03_2_M,anger,"There are people downstairs, I suppose"
119,82,Ses04M_script03_2_F,neutral,They're away in Tunis.
119,83,Ses04M_script03_2_M,neutral,This is no time of year for Tunis.
119,84,Ses04M_script03_2_F,anger,"Turn it on again, please."
119,85,Ses04M_script03_2_M,neutral,I will do no such thing.
119,86,Ses04M_script03_2_F,anger,"Very well, if you insist on being boorish and idiotic."
119,87,Ses04M_script03_2_M,anger,Turn it off.  It's driving me mad.
119,88,Ses04M_script03_2_F,anger,Go away.  Go away.  I hate you.
119,89,Ses04M_script03_2_M,anger,Turn it off.
119,90,Ses04M_script03_2_F,anger,You are far too temperamental.  Try to control yourself.
119,91,Ses04M_script03_2_F,neutral,We swapped. Listen.
119,92,Ses04M_script03_2_M,anger,Listen--
119,93,Ses04M_script03_2_F,anger,"Listen, indeed.  I am sick and tired of listening to you, you damn sadistic bully."
119,94,Ses04M_script03_2_M,anger,"You're a vile tempered, loosed living"
119,95,Ses04M_script03_2_F,anger,Stop.
119,96,Ses04M_script03_2_M,anger,wicked little beast. And I- I hope I never see you again as long as live.
119,97,Ses04M_script03_2_F,anger,Stop.  I hate you.  Do you hear me? You're conceited and overbearing and utterly impossible.
119,98,Ses04M_script03_2_F,anger,"This is the end.  Do you understand, the end?  Finally and forever."
119,99,Ses04M_script03_2_M,anger,You're not going like this.
119,100,Ses04M_script03_2_F,anger,"Oh, yes, I am."
119,101,Ses04M_script03_2_M,anger,"No, you're not."
119,102,Ses04M_script03_2_F,anger,"Let go of me.  You're a cruel fiend and I hate and loath you.  Thank God, I discovered in time what you're really like."
119,103,Ses04M_script03_2_M,anger,Shut up. Shut up.
119,104,Ses04M_script03_2_M,anger,"You're a mean, evil minded"
119,105,Ses04M_script03_2_F,anger,Marry you again? Huh.
119,106,Ses04M_script03_2_M,anger,little vampire And I hope to God I never set eyes on you as long as I live.
119,107,Ses04M_script03_2_F,anger,"Never, never, never.  I'd rather die in torment. Beast brute."
119,108,Ses04M_script03_2_M,anger,Whore.
119,109,Ses04M_script03_2_F,anger,Swine.
120,0,Ses05F_impro01_F,neutral,"Hi, I need an ID."
120,1,Ses05F_impro01_M,neutral,"ahh Yeah, this is the wrong line.  I'm sorry.  You need to go back over to line two B.  That's where you should have started from."
120,2,Ses05F_impro01_F,neutral,No.
120,3,Ses05F_impro01_F,frustration,"Okay, I'm sorry, but I just stood in this line for an hour.  can I Is there any way I can-"
120,4,Ses05F_impro01_M,neutral,"I mean, there's really nothing I can do for you in this line.  This is not the line for new I.D.  This is the line for registration."
120,5,Ses05F_impro01_F,frustration,"No, they told me-I'm sorry, but they told me to be in this line."
120,6,Ses05F_impro01_M,neutral,"Yeah, I understand that ma'am.  I don't know what they said to you, but you need to be in a different line."
120,7,Ses05F_impro01_F,frustration,"What, I mean what... what's the difference?  What do I need to do there that I can't do here?"
120,8,Ses05F_impro01_M,neutral,"Well, I have no camera here.  I can't help you at all here, ma'am.  I have forms for something completely different.  You need to go to a different place."
120,9,Ses05F_impro01_F,frustration,Can you just-can I just get the right-
120,10,Ses05F_impro01_M,frustration,"Simply step to line two A, ma'am, I'm sorry."
120,11,Ses05F_impro01_F,frustration,Would you be able to put me at the front of that line?
120,12,Ses05F_impro01_M,frustration,There is a large line of people behind you waiting to be--
120,13,Ses05F_impro01_F,frustration,I know.  I've been in line with these people.  I understand.  I understand what it's like.  Could you please like call over and-
120,14,Ses05F_impro01_M,frustration,"I don't want to be rude here, ma'am, but line two B is where you need to be.  This is the line for registration."
120,15,Ses05F_impro01_F,frustration,"I hear that.  I hear that.  Thank you, but I've waited in line for so long, and I don't want to have to be here all day."
120,16,Ses05F_impro01_M,frustration,I don't have those-
120,17,Ses05F_impro01_F,neutral,"So could I maybe get the form from you, fill it out here- and maybe you could-"
120,18,Ses05F_impro01_M,frustration,"I don't have those forms, ma'am.  I can't help you.  That's why you need to go to line two A."
120,19,Ses05F_impro01_F,frustration,And how long is that going to take?
120,20,Ses05F_impro01_M,frustration,"Ma'am, obviously I have no idea how long it's taking.  There seems to be a bit of a line there.  It looks like thirty forty people.  It could take four to five hours.  I'm sorry."
120,21,Ses05F_impro01_F,frustration,I don't-
120,22,Ses05F_impro01_M,frustration,"There's nothing I can do for you, ma'am."
120,23,Ses05F_impro01_F,frustration,"I don't have time for this today, and-"
120,24,Ses05F_impro01_M,frustration,"But, obviously I don't have time for you to stand here and waste my time in this line.  There are other people who need service behind you who are waiting for the right things."
120,25,Ses05F_impro01_F,frustration,"Is there anything you can do?  Please, have some compassion.  Is there something you can do?"
120,26,Ses05F_impro01_M,frustration,"I am a very compassionate person, and I'm offended that you imply that I'm not.  Of course, I'm compassionate.  Look, I work in the D.M.V..  What do you think I am?  Go wait in line two A."
120,27,Ses05F_impro01_M,frustration,Don't ask me to have somebody else come over here and move you myself.  I can't come back over there.  I'll get security if you need me to.
120,28,Ses05F_impro01_F,frustration,"Please, I don't think that's necessary.  I'm just asking, maybe you could call over and say that somebody miss informed her because I didn't pick to stand in this line.  I asked them where to stand, and they told me here."
120,29,Ses05F_impro01_M,frustration,"what, no, I'm sure they did not tell you here."
120,30,Ses05F_impro01_F,frustration,"No, they did.  The lady over there told me to stand in this line and I've been here for an hour."
120,31,Ses05F_impro01_M,frustration,"what The lady, what? the janitor?"
120,32,Ses05F_impro01_F,frustration,No.
120,33,Ses05F_impro01_M,neutral,"You asked the janitor what line to stand in?  Obviously, that's not going to be the right thing."
120,34,Ses05F_impro01_F,frustration,"No, I'm not, I'm sorry.I'm not stupid."
120,35,Ses05F_impro01_M,frustration,"I'm not saying that you're stupid, ma'am.  I think you just said that you were stupid."
120,36,Ses05F_impro01_F,anger,Isn't there anything you can do?  Just call over and ask them if I can go to the front of the line in the other line.
120,37,Ses05F_impro01_M,frustration,"It doesn't work that way here, ma'am."
120,38,Ses05F_impro01_F,anger,Why not?
120,39,Ses05F_impro01_M,frustration,There is a strict system here.  You need to wait in the right line for the right thing.  This is the line for registration.
120,40,Ses05F_impro01_F,frustration,"Except they're going tell, are you going to tell me the right line to stand in this time at least?"
120,41,Ses05F_impro01_M,frustration,I told you it was line two A.
120,42,Ses05F_impro01_F,anger,"Right, well, last time they told me, it was this line, and obviously, it's not true."
120,43,Ses05F_impro01_M,frustration,I don't know who told you that but they were wrong.  I'm sorry.
120,44,Ses05F_impro01_F,frustration,Do you have a manager I could speak with?
120,45,Ses05F_impro01_M,neutral,I am the manager.
120,46,Ses05F_impro01_F,frustration,Are you being straight with me?
120,47,Ses05F_impro01_M,frustration,"I'm being very straight with you, ma'am.  There is nothing I can do for you.  You need to stand in line two A."
120,48,Ses05F_impro01_F,frustration,Fine.
120,49,Ses05F_impro01_M,neutral,Thank you very much.  You have a wonderful day.
121,0,Ses05F_impro02_F,neutral,"baby, I need you to sit down."
121,1,Ses05F_impro02_M,neutral,What is it?
121,2,Ses05F_impro02_F,sadness,um.
121,3,Ses05F_impro02_M,neutral,You can say it.
121,4,Ses05F_impro02_F,sadness,I'm sorry.  It's just a lot ahh to explain. ahh I got a call--
121,5,Ses05F_impro02_M,neutral,Are you all right?
121,6,Ses05F_impro02_F,neutral,"Yeah, um everything's fine so far. um"
121,7,Ses05F_impro02_F,sadness,"I got a call today,"
121,8,Ses05F_impro02_F,neutral,And um--
121,9,Ses05F_impro02_M,neutral,okay.
121,10,Ses05F_impro02_F,sadness,I'm going to need to go overseas for a while.
121,11,Ses05F_impro02_M,anger,You got called up.
121,12,Ses05F_impro02_F,neutral,Iraq.
121,13,Ses05F_impro02_M,anger,I thought you said this wasn't going to happen for at least a year.
121,14,Ses05F_impro02_F,neutral,"I'm sorry.  I thought so. ""sigh"""
121,15,Ses05F_impro02_M,frustration,What am I going to do?
121,16,Ses05F_impro02_F,sadness,"I don't know ""sigh""."
121,17,Ses05F_impro02_M,neutral,I can't do this by myself. I I don't know how to do this.  You know how to do this.
121,18,Ses05F_impro02_M,frustration,The kids-
121,19,Ses05F_impro02_F,sadness,I know.  I know.
121,20,Ses05F_impro02_M,neutral,Nobody's even here.  Your parents live on the other side of the country.
121,21,Ses05F_impro02_F,sadness,"I know.  Well, we'll have to figure all that out.  I mean, I think the Army's going to provide childcare and help us out with that. um."
121,22,Ses05F_impro02_M,anger,Where do you have to go?  Where are you going?
121,23,Ses05F_impro02_F,sadness,Iraq.
121,24,Ses05F_impro02_M,neutral,What are you going to do there?  Is it going to be dangerous?  What are you-?
121,25,Ses05F_impro02_F,sadness,I think infantry.  I'm not sure.
121,26,Ses05F_impro02_M,neutral,It's--
121,27,Ses05F_impro02_M,neutral,Can we do something else?  Can you tell them that you just had two kids?
121,28,Ses05F_impro02_F,frustration,"It's going to be at least six months, probably a year. I tried."
121,29,Ses05F_impro02_M,anger,I don't understand why they would just do something like this?
121,30,Ses05F_impro02_F,frustration,"I know, I know.  It's really, really messed up."
121,31,Ses05F_impro02_M,anger,It doesn't make any sense.  It's stupid.  I told you you shouldn't go in the Army.
121,32,Ses05F_impro02_F,neutral,"Believe me, if I had a choice, I wouldn't have chosen this."
121,33,Ses05F_impro02_M,frustration,I don't know I don't know what I'm going to do.  I don't know how to-
121,34,Ses05F_impro02_F,neutral,"You don't know how to what?  You'll be fine. I mean, you're a great parent. I know."
121,35,Ses05F_impro02_M,neutral,"They're six months old. Six months old, they're tiny."
121,36,Ses05F_impro02_M,neutral,I can't do this.  I've never done this before.  I don't know anything about this.
121,37,Ses05F_impro02_F,frustration,"Well, maybe you should move in with my mom and she can help."
121,38,Ses05F_impro02_M,neutral,"Your Your mom, you want me to move in with your mom?"
121,39,Ses05F_impro02_F,frustration,"I don't know, I'm just--I'm trying to think of something."
121,40,Ses05F_impro02_M,neutral,She doesn't even like me.  She's never liked me. No.
121,41,Ses05F_impro02_F,neutral,"She likes you. Of course, she likes you."
121,42,Ses05F_impro02_M,neutral,
121,43,Ses05F_impro02_M,neutral,She likes you.  She likes the kids.
121,44,Ses05F_impro02_M,neutral,"I no I can't- ""sigh"""
121,45,Ses05F_impro02_F,frustration,You can't what?
121,46,Ses05F_impro02_M,neutral,I can't let you go.  I can't let you go.  I'll call them.  I'll say something.  I'll do anything.  I'll tell them something different.
121,47,Ses05F_impro02_F,sadness,I don't think there's anything we can do.
121,48,Ses05F_impro02_M,sadness,I'll tell them I'm sick and that you can't leave something.
121,49,Ses05F_impro02_F,neutral,"Well, we can try it.  Baby, don't beg me.  I mean, if there were anything that I could do, I would do it.  Believe me.  This is not what I want."
121,50,Ses05F_impro02_M,sadness,It's not fair.
121,51,Ses05F_impro02_F,sadness,I know.  I know it's not fair.
121,52,Ses05F_impro02_M,sadness,Why has to be you?  There's all those other people.  Somebody else can go instead.  It's not right.
121,53,Ses05F_impro02_F,sadness,"Well, apparently nobody else can go."
121,54,Ses05F_impro02_M,neutral,What are you going to do that's any different than anybody else?
121,55,Ses05F_impro02_F,frustration,"I don't know.  Baby, why are you asking me this?  It's just as hard for me.  Please, try to understand that."
121,56,Ses05F_impro02_M,neutral,"I don't know.  It's not me, so I'm the one who has to stay here.  I'm the one who has to take care of them, and I don't have-I don't have anybody else.  You're all I have."
121,57,Ses05F_impro02_F,frustration,"I understand, baby.  I'm sorry. I mean try to understand I'm I'm scared myself."
121,58,Ses05F_impro02_M,sadness,I understand.  I'm worried about you.  I don't know what's going to happen to you.
121,59,Ses05F_impro02_F,sadness,I know.
121,60,Ses05F_impro02_M,neutral,Iraq of all-come on.  People die every day.
121,61,Ses05F_impro02_F,sadness,I know.
121,62,Ses05F_impro02_M,sadness,I jus-
121,63,Ses05F_impro02_F,sadness,We'll figure something out.  We just have to ... we just have to think about this.  Could any of your family help us?
121,64,Ses05F_impro02_M,sadness,I don't know.
121,65,Ses05F_impro02_F,neutral,Maybe we should call your parents.
121,66,Ses05F_impro02_M,sadness,Yeah.  I guess.  I don't know what they're going to say.
121,67,Ses05F_impro02_M,sadness,"Yeah, we'll call them.  We'll figure something out.  I'm sorry, I'm sorry, I'm sorry.  You're right."
121,68,Ses05F_impro02_F,sadness,I'm going to miss their first words.
121,69,Ses05F_impro02_M,sadness,I know.
121,70,Ses05F_impro02_F,sadness,You'll have to send me pictures and letters everyday.
121,71,Ses05F_impro02_M,sadness,"All the time, every day, every day.  They have e-mail over there and stuff like that, right? I can send you pictures."
121,72,Ses05F_impro02_F,neutral,I don't know. I hope so.
121,73,Ses05F_impro02_M,neutral,You have to call me all the time whenever you can.  You have to tell me what you're doing and how you're doing.  Okay?
121,74,Ses05F_impro02_F,sadness,"Yeah, as much as I can."
121,75,Ses05F_impro02_M,neutral,How long do we have?  When do you leave?
121,76,Ses05F_impro02_F,sadness,"""sigh"" Three weeks."
121,77,Ses05F_impro02_M,neutral,Three weeks?
121,78,Ses05F_impro02_F,sadness,Yeah.
121,79,Ses05F_impro02_M,neutral,"I don't Okay.  Okay, we can do this.  We can do this.  It's okay.  We'll make it work."
121,80,Ses05F_impro02_F,sadness,Yeah.
121,81,Ses05F_impro02_M,sadness,I love you.
121,82,Ses05F_impro02_F,sadness,"I love you.  I'm going to miss you so much. ""sigh"""
122,0,Ses05F_impro03_F,neutral,"Okay, so big news."
122,1,Ses05F_impro03_M,neutral,What?
122,2,Ses05F_impro03_M,neutral,"Come on, what?"
122,3,Ses05F_impro03_F,neutral,I'm getting married.
122,4,Ses05F_impro03_M,neutral,Shut up.
122,5,Ses05F_impro03_F,neutral,Yeah.
122,6,Ses05F_impro03_M,neutral,No way.
122,7,Ses05F_impro03_F,neutral,Yeah.
122,8,Ses05F_impro03_M,neutral,He asked you?
122,9,Ses05F_impro03_F,neutral,Uh-huh.
122,10,Ses05F_impro03_M,neutral,"No way, when? when,when, When did it happen?"
122,11,Ses05F_impro03_F,neutral,Just a couple days ago.
122,12,Ses05F_impro03_M,neutral,Oh my gosh.
122,13,Ses05F_impro03_F,neutral,[LAUGHTER]
122,14,Ses05F_impro03_M,neutral,And you actually said yes.  I can't believe it.  I never thought you would get married.
122,15,Ses05F_impro03_F,neutral,I know me neither.
122,16,Ses05F_impro03_M,neutral,Oh my gosh.
122,17,Ses05F_impro03_F,neutral,"Right, I thought I would be way older too. I thought I would be I be at least thirty something."
122,18,Ses05F_impro03_M,neutral,Oh absolutely.
122,19,Ses05F_impro03_M,neutral,"Well, we always said we'd be in our thirtieth when we got married. And we were going to get married to each other if we didn't by then"
122,20,Ses05F_impro03_F,neutral,Yeah.
122,21,Ses05F_impro03_F,neutral,"I know, right. What'd we say, when we were thirty nine?"
122,22,Ses05F_impro03_M,neutral,"Thirty nine, yeah.  I can't believe it.  So you broke our pact. Thanks a lot."
122,23,Ses05F_impro03_F,neutral,Sorry.
122,24,Ses05F_impro03_M,neutral,"Thanks a lot.  Well, okay, you've got to tell me the details.  What did he say?  Where was it?  What happened?"
122,25,Ses05F_impro03_F,neutral,"Um, Well, uh, I don't-I don't know how much planning he had done."
122,26,Ses05F_impro03_M,neutral,"Okay.  That's okay, spontaneous is great.  Spontaneous is awesome."
122,27,Ses05F_impro03_F,neutral,"Actually, but--"
122,28,Ses05F_impro03_F,neutral,It was really beautiful.
122,29,Ses05F_impro03_M,neutral,You've got to love that.
122,30,Ses05F_impro03_F,neutral,"Yeah, we went to a really great jazz show, and um-"
122,31,Ses05F_impro03_M,neutral,"Nice, you love the jazz."
122,32,Ses05F_impro03_F,neutral,"Yeah, and after, we went up to this um, this place like a restaurant on the roof kind of thing."
122,33,Ses05F_impro03_M,neutral,"Oh, okay, yeah."
122,34,Ses05F_impro03_F,neutral,So you know like late dinner and champagne and what not.
122,35,Ses05F_impro03_M,neutral,Were you in Chicago?
122,36,Ses05F_impro03_F,neutral,Mm-hmm.
122,37,Ses05F_impro03_M,neutral,"Downtown, was it beautiful? of course it was beautiful"
122,38,Ses05F_impro03_F,neutral,yeah--
122,39,Ses05F_impro03_F,neutral,"so beautiful, full moon."
122,40,Ses05F_impro03_M,neutral,"What a guy.  I can't believe it.  So okay, so do you know any details?  When's it going to be?  Anything?"
122,41,Ses05F_impro03_F,neutral,I don't know.  I guess next summer.
122,42,Ses05F_impro03_M,neutral,Am I in it?
122,43,Ses05F_impro03_F,neutral,"Yeah.  Yeah, of course."
122,44,Ses05F_impro03_M,neutral,"Okay, I certainly hope so, of course."
122,45,Ses05F_impro03_F,neutral,So next fall I guess.
122,46,Ses05F_impro03_M,neutral,Next fall.
122,47,Ses05F_impro03_F,neutral,"Yeah, I like the autumn."
122,48,Ses05F_impro03_M,neutral,Are you going to do it in town or are you out of town?
122,49,Ses05F_impro03_F,neutral,"oh, We'll do it in town."
122,50,Ses05F_impro03_M,neutral,"Oh, okay."
122,51,Ses05F_impro03_F,neutral,"Yeah, his family doesn't live too far away, so I think-"
122,52,Ses05F_impro03_M,neutral,"Yeah, where's he from again?"
122,53,Ses05F_impro03_F,neutral,He's from Chicago as well.
122,54,Ses05F_impro03_M,neutral,"Oh he is, okay."
122,55,Ses05F_impro03_F,neutral,Yeah.
122,56,Ses05F_impro03_M,neutral,"Cool, perfect.  Another Chicagoite, got to love it."
122,57,Ses05F_impro03_F,happiness,"It's so weird too, right, that like you can grow up so near somebody and never know them until you travel hundreds of miles away."
122,58,Ses05F_impro03_M,neutral,Yeah.
122,59,Ses05F_impro03_M,neutral,"Exactly, yeah.  I can't believe you met him in Africa."
122,60,Ses05F_impro03_F,happiness,I know
122,61,Ses05F_impro03_M,neutral,"And the chances, what are the chances of meeting somebody in Africa and then coming back to Chicago?"
122,62,Ses05F_impro03_F,happiness,"Right, being like oh, where are you from?  The U.S.  Where in the U.S.?  Chicago.  Where in Chicago?"
122,63,Ses05F_impro03_M,happiness,[LAUGHTER] I am sil
122,64,Ses05F_impro03_F,happiness,"Knowing the neighborhood.  Yeah, it's pretty bizarre."
122,65,Ses05F_impro03_M,neutral,And now you're getting married.
122,66,Ses05F_impro03_F,happiness,Yeah.
122,67,Ses05F_impro03_M,neutral,That is amazing.  You must be so excited.  Did you tell your mom?
122,68,Ses05F_impro03_F,happiness,Mm-hmm.
122,69,Ses05F_impro03_M,neutral,"Oh, did she cry?"
122,70,Ses05F_impro03_F,happiness,"Yeah, she loves him."
122,71,Ses05F_impro03_M,neutral,"I knew it.  I knew it, of course she does.  How could you not love Mr. Peace Corps worker man?  He's the nicest guy ever."
122,72,Ses05F_impro03_F,happiness,"Yeah, she-yeah, that's my type."
122,73,Ses05F_impro03_M,neutral,[BREATHING]
122,74,Ses05F_impro03_M,neutral,you.. I can't believe it.  I'm so happy for you.  This is exactly what you wanted.  It's your dream come true.
122,75,Ses05F_impro03_F,happiness,Thank you.
122,76,Ses05F_impro03_M,neutral,"The exact right guy, I fully approve.  He's a wonderful guy.  We have a great time.  He can drink.  That's awesome."
122,77,Ses05F_impro03_F,happiness,[LAUGHTER]
122,78,Ses05F_impro03_M,happiness,[LAUGHTER]
122,79,Ses05F_impro03_F,neutral,"Yeah, we all have to hang out now."
122,80,Ses05F_impro03_M,neutral,"Of course, of course she will ... of course she will.  Yeah, don't go and disappear like everyone else after they get married and I never see them again.  That'll make me mad.  You don't want to make me mad.  You know how I get when I get mad."
122,81,Ses05F_impro03_F,neutral,No.
122,82,Ses05F_impro03_F,neutral,No.
122,83,Ses05F_impro03_F,neutral,"I mean, I I have I have some duty to the man I was going to marry if nobody else came up."
122,84,Ses05F_impro03_M,happiness,Exactly.
122,85,Ses05F_impro03_M,happiness,"Exactly, ""laugh""."
122,86,Ses05F_impro03_F,happiness,Sorry.
122,87,Ses05F_impro03_M,neutral,"ahh I was always worried you'd be a little bit jealous of me, but I was never quite that lucky."
122,88,Ses05F_impro03_F,happiness,There's still time for that.
122,89,Ses05F_impro03_M,neutral,"Oh, thanks. move here before you get married [LAUGHTER]"
122,90,Ses05F_impro03_F,happiness,[BREATHING]
122,91,Ses05F_impro03_M,neutral,"Perfect, okay, good. ""sigh"""
122,92,Ses05F_impro03_M,neutral,"I don't feel so bad then.  Well, I'm excited for you."
122,93,Ses05F_impro03_F,neutral,I know. I can't believe it.
122,94,Ses05F_impro03_M,neutral,I can't believe it.
122,95,Ses05F_impro03_F,neutral,I am very excited
122,96,Ses05F_impro03_M,neutral,Who else have you told?
122,97,Ses05F_impro03_F,neutral,Just a few people.
122,98,Ses05F_impro03_M,neutral,Really?
122,99,Ses05F_impro03_F,neutral,Just close friends so far.
122,100,Ses05F_impro03_M,happiness,So I was one of the first ones? That makes me feel so important.
122,101,Ses05F_impro03_F,neutral,Yeah.
122,102,Ses05F_impro03_F,happiness,I have to think about moving now.  We're going to move in together
122,103,Ses05F_impro03_M,neutral,"Oh yeah, of course."
122,104,Ses05F_impro03_F,happiness,I think it's a good idea to live together before you get married.
122,105,Ses05F_impro03_M,neutral,"I think so, too.  Are you going to get a house or-"
122,106,Ses05F_impro03_F,happiness,"I don't want a house, I mean just-"
122,107,Ses05F_impro03_M,neutral,No?
122,108,Ses05F_impro03_F,happiness,L.A. apartment is fine.
122,109,Ses05F_impro03_M,neutral,"Oh, nice."
122,110,Ses05F_impro03_F,neutral,yeah.
122,111,Ses05F_impro03_M,neutral,A good apartment. [BREATHING]
122,112,Ses05F_impro03_F,happiness,"Two artists, though.  We're bound to be poor forever."
122,113,Ses05F_impro03_M,neutral,"Yeah, how are you going to survive?"
122,114,Ses05F_impro03_M,neutral,Exactly. Are you going to have kids?
122,115,Ses05F_impro03_F,neutral,"Yeah, I think so.  I mean, not for a while."
122,116,Ses05F_impro03_M,happiness,yeah.
122,117,Ses05F_impro03_M,happiness,yeah.
122,118,Ses05F_impro03_F,happiness,Definitely not for a while
122,119,Ses05F_impro03_F,happiness,yeah.
122,120,Ses05F_impro03_M,neutral,"So now, I'm going to have to find somebody else to bear my children."
122,121,Ses05F_impro03_F,happiness,[LAUGHTER] Good luck.
122,122,Ses05F_impro03_M,happiness,[LAUGHTER]
122,123,Ses05F_impro03_M,happiness,"Oh, thanks.  I'll need it."
122,124,Ses05F_impro03_F,happiness,"You won't have trouble, You won't have trouble."
122,125,Ses05F_impro03_M,happiness,"Oh thanks, you're too nice"
122,126,Ses05F_impro03_M,happiness,just being polite now
122,127,Ses05F_impro03_F,happiness,"You should just approach her like that.  Hey, will you bear my children?"
122,128,Ses05F_impro03_M,happiness,because I am not getting married.
122,129,Ses05F_impro03_M,happiness,"Exactly, [LAUGHTER] I think that'll go over great, don't you?"
122,130,Ses05F_impro03_F,happiness,"Yeah, totally."
122,131,Ses05F_impro03_M,happiness,"That's what girls like, right?"
122,132,Ses05F_impro03_F,happiness,Total turn on.
122,133,Ses05F_impro03_M,happiness,Would you mind popping out a few for me?
122,134,Ses05F_impro03_F,happiness,[LAUGHTER]
122,135,Ses05F_impro03_M,happiness,"That'd be great, thanks."
123,0,Ses05F_impro04_F,sadness,"Brian, I need help."
123,1,Ses05F_impro04_M,neutral,"Babe, I don't know what to tell you.  Don't give up."
123,2,Ses05F_impro04_F,neutral,I don't--I'm just--I'm thinking maybe I should move back home or something.  I don't I don't know what to do.  I can't - I cant keep living the way I'm living.
123,3,Ses05F_impro04_M,neutral,"Well, of course not, but what are you going to do if you move back home?  Are you going to be able to find a job there?"
123,4,Ses05F_impro04_F,frustration,"I don't know.  I mean, what am I supposed to do? I've It's not for lack of effort.  I've been trying."
123,5,Ses05F_impro04_M,frustration,"I wish I had some answers for you, babe.  I mean-I don't know what to tell you."
123,6,Ses05F_impro04_F,frustration,How did you get a job?  What am I - What am I supposed to do?
123,7,Ses05F_impro04_M,neutral,I went to school and I got my degree.  And I got a job.
123,8,Ses05F_impro04_F,frustration,"I mean, I just don't--I don't know.  If you don't have a lot of qualification, where do you - where do you find work?  It's like L.A. is so frustrating because if you don't know somebody, you can't -you can't get a job.  It's impossible.  It's totally discriminatory.  You have to know somebody."
123,9,Ses05F_impro04_M,neutral,Nothing's impossible.
123,10,Ses05F_impro04_F,frustration,It's not fair.
123,11,Ses05F_impro04_M,neutral,You have to be willing - You have to be willing to start you know at the bottom and work your way up. and
123,12,Ses05F_impro04_F,frustration,That's fine.  I'd be willing to start anywhere.  I can't get a job.
123,13,Ses05F_impro04_M,frustration,I
123,14,Ses05F_impro04_F,frustration,"I mean, on six seven and five an hour does not - does not pay the bills I mean."
123,15,Ses05F_impro04_M,neutral,"No, it doesn't pay the bills, but it would pay something.  And it would help you get somewhere else."
123,16,Ses05F_impro04_F,anger,I still can't live on in six seven and five.  It's not possible in Los Angeles.  Housing is too expensive.
123,17,Ses05F_impro04_M,neutral,"and No, I understand, but you've got to start somewhere.  It's better than nothing and that's all you have.  You have nothing right now."
123,18,Ses05F_impro04_F,frustration,"I mean I can do the McDonald's thing for a while as humiliating as that is, but I mean then what?  I mean You can't exactly move up in that kind of industry."
123,19,Ses05F_impro04_M,neutral,"Wait, You can move up.  There's management programs in McDonalds and things like that."
123,20,Ses05F_impro04_F,frustration,"Oh come on, that's not what I envisioned for myself. Honestly, would you settle for being a manager at McDonalds?"
123,21,Ses05F_impro04_M,neutral,"Well, of course not--"
123,22,Ses05F_impro04_M,neutral,"[GARBAGE] No, I wouldn't, but I--"
123,23,Ses05F_impro04_F,frustration,This is humiliating.
123,24,Ses05F_impro04_M,neutral,"Well, you know what?  Life gets humili... humiliating at times."
123,25,Ses05F_impro04_F,frustration,"No, I don't I don't want to accept that.  I think that's bullshit."
123,26,Ses05F_impro04_M,neutral,"Well, what are you going to do about it to make it different?"
123,27,Ses05F_impro04_F,frustration,I don't know.  I feel like I've tried everything.
123,28,Ses05F_impro04_M,neutral,Have you?  There's got to be something else.
123,29,Ses05F_impro04_F,frustration,Three years of going out every day--every day--and looking for a job and being constantly denied everywhere I go.
123,30,Ses05F_impro04_M,frustration,"I don't know what to tell you, babe. Maybe- Maybe you're right.  Maybe you do have to go someplace else.  I don't know, maybe it's just not meant to be here.  I mean I want you to-I don't want you to give up, but I mean I don't want you to move away, but at the same time, I don't like seeing you like this."
123,31,Ses05F_impro04_F,sadness,I'm just so scared to start over I mean.  I put so much time and energy into being here.
123,32,Ses05F_impro04_F,sadness,"Where am I supposed to go?  I mean, like what?"
123,33,Ses05F_impro04_M,neutral,"If it's rent or something like that, I mean I can help you out a little bit, if- if that will help you you know stick with it."
123,34,Ses05F_impro04_F,sadness,I don't know. Maybe I can take out a loan. I just- I need prospects and I don't feel like I have any.
123,35,Ses05F_impro04_M,neutral,"Well, just don't give up. And there's- you know, You never know, something might be around the corner tomorrow."
123,36,Ses05F_impro04_F,neutral,But that doesn't help me when I'm hungry now.
123,37,Ses05F_impro04_M,neutral,"Well, you know I'm not going to let you starve."
123,38,Ses05F_impro04_F,sadness,I'm just worried.
123,39,Ses05F_impro04_M,neutral,"Of course, you're worried.  We're all worried.  I'm worried for you.  Everyone's always worried.  You know, I don't-maybe I have a job and yeah, it's a good job whatever and I'm happy, but it doesn't mean I'm going to have it tomorrow or the next day.  You never know what's going to happen.  Something crazy could happen tomorrow.	Something crazy can happen for you tomorrow and you'll get a job.  You never know.  You can walk up to somebody on the street and it'll be something great.  You've just got to be positive.  You're so negative all the time."
123,40,Ses05F_impro04_F,frustration,It's three years.
123,41,Ses05F_impro04_M,frustration,"I understand, but you know what, you've been negative for three years."
123,42,Ses05F_impro04_F,neutral,Is that honestly what you think?
123,43,Ses05F_impro04_M,neutral,"It's the way it seems to me.  You started complaining about not being able to find a job the first day you went out and didn't find a job.  And I'm not saying like and not trying to you know put you down or anything, it's just that-"
123,44,Ses05F_impro04_F,sadness,That's really hard to hear.
123,45,Ses05F_impro04_M,frustration,"But it's true, babe.  You've got to be more positive about things.  Like- Have some faith in yourself."
123,46,Ses05F_impro04_F,sadness,I feel like I have faith and now faith is running thin because there is no money.
123,47,Ses05F_impro04_M,neutral,"Well, exactly.  Money is not everything."
123,48,Ses05F_impro04_F,frustration,"Brian, I don't think you have a concept of what I mean by- by money.  I don't mean money like oh, I can't go get my hair and my nails done today, I mean like I can't eat."
123,49,Ses05F_impro04_M,frustration,You can.
123,50,Ses05F_impro04_F,neutral,"No, no, really, if I can't pay to live somewhere, I'm going to end up living in my car."
123,51,Ses05F_impro04_M,neutral,You know I would never let that happen.  I wouldn't let that happen.
123,52,Ses05F_impro04_F,frustration,I just-- I
123,53,Ses05F_impro04_M,neutral,"You can always stay with me if you- if you have to stay with me for a while and get yourself back up on your feet again.  You know I'm not just going to you know just throw you to the wolves or something like that.  If there's any way I can help you, I will."
123,54,Ses05F_impro04_F,neutral,"Well, thank you."
123,55,Ses05F_impro04_M,neutral,But you have to keep trying.  You can't give up.
123,56,Ses05F_impro04_F,frustration,"Yeah, I don't intend to stop trying.  I just--I don't when is when enough is enough."
123,57,Ses05F_impro04_M,neutral,"And you've got to think--well, ask yourself why are they not hiring you?"
123,58,Ses05F_impro04_F,frustration,I don't know.
123,59,Ses05F_impro04_M,neutral,I mean are you going in for interviews?
123,60,Ses05F_impro04_F,frustration,"Yeah, and I look nice and I'm you know--"
123,61,Ses05F_impro04_M,neutral,Are you presenting-
123,62,Ses05F_impro04_F,frustration,charismatic.
123,63,Ses05F_impro04_M,neutral,putting your best foot forward? or you
123,64,Ses05F_impro04_F,frustration,"yah, to-totally, and I'm not--"
123,65,Ses05F_impro04_M,neutral,"Do they seem to like you? I mean, Can you get any read from them?"
123,66,Ses05F_impro04_F,frustration,"Yeah, I always think so, but I- I just feel like it's a lot of lip service everywhere I go."
123,67,Ses05F_impro04_M,neutral,Have you ever called them back and asked why you didn't get the job?
123,68,Ses05F_impro04_F,frustration,"Yeah, I follow up."
123,69,Ses05F_impro04_M,neutral,Do they give you any specifics as to why they didn't go with you?
123,70,Ses05F_impro04_F,frustration,It's just like- it's a matter of-
123,71,Ses05F_impro04_F,frustration,"not tall enough, not pretty enough, not--you know how this place is."
123,72,Ses05F_impro04_M,neutral,"Yeah, I understand. maybe What jobs are we talking about?"
123,73,Ses05F_impro04_F,frustration,"I mean, anything."
123,74,Ses05F_impro04_M,neutral,Like- What's your ideal job?  What do you want to do?
123,75,Ses05F_impro04_F,neutral,"Well, I'd like to be a working actor."
123,76,Ses05F_impro04_M,neutral,Of course.
123,77,Ses05F_impro04_F,neutral,But um--
123,78,Ses05F_impro04_M,neutral,"Everyone wants to be a working actor, but they all work at something else."
123,79,Ses05F_impro04_F,neutral,Yeah.
123,80,Ses05F_impro04_M,neutral,So what's the something else?
123,81,Ses05F_impro04_F,neutral,"Bartending, catering."
123,82,Ses05F_impro04_M,neutral,"You can't get a catering gig?  Well, I can call some friends.  I- Well, I did call some friends before, but you went in once and then never went back."
123,83,Ses05F_impro04_F,sadness,Would you be willing to make some more calls on my behalf? I won't--I won't make you look bad.
123,84,Ses05F_impro04_M,neutral,If I- If you- Will you stick with it?
123,85,Ses05F_impro04_F,neutral,yeah.
123,86,Ses05F_impro04_M,neutral,"Okay.  Okay, I'll call some people."
123,87,Ses05F_impro04_F,neutral,Thank you.
123,88,Ses05F_impro04_M,neutral,"But you've got to keep looking for other stuff. You've got to do it on your own, too.  Okay?"
123,89,Ses05F_impro04_F,neutral,"I will, I will."
123,90,Ses05F_impro04_F,neutral,"Yeah, thank you."
123,91,Ses05F_impro04_M,neutral,You know I'll always help you.
124,0,Ses05F_impro05_F,neutral,"Hi,um- I think my baggage was lost, and I need to I guess file a claim or I don't know what."
124,1,Ses05F_impro05_M,neutral,"Okay, what flight were you on?"
124,2,Ses05F_impro05_F,neutral,Um-Seventeen. Coming from --
124,3,Ses05F_impro05_M,neutral,On what airline?
124,4,Ses05F_impro05_F,neutral,It was Virgin Atlantic coming from London.
124,5,Ses05F_impro05_M,neutral,"From London, okay. Um- And you went through all your proper checkpoints?"
124,6,Ses05F_impro05_F,frustration,"Yeah, I don't know where it was lost.  I was coming from Africa, so."
124,7,Ses05F_impro05_M,neutral,So you haven't seen your bags since Africa. You flew threw Heath Row to here.
124,8,Ses05F_impro05_F,neutral,Right.
124,9,Ses05F_impro05_F,neutral,Yeah.
124,10,Ses05F_impro05_M,neutral,"Okay.  Well, let me see here. I-"
124,11,Ses05F_impro05_M,neutral,It seems like it went through Heath Row.  I see it here. uh-
124,12,Ses05F_impro05_F,neutral,That's good.
124,13,Ses05F_impro05_M,neutral,But uh- I don't see it here in the airport yet. uh
124,14,Ses05F_impro05_M,neutral,I'm not sure where it is.  We can absolutely keep an eye out for for it for you.
124,15,Ses05F_impro05_F,neutral,"Well, I can't leave without it. I mean, Could you find out?"
124,16,Ses05F_impro05_M,neutral,"Well, I'm not a miracle worker.  I don't know what I can do for you.  I don't have the bag right here."
124,17,Ses05F_impro05_F,frustration,"Right, well can you get on the computer maybe and like track it down and see when it's going to get here?"
124,18,Ses05F_impro05_M,neutral,"Well, as I told you, it left Heath Row and it seems to have arrived here.  But if you can't find it, then-are you sure you know what your bag looks like?"
124,19,Ses05F_impro05_F,frustration,"Yes, sir, I know what my bag looks like."
124,20,Ses05F_impro05_M,neutral,"Okay, and what is that?  What kind of bag is it?"
124,21,Ses05F_impro05_F,neutral,Um- It's a travel backpack.  It's green and gray.  It's got my name on it and my information.
124,22,Ses05F_impro05_M,frustration,And you couldn't find it?
124,23,Ses05F_impro05_F,frustration,"No, it didn't turn up at the baggage claim."
124,24,Ses05F_impro05_M,neutral,Are you sure?
124,25,Ses05F_impro05_F,frustration,I mean we've gone through all of this.  I've been to five people already who--
124,26,Ses05F_impro05_M,frustration,"Well, obviously, that wasn't me, so I'm going to have to ask you the same questions they asked you just so we can get to the same point."
124,27,Ses05F_impro05_F,frustration,Okay.
124,28,Ses05F_impro05_M,neutral,"All right?  Now, um- it's green, travel bag, you couldn't find it.  And was there something important in it that you need it?"
124,29,Ses05F_impro05_F,frustration,"Yes, lots of really like -- sentimental value only, but--"
124,30,Ses05F_impro05_M,neutral,Sentimental value.
124,31,Ses05F_impro05_F,neutral,--really important stuff.
124,32,Ses05F_impro05_M,neutral,"Right.  Well, I don't know what to tell you. Um- What I can offer you is a fifty dollar voucher on your next flight."
124,33,Ses05F_impro05_F,neutral,"That's not going to cut it. Like, Really, I really need to get this bag back."
124,34,Ses05F_impro05_M,neutral,"No, I understand. I mean. It's got to be tough all those sentimental things, but um- this is all I can do for you."
124,35,Ses05F_impro05_F,frustration,Does this happen often?  Do they--you just lose baggage and you just offer people money for it?
124,36,Ses05F_impro05_M,neutral,"Well, you know, sometimes that's--really, I mean what else could we do?"
124,37,Ses05F_impro05_F,anger,Uh- Not lose the baggage in the first place. I mean You're offering a service here. I paid so much money for that ticket.
124,38,Ses05F_impro05_M,neutral,"Well,"
124,39,Ses05F_impro05_M,frustration,Obviously ma'am.
124,40,Ses05F_impro05_M,frustration,"I am sorry, ma'am."
124,41,Ses05F_impro05_M,neutral,"Let's- Let's just relax for a moment, ma'am.  You understand, obviously, we're going to do everything we can to keep all of your luggage here."
124,42,Ses05F_impro05_M,neutral,"Obviously, we're not trying to lose your luggage.  Do you really believe that we're trying to lose your luggage ma'am?"
124,43,Ses05F_impro05_F,anger,"No, but I mean like why can't- why can't you find it?  Where did it go?  Who lost it?"
124,44,Ses05F_impro05_M,neutral,"Well, if I knew that, then I'd know where it was, wouldn't I?"
124,45,Ses05F_impro05_F,anger,"Well, I just-I paid so much money for this ticket.  I feel like you guys should be able to get-to offer me more than a fifty dollar voucher."
124,46,Ses05F_impro05_M,neutral,"Well, we're talking about one bag.  You personally made it here, didn't you?"
124,47,Ses05F_impro05_F,anger,"Yeah, meaning I didn't die in a fiery plane crash.  How convenient, but um- I paid two thousand dollar to ride your airline, and I would really appreciate getting my bags there to my destination in one place."
124,48,Ses05F_impro05_M,frustration,That's what the cost of the ticket was for.
124,49,Ses05F_impro05_M,frustration,"Ma'am, international flights are not cheap and there's many reasons for that.  It does not have solely to do with your baggage or-"
124,50,Ses05F_impro05_F,anger,"Right, but part of the agreement is that I'm paying so that I can take myself and my belongings with me."
124,51,Ses05F_impro05_M,frustration,"Right. Yes, ma'am."
124,52,Ses05F_impro05_F,anger,And that you're going to transport them safely from one place to another.
124,53,Ses05F_impro05_M,frustration,"Right, and also if you'll read the fine print of your agreement you'll see that while we do bear some responsibility for lost luggage, it is a fifty dollar voucher."
124,54,Ses05F_impro05_F,anger,"That's all you can offer me? I mean, my the stuff in there is worth way more than fifty dollar."
124,55,Ses05F_impro05_M,neutral,"Well, I understand that.  Did you buy flight insurance?"
124,56,Ses05F_impro05_F,neutral,No.
124,57,Ses05F_impro05_M,neutral,"Well, my hands are really tied then."
124,58,Ses05F_impro05_F,frustration,Why do I need flight insurance?  Why don't you guys just guarantee that you're going to get the stuff that I leave with to my destination?
124,59,Ses05F_impro05_M,neutral,"Well, it's like any kind of insurance.  You don't-when you get it, then you get more. You know, Like if you--"
124,60,Ses05F_impro05_F,frustration,"Right, but if I'm riding a bus, I don't need to buy luggage insurance that the backpack I take on is going to get to my destination with me."
124,61,Ses05F_impro05_M,neutral,"Well, of course not because you've got your backpack with you the whole time.  Now, if you--you said this was a travel bag.  Why weren't you carrying it on if it was so important?"
124,62,Ses05F_impro05_F,frustration,Because they made me check it.  It's too heavy.
124,63,Ses05F_impro05_M,neutral,"Uh, so it was really heavy."
124,64,Ses05F_impro05_F,neutral,"So I would have carried it on, but they made me check it and then they lost it."
124,65,Ses05F_impro05_M,frustration,"Well, you know what, it could still turn up, but until then I can offer you this fifty dollar voucher."
124,66,Ses05F_impro05_F,frustration,There's nothing else you can do?
124,67,Ses05F_impro05_M,neutral,"I'm sorry, ma'am, there's nothing else I can do.  My hands are really tied here.  I really wish there was something else I could do for you."
124,68,Ses05F_impro05_F,anger,I don't believe that for a second.
124,69,Ses05F_impro05_M,neutral,Well I don't know why you wouldn't believe that.
124,70,Ses05F_impro05_M,frustration,"Obviously, I'm doing everything that I can here."
124,71,Ses05F_impro05_F,neutral,"No, I don't think you are. I mean If you were doing everything you could, you'd either give me more money or you'd figure out where my bag is."
124,72,Ses05F_impro05_M,neutral,"Well, I have no way to give you more money.  I'm giving you as much money as I can, and figuring- as far as figuring out where you bag is-"
124,73,Ses05F_impro05_F,anger,What do you mean as you can?  Who makes up these rules?
124,74,Ses05F_impro05_M,neutral,makes up?
124,75,Ses05F_impro05_F,anger,You're an autono- autonomous human being.  You could- You could go into the com-
124,76,Ses05F_impro05_M,neutral,"The airline makes these rules, mom ma'am."
124,77,Ses05F_impro05_F,neutral,You could go into the computer and- you know- print-
124,78,Ses05F_impro05_M,neutral,I've gone into the computer.  I told you exactly what I can see in the computer that your luggage did arrive here.
124,79,Ses05F_impro05_F,frustration,"So I'm just supposed to oh, well, oops, my luggage is gone and be fine with that and take your stinking fifty dollar voucher?"
124,80,Ses05F_impro05_M,frustration,"Well, you can take my stinking fifty dollar voucher and go home and wait and see if your luggage turns up. And if it does, then we'll deliver it to you."
124,81,Ses05F_impro05_F,frustration,And you have no guarantee.
124,82,Ses05F_impro05_M,frustration,"I have no guarantee, absolutely not."
124,83,Ses05F_impro05_F,frustration,This is ridiculous.
124,84,Ses05F_impro05_M,frustration,How can I guarantee finding your luggage when it's lost?
124,85,Ses05F_impro05_F,frustration,"Uh- Because you guys lost it, so it should be your responsibility to find it, too."
124,86,Ses05F_impro05_M,frustration,"Right, well, when you're at home and you lose something, do you guarantee that you're going to find it later on?"
124,87,Ses05F_impro05_F,frustration,"Oh, come on.  Would you cut it out?  This is ridiculous."
124,88,Ses05F_impro05_M,frustration,"Well, it sounds to me like you're being ridiculous"
124,89,Ses05F_impro05_F,anger,"No, I don't think I am.  I like have a whole bunch of stuff that means a lot to me, and I brought it you know from Africa.  It's not like I can just go back and get it whenever I want."
124,90,Ses05F_impro05_M,neutral,Right.
124,91,Ses05F_impro05_F,anger,It's not like I can go to Kmart and buy another.
124,92,Ses05F_impro05_M,frustration,"I understand that, ma'am, but things get lost.  There's nothing I can do about that.  Things happen.  Accidents happen."
124,93,Ses05F_impro05_M,neutral,"And while I really would love to be able to hand you your bag right now, obviously I can't do that."
124,94,Ses05F_impro05_F,neutral,okay fine.
124,95,Ses05F_impro05_M,neutral,So you'd like the fifty dollar voucher?
124,96,Ses05F_impro05_F,frustration,"Yeah, I'll take your fifty dollar voucher."
124,97,Ses05F_impro05_M,neutral,"Okay, just fill out these three forms, and um- you'll- we'll have that sent to you within the next three weeks and, of course, we'll definitely keep an eye out for your bag."
124,98,Ses05F_impro05_F,frustration,Thanks.
124,99,Ses05F_impro05_M,neutral,You have a wonderful day.
125,0,Ses05F_impro06_M,neutral,What's wrong Melissa?
125,1,Ses05F_impro06_F,sadness,A good friend of mine passed away the other day.
125,2,Ses05F_impro06_M,sadness,"Oh no, I'm so sorry. What happened?"
125,3,Ses05F_impro06_F,sadness,"Oh they had some pretty progressive cancer,"
125,4,Ses05F_impro06_F,sadness,"metastasized and it was old and they knew that it wasn't looking good, but-"
125,5,Ses05F_impro06_M,sadness,That's the worst.  I'm so sorry.  Did you know him well?
125,6,Ses05F_impro06_F,sadness,Yeah.  We were.  Pretty close.
125,7,Ses05F_impro06_F,sadness,[BREATHING]
125,8,Ses05F_impro06_M,sadness,"I am so sorry,  It's-"
125,9,Ses05F_impro06_M,sadness,It's the worst when they go like that. [GARBAGE] Was he young?
125,10,Ses05F_impro06_F,sadness,Kind of.
125,11,Ses05F_impro06_F,sadness,"It's hard to watch when it's painful for them, you know."
125,12,Ses05F_impro06_M,sadness,"Absolutely, absolutely."
125,13,Ses05F_impro06_M,sadness,It's the think
125,14,Ses05F_impro06_F,sadness,"I just, I don't know."
125,15,Ses05F_impro06_M,sadness,There's no reason for it.
125,16,Ses05F_impro06_F,sadness,I know.
125,17,Ses05F_impro06_F,sadness,And he could of...  He was pretty awesome
125,18,Ses05F_impro06_M,sadness,Yeah?  What'd he do?  What did they do?  How'd you know him?
125,19,Ses05F_impro06_F,sadness,"Uh,  We grew up together."
125,20,Ses05F_impro06_M,sadness,yeah.
125,21,Ses05F_impro06_M,neutral,"Is he an actor too, or-?"
125,22,Ses05F_impro06_F,sadness,"Yeah, he kind of did a lot of things, but we acted together, sometimes."
125,23,Ses05F_impro06_F,sadness,"I feel really bad for his family, you know."
125,24,Ses05F_impro06_M,sadness,"Yes of course, of course."
125,25,Ses05F_impro06_F,sadness,"It must be really, really hard to lose a child."
125,26,Ses05F_impro06_M,neutral,Was he very close to his family?
125,27,Ses05F_impro06_F,sadness,"Yeah.  And they were really supportive, like through the whole process, but-"
125,28,Ses05F_impro06_M,neutral,yeah.
125,29,Ses05F_impro06_F,sadness,[BREATHING]
125,30,Ses05F_impro06_F,sadness,I can't imagine what his- what his parents are going through.
125,31,Ses05F_impro06_M,sadness,Of course not.  You have no idea what it's like to lose a kid.
125,32,Ses05F_impro06_F,sadness,"Yeah, I'm just going to miss him."
125,33,Ses05F_impro06_M,neutral,"Of course. If there's anything I can do, you just let me know.  Okay?"
125,34,Ses05F_impro06_F,sadness,Thank you.
125,35,Ses05F_impro06_M,neutral,Of course.
125,36,Ses05F_impro06_M,neutral,Is there a funeral planned? or-
125,37,Ses05F_impro06_F,sadness,"Yeah, they're going to do some sort of memorial service or something."
125,38,Ses05F_impro06_M,neutral,"Cool, Well, If you want me to go with you, I will."
125,39,Ses05F_impro06_F,sadness,Thanks.
125,40,Ses05F_impro06_M,neutral,No problem.
125,41,Ses05F_impro06_F,sadness,"It's really bizarre, you know, when you know somebody really well, and then..."
125,42,Ses05F_impro06_F,sadness,something happens and they die and it's like-
125,43,Ses05F_impro06_F,sadness,"really hard to imagine that like you're going to continue to live, and that person's just going to have stopped."
125,44,Ses05F_impro06_M,sadness,"Right, it just doesn't make any sense, it's not real.  It doesn't feel real."
125,45,Ses05F_impro06_M,neutral,yeah.
125,46,Ses05F_impro06_F,sadness,[BREATHING]
125,47,Ses05F_impro06_M,neutral,"Do you know what, it's going to pass,eventually, I mean it'll never pass, it'll always be there, and you'll always remember and everything like that, but you know.  It'll get easier I guess."
125,48,Ses05F_impro06_F,sadness,yeah.
125,49,Ses05F_impro06_M,neutral,That's the best way to put it.
125,50,Ses05F_impro06_F,sadness,It's hard to say good-bye.
125,51,Ses05F_impro06_M,neutral,Absolutely.
125,52,Ses05F_impro06_F,sadness,[BREATHING]
125,53,Ses05F_impro06_M,neutral,"Do you know what, if it was me that died, I'd really want you to be crying and being really upset too any way. So, I think you should definitely do this, because it's trying what it's supposed to be."
125,54,Ses05F_impro06_F,neutral,[LAUGHTER]
125,55,Ses05F_impro06_F,sadness,yeah yeah.
126,0,Ses05F_impro07_F,neutral,So guess what.
126,1,Ses05F_impro07_M,neutral,what
126,2,Ses05F_impro07_F,neutral,I got into college.
126,3,Ses05F_impro07_M,neutral,"Shut up.  What'd you get, where'd you get accepted to? please"
126,4,Ses05F_impro07_F,neutral,U.S.C..
126,5,Ses05F_impro07_M,neutral,"Oh, sweet."
126,6,Ses05F_impro07_F,neutral,yeah.
126,7,Ses05F_impro07_M,neutral,So you're not going to leave me.
126,8,Ses05F_impro07_F,neutral,No.
126,9,Ses05F_impro07_M,neutral,"oh, good good good good good good."
126,10,Ses05F_impro07_F,neutral,I'll stay in town.
126,11,Ses05F_impro07_M,neutral,Are you going to live on campus?  Where are you going to live?
126,12,Ses05F_impro07_F,happiness,Uh- I don't know.
126,13,Ses05F_impro07_M,neutral,Uh! stay over here.  Like travel to school. because you are so close to me
126,14,Ses05F_impro07_F,neutral,"Well, I don't want to, I don't want to live with my mom."
126,15,Ses05F_impro07_M,happiness,"Okay, you're right, you're right, you're right,  right.  Maybe we should get a place together."
126,16,Ses05F_impro07_F,neutral,Whoa.  What an idea.  Where would you want to live?
126,17,Ses05F_impro07_M,neutral,That'll be awesome.
126,18,Ses05F_impro07_M,neutral,"I don't know.  Well.  I wouldn't mind living by the U.S.C. campus, you know, but I'm not going to go to school right now, so."
126,19,Ses05F_impro07_F,neutral,That's fine.  You don't have to go to school to live near U.S.C..
126,20,Ses05F_impro07_M,neutral,I know.
126,21,Ses05F_impro07_M,neutral,But I'd love to go all the US- all the U.S.C. parties and do all that crazy stuff with you.
126,22,Ses05F_impro07_F,neutral,Fair enough.
126,23,Ses05F_impro07_F,neutral,"Whoa, this is going to be so much fun."
126,24,Ses05F_impro07_M,neutral,it is going to be so much fun. Yes.
126,25,Ses05F_impro07_M,neutral,Uh! I'm so happy that you're not going to go away.
126,26,Ses05F_impro07_F,neutral,"Thank you. I know, I'm really, really, really excited."
126,27,Ses05F_impro07_M,neutral,"Oh, I bet you're going to love it too.  You always wanted to go to U.S.C.."
126,28,Ses05F_impro07_F,neutral,"I know they have a really, really great program for what I want to do."
126,29,Ses05F_impro07_M,neutral,"You're going to have so much fun.  And there's lo- tons of people, you're going to meet so many people, I'm going to meet so many people too, because we're going to be there together."
126,30,Ses05F_impro07_F,neutral,Can we for real live together?
126,31,Ses05F_impro07_M,neutral,"Sure, why not.  I don't know why not, I'm not doing anything I have no plans, I could live anywhere I want."
126,32,Ses05F_impro07_F,neutral,awesome.
126,33,Ses05F_impro07_F,neutral,So should we get a place near campus? or-
126,34,Ses05F_impro07_M,neutral,That'll be great. That'll be great.
126,35,Ses05F_impro07_M,neutral,"We should try to find, like, a party spot though, like you know where there's going to be a lot of parties, where there are cool people, though.  Do you know any people that might be out there?"
126,36,Ses05F_impro07_F,neutral,okay.
126,37,Ses05F_impro07_F,neutral,not yet.
126,38,Ses05F_impro07_M,neutral,"Yeah, me either."
126,39,Ses05F_impro07_M,neutral,"[garbage] I know, I know, I know, we'll figure it out.  Right?  [garbage] it is going to be so much fun."
126,40,Ses05F_impro07_F,neutral,That happens. That happens at time
126,41,Ses05F_impro07_F,neutral,yeah.
126,42,Ses05F_impro07_F,neutral,It's going to be ridiculous.  It's going to be so cool.
126,43,Ses05F_impro07_M,neutral,"You can't make fun of me because I'm not going to school, though, because I'm going to be working though."
126,44,Ses05F_impro07_F,neutral,I'm not going to make fun of you.
126,45,Ses05F_impro07_M,neutral,I'll have to make money and support us.
126,46,Ses05F_impro07_F,neutral,"[LAUGHTER] Oh, I'm going to be working too, I mean."
126,47,Ses05F_impro07_M,neutral,"Well, yeah, of course, but you're going to be working on your school stuff too, and partying that takes up a lot of time, right, especially at U.S.C., I hear it's a big party college."
126,48,Ses05F_impro07_F,neutral,I- I hear the same.
126,49,Ses05F_impro07_M,neutral,Woo- I I do.
126,50,Ses05F_impro07_F,neutral,"I don't know how I feel about that, but-"
126,51,Ses05F_impro07_M,neutral,I know exactly how you feel about that. I think you feel really excited about it.  I know you are. I can tell. I know you.
126,52,Ses05F_impro07_F,neutral,oh yeah.
126,53,Ses05F_impro07_F,neutral,oh yeah.
126,54,Ses05F_impro07_M,neutral,You're a wild and crazy woman.
126,55,Ses05F_impro07_F,neutral,"[LAUGHTER] Oh, it'll be awesome, that's for sure."
126,56,Ses05F_impro07_M,neutral,"Uh huh, it will be awesome."
126,57,Ses05F_impro07_F,neutral,Better than if I'd picked up and moved to Boston.
126,58,Ses05F_impro07_M,neutral,"Oh, man, I'd have been so mad at you.  I'd have been so mad at you, because, what could I have done,"
126,59,Ses05F_impro07_M,neutral,"living near the U.S.C. campus by myself, not going to school there. just really pathetic and sad."
126,60,Ses05F_impro07_F,neutral,[LAUGHTER] by yourself.
126,61,Ses05F_impro07_F,neutral,you'd be that kid
126,62,Ses05F_impro07_F,neutral,"living near campus, and not going to school."
126,63,Ses05F_impro07_M,neutral,"Exactly.  Mooching off of all like the college experiences, that would've been me but you have saved me from that disaster. Thank you. Thank you very much."
126,64,Ses05F_impro07_F,neutral,[LAUGHTER]
126,65,Ses05F_impro07_M,neutral,"Oh, it's going to be so much fun."
126,66,Ses05F_impro07_F,neutral,yeah.
126,67,Ses05F_impro07_M,neutral,"Well, congratulations. and to me too, because now I get to-have-"
126,68,Ses05F_impro07_F,neutral,We should go apartment shop-er-hunting.
126,69,Ses05F_impro07_M,neutral,That's a good idea.
126,70,Ses05F_impro07_F,neutral,Let's go tomorrow.
126,71,Ses05F_impro07_M,neutral,"Tomorrow, tomorrow, tomorrow-"
126,72,Ses05F_impro07_F,neutral,yeah.
126,73,Ses05F_impro07_M,neutral,"Good.  We'll have to have one soon, you're going to have to go to school in a couple of months."
126,74,Ses05F_impro07_F,neutral,Woo-
126,75,Ses05F_impro07_M,neutral,"Oh God, it's awesome... There's going to be tons of places. [garbage]"
126,76,Ses05F_impro07_F,neutral,exciting.
127,0,Ses05F_impro08_F,neutral,"Hi, sir.  How can I help you?"
127,1,Ses05F_impro08_M,frustration,"Oh, thank God.  Do you know how long I've been on the phone for half an hour trying to talk to a freaking human being."
127,2,Ses05F_impro08_M,frustration,"All I want to do is put my, pay for my freaking credit card, and there's something wrong in my bill, Like I swear, it says I didn't paid last month, but I know I paid last month."
127,3,Ses05F_impro08_F,neutral,Okay.
127,4,Ses05F_impro08_M,frustration,"I put- I've been typing my number in millions of times, it won't listen to me, it's not working, and I can't get a single human being, and finally-"
127,5,Ses05F_impro08_M,neutral,"you are a real human being.  Thank you very, very much."
127,6,Ses05F_impro08_F,neutral,"[LAUGHTER] All right.  I'm sorry, sir that you've been having a hard time."
127,7,Ses05F_impro08_M,anger,"This is ridiculous.  I- I seriously, I don't understand why you think these automated systems are supposed to like work for anybody.  They have never, ever work for me."
127,8,Ses05F_impro08_F,neutral,"I kwon, it is ridiculous"
127,9,Ses05F_impro08_F,neutral,"yeah, I understand."
127,10,Ses05F_impro08_M,anger,"Can you like talk to somebody about this, can you like can you tell them that this is ridiculous and can they change it from now on, is there a phone number you have that I can call that will like automatically be talking to somebody a human being."
127,11,Ses05F_impro08_F,neutral,Uh- when's when's-
127,12,Ses05F_impro08_F,frustration,Sir-
127,13,Ses05F_impro08_F,neutral,"If yeah, well if you just slow down we'll um, we'll definitely have your problem solved and after we have your problem solved, then I can transfer you to a manager, someone who can you know, you can voice your complaint to, who will be able to something about it."
127,14,Ses05F_impro08_M,frustration,"Well, okay ,well First off, fine, fine, fine.  Let's see, first off, um- yeah my bill's wrong."
127,15,Ses05F_impro08_M,anger,"Like I know I paid last month, but it hasn't been paid and you charged me a late fee."
127,16,Ses05F_impro08_F,neutral,"Okay, so where?, okay, all right, so where did you uh- locate your your bill?"
127,17,Ses05F_impro08_M,frustration,I got it in the mail.
127,18,Ses05F_impro08_F,neutral,In the mail?
127,19,Ses05F_impro08_M,frustration,yeah
127,20,Ses05F_impro08_F,neutral,"So is it, is- is it at all possible that maybe this statement is just old and that the transaction hadn't been processed yet?"
127,21,Ses05F_impro08_M,frustration,"Well, when I look online, it says, it says that I was charged a late fee so I'm assuming that I paid on your web site-"
127,22,Ses05F_impro08_F,neutral,Okay.
127,23,Ses05F_impro08_M,frustration,"like I paid right through your own company before my due date but it's still and it even shows my payment there, and then it charged me the late fee afterwards."
127,24,Ses05F_impro08_F,neutral,Okay.
127,25,Ses05F_impro08_F,neutral,All right. I-
127,26,Ses05F_impro08_F,neutral,"Okay so, I'll just look it up and you know see what's going on, maybe we can..."
127,27,Ses05F_impro08_M,frustration,Okay.
127,28,Ses05F_impro08_F,neutral,if I call it up on the screen.
127,29,Ses05F_impro08_M,neutral,"Okay, great, go ahead."
127,30,Ses05F_impro08_F,neutral,"So in the database, it looks as though um, there is a there is like a glitch in the transaction where it hadn't gone through before, but I do see that you paid the, what can you tell me the amount, what was the amount?"
127,31,Ses05F_impro08_M,frustration,It was one ninety eight sixty three. I paid the minimum.
127,32,Ses05F_impro08_F,neutral,"Okay, I do see that on here, and it says that um, it had some trouble clearing for some reason.  And I think that was the problem on our end.  So um-"
127,33,Ses05F_impro08_M,neutral,Wow.  I can't believe you're actually admitting to having a problem on your end.  That's a first.
127,34,Ses05F_impro08_F,neutral,"Well you know sometimes-- just with online transactions, things happens. so um-"
127,35,Ses05F_impro08_M,neutral,"No, No, No, I am grateful."
127,36,Ses05F_impro08_M,neutral,Absolutely.
127,37,Ses05F_impro08_F,neutral,"Yeah, we- Somebody went in and- and cleared the problem and it looks like you're all paid."
127,38,Ses05F_impro08_M,neutral,Did they take-
127,39,Ses05F_impro08_F,neutral,"You do the direct the direct it um- it's taking right out of your bank account, correct?"
127,40,Ses05F_impro08_M,neutral,"Yes, yes, exactly."
127,41,Ses05F_impro08_F,neutral,Yeah so- That --that did go through.
127,42,Ses05F_impro08_M,neutral,Are you taking the late fee off of my account then?
127,43,Ses05F_impro08_F,neutral,"Um- I can try to do that for you, certainly."
127,44,Ses05F_impro08_M,frustration,Because I paid it on time.
127,45,Ses05F_impro08_F,neutral,"Right, right, and since--yeah, since it was just a computer glitch, then that's that should be cleared up as well.  So I'm going to go ahead and try and put that into the computer.  And if for some reason you notice on your statement in a few days that you've been charged and an overdue fee, then you should just call back and we'll have that."
127,46,Ses05F_impro08_M,neutral,Right.
127,47,Ses05F_impro08_M,frustration,"Yeah, but if I call back, I'll have to go through this whole rigmarole again. and try to get a hole or someone."
127,48,Ses05F_impro08_F,neutral,Well I'll give you my direct line and my number so you can- you can  get directly to me.
127,49,Ses05F_impro08_M,neutral,Really?
127,50,Ses05F_impro08_F,neutral,yeah.
127,51,Ses05F_impro08_M,happiness,"That would be wonderful, that would be great seriously."
127,52,Ses05F_impro08_F,neutral,No problem.
127,53,Ses05F_impro08_M,happiness,"thank you, what's the number?"
127,54,Ses05F_impro08_F,neutral,ahh one eight hundred three two three
127,55,Ses05F_impro08_M,neutral,three two three
127,56,Ses05F_impro08_F,neutral,six four nine four
127,57,Ses05F_impro08_M,happiness,"six four nine four. That would be so great, thank you so much."
127,58,Ses05F_impro08_F,neutral,"Yep, So--"
127,59,Ses05F_impro08_F,neutral,You're welcome
127,60,Ses05F_impro08_M,neutral,oh.
127,61,Ses05F_impro08_F,neutral,I'm sorry that it was an inconvenience.
127,62,Ses05F_impro08_M,happiness,"It was horrible, but you've made it much better, thank you very much. Absolutely"
127,63,Ses05F_impro08_F,neutral,I am glad.
127,64,Ses05F_impro08_F,neutral,Have a good day.
127,65,Ses05F_impro08_M,happiness,"You too, thank you so much, have a wonderful day."
127,66,Ses05F_impro08_F,neutral,bye bye
127,67,Ses05F_impro08_M,neutral,bye
128,0,Ses05F_script01_1_F,sadness,What's he going to say? Maybe we should tell him before he sees it.
128,1,Ses05F_script01_1_M,sadness,He saw it.
128,2,Ses05F_script01_1_F,neutral,How could he see it?  I was the first one up.  He was still in bed.
128,3,Ses05F_script01_1_M,sadness,He was out here when it broke.
128,4,Ses05F_script01_1_F,neutral,When?
128,5,Ses05F_script01_1_M,sadness,"Around Four this morning, and there was a crack and I looked out.  We're standing right there when I cracked."
128,6,Ses05F_script01_1_F,neutral,What was he doing out here at four in the morning?
128,7,Ses05F_script01_1_M,sadness,I don't know.  but When it cracked he ran back into the house and start to cry in the kitchen.
128,8,Ses05F_script01_1_F,sadness,Did you talk to him?
128,9,Ses05F_script01_1_M,sadness,No.  I figured it was best to leave him alone.
128,10,Ses05F_script01_1_F,sadness,He cried hard.
128,11,Ses05F_script01_1_M,sadness,I could hear him right through the floor of my room.
128,12,Ses05F_script01_1_F,sadness,He is thinking about him again.
128,13,Ses05F_script01_1_F,sadness,"It's getting just like after Larry died, he's having dreams, he's walking around at night."
128,14,Ses05F_script01_1_M,sadness,"I guess, he is."
128,15,Ses05F_script01_1_F,sadness,What's the meaning of that?
128,16,Ses05F_script01_1_M,sadness,I don't know the meaning of it.  But I know one thing mom did.  We made a terrible mistake with dad.
128,17,Ses05F_script01_1_F,neutral,What?
128,18,Ses05F_script01_1_M,sadness,Being dishonest with him.  It's the kind of thing that pays off and now it's paying off.
128,19,Ses05F_script01_1_F,neutral,"What do you mean, dishonest?"
128,20,Ses05F_script01_1_M,sadness,"You know that Larry's not coming back, and I know it.  So why do we go on letting him think that we believe with him?"
128,21,Ses05F_script01_1_F,neutral,"What are you going to do, argue with him?"
128,22,Ses05F_script01_1_M,frustration,"No um, I don't want to argue with him, but it's time we realized that nobody else believes that Larry is alive."
128,23,Ses05F_script01_1_M,frustration,"Why shouldn't he dream about him, walk around during the night, looking for him um.  Do we contradict him?  Do we say outright that we don't have any hope anymore, that we haven't had any for years now?"
128,24,Ses05F_script01_1_F,neutral,You can't just say that to him.
128,25,Ses05F_script01_1_M,frustration,We have to say it to him!
128,26,Ses05F_script01_1_F,neutral,"How are you going to prove it, I mean, there's no body and there's no grave.  So what are you going to do? Do you have proof?"
128,27,Ses05F_script01_1_M,anger,"For God's sake, mom, three years.  Nobody comes back after three years!  It's insane!"
128,28,Ses05F_script01_1_F,frustration,"To you it is, and to me, but not to your father.  Now look, you can talk yourself  blue in the face, but there's no body, and there's no grave, so where are you?"
128,29,Ses05F_script01_1_M,frustration,"Sit down, mom.  I want to talk to you."
128,30,Ses05F_script01_1_F,neutral,"The trouble with the god damned newspapers, I mean every week, they do a story about some boy's been gone longer than Larry and he comes back, so the next one is gonna--"
128,31,Ses05F_script01_1_M,frustration,"All right, All right mom.  Listen!"
128,32,Ses05F_script01_1_M,sadness,"You know why I asked Annie here, don't you?"
128,33,Ses05F_script01_1_F,neutral,why?
128,34,Ses05F_script01_1_M,frustration,You know.
128,35,Ses05F_script01_1_F,neutral,Well I got an idea.  But what's the story?
128,36,Ses05F_script01_1_M,neutral,I'm going to ask her to marry me.
128,37,Ses05F_script01_1_F,neutral,"Well that's nobody's business but yours, Chris."
128,38,Ses05F_script01_1_M,frustration,You know that's not just my business.
128,39,Ses05F_script01_1_F,neutral,"What- What am - what are you going to do, I mean you're old enough to make up your own mind?"
128,40,Ses05F_script01_1_M,frustration,So it's all right.  I can go ahead with it then?
128,41,Ses05F_script01_1_F,neutral,Well you're want to make sure your father isn't you know going to--lose them
128,42,Ses05F_script01_1_M,neutral,Then it's not only my business.  Sometimes you infuriate me.  You know that?
128,43,Ses05F_script01_1_M,neutral,"You know that?  Isn't it your business too, if I tell dad, and he gets, throws a fit about it?   you have such a talent for ignoring things!"
128,44,Ses05F_script01_1_F,frustration,I ignore what I got to ignore.  The girl is Larry's girl.
128,45,Ses05F_script01_1_M,neutral,She's not Larry's girl!
128,46,Ses05F_script01_1_F,neutral,"As far as your father is concerned, he's not dead and you've no right to take his girl."
128,47,Ses05F_script01_1_F,frustration,"Now Chris you can go on from there, but I don't know what to do.  I mean do you know what to do, because I don't."
128,48,Ses05F_script01_1_M,frustration,"I don't know why it is.  But every time I reach out for something I want, I have to pull back because other people will suffer.  My whole bloody life, time after time, after time."
128,49,Ses05F_script01_1_F,neutral,"Well you're a considerate fellow, there's nothing wrong with that."
128,50,Ses05F_script01_1_M,anger,To hell with that!
128,51,Ses05F_script01_1_F,neutral,Have you asked Annie yet to marry you?
128,52,Ses05F_script01_1_M,neutral,I want to get this settled first.
128,53,Ses05F_script01_1_F,neutral,"Well how did you know that she will go along with it, I mean maybe she feels the same way as your father?"
128,54,Ses05F_script01_1_M,neutral,"Well, if she does, then that's the end of it, but from her letters it sounds like she's forgotten about it.  I'll find out and then we'll thrash it out with Dad, all right?  Mom, don't avoid me."
128,55,Ses05F_script01_1_F,neutral,"The trouble is you don't see enough women, you never have"
128,56,Ses05F_script01_1_M,frustration,"So what, I'm not fast with women."
128,57,Ses05F_script01_1_F,neutral,Well I just don't see why it has to be Annie.
128,58,Ses05F_script01_1_M,frustration,Because it is.
128,59,Ses05F_script01_1_F,neutral,"well, that's a good reason, but it doesn't answer a thing."
128,60,Ses05F_script01_1_M,frustration,"I can't help it.  I know her best.  I was brought up next door to here, the easiest, when I think of somebody for my wife, I think of Annie.  Do you want a diagram?"
128,61,Ses05F_script01_1_F,frustration,"No, I don't want a diagram, but, Chris, your father thinks Larry's coming back."
128,62,Ses05F_script01_1_F,sadness,"You marry his girl, and you're pronouncing him dead.  Now what's going to happen to your father, do you know?  I don't."
128,63,Ses05F_script01_1_M,frustration,"All right, then, Mom."
128,64,Ses05F_script01_1_F,neutral,Give it some more thought.
128,65,Ses05F_script01_1_M,frustration,"I've given it three years of thought.  And hope by now that he wouldn't.  Can you forget about Larry an-- and we can have a regular wedding and have everybody be happy.  But that can't happen here, I'm set to get out."
128,66,Ses05F_script01_1_F,anger,What the hell is this?
128,67,Ses05F_script01_1_M,frustration,"I'll get out. I'll get married and live some place else.  Maybe, maybe New York?"
128,68,Ses05F_script01_1_F,anger,Are you crazy?
128,69,Ses05F_script01_1_M,neutral,"I've been a good son for too long, a big sucker.  I'm through with it."
128,70,Ses05F_script01_1_F,frustration,Wait a minute.  Tell me this.  Do you mean to say that you would leave the business?
128,71,Ses05F_script01_1_M,anger,The business?  The business?  It doesn't inspire me?
128,72,Ses05F_script01_1_F,neutral,Must you be inspired?
128,73,Ses05F_script01_1_M,neutral,"Yes!  I like it an hour a day.  If I had to grub for money all day long, I like to come home to something beautiful.  I want a family.  I want- I want kids.  I want to build something I can give myself to. and Annie is in the center of that, and now where do I find it?"
128,74,Ses05F_script01_1_F,frustration,"Don't- you, you can't think like that!  Don't think like that!"
128,75,Ses05F_script01_1_M,neutral,Then help me stay here.
128,76,Ses05F_script01_1_F,anger,"All right!  But don't think like that, because I mean, what the hell did we do all this for, Chris?  The whole business it's all for you!  The whole shooting match is for you!"
128,77,Ses05F_script01_1_M,neutral,I know that Mom. I know.  Just you help me stay here.
128,78,Ses05F_script01_1_F,neutral,"All right, but don't think like that."
128,79,Ses05F_script01_1_M,neutral,I am thinking like that.
128,80,Ses05F_script01_1_F,frustration,"I don't understand you, do I?"
128,81,Ses05F_script01_1_M,neutral,No.  You don't.  I'm a pretty tough guy.
128,82,Ses05F_script01_1_F,neutral,"Yeah, I can see that."
129,0,Ses05F_script01_2_F,neutral,Why did you invite her here?
129,1,Ses05F_script01_2_M,neutral,Why does that bother you?
129,2,Ses05F_script01_2_F,neutral,She's been in New York three and a half years.  Why all of the sudden?
129,3,Ses05F_script01_2_M,neutral,Well maybe.  Maybe she just wanted to see her again.
129,4,Ses05F_script01_2_F,neutral,Nobody comes seven hundred miles just to see.
129,5,Ses05F_script01_2_M,neutral,"What did you mean? He lived next door to the girl all of his life, why wouldn't he want to see her again? Don't look at me like that, he didn't tell me any more than he told you."
129,6,Ses05F_script01_2_F,neutral,He's not going to marry her.
129,7,Ses05F_script01_2_M,frustration,How do you know he is even thinking about it?
129,8,Ses05F_script01_2_F,neutral,It's got that about it.
129,9,Ses05F_script01_2_M,frustration,"Well, so what."
129,10,Ses05F_script01_2_F,frustration,"What's going on here, Joe?"
129,11,Ses05F_script01_2_M,frustration,"Now, listen, Kate, just-"
129,12,Ses05F_script01_2_F,anger,She's not his girl.  She knows she's not.
129,13,Ses05F_script01_2_M,neutral,You can't read her mind.
129,14,Ses05F_script01_2_F,frustration,"She's . . . Then why is she still single.  New York is full of men, why isn't she married?  Probably a hundred people told her she's foolish, but she's waited."
129,15,Ses05F_script01_2_M,frustration,How do you know why she's waited?
129,16,Ses05F_script01_2_F,frustration,Because she knows what I know - she's faithful as a rock and my worst moments I think of her waiting and I know again that I'm right.
129,17,Ses05F_script01_2_M,frustration,Look.  It's a nice day.  Why are we arguing?
129,18,Ses05F_script01_2_F,frustration,"Nobody in her- this house dares shake her faith.  Strangers might, but not his father, and not his brother."
129,19,Ses05F_script01_2_M,frustration,What do you want me to do? What do you want--
129,20,Ses05F_script01_2_F,anger,I want you to pretend like he's coming back!
129,21,Ses05F_script01_2_M,frustration,"But, Kate..."
129,22,Ses05F_script01_2_F,anger,"Because if he's not coming back, then I'll kill myself."
129,23,Ses05F_script01_2_M,frustration,[LAUGHTER]
129,24,Ses05F_script01_2_F,anger,"Laugh.  Laugh at me, but what happens the night that she goes to sleep in his bed, and his memorial breaks in pieces?"
129,25,Ses05F_script01_2_M,frustration,Calm yourself.
129,26,Ses05F_script01_2_F,neutral,"Believe with me, Joe.  I can't stand alone."
129,27,Ses05F_script01_2_M,frustration,Calm yourself!
129,28,Ses05F_script01_2_F,anger,"Only last week, another boy turned up in Detroit, been missing longer than Larry, you read it yourself."
129,29,Ses05F_script01_2_M,frustration,"All right, all right.  Calm yourself."
129,30,Ses05F_script01_2_F,neutral,"You above all, have got to believe, Joe."
129,31,Ses05F_script01_2_M,neutral,"Why me, above all?"
129,32,Ses05F_script01_2_F,sadness,You've got to believe. You've got to--
129,33,Ses05F_script01_2_M,anger,What do you mean me above all?  Look at you.  You're shaking!
129,34,Ses05F_script01_2_F,anger,I can't help it!
129,35,Ses05F_script01_2_M,anger,"What have I got to hide?  What the hell is the matter with you, Kate?"
130,0,Ses05F_script01_3_F,happiness,You're the only one I know who loves his parents.
130,1,Ses05F_script01_3_M,happiness,I know.  It's going out of style isn't it?
130,2,Ses05F_script01_3_F,happiness,"No, it's good."
130,3,Ses05F_script01_3_F,happiness,It's so lovely here.  The air is sweet.
130,4,Ses05F_script01_3_M,neutral,So you're not sorry you came?
130,5,Ses05F_script01_3_F,happiness,No.  But I'm not going to stay.
130,6,Ses05F_script01_3_M,neutral,Why?
130,7,Ses05F_script01_3_F,neutral,Well your mother has much as told me to leave.
130,8,Ses05F_script01_3_M,neutral,Well--
130,9,Ses05F_script01_3_F,neutral,"Well, you saw that! And you.  You've been-"
130,10,Ses05F_script01_3_M,neutral,What?
130,11,Ses05F_script01_3_F,sadness,Well sort of embarrassed soon as I came.
130,12,Ses05F_script01_3_M,happiness,Well the plan was to kind of sneak up on you over a period of a week or so.  But uh- they take it for granted that we're all set.
130,13,Ses05F_script01_3_F,neutral,I figured they would- your mother at least.
130,14,Ses05F_script01_3_M,neutral,How did you know?
130,15,Ses05F_script01_3_F,neutral,"Well, from her point of view why else would I come?"
130,16,Ses05F_script01_3_M,neutral,"Well, would you want to?  I guess you know this is why I asked you to come."
130,17,Ses05F_script01_3_F,happiness,I guess this is why I came.
130,18,Ses05F_script01_3_M,happiness,"Anne, I love you.  I love you a great deal.  I love you!"
130,19,Ses05F_script01_3_M,neutral,"I- I -I have no imagination, that's all I know what to say, I-I'm embarrassing you. I I didn't want to tell you here.  I wanted it to be some place different, some place where we could be new to each other you know."
130,20,Ses05F_script01_3_M,neutral,"You feel it's wrong here, don't you- this yard, this chair?  I want you to be ready for me Annie.  I don't want to win you away from anything."
130,21,Ses05F_script01_3_F,neutral,"Chris, I've been ready for a long time."
130,22,Ses05F_script01_3_M,neutral,"Then, he's gone forever-you're sure?"
130,23,Ses05F_script01_3_F,neutral,I almost got married two years ago.
130,24,Ses05F_script01_3_M,neutral,Why didn't you?
130,25,Ses05F_script01_3_F,neutral,You started to write me.
130,26,Ses05F_script01_3_M,neutral,You felt something that far back?
130,27,Ses05F_script01_3_F,neutral,Every day since.
130,28,Ses05F_script01_3_M,neutral,"Annie, why didn't you say something to me?"
130,29,Ses05F_script01_3_F,neutral,Well I was waiting for you!  I mean I didn't-until then you hadn't written and when you write- when you wrote what did you say?  I mean you sure can be ambiguous Chris.
130,30,Ses05F_script01_3_M,neutral,"Give me a kiss, Ann. Give me a-"
130,31,Ses05F_script01_3_M,neutral,Oh God- I kissed Annie! I can't believe I kissed Annie!  How long I've wanted to do this.
130,32,Ses05F_script01_3_F,happiness,I'll never forgive you.  Why did you wait so long?  All this time I've been wondering if I was a fool for thinking of you!
130,33,Ses05F_script01_3_M,neutral,"Oh Annie, we're going to live now.  I'm going to make you so happy."
130,34,Ses05F_script01_3_F,happiness,"Not like that, you're not."
130,35,Ses05F_script01_3_M,neutral,I kissed you.
130,36,Ses05F_script01_3_F,happiness,"Like Larry's brother.  Do it like you, Chris.  Chris, what's the matter?"
130,37,Ses05F_script01_3_M,neutral,Let's Let's drive someplace.  I- I want to be alone with you.
130,38,Ses05F_script01_3_F,neutral,"No, what is it, your mother?"
130,39,Ses05F_script01_3_M,neutral,"No, nothing like that."
130,40,Ses05F_script01_3_F,neutral,"What is it?  Even in your letters, there is something ashamed."
130,41,Ses05F_script01_3_M,sadness,"Yeah, I suppose I have been.  But it's going from me."
130,42,Ses05F_script01_3_M,neutral,I don't know how to start.
130,43,Ses05F_script01_3_F,sadness,It wouldn't work like this.
130,44,Ses05F_script01_3_M,sadness,"It's- It's mixed up with so many other things, I-"
130,45,Ses05F_script01_3_M,sadness,Remember when I was overseas?  I was in command of the company.
130,46,Ses05F_script01_3_F,neutral,yeah sure.
130,47,Ses05F_script01_3_M,sadness,Yeah.  I lost them.
130,48,Ses05F_script01_3_F,sadness,how many?
130,49,Ses05F_script01_3_M,sadness,just about all.
130,50,Ses05F_script01_3_F,sadness,Oh gee.
130,51,Ses05F_script01_3_M,sadness,Takes a little time to toss something like that off you know because they weren't just men-
130,52,Ses05F_script01_3_M,sadness,"for instance, there's this one time.  It had been raining for several days.  And this kid came up to me and gave me his last pair of dry socks. you know, He just put them in my pocket."
130,53,Ses05F_script01_3_M,sadness,"I know that- that's not a big thing, but it's just the kind of guys I had. They didn't die. They- They killed themselves for each other."
130,54,Ses05F_script01_3_M,sadness,I mean that exactly that-a little more selfish and they would have still been here today.
130,55,Ses05F_script01_3_M,sadness,"And I got an ideal, watching them all go down.  Everything was being destroyed see and-"
130,56,Ses05F_script01_3_M,sadness,"but it seemed to me that something new was being created at the same time, a kind of responsibility, man for man.  Do you understand me?"
130,57,Ses05F_script01_3_M,sadness,And to show that-to-to bring that back onto the earth again like a- like a monument.  And everyone would have it standing behind them and- and it would make a difference for them.
130,58,Ses05F_script01_3_M,sadness,And then I went home and it was incredible.  It had no meaning here.
130,59,Ses05F_script01_3_M,sadness,"It was all like some kind of bus accident to them.  I went back to work with my dad, in that whole rat race again."
130,60,Ses05F_script01_3_M,sadness,And I felt what you said- ashamed somehow-because nobody had changed at all.  It seemed to make suckers out of a whole lot of guys. and
130,61,Ses05F_script01_3_M,sadness,"It felt wrong to be alive-to open that bank-book; to buy that new car; to look at that new refrigerator.  I mean, you can take those things out of the war, but if you drive that car, you have to know that that comes from the love that a man has for a man.  And you've got to be a little bit better than that!"
130,62,Ses05F_script01_3_M,neutral,"And if you're not, then it's all just loot and it's got blood on it, and I don't want any of it!  And, I guess that included you."
130,63,Ses05F_script01_3_F,neutral,Do you still feel like that?
130,64,Ses05F_script01_3_M,neutral,"I I want you now, Annie."
130,65,Ses05F_script01_3_F,sadness,"Because you can't feel like that anymore Chris, you hear me?  I mean everything that you have, you deserve.  And that includes me.  And your father?  Your father put hundreds of planes in the air, you should be proud.  A man should be paid for that."
130,66,Ses05F_script01_3_M,happiness,"Oh Annie.  Annie, I am going to make you a fortune!"
130,67,Ses05F_script01_3_F,happiness,What would I do with a fortune?
131,0,Ses05F_script02_1_M,neutral,"What time is it?  Isn't it supposed to start running around midnight?  This is great, isn't it?  Look at this great night we got here.  Couldn't be better--"
131,1,Ses05F_script02_1_M,neutral,actually I was hoping to go a little bit further up the coast to get away from the lights and the people but I was afraid I will miss it.  How are you doing?
131,2,Ses05F_script02_1_F,neutral,Fine.
131,3,Ses05F_script02_1_M,neutral,"Is that--no, no no is that foam?  I can't even tell, although if I- if I can't tell, it probably isn't it?  Right It'll probably be unmistakable, but don't you think?  How you doing?"
131,4,Ses05F_script02_1_M,neutral,"Oh no, you know what I did.  I forgot my flashlight.  How could I be so stupid?  I can't believe I forgot my flashlight."
131,5,Ses05F_script02_1_F,neutral,What flashlight?
131,6,Ses05F_script02_1_M,frustration,"The flashlight, the silver one, there's only one, isn't there?"
131,7,Ses05F_script02_1_F,frustration,It's not your flashlight.
131,8,Ses05F_script02_1_M,frustration,Whose is it?
131,9,Ses05F_script02_1_F,neutral,It's ours- our flashlight.  It's yours and mine.
131,10,Ses05F_script02_1_M,frustration,"Well, Sure."
131,11,Ses05F_script02_1_F,frustration,"I mean you keep saying ,my flashlight, as if it's somehow just yours.  How's that suppose to make me feel?"
131,12,Ses05F_script02_1_M,frustration,"No, Of course, you are right.  Our flashlight.  Me flashlight is you flashlight naturally.  How can we not think to bring it?"
131,13,Ses05F_script02_1_M,neutral,"Well, I hope the moon stays out.  Well, I wonder do they always wander during a full moon?  I can't remember, wasn't it full last year?  Do you remember?"
131,14,Ses05F_script02_1_F,neutral,yes.
131,15,Ses05F_script02_1_M,neutral,"Are you cold?  You want my jacket?  We should have bought a blanket.  Our blanket-.  This is great, isn't it?"
131,16,Ses05F_script02_1_M,neutral,"I didn't even think to bring a six-pack.  A six-pack would be just the thing right about now. I can't believe I forgot.  And look at kid, I am surprise I make it out of the house about flies it."
131,17,Ses05F_script02_1_M,neutral,[LAUGHTER] I wonder if they can hear me talk or if they can feel the vibration in the sand when we are moving around
131,18,Ses05F_script02_1_F,neutral,I am cold.
131,19,Ses05F_script02_1_M,neutral,you want my jacket?
131,20,Ses05F_script02_1_F,neutral,"It's after eleven, let's go home."
131,21,Ses05F_script02_1_M,neutral,"Are you kidding?  We'd miss it. We just got here, what's the point of coming out here if we are just going to leave."
131,22,Ses05F_script02_1_F,frustration,There is no point in coming out here.
131,23,Ses05F_script02_1_M,neutral,Right.
131,24,Ses05F_script02_1_F,neutral,That's my point.
131,25,Ses05F_script02_1_M,neutral,That's my point too.
131,26,Ses05F_script02_1_F,frustration,So let's go.
131,27,Ses05F_script02_1_M,neutral,"No, no, no.  That's not my point.  My point is what's the point in coming down here if we are just going to turn around and go home.  Don't you want to see it?"
131,28,Ses05F_script02_1_F,neutral,Not particularly.
131,29,Ses05F_script02_1_M,frustration,Why not?
131,30,Ses05F_script02_1_F,neutral,I just don't.
131,31,Ses05F_script02_1_M,neutral,"Honey, this is a natural phenomenon. I mean,  It happens like once a year.  It's a great opportunity."
131,32,Ses05F_script02_1_M,neutral,"Think about people in Kansas, they have to get a- a plane reservation and a hotel reservation just to see this uh- but we are just forty minutes away.  Too good to pass up."
131,33,Ses05F_script02_1_F,frustration,"Pass up what?  Its little fish, one month on the beach and they flop around and they swim away and then they die."
131,34,Ses05F_script02_1_M,neutral,"Yeah but that moment on the beach is the highlight of their little lives, all that flopping around is laying eggs or what you- mating or spawning or something like that."
131,35,Ses05F_script02_1_M,neutral,This is a big night for these guys.  Life's last orgy. Yeah
131,36,Ses05F_script02_1_F,frustration,"What are you so excited about?  I mean it's not--it's not rocket science we are talking about, its fish.  Its fish nobody even eats."
131,37,Ses05F_script02_1_M,neutral,Yeah they do.
131,38,Ses05F_script02_1_F,neutral,Augie.
131,39,Ses05F_script02_1_M,neutral,"Okay, but they are fish that do something that no other fish do.  Like the swallows returning to Capistrano, or the lemmings jumping off a cliff you know like that."
131,40,Ses05F_script02_1_M,neutral,There's There's mystery here and magic.  A little bit of the unexplainable.  I can't understand how you could not be interested.
131,41,Ses05F_script02_1_F,neutral,I am just not.
131,42,Ses05F_script02_1_M,neutral,For real?
131,43,Ses05F_script02_1_F,neutral,Yes.
131,44,Ses05F_script02_1_M,neutral,"I don't get it, the first time we came out here, you said it was the best night of your life and last year I remember distinctly you were so excited that you stuff your toe pushing me out of the door and you didn't notice it until you got into the car."
131,45,Ses05F_script02_1_F,frustration,"Last year you also remember, our shoes got wet and I got sand in my panties and we got into a big fight.  You had a sore throat and we did not see the grunions."
131,46,Ses05F_script02_1_M,frustration,We weren't in a good spot.
131,47,Ses05F_script02_1_F,frustration,We didn't see them the first time either.
131,48,Ses05F_script02_1_M,neutral,We just weren't in a good spot.  This is a much better spot.  I got a great instinct for these things.
131,49,Ses05F_script02_1_M,neutral,"Look there, what's that?  Is it?  Is that a--Ah, it's a seaweed isn't it?"
131,50,Ses05F_script02_1_M,neutral,"Oh, this is great.  I wouldn't miss this for the world.  I mean think about this. I know you are not interested but think about this for a second."
131,51,Ses05F_script02_1_M,neutral,"Somewhere out there, is a giant mass of silver fish all swimming in this direction.  They don't know why and we don't know why. They didn't get an invitation.  And it wasn't a vote- it wasn't a decision.  And nobody sent them a map or anything like that."
131,52,Ses05F_script02_1_M,neutral,It's just some little instinctual time-release firecracker that went off inside them and all this one they turn around and form a line as long as the California coast and just started swimming.
131,53,Ses05F_script02_1_M,neutral,"They are swimming right now as if it's the only thing that matters.  It's- It's single mindedness with no mind, urgency that's pure urge. It's- They don't know what drives them.  They- They don't give any name or ask any question. They just turn as one and started to swim to the very point we are standing right now for a massive celebration of sex and death.  God, it's giving me goose bumps all over my hairs on my arm. popping up."
131,54,Ses05F_script02_1_F,neutral,That's the wind.
131,55,Ses05F_script02_1_M,neutral,"Well, So what do you think?"
132,0,Ses05F_script02_2_M,neutral,"Well, so?  What do you think?"
132,1,Ses05F_script02_2_F,neutral,About what?
132,2,Ses05F_script02_2_M,frustration,What I was just saying.
132,3,Ses05F_script02_2_F,neutral,It's ridiculous.
132,4,Ses05F_script02_2_M,neutral,It certainly is not. It's slightly exaggerated scientific fact.
132,5,Ses05F_script02_2_F,neutral,"It's PR, somebody sold you a bill of goods that this wonderful event is going to occur on the beach."
132,6,Ses05F_script02_2_M,neutral,"I am not the only one, look at all these people."
132,7,Ses05F_script02_2_F,neutral,"Yeah, they are all told the same thing.  They are all told that you know.  Gets them excited and they can't wait and that if they just get in on the right spot, than you than maybe life will start"
132,8,Ses05F_script02_2_M,neutral,Are we talking about the same thing?
132,9,Ses05F_script02_2_F,frustration,I am sorry.  It's just fish to me.
132,10,Ses05F_script02_2_M,neutral,"Carla, can I ask you a question?  Now don't be upset, are you having a period?"
132,11,Ses05F_script02_2_F,anger,"God damn it, Augie.  Why do you always ask things like that?  It's so insulting."
132,12,Ses05F_script02_2_M,frustration,What's bugging you?
132,13,Ses05F_script02_2_F,frustration,I just had a different idea of what this evening is going to look like.
132,14,Ses05F_script02_2_M,frustration,"There's nothing to it.  We come down here.  The grunion arrives and they do their little fish thing.  And we say, Oh, wow.  Look at the little fish.  They go home, we go home."
132,15,Ses05F_script02_2_F,frustration,"For heaven's sake Augie, grow up we are not going to see the grunions."
132,16,Ses05F_script02_2_M,frustration,Why not?
132,17,Ses05F_script02_2_F,frustration,We never do.  Have we ever?  We never have.
132,18,Ses05F_script02_2_M,frustration,"We miss them twice, it's not ever."
132,19,Ses05F_script02_2_F,frustration,"Twice is every time we tried, that's ever."
132,20,Ses05F_script02_2_M,neutral,Well We will see them this year.
132,21,Ses05F_script02_2_F,frustration,"No, we won't.  Augie it's like waiting for Santa Claus to come.  I feel like I am going to spend my entire life standing on the beach with my eyes wide open and my hands clasp expectantly in front of me waiting for the fish to show up and the fish will not show up."
132,22,Ses05F_script02_2_M,frustration,I thought you wanted to see it.
132,23,Ses05F_script02_2_F,frustration,"I did, I do want to see it.  I always want to see it, Augie."
132,24,Ses05F_script02_2_M,frustration,"It's just fish, it's nothing to get traumatize over."
132,25,Ses05F_script02_2_F,frustration,"For heaven's sake, this is not about fish."
132,26,Ses05F_script02_2_M,frustration,"Okay, I been trying to work this backwards but I can't seem to pinpoint a moment when we took a turn for the worst here."
132,27,Ses05F_script02_2_M,neutral,"When you are on the phone with Marge, everything was fine.  Dinner was okay.  Doing the dishes was no problem. Let's see, I took a shower and you were watching the news and you said the grunions are running tonight and I said, great, let's go I am feeling lucky."
132,28,Ses05F_script02_2_M,neutral,"Right, so I am putting on my jacket and putting up the animals and pulling the car out of the garage."
132,29,Ses05F_script02_2_F,sadness,"Augie, do you remember the first time we came to see it?  It was about four years ago right after we got married and we thought I was pregnant."
132,30,Ses05F_script02_2_F,sadness,"We had a bottle of champagne but no glasses and you ask me to dance so we took off our shoes and while we were dancing, you said the most intimate things right in my ears so I could feel them as much as hear them."
132,31,Ses05F_script02_2_F,happiness,"And I remember thinking, Finally, finally.  I am as happy as I am supposed to be."
132,32,Ses05F_script02_2_M,neutral,"Wait a minute, I got it."
132,33,Ses05F_script02_2_F,sadness,"Dancing barefoot in the sand, drinking champagne from the bottle."
132,34,Ses05F_script02_2_M,neutral,"It was in the car, right?  When we were passing Knickerbocker Liquor Locker, you said, Let's get some champagne.  And I said time wasting or something like that.  Right? of course."
132,35,Ses05F_script02_2_F,sadness,I rather not remember some things.  I rather not hope for some things.
132,36,Ses05F_script02_2_M,neutral,"Okay, all right I got it.  You wanted it to be like the other time, okay no problem. Listen, You want to dance?"
132,37,Ses05F_script02_2_F,sadness,No.
132,38,Ses05F_script02_2_M,neutral,You want me to go get some champagne?
132,39,Ses05F_script02_2_F,sadness,No.
132,40,Ses05F_script02_2_M,neutral,Take off our shoes?
132,41,Ses05F_script02_2_F,frustration,No.
132,42,Ses05F_script02_2_M,neutral,"What, you want me to whisper in your ear?"
132,43,Ses05F_script02_2_F,neutral,No.
132,44,Ses05F_script02_2_M,frustration,You want to get married again?
132,45,Ses05F_script02_2_F,neutral,No.
132,46,Ses05F_script02_2_M,frustration,What? What You want a divorce?
132,47,Ses05F_script02_2_F,frustration,No no.
132,48,Ses05F_script02_2_M,frustration,"A vacation? A new carpet, a poodle?  A bag of ice cream, a suicide pack, what what Carla?  What the hell do you want?"
132,49,Ses05F_script02_2_F,neutral,No.
132,50,Ses05F_script02_2_F,frustration,I want something to turn out the way it is suppose to turn out.
132,51,Ses05F_script02_2_M,anger,What.  Welcome to the human race.
132,52,Ses05F_script02_2_M,neutral,"You think this is what I had in mind?  You think that when I propose I had this great fantasy going that four years down the road, we will end up on a beach arguing over fish. You think that I knew that there would be times when you will look at me like I am used Kleenex?  Or that I will look at you and think, holy hell what's the next flight to Alaska."
132,53,Ses05F_script02_2_M,frustration,"No, no I was just like you, I thought it will be all peaches and roses and- and sand in our toes and wind in our hair and the fish will always come. And the bills will always magically pay themselves and we will have three fat rosy kids and we will be, HAHA baby the joke is on us."
132,54,Ses05F_script02_2_M,neutral,Because you know what Carla?  You know what you get?  This.
132,55,Ses05F_script02_2_F,sadness,This what?  What is this?  This isn't even anything.
132,56,Ses05F_script02_2_M,neutral,Yes it is.
132,57,Ses05F_script02_2_F,sadness,"Sure, this is standing.  This is waiting.  This is fighting."
132,58,Ses05F_script02_2_M,neutral,Right.
132,59,Ses05F_script02_2_F,sadness,But this isn't anything like I thought it would be.
132,60,Ses05F_script02_2_M,sadness,"No, I know me either."
132,61,Ses05F_script02_2_F,sadness,"I mean it is just this , I mean it includes a lot and everything and you know it's the sand and it's the full moon and I just-I am sorry but I couldn't help wishing I was somewhere else."
132,62,Ses05F_script02_2_M,sadness,Maybe if you are with somebody else too?
132,63,Ses05F_script02_2_F,sadness,I didn't say that.
132,64,Ses05F_script02_2_M,sadness,"No, I know, but.  I know I don't make you happy."
132,65,Ses05F_script02_2_F,sadness,"For heaven's sake Augie, wherever I am I always wanted to be with you."
132,66,Ses05F_script02_2_M,neutral,Yeah?
132,67,Ses05F_script02_2_F,neutral,"For heaven's sake, don't you know that?"
132,68,Ses05F_script02_2_F,sadness,"Whatever I am doing, I wanted to be with you.  I mean you are probably the one who wishes you were with somebody else, somebody who didn't take everything so hard and who knows how to enjoy herself."
132,69,Ses05F_script02_2_M,happiness,"Actually, now that you mention it.  No, I don't."
132,70,Ses05F_script02_2_F,happiness,Good.  So maybe we are on the wrong spot but we are with the right person.
132,71,Ses05F_script02_2_M,happiness,I don't know.  Seems like a pretty good spot to me I mean look at the view of the moon you got from here.
132,72,Ses05F_script02_2_F,happiness,"Yes, I did notice that.  It does look really beautiful on the water.  The gold white moon."
132,73,Ses05F_script02_2_M,happiness,"Well, look what we have got here."
132,74,Ses05F_script02_2_F,neutral,"Augie, you bought refreshments."
132,75,Ses05F_script02_2_M,neutral,"Well, it's not champagne."
132,76,Ses05F_script02_2_F,neutral,Well than we don't need glasses.
132,77,Ses05F_script02_2_M,neutral,Are you still cold?  You still want to go home?
132,78,Ses05F_script02_2_F,happiness,"No, I am beginning to think that maybe this is the spot after all."
132,79,Ses05F_script02_2_M,happiness,"Shh, If we're very quiet, the fish might come."
132,80,Ses05F_script02_2_F,neutral,Or not.
132,81,Ses05F_script02_2_M,happiness,Or not.
133,0,Ses05F_script03_1_M,neutral,Good God.
133,1,Ses05F_script03_1_F,neutral,You think it's them?
133,2,Ses05F_script03_1_M,neutral,I wonder.
133,3,Ses05F_script03_1_F,neutral,"Freda is the only one who knows we're up here, and she wouldn't call up."
133,4,Ses05F_script03_1_M,neutral,It must be them then.
133,5,Ses05F_script03_1_F,neutral,What will be do?
133,6,Ses05F_script03_1_M,neutral,"We're all right, darling, aren't we whatever happens?"
133,7,Ses05F_script03_1_F,neutral,Now and always my sweet.
133,8,Ses05F_script03_1_M,neutral,I don't care then.
133,9,Ses05F_script03_1_F,neutral,It was bound to happen sooner or later.
133,10,Ses05F_script03_1_M,neutral,Hello?  Hello?  What?  Wrong number.
133,11,Ses05F_script03_1_F,neutral,"Oh, it sent shivers up my spine."
133,12,Ses05F_script03_1_M,neutral,"Oh, what shall we do if they suddenly walk in on us?"
133,13,Ses05F_script03_1_F,neutral,Behave exquisitely.
133,14,Ses05F_script03_1_M,neutral,With the most perfect poise.
133,15,Ses05F_script03_1_F,neutral,"Yes, I shall probably do a Court Curtsey."
133,16,Ses05F_script03_1_M,neutral,"[LAUGHTER] Oh, the things that ought to matter most dreadfully don't seem to matter at all when one's happy, do they?"
133,17,Ses05F_script03_1_F,neutral,Um... It's a pity that one can't stay this way forever.
133,18,Ses05F_script03_1_M,neutral,"Darling, don't say that."
133,19,Ses05F_script03_1_F,neutral,"Well, it's true."
133,20,Ses05F_script03_1_F,neutral,The whole business is really rather ridiculous.
133,21,Ses05F_script03_1_M,neutral,"Meaning that sacred and beautiful thing, love?"
133,22,Ses05F_script03_1_F,neutral,Meaning exactly that.
133,23,Ses05F_script03_1_M,neutral,"What does it all mean?  That's what I asked myself in my ceaseless quest for ultimate truth.  Dear God, what does it all mean?"
133,24,Ses05F_script03_1_F,neutral,Don't laugh at me; I'm serious.
133,25,Ses05F_script03_1_M,neutral,"You mustn't be serious my dear one, that's just what they want."
133,26,Ses05F_script03_1_F,neutral,Who's they?
133,27,Ses05F_script03_1_M,neutral,"All the futile mortals who try to make life unbearable.  Laugh at them.  Be flippant.  Laugh at everything, all their sacred shibboleths.  Flippancy brings out the acid in their damned sweetness and light."
133,28,Ses05F_script03_1_F,neutral,"Well, if I laugh at everything, I must laugh at us, too."
133,29,Ses05F_script03_1_M,neutral,Certainly you must.  We're figures of fun alright [LAUGHTER].
133,30,Ses05F_script03_1_F,neutral,"Well, what if-what happens when our love-"
133,31,Ses05F_script03_1_F,neutral,"How long will it last, this overbearing love of ours?"
133,32,Ses05F_script03_1_M,neutral,Who knows?
133,33,Ses05F_script03_1_F,neutral,"Well, shall we always want to bicker and fight?"
133,34,Ses05F_script03_1_M,neutral,"No, that fire will fade along with our passion."
133,35,Ses05F_script03_1_F,neutral,"Oh, dear, shall we like that?"
133,36,Ses05F_script03_1_M,neutral,It all depends on how well we played.
133,37,Ses05F_script03_1_F,neutral,"Well, what if one of us dies, does the other laugh then?"
133,38,Ses05F_script03_1_M,neutral,"Yes, yes, with all his might."
133,39,Ses05F_script03_1_F,neutral,"Well, that's rather serious, isn't it?"
133,40,Ses05F_script03_1_M,neutral,"No, no it isn't.  Death is very laughable.  Come such a cunning little mystery all done with mirrors."
133,41,Ses05F_script03_1_F,neutral,"My dear, I do believe you're talking nonsense."
133,42,Ses05F_script03_1_M,neutral,"no, So is everyone else in the long run.  Let's be superficial and pity the poor philosophers.  Let's blow trumpets and squeakers and --"
133,43,Ses05F_script03_1_M,neutral,enjoy the party as long as we can like very little quite idiotic schoolchildren. [garbage] Let's savor the delight of the moment.
133,44,Ses05F_script03_1_M,neutral,"Darling, come here and kiss me before your body rots and worms pop in and out of your eye sockets."
133,45,Ses05F_script03_1_F,neutral,"Elliot, worms don't pop."
133,46,Ses05F_script03_1_M,neutral,"I don't mind what you do, see, you could paint your body green all over and dance naked through the Place Vendome and run off with every man in the world.  And I shan't say a word as long as I know that you love me best."
133,47,Ses05F_script03_1_F,neutral,"Oh, thank you dear.  And the same goes for you except that if I so much as see you looking at another woman, I'll kill you."
133,48,Ses05F_script03_1_M,neutral,Do you remember that awful scene we had in Venice?
133,49,Ses05F_script03_1_F,neutral,Which particular one?
133,50,Ses05F_script03_1_M,neutral,The one where you bought that little painted wooden snake and put it on my bed.
133,51,Ses05F_script03_1_F,neutral,Charles.  That was his name.  He did wriggle so beautifully.
133,52,Ses05F_script03_1_M,neutral,"Horrible thing, I hate it."
133,53,Ses05F_script03_1_F,neutral,I know.  You threw him out the window into the canal.  I don't think I'll ever forgive you for that.
133,54,Ses05F_script03_1_M,neutral,How long did that row last?
133,55,Ses05F_script03_1_F,neutral,It went on intermittently for days.
133,56,Ses05F_script03_1_M,neutral,The worst one was in Cannes when your curling irons burnt a hole in my new dressing gown.
133,57,Ses05F_script03_1_F,neutral,"Uh- It burned all the towels in the bathroom, too."
133,58,Ses05F_script03_1_M,neutral,"Oh, that was quite a rouser, wasn't it?"
133,59,Ses05F_script03_1_F,neutral,That was the first time you ever hit me.
133,60,Ses05F_script03_1_M,neutral,"Oh, I didn't hit you very hard."
133,61,Ses05F_script03_1_F,neutral,And then the manager came in and found us rolling around on the floor biting and scratching like panthers.
133,62,Ses05F_script03_1_M,neutral,[LAUGHTER] I shall never forget his face.
133,63,Ses05F_script03_1_F,happiness,"Oh, ridiculous. utterly ridiculous"
133,64,Ses05F_script03_1_M,neutral,"Oh, we were very much younger then."
133,65,Ses05F_script03_1_F,neutral,And very much sillier.
133,66,Ses05F_script03_1_M,neutral,"Oh, As a matter of fact, the real cause of that row was Peter Burden."
133,67,Ses05F_script03_1_F,neutral,You knew there was nothing.
134,0,Ses05F_script03_2_M,neutral,"As a matter of fact, the real cause of that row was Peter Burden."
134,1,Ses05F_script03_2_F,neutral,You knew there was nothing in that.
134,2,Ses05F_script03_2_M,neutral,I knew nothing of the sort.  You accepted presents from him.
134,3,Ses05F_script03_2_F,neutral,Only a trivial little broach.
134,4,Ses05F_script03_2_M,neutral,"I remember it well, covered in diamonds in the worst possible taste."
134,5,Ses05F_script03_2_F,neutral,"No, not at all.  I-I still have it.  I wear it quite often."
134,6,Ses05F_script03_2_M,neutral,You went out of your way to torture me over Peter Burden.
134,7,Ses05F_script03_2_F,neutral,You worked the whole thing up in your jealous imagination.
134,8,Ses05F_script03_2_M,anger,"You must admit that he was in love with you, wasn't he?"
134,9,Ses05F_script03_2_F,neutral,"maybe just a little, but--"
134,10,Ses05F_script03_2_M,anger,You let him kiss you.  You said you did.
134,11,Ses05F_script03_2_F,neutral,And what of it?
134,12,Ses05F_script03_2_M,frustration,What of it?
134,13,Ses05F_script03_2_F,neutral,"Well, I- he got a lot of pleasure out of it and it didn't hurt me."
134,14,Ses05F_script03_2_M,neutral,What about me?
134,15,Ses05F_script03_2_F,neutral,"Well, if you hadn't been so nosey and suspicious, you never would have heard about it."
134,16,Ses05F_script03_2_M,anger,"Well, that's a nice point of view I must say."
134,17,Ses05F_script03_2_F,frustration,I'm growing quite tired and bored of this conversation.
134,18,Ses05F_script03_2_M,neutral,"So am I, bored stiff.  Would you like some brandy?"
134,19,Ses05F_script03_2_F,neutral,No.
134,20,Ses05F_script03_2_M,neutral,I'll have a little I think.
134,21,Ses05F_script03_2_F,neutral,I don't see why you want any.  You've already had three glasses.
134,22,Ses05F_script03_2_M,neutral,"No particular reason, besides, they were very small ones."
134,23,Ses05F_script03_2_F,neutral,"Well, it seems silly to go on and on in such a thing."
134,24,Ses05F_script03_2_M,neutral,You can hardly call three liqueur glasses of brandy in a whole evening going on and on.
134,25,Ses05F_script03_2_F,neutral,It's becoming a habit with you.
134,26,Ses05F_script03_2_M,anger,You needn't be so grand simply because you don't happen to want any at the moment.
134,27,Ses05F_script03_2_F,neutral,Don't be so stupid.
134,28,Ses05F_script03_2_M,anger,"Really, Amanda."
134,29,Ses05F_script03_2_M,neutral,"Going out somewhere, dear?"
134,30,Ses05F_script03_2_F,neutral,Just making myself fascinating for you.
134,31,Ses05F_script03_2_M,anger,"Oh, that reply has broken my heart."
134,32,Ses05F_script03_2_F,neutral,It's the woman's job to allure the man.  Why don't you watch me for a moment?
134,33,Ses05F_script03_2_M,neutral,"As a matter of fact, that is perfectly true."
134,34,Ses05F_script03_2_F,neutral,"No, it's not."
134,35,Ses05F_script03_2_M,frustration,"Oh, yes it is."
134,36,Ses05F_script03_2_F,neutral,"Oh, Do shut up."
134,37,Ses05F_script03_2_M,anger,It's a pity you didn't take a little more brandy.  It might have made you a little less disagreeable.
134,38,Ses05F_script03_2_F,anger,"Um, It doesn't seem to have worked such wonders with you."
134,39,Ses05F_script03_2_M,neutral,"Well, snap, snap, snap like a little adder."
134,40,Ses05F_script03_2_F,anger,"adder don't snap, they sting."
134,41,Ses05F_script03_2_M,neutral,"Nonsense, they have a little bag of venom behind their fangs and they snap."
134,42,Ses05F_script03_2_F,anger,They sting.
134,43,Ses05F_script03_2_M,anger,They snap.
134,44,Ses05F_script03_2_F,anger,"I don't care if they bark and roll around like hoops, okay."
134,45,Ses05F_script03_2_M,frustration,[BREATHING]
134,46,Ses05F_script03_2_M,anger,Did you see much of Peter Burden after the divorce?
134,47,Ses05F_script03_2_F,neutral,"Yes, I did quite a bit."
134,48,Ses05F_script03_2_M,anger,I suppose you let him kiss you a good deal more then.
134,49,Ses05F_script03_2_F,anger,Mind your own business.
134,50,Ses05F_script03_2_M,anger,"You must have a riotous time, no restraint at all, very enjoyable.  I mean, you never had much anyway."
134,51,Ses05F_script03_2_F,anger,"Oh dear, you really are becoming quite insufferable.  I would imagine it's because you're drunk."
134,52,Ses05F_script03_2_M,neutral,I'm not the least bit drunk.
134,53,Ses05F_script03_2_M,neutral,I think I mentioned once before that I had only three-minute liqueur glasses of brandy the entire evening long.  A child of two could not be drunk on that.
134,54,Ses05F_script03_2_F,neutral,"Oh no, on the contrary, a child of two could get violently drunk on only one glass."
134,55,Ses05F_script03_2_M,neutral,"Oh, very interesting.  How about a child of three or a child of six?  How about a child of nine?"
134,56,Ses05F_script03_2_F,frustration,"Oh, You are so insufferable.  Do you stop."
134,57,Ses05F_script03_2_M,frustration,"Oh, This is very interesting.  We- we might get a splendid debate going about this intemperate tots."
134,58,Ses05F_script03_2_F,anger,"Not very funny, dear, you better have some more brandy."
134,59,Ses05F_script03_2_M,neutral,"Oh, very good idea.  I will."
134,60,Ses05F_script03_2_F,frustration,Ugh.
134,61,Ses05F_script03_2_M,frustration,You better turn that off I think.
134,62,Ses05F_script03_2_F,anger,Why?
134,63,Ses05F_script03_2_M,neutral,It's very late and it will disturb the people upstairs.
134,64,Ses05F_script03_2_F,anger,There aren't any people upstairs; it's a photographer's studio.
134,65,Ses05F_script03_2_M,neutral,"Well, there are people downstairs I suppose."
134,66,Ses05F_script03_2_F,anger,They're away in Tunis.
134,67,Ses05F_script03_2_M,neutral,It is not time of year for Tunis.
134,68,Ses05F_script03_2_F,anger,Turn it on again.
134,69,Ses05F_script03_2_M,neutral,I'll do no such thing.
134,70,Ses05F_script03_2_F,anger,"Fine, if you insist on being completely insolent."
134,71,Ses05F_script03_2_M,anger,Turn it off.  It is driving me mad.
134,72,Ses05F_script03_2_F,anger,"Well, do try to control yourself darling."
134,73,Ses05F_script03_2_M,anger,Turn it off.
134,74,Ses05F_script03_2_F,anger,You really do need to develop uh a clearer head.
134,75,Ses05F_script03_2_M,anger,Turn it off.
134,76,Ses05F_script03_2_F,anger,I- I hate you.
134,77,Ses05F_script03_2_M,anger,Amanda-- Listen- Listen-
134,78,Ses05F_script03_2_F,anger,I hate you.
134,79,Ses05F_script03_2_F,anger,"No, no.  I'm tired of listening to you.  You're boorish and idiotic and completely overbearing."
134,80,Ses05F_script03_2_M,anger,Very music- amusing indeed.
134,81,Ses05F_script03_2_F,anger,"Yeah, very amusing.  Let me go.  I'm getting out of here.  I can't believe I intended to marry you."
134,82,Ses05F_script03_2_M,anger,"You are a vile tempered, loose living, wicked little beast, and I never want to set eyes on you again."
134,83,Ses05F_script03_2_F,anger,"Oh, marry you again?  I must have been insane.  What was I thinking?  I mean, you're completely outrageous."
134,84,Ses05F_script03_2_M,anger,"Shut up, shut up.  I wouldn't marry you again if you came crawling to me on bended knee. You're a mean, evil-minded little vampire and I hope to God I never set eyes on you again."
134,85,Ses05F_script03_2_F,anger,Beast; brute; cad; whore
135,0,Ses05M_impro01_F,neutral,Can I help you?
135,1,Ses05M_impro01_M,neutral,"Yes, I'm um- just getting my I.D.  I need a new I.D."
135,2,Ses05M_impro01_F,neutral,"Oh, this- this form that you have is the wrong form.  You need to go over to the other line on the other side of the D.M.V.."
135,3,Ses05M_impro01_M,neutral,What do you mean?  I filled out my forms and I rushed to get my I.D.
135,4,Ses05M_impro01_F,neutral,"Right, but this is the wrong form.  Somebody gave you the wrong form."
135,5,Ses05M_impro01_M,neutral,The wrong form?
135,6,Ses05M_impro01_F,neutral,"Yeah.  So, I can't -- I can't do anything-"
135,7,Ses05M_impro01_M,neutral,What's wrong about this form?  It says new I.D. on it.
135,8,Ses05M_impro01_F,neutral,"No, but this is for um- replacements and you need a new -- whole new license as a California --"
135,9,Ses05M_impro01_M,frustration,What's the difference?  What's the difference between that form and this form?
135,10,Ses05M_impro01_F,frustration,"Sir, don't get an attitude with me."
135,11,Ses05M_impro01_M,anger,"I'm not getting a -- well, you wait in this line and not get an attitude."
135,12,Ses05M_impro01_F,neutral,"No, I understand and there are a lot of people here.  But what I'm telling you is that it's different for different states and since your getting a new license in the state of California -- You have to fill out a different form than you did."
135,13,Ses05M_impro01_M,neutral,yeah.
135,14,Ses05M_impro01_M,neutral,right.
135,15,Ses05M_impro01_M,frustration,"Well then, when I showed them my I.D. before and I said I had to get a new I.D, why didn't they tell me to fill out the right form?"
135,16,Ses05M_impro01_F,frustration,I don't know.  I don't know who told you.  It wasn't me.
135,17,Ses05M_impro01_M,frustration,"Well, it was this girl standing right next to you.  Can we ask her why she didn't let me fill out the right form?"
135,18,Ses05M_impro01_F,frustration,"You- You can ask her if you want, but she's busy and she probably won't answer you."
135,19,Ses05M_impro01_M,neutral,This is ridiculous.  I've been here for forty five minutes. Just standing in this one line. I took fifteen minutes to fill out that form.
135,20,Ses05M_impro01_F,neutral,I know.
135,21,Ses05M_impro01_F,frustration,"Sir, you- I mean"
135,22,Ses05M_impro01_M,frustration,Do you know how long it's gonna take me to start all over and fill out the new form?
135,23,Ses05M_impro01_F,frustration,You can waist as much as you want
135,24,Ses05M_impro01_F,neutral,Yeah.  I know it's gonna take a minute.  But you-- so you might as well get started now.
135,25,Ses05M_impro01_M,frustration,Might as well get started now? but Just take this one.
135,26,Ses05M_impro01_F,frustration,"I can't take this one, sir. this is the wrong form."
135,27,Ses05M_impro01_M,frustration,Why can't we just -- you know what?  How about if we just pretend that I'm getting a -- renewing my California I.D. and we just don't tell anybody -- That I'm getting a new one from a different state?
135,28,Ses05M_impro01_F,frustration,"Sir, please don't waste my time."
135,29,Ses05M_impro01_F,frustration,There is nothing I can do about it.  You need to take this other form and fill it out and go stand in the other line.
135,30,Ses05M_impro01_M,frustration,"Come on!  You know -- you can't just take -- make a little exception to the rule?  I know that you guys make exceptions.  I see -- you know, if I was-if I was your friend and you knew me, or something like that, you'd probably make a little exception for me wouldn't you?"
135,31,Ses05M_impro01_F,frustration,"They're different forms, we process them all different-"
135,32,Ses05M_impro01_M,anger,"Wouldn't you? Oh, come on.  you just tell me.  You would make an exception for me."
135,33,Ses05M_impro01_F,frustration,I -- there's no way I'd make an exception.
135,34,Ses05M_impro01_F,frustration,"Sir, don't patronize me.  I can't make an exception.  I don't- I don't have the power to do that.  It's a different form."
135,35,Ses05M_impro01_M,frustration,Shh...I know you've got the power to do that.
135,36,Ses05M_impro01_F,frustration,They're processed differently.
135,37,Ses05M_impro01_M,frustration,That's crap- You're crap.  I don't buy it.
135,38,Ses05M_impro01_F,frustration,"Sir, you're gonna have to go stand in the other line."
135,39,Ses05M_impro01_M,frustration,I'm not leaving this line until I get my new I.D.  That's as simple as it is.  I'm not leaving this line until I get my new I.D.
135,40,Ses05M_impro01_F,anger,I'm gonna- I'm gonna bring security over and have them escort you out.
135,41,Ses05M_impro01_M,frustration,"Well, then you're just gonna look stupid because I'm just waiting for an I.D. and you're gonna make security take me out because I want my I.D."
135,42,Ses05M_impro01_M,frustration,That's just dumb.
135,43,Ses05M_impro01_F,frustration,But you filled out the wrong form and you're in the wrong line and you're wasting both of our times.
135,44,Ses05M_impro01_M,frustration,I filled out the wrong form because they made me fill out the wrong form!
135,45,Ses05M_impro01_F,anger,"Well, that's unfortunate, sir.  You're gonna have to go stand in the other line now."
135,46,Ses05M_impro01_M,frustration,"This is crap.  You know, I don't even know why I'm in this state.  Screw California.  I'm out of here."
136,0,Ses05M_impro02_F,neutral,What is it?
136,1,Ses05M_impro02_M,sadness,"Sweetheart, I've got to tell you something.  I just got a call.  I'm going to Iraq."
136,2,Ses05M_impro02_F,neutral,What?
136,3,Ses05M_impro02_M,sadness,"I know it's really crappy timing, but I don't have a choice."
136,4,Ses05M_impro02_F,neutral,"What?  No, you can't!"
136,5,Ses05M_impro02_M,neutral,I know. I have to go-
136,6,Ses05M_impro02_F,neutral,You didn't- Did you tell them you have two young children at home?
136,7,Ses05M_impro02_M,neutral,"You think they'd listen to me?  No.  Of course, I told them that."
136,8,Ses05M_impro02_F,neutral,And they didn't care?
136,9,Ses05M_impro02_M,neutral,No.
136,10,Ses05M_impro02_M,neutral,I don't know what to do.  I'm - Sorry
136,11,Ses05M_impro02_F,neutral,They can't do that to you.
136,12,Ses05M_impro02_M,neutral,I know.
136,13,Ses05M_impro02_M,sadness,"I don't have a choice.  I have to go.  If I don't go, they'll come and take me."
136,14,Ses05M_impro02_F,frustration,"No, we have- There's got to be something you can do.  You can't go."
136,15,Ses05M_impro02_M,frustration,I've tried everything.  I've called everyone I know.  I've tried everything. No one can do anything for me or they won't do anything for me.
136,16,Ses05M_impro02_F,neutral,How long do you have to go for?
136,17,Ses05M_impro02_M,neutral,At least a year.
136,18,Ses05M_impro02_F,neutral,What?
136,19,Ses05M_impro02_M,sadness,I know.
136,20,Ses05M_impro02_M,sadness,I don't want to -- the kids.  You've got to take care of them.  You've got- you've got to-
136,21,Ses05M_impro02_M,sadness,"tell them about me and show them pictures of me and everything like that, because they are not going to see me for such a long time.  And it's such an important time and I just don't want to miss it."
136,22,Ses05M_impro02_F,frustration,There's got to be something we can do.  You can't just go.
136,23,Ses05M_impro02_M,neutral,I don't know what to-
136,24,Ses05M_impro02_M,sadness,I don't have -- I know.  What are we gonna- What are we- just run away?  What can I do?  Where can we go?
136,25,Ses05M_impro02_F,frustration,Why don't we do that- Can we- Can we just leave the country?
136,26,Ses05M_impro02_M,neutral,Where are we gonna go?
136,27,Ses05M_impro02_M,neutral,Where are we gonna go?
136,28,Ses05M_impro02_F,neutral,I don't know.
136,29,Ses05M_impro02_M,neutral,They'll find me anyway.  You know they will.
136,30,Ses05M_impro02_F,neutral,What would be the worst that would happen if they found you somewhere else?
136,31,Ses05M_impro02_M,frustration,"They'd put me in jail and then how long- when will I get to see the kids?  What, ten years?  I don't know."
136,32,Ses05M_impro02_F,sadness,"Well, they're so young."
136,33,Ses05M_impro02_M,sadness,I know.  But I'll-I'll send the pictures all the time and I'll write them emails and you can read them the emails that I send them.
136,34,Ses05M_impro02_F,neutral,Where are you gonna be stationed?  What are you gonna be doing?
136,35,Ses05M_impro02_M,sadness,"I'm gonna be in Bagdad, just doing security."
136,36,Ses05M_impro02_F,neutral,"Are you gonna be like in tanks running around?  What- I mean, what does that mean?"
136,37,Ses05M_impro02_M,neutral,"Yeah, it's gonna be everything.  I'm gonna be in the front.  I'll be -- it's not gonna be safe."
136,38,Ses05M_impro02_F,neutral,"Oh, my God."
136,39,Ses05M_impro02_M,sadness,I just want to be honest with you.  I don't want you to .
136,40,Ses05M_impro02_M,sadness,"but, it's gonna be fine.  I'm gonna be fine.  You know I'm good at this.  I can do this.  That's why I trained all this time.  I'm good at this.  Okay?"
136,41,Ses05M_impro02_F,neutral,But so many people have died.
136,42,Ses05M_impro02_M,sadness,"I know.  I know.  I know.  But, you know what?  That doesn't mean it's gonna be me; does it?"
136,43,Ses05M_impro02_F,neutral,"I know.  I know.  I know I know. You're good You're good at what you do, but there's just so much chance involved."
136,44,Ses05M_impro02_M,sadness,No.  It doesn't.  And you can't think like that.
136,45,Ses05M_impro02_F,neutral,"I mean, I-I know that you're a good soldier, but not everybody else is. and what if"
136,46,Ses05M_impro02_M,sadness,I don't want you to -- I know.  I know. You can't worry about me.  You've got to worry about the kids.  And you've got to take care of the kids for me.  Okay?  Take care of the kids for me; all right?
136,47,Ses05M_impro02_M,neutral,"And you know my mom's here.  She'll come over and she'll be with you all the time, whenever you need her."
136,48,Ses05M_impro02_F,sadness,It's just so much.
136,49,Ses05M_impro02_M,sadness,"I'll miss you, baby."
136,50,Ses05M_impro02_F,sadness,[GARBAGE] You have to write me everyday.
136,51,Ses05M_impro02_M,sadness,"All- I'll write you everyday, all the time.  And I'll send you pictures and you send me pictures. I know We've got email out there.  We've got email and I can see stuff and you can send me stuff all the time.  Okay?"
136,52,Ses05M_impro02_F,neutral,"Can I send you, like videos and stuff? What about when they start walking."
136,53,Ses05M_impro02_M,sadness,yeah yeah yeah.
136,54,Ses05M_impro02_M,neutral,You you record every second.  You record every second because I want to see it all.  Okay?
136,55,Ses05M_impro02_M,neutral,"If I don't get to see it now, I get to see it later at least, you know?  You've got to keep it all for me; all right?"
136,56,Ses05M_impro02_F,sadness,okay.
136,57,Ses05M_impro02_M,neutral,I love you.  Okay?
136,58,Ses05M_impro02_F,sadness,[GARBAGE]
137,0,Ses05M_impro03_M,neutral,Guess what?
137,1,Ses05M_impro03_F,neutral,what?
137,2,Ses05M_impro03_M,neutral,"I did it, I asked her to marry me."
137,3,Ses05M_impro03_F,neutral,What? you did?
137,4,Ses05M_impro03_M,neutral,"Yes, I did it."
137,5,Ses05M_impro03_F,neutral,When?
137,6,Ses05M_impro03_M,neutral,"Oh my god, it was just last weekend."
137,7,Ses05M_impro03_F,neutral,"Oh, what, how- where how did you do it?"
137,8,Ses05M_impro03_M,happiness,"She--,well, she said yes, first of all, let me say that right off the bat. Well, I would like to assume, too.  But you never know these things, right?"
137,9,Ses05M_impro03_F,neutral,Okay good. I I assumed.
137,10,Ses05M_impro03_M,neutral,"Um-, but no- It was It was great.  It was really great.  I think she was really surprised and she was really happy. um-"
137,11,Ses05M_impro03_F,happiness,oh-
137,12,Ses05M_impro03_M,happiness,"I did it up at Yosemite.  We went camping right like we usually do.  You know we go camping up there all the time.  But, um- the waterfalls had died down a little bit, you know. And so uh- we-I had her climb up."
137,13,Ses05M_impro03_M,happiness,"You know- we did some- you know some rock climbing up the waterfalls and went up to this little pool that was up there.  And then, I- it's great. Um- You have to climb this little rock-"
137,14,Ses05M_impro03_F,neutral,uh-huh
137,15,Ses05M_impro03_M,happiness,"and you can climb it and it's covered in algae you know. So, I wanted her to climb it to go take a picture, like, back in this little waterfall area, and she got back there and she took her picture. And then, I had her come back.  And I was going to do the same thing."
137,16,Ses05M_impro03_M,happiness,"Well, instead I climb up on the rock and like I- I didn't do it -- well, I did it on purpose. I made it look like I accidentally did it.  I slipped down into this pool of water, right?  And she freaks out because I slide all the way down this rock.  And um-"
137,17,Ses05M_impro03_F,neutral,uh-huh
137,18,Ses05M_impro03_M,happiness,"And I pop up out of the water -- and I had planned it already, you know? I pop up out of the water and I [BREATHING] and I like, grab her hand, you know.  and that In my hand, I've got the ring."
137,19,Ses05M_impro03_M,happiness,"And she's like- she feels it you know and she doesn't know what it is.  And she you know helps me get out and I won't let go of her hand.  And she's like, what are you doing?  I and said, You saved my life, now will you marry me?"
137,20,Ses05M_impro03_F,neutral,"Oh, my God.  That's so dramatic."
137,21,Ses05M_impro03_M,happiness,Wasn't that great? I didn't want it to be too hokey.but- but- She liked it.She liked it.
137,22,Ses05M_impro03_F,happiness,so cute.
137,23,Ses05M_impro03_F,happiness,"No, it's totally original, though."
137,24,Ses05M_impro03_F,happiness,oh.
137,25,Ses05M_impro03_M,happiness,"Yeah.  And she said yes.  And she cried, of course."
137,26,Ses05M_impro03_F,happiness,"Oh, Then you had a whole weekend of camping?"
137,27,Ses05M_impro03_M,happiness,"Yes.  We did that in the beginning, exactly.  So we had, so we just had, you know, good times the rest of the weekend, yeah."
137,28,Ses05M_impro03_F,happiness,"Oh, right. sure [LAUGHTER]"
137,29,Ses05M_impro03_M,happiness,It was a lot of fun- It was a lot of fun.  She's great.  And I'm so happy.
137,30,Ses05M_impro03_F,happiness,So where are you going to have your wedding?
137,31,Ses05M_impro03_M,happiness,"We're going to do it back in the Midwest where her family all is.  They're all out there. you know so, Um  And so, just gonna have a small, small wedding. But, um- you know, of course, you're going to come, right?"
137,32,Ses05M_impro03_F,neutral,Yeah. of course.
137,33,Ses05M_impro03_M,neutral,Okay good. And uh- I want you to be in it actually.
137,34,Ses05M_impro03_F,neutral,Okay Okay.
137,35,Ses05M_impro03_M,happiness,"Um- And she wants you to be in it, too.  She loves you so much. She thinks you're the sweetest.  Of course, you are.  You're You're my best friend so-"
137,36,Ses05M_impro03_F,neutral,Awe.
137,37,Ses05M_impro03_F,happiness,Where is she right now?
137,38,Ses05M_impro03_M,neutral,"oh, She's back at work. yeah."
137,39,Ses05M_impro03_F,happiness,"Yeah,I'll hang out with the both of you."
137,40,Ses05M_impro03_M,neutral,Of course.  We'll go out to dinner later this week.
137,41,Ses05M_impro03_F,neutral,yes.
137,42,Ses05M_impro03_M,neutral,It will be perfect.
137,43,Ses05M_impro03_F,neutral,Oh I'm so excited for you.
137,44,Ses05M_impro03_M,neutral,"Yes, me too. Oh I am so in love."
137,45,Ses05M_impro03_F,happiness,oh.
137,46,Ses05M_impro03_M,happiness,She's the one.
137,47,Ses05M_impro03_F,happiness,"Oh, my gosh.  You told your parents already? and everything"
137,48,Ses05M_impro03_M,happiness,Of course.  I told them right away.  We called them all right them.
137,49,Ses05M_impro03_F,happiness,Are they so excited?
137,50,Ses05M_impro03_M,happiness,"Oh, yeah.  My mom's freaking out. Oh yeah, She's so happy. this is you know  It's her dream come true.  She always wanted her little boy -- she wants kids, you know."
137,51,Ses05M_impro03_M,happiness,She wants grandkids. So we'll be working on that right away.
137,52,Ses05M_impro03_F,neutral,right right.
137,53,Ses05M_impro03_F,neutral,Are you guys gonna have kids?
137,54,Ses05M_impro03_M,happiness,"Of course, we're gonna have kids, like three at least."
137,55,Ses05M_impro03_F,neutral,Yeah?
137,56,Ses05M_impro03_F,neutral,"Whoa, right away?."
137,57,Ses05M_impro03_M,happiness,"She wants like eight- She wants like eight kids and I'm like, no, no, no, no, no.  I am like what Let's do maybe three and we'll go with that."
137,58,Ses05M_impro03_F,neutral,Are you going to start right away?
137,59,Ses05M_impro03_M,neutral,"Well, we're going to take a little bit of time, you know, we need to get acclimated and you know start our lives, make money, you know be comfortable."
137,60,Ses05M_impro03_F,neutral,"Yeah, have you ever like lived with someone else before?"
137,61,Ses05M_impro03_M,happiness,"Oh, yeah, yeah, yeah, yeah I mean, actually we lived together awhile back when we -- Yeah, back in college for a little while. yeah."
137,62,Ses05M_impro03_F,neutral,"Oh, did you?  I didn't know that."
137,63,Ses05M_impro03_F,neutral,oh.
137,64,Ses05M_impro03_M,happiness,But that- so we are really used to each other. We took the time apart and now we're going to get back together.  We're going to move in soon.
137,65,Ses05M_impro03_F,neutral,Oooh
137,66,Ses05M_impro03_M,happiness,it's great. I'm a lucky man.
137,67,Ses05M_impro03_F,happiness,"That's incredible yeah ,Congratulations."
137,68,Ses05M_impro03_M,happiness,Thank you.
138,0,Ses05M_impro04_M,frustration,"Uh, God.  I don't know what to do anymore.  Like I said --"
138,1,Ses05M_impro04_F,neutral,What do you mean?
138,2,Ses05M_impro04_M,frustration,"I don't know.  There's nothing for me out there.  I can't get a job.  I haven't gotten a job in a year, three years.  What is it, three years now; right? That I haven't been able to have a job."
138,3,Ses05M_impro04_F,neutral,Really? It's been that long?
138,4,Ses05M_impro04_M,frustration,"Something like that.  I can't even remember anymore. I don't know what to do anymore.  I just get out there everyday -- well, not everyday, almost everyday."
138,5,Ses05M_impro04_F,neutral,Wow.
138,6,Ses05M_impro04_M,frustration,And try to do something. I mean-
138,7,Ses05M_impro04_F,neutral,What have you been trying?
138,8,Ses05M_impro04_M,frustration,"Well, everything.  I'll do temping, you know, office work.  You know, whatever to pay the bills.  You know, I'll do anything."
138,9,Ses05M_impro04_M,frustration,"But, I mean, I don't want to keep those jobs.  I don't want those jobs.It's not what I want to do."
138,10,Ses05M_impro04_F,neutral,Right.
138,11,Ses05M_impro04_M,frustration,"But, I don't know.  God, what am I going to do?  Should I go back to school?  I can't- I can't afford to go back to school."
138,12,Ses05M_impro04_M,frustration,What do you do?
138,13,Ses05M_impro04_F,neutral,"Well, I mean, right now I'm just doing a little bit of everything.  And I don't- I don't think that I'm in like a profession, like career oriented place."
138,14,Ses05M_impro04_M,neutral,"You plan on being there forever? I mean, Like, what do you --"
138,15,Ses05M_impro04_F,neutral,"No.  I'm just working in restaurants and stuff. But, I'm also trying to audition and what not.  So, it's --"
138,16,Ses05M_impro04_M,neutral,yeah.
138,17,Ses05M_impro04_M,neutral,right.
138,18,Ses05M_impro04_M,frustration,"Yeah, yeah.  Well, hello.  That's what I'm doing too.  But I can't get the restaurant job.  I can't get -- -- the restaurant gig.  No one will give me anything."
138,19,Ses05M_impro04_F,neutral,Really?
138,20,Ses05M_impro04_M,frustration,"I go in for these interviews, and they're all cool and everything, you know.  Their nice and I'm nice to them, you know, give and take, back and forth, and whatever."
138,21,Ses05M_impro04_M,frustration,But they always go with somebody else.
138,22,Ses05M_impro04_F,neutral,"L.A. is really hard.  I mean, have you tried like just going into a bar a couple of times to make friends with people who work there? and"
138,23,Ses05M_impro04_M,frustration,"Yeah, absolutely.  Hello?  You know me.  I go to bars all the time.  Like, they all know me, you know.  But no one wants to hire me."
138,24,Ses05M_impro04_M,frustration,"but Maybe they don't want to hire me because they know me. I don't know, what's wrong with me, Is there something wrong with me?"
138,25,Ses05M_impro04_F,neutral,"I was just going to say that's your issue. Maybe you are going in too much. No, I mean, just"
138,26,Ses05M_impro04_F,neutral,are you going into the bars every night?
138,27,Ses05M_impro04_M,frustration,"I mean, You can tell me what.  Why is no one hiring me?  Is it me?  Be honest.  You can tell me. you know I can take it.  I can take it, you just tell me. Why?"
138,28,Ses05M_impro04_F,neutral,"Well, I don't really know.  I don't I don't know you in like a job situation, so."
138,29,Ses05M_impro04_M,frustration,"Yeah, but I'm -- okay, well how about personality wise?  I mean, people who know me won't hire me.  Why?"
138,30,Ses05M_impro04_F,neutral,"Wow.  I don't -- I mean, do you- do you have an attitude problem when you're on the job?"
138,31,Ses05M_impro04_M,neutral,"I don't think I have an attitude problem when I'm on the job, no- I have an attitude problem right now because I don't have a job."
138,32,Ses05M_impro04_F,neutral,Maybe [garbage].
138,33,Ses05M_impro04_F,neutral,"Right.  Maybe you have, like, you know a little bit of an abrasive vibe or something."
138,34,Ses05M_impro04_M,anger,An abrasive vibe?
138,35,Ses05M_impro04_F,neutral,I don't know.  I'm I'm just trying --
138,36,Ses05M_impro04_M,anger,"Let me know that's -- that's fine.  You think I have an abrasive vibe, whatever.  You're entitled to your opinion, of course.  Maybe that's why I don't have a job."
138,37,Ses05M_impro04_F,neutral,Are you getting defensive?
138,38,Ses05M_impro04_M,neutral,"No.  I'm not getting defensive.  I'm not getting defensive.  No. I asked you a question, you told me.  What?"
138,39,Ses05M_impro04_F,neutral,Yeah.  That might be something you want to look at.  I mean --
138,40,Ses05M_impro04_M,frustration,"I'm not like this all the time.  I mean, I don't -- I'm just frustrated right now, all right.  I just want to do --"
138,41,Ses05M_impro04_F,neutral,Okay.
138,42,Ses05M_impro04_M,frustration,"I want to make some money.  I need to make some money.  I've got to pay some bills, I owe people money.  I owe lots of people money.  I need to make some money."
138,43,Ses05M_impro04_F,neutral,I understand.
138,44,Ses05M_impro04_F,neutral,"Yeah, it's stressful.  I recognize that."
138,45,Ses05M_impro04_M,frustration,"Do you have any idea how I can make money?  I mean, what can I do to make some quick money, something?  Anything, that's relatively within the you know law."
138,46,Ses05M_impro04_F,neutral,ah.
138,47,Ses05M_impro04_F,neutral,"Not- Not selling pot, right?"
138,48,Ses05M_impro04_M,frustration,"Right, probably not selling pot. I don't want to go to jail."
138,49,Ses05M_impro04_F,neutral,Okay so.
138,50,Ses05M_impro04_F,neutral,Fair enough.
138,51,Ses05M_impro04_M,frustration,Because that would just really be a topper for me.
138,52,Ses05M_impro04_F,neutral,Yeah.  [LAUGHTER] It's a joke.
138,53,Ses05M_impro04_M,frustration,Thank you.  Ha ha.
138,54,Ses05M_impro04_F,neutral,"Sorry.  So, let's see.  What else?  What's available? What? Um.  Hmm."
138,55,Ses05M_impro04_M,frustration,See what I mean?  You can't even think of anything.
138,56,Ses05M_impro04_F,neutral,"Well, not off the top of head.  It will just take you know take a minute.  But do you have any, like, special skills?"
138,57,Ses05M_impro04_M,frustration,I can juggle.
138,58,Ses05M_impro04_F,neutral,"Well, maybe we can find you something with juggling."
138,59,Ses05M_impro04_M,frustration,I've tried.
138,60,Ses05M_impro04_F,neutral,Have you checked out Craig's List and stuff?
138,61,Ses05M_impro04_M,frustration,Yes!  Nobody wants a juggler.  I am not going to -- I'm not going to dress up like a clown. I'm not going to dress up like a freaking clown. No.
138,62,Ses05M_impro04_F,neutral,"What if you do kids parties? oh, come on."
138,63,Ses05M_impro04_M,frustration,"No, it's demeaning.  I am not a clown.  I have talent.  Clowns don't have talent."
138,64,Ses05M_impro04_F,neutral,Okay.  All right.
138,65,Ses05M_impro04_M,frustration,It's that simple.
138,66,Ses05M_impro04_F,neutral,"Okay.  Well, fine. we won't- I won't argue with you about that."
138,67,Ses05M_impro04_M,frustration,yeah.
138,68,Ses05M_impro04_F,frustration,What else?  I can't -- uh.  I'm drawing a blank here.
138,69,Ses05M_impro04_M,frustration,You and me both.
138,70,Ses05M_impro04_F,neutral,"That's rough.  I'm really sorry, Ryan."
138,71,Ses05M_impro04_M,neutral,"Yeah, life sucks."
138,72,Ses05M_impro04_F,neutral,"Well, um, is that kinda like the side of you that you let people see when you go into these job interviews?"
138,73,Ses05M_impro04_M,frustration,"No, I just showed that for you [garbage]."
138,74,Ses05M_impro04_F,neutral,"Okay.  Well, that's good.  Yeah, I mean, you're you're- when you're happy you're a pretty personable guy.  And I don't --I don't"
138,75,Ses05M_impro04_M,frustration,I like to think so.
138,76,Ses05M_impro04_F,neutral,I can't see where the issue would be. so
138,77,Ses05M_impro04_M,frustration,see.
138,78,Ses05M_impro04_M,anger,"Yeah, well thanks for your help."
138,79,Ses05M_impro04_F,neutral,"I'm sorry.  Good luck, man."
138,80,Ses05M_impro04_M,sadness,I'll need it.
139,0,Ses05M_impro05_M,neutral,Hi. Um-  My luggage didn't come out of the conveyor thingy.
139,1,Ses05M_impro05_F,neutral,Hmm. Hmm.
139,2,Ses05M_impro05_M,neutral,"So, um, what do I do?"
139,3,Ses05M_impro05_F,neutral,How long ago was that?
139,4,Ses05M_impro05_M,neutral,"Uh- Like, an hour and a half ago.  I talked to somebody who was standing out there and they said wait.  Sometimes like random butt- pieces come out late."
139,5,Ses05M_impro05_F,neutral,Uh-Hmm.
139,6,Ses05M_impro05_M,neutral,"And so I waited there, but nothing came."
139,7,Ses05M_impro05_F,neutral,"Um, okay.  Well, you can fly- file a claim.  Where were you coming from?"
139,8,Ses05M_impro05_M,neutral,"I was coming from um the Midwest, like Iowa."
139,9,Ses05M_impro05_F,neutral,"So, within the country, though? umm"
139,10,Ses05M_impro05_M,neutral,"Yeah, I know I was in the country.  I mean, it's not that complicated."
139,11,Ses05M_impro05_F,neutral,"Yeah, well the chances of it being lost forever, you know, are slight because -- -- you were in the --"
139,12,Ses05M_impro05_M,neutral,"Well, I would hope so."
139,13,Ses05M_impro05_F,neutral,"Well, I mean, you know that happens pretty often that sometimes baggage -- -- gets lost."
139,14,Ses05M_impro05_M,neutral,People lose --
139,15,Ses05M_impro05_M,neutral,forever?
139,16,Ses05M_impro05_F,neutral,yeah.
139,17,Ses05M_impro05_M,neutral,"You know, this is actually, I mean it's -- it's a really important piece of luggage."
139,18,Ses05M_impro05_F,neutral,Okay.
139,19,Ses05M_impro05_M,neutral,"I mean, it's not big or anything like that.  I mean, it's not worth a lot of money or anything."
139,20,Ses05M_impro05_F,neutral,Did you have insurance on your flight?
139,21,Ses05M_impro05_M,neutral,"No.  I mean, don't you get insurance when you buy your ticket or something?"
139,22,Ses05M_impro05_F,neutral,"No, you have to buy it now.  It's like thirty dollar extra."
139,23,Ses05M_impro05_M,frustration,"Well, no one even told me about that.  Like, why would I think to buy insurance?  I was- It's like a three hour flight."
139,24,Ses05M_impro05_F,neutral,"well, it's something that worth"
139,25,Ses05M_impro05_F,neutral,"yeah, I don't know."
139,26,Ses05M_impro05_M,frustration,"How can you lose my luggage like from like, in --"
139,27,Ses05M_impro05_F,neutral,Chances are it's probably just you know -- taking time being um- unloaded from the airplane.
139,28,Ses05M_impro05_M,neutral,-- four hundred miles?
139,29,Ses05M_impro05_M,frustration,"I should hope so.  You know, I need that today."
139,30,Ses05M_impro05_F,neutral,"Um, well, there's not much I can do.  I can, you can file this report and we'll call you when it comes in."
139,31,Ses05M_impro05_M,frustration,"Let me explain to you what the problem is.  My grandfather's remains are in that bag.  And I have to, like, distribute them today.  We're suppose to, you know, throw them out to the sea today."
139,32,Ses05M_impro05_F,neutral,wow.
139,33,Ses05M_impro05_F,neutral,"Wow.  Well, that's really important, obviously.  But, um --"
139,34,Ses05M_impro05_M,frustration,"Yeah.  I mean, if you have a suggestion, like, it would be great to help me out here."
139,35,Ses05M_impro05_F,neutral,"Uh- Actually, I don't know that that's legal. Um- it is the issue"
139,36,Ses05M_impro05_M,frustration,"Well, I don't care if it's legal.  It's happened.  It's already done."
139,37,Ses05M_impro05_F,neutral,"Yeah I mean, Your bag might have been confiscated because it's --"
139,38,Ses05M_impro05_M,frustration,"Well, could you tell me if it's been confiscated then."
139,39,Ses05M_impro05_F,neutral,-- it's a biohazard. so- um
139,40,Ses05M_impro05_M,frustration,"I mean, some information here would be great.  Some help.  Can you, like, type something in and find out?"
139,41,Ses05M_impro05_F,neutral,Yeah.  Let me just call security.
139,42,Ses05M_impro05_M,frustration,That would be great.  Thank you very much.
139,43,Ses05M_impro05_F,neutral,[LAUGHTER] Okay.  Hold on.
139,44,Ses05M_impro05_M,neutral,Thank you
140,0,Ses05M_impro06_F,neutral,"Ryan, what's wrong?"
140,1,Ses05M_impro06_M,sadness,I just got some bad news.
140,2,Ses05M_impro06_F,neutral,What?
140,3,Ses05M_impro06_M,sadness,"My friend, Shotty, passed away."
140,4,Ses05M_impro06_F,sadness,"Oh, I'm so sorry"
140,5,Ses05M_impro06_M,sadness,"The end, he's been sick for awhile.  He had cancer."
140,6,Ses05M_impro06_F,sadness,"Oh, my gosh."
140,7,Ses05M_impro06_M,sadness,"Yeah.  It's just, I never thought it would actually happen, you know? I mean- He's such a fighter and he's always so positive about everything."
140,8,Ses05M_impro06_F,neutral,Yeah.
140,9,Ses05M_impro06_M,sadness,"You know, he was gonna, and we -- all the way up to the end we were just talking about how- you know all the stuff we were gonna do and, you know.  When he finally kicked this stupid cancer, you know, and we were gonna --"
140,10,Ses05M_impro06_M,sadness,"he wanted to travel, you know.  And he's so talented.  Probably the most talented person I have ever met in my entire life."
140,11,Ses05M_impro06_F,neutral,Yeah.
140,12,Ses05M_impro06_F,sadness,What did he do?
140,13,Ses05M_impro06_M,sadness,"He was a designer, you know.  But he did everything. You know, He painted and he- and he did costume design, he did set design, he did lighting, he was --"
140,14,Ses05M_impro06_M,sadness,"he just did everything.  He was literally, literally the most talented guy I have ever met in my entire life."
140,15,Ses05M_impro06_M,sadness,And he's gone now and I  -- I just can't believe it.
140,16,Ses05M_impro06_F,sadness,Yeah.  I'm so sorry.
140,17,Ses05M_impro06_M,sadness,"I mean, one second you think, you know, you're just having a conversation and then --"
140,18,Ses05M_impro06_M,sadness,"you know, sometimes you think you want to make that phone call, or you think you want to tell somebody something, or something like that.  Do you know what I mean?  Like that's -- he was the person that I did that with.  You know, like, that's the person who I needed to call to tell things to all the time."
140,19,Ses05M_impro06_F,sadness,You guys have been-
140,20,Ses05M_impro06_M,sadness,"And now I don't have that person anymore, you know.  And it's -- -- it's just, you."
140,21,Ses05M_impro06_F,neutral,Yeah.
140,22,Ses05M_impro06_M,sadness,"You think that things get easier, you know, as you as you get older and you -"
140,23,Ses05M_impro06_M,sadness,"and it just gets worse.  It just gets worse, everything is bad all the time; people die, your friends die, family dies, your best friends die. it's-"
140,24,Ses05M_impro06_F,sadness,I'm sorry. I-
140,25,Ses05M_impro06_M,sadness,"You always think, you know when you were- you know when you were a little kid and you think something is gonna happen, like, it will all be better when I am older, you know?"
140,26,Ses05M_impro06_M,neutral,"And I don't know why people don't just tell you off the bat that it's just gonna suck anyway.  You know, like, what's the point?"
140,27,Ses05M_impro06_M,neutral,"All the best people die, all the bad people live and they make life shitty for you anyway."
140,28,Ses05M_impro06_F,sadness,"Wow, Ryan I know that you are hurting right now but I don't think you always feel like that."
140,29,Ses05M_impro06_M,sadness,"No, you're right.  I don't.  You're right."
140,30,Ses05M_impro06_M,sadness,"Even, yeah -- he doesn't he would never feel that way, he would never want me to feel that way.  Of course not, but that's just where I am right now and -- -- I don't know what else to do with it."
140,31,Ses05M_impro06_F,sadness,Yeah. I understand.  I think it's really healthy to grieve.
140,32,Ses05M_impro06_M,sadness,I just miss him.
140,33,Ses05M_impro06_F,sadness,If there's anything I can do to be there for you.
140,34,Ses05M_impro06_M,sadness,Thanks.
141,0,Ses05M_impro07_M,neutral,Guess what?
141,1,Ses05M_impro07_F,neutral,What?
141,2,Ses05M_impro07_M,neutral,I got it.  I got accepted to U.S.C..
141,3,Ses05M_impro07_F,neutral,"Oh, for real?"
141,4,Ses05M_impro07_M,neutral,Yes! I just found out today.  I just got the letter.
141,5,Ses05M_impro07_F,neutral,That's awesome!
141,6,Ses05M_impro07_F,neutral,"oh,I'm so glad."
141,7,Ses05M_impro07_M,neutral,I know. I know.  I'm so excited.
141,8,Ses05M_impro07_F,happiness,What are you gonna study?
141,9,Ses05M_impro07_M,neutral,"oh, Theater. yeah, yeah."
141,10,Ses05M_impro07_F,happiness,Really? Are you doing the M.F.A. program?
141,11,Ses05M_impro07_M,neutral,yes.
141,12,Ses05M_impro07_F,neutral,"Oh, my gosh."
141,13,Ses05M_impro07_M,neutral,oh-
141,14,Ses05M_impro07_F,happiness,I heard it's so tough to get into.
141,15,Ses05M_impro07_M,neutral,It's exactly what I wanted.
141,16,Ses05M_impro07_M,neutral,"Oh, of course.  No.  I didn't know it was that tough.  I'm just happy that I made it."
141,17,Ses05M_impro07_F,happiness,That's awesome.
141,18,Ses05M_impro07_M,happiness,"I worked really hard, I'll say, I worked really hard. You know, I I'm not bragging or anything like that. But-"
141,19,Ses05M_impro07_F,neutral,"Yeah, that's awesome."
141,20,Ses05M_impro07_F,neutral,No.
141,21,Ses05M_impro07_M,neutral,"No, No, I'm really looking forward to it.  You know how long -- I have been talking about this forever, right? right?"
141,22,Ses05M_impro07_F,neutral,"Uh huh.  Yes, seriously, for years."
141,23,Ses05M_impro07_M,neutral,"Finally.  I'm so excited.  We're gonna -- well, I'll be here.  We're still gonna be able to see each other."
141,24,Ses05M_impro07_F,neutral,I know.  I know.  I'm- I'm definitely -- I realize [LAUGHTER].
141,25,Ses05M_impro07_M,neutral,"We're gonna hang out, right?"
141,26,Ses05M_impro07_M,neutral,"What are you, wait, what are you doing?"
141,27,Ses05M_impro07_F,happiness,"Um- I'm gonna be studying at U.S.C., too."
141,28,Ses05M_impro07_M,neutral,"Perfect!  Oh, my God.  Are you staying, are you going to live on campus?"
141,29,Ses05M_impro07_F,neutral,"Not on campus, but um- I probably won't live too far.  Maybe, I don't know, I might go to Silver Lake or something."
141,30,Ses05M_impro07_M,neutral,We are gonna party all the time.
141,31,Ses05M_impro07_F,neutral,Yeah.  Totally- Well where are you going to live?
141,32,Ses05M_impro07_M,neutral,We are gonna have a great time.
141,33,Ses05M_impro07_M,neutral,"[garbage] I'm going to live on campus.  I mean, well, around campus, anyway.  Yeah, housing around campus."
141,34,Ses05M_impro07_F,neutral,Oh yeah.
141,35,Ses05M_impro07_F,neutral,Good tradeoff
141,36,Ses05M_impro07_M,neutral,"I just want to be really close to things, you know.  I know it's not exactly the best neighborhood in the entire world. But uh-"
141,37,Ses05M_impro07_F,neutral,I don't- I don't think it's that bad.
141,38,Ses05M_impro07_M,neutral,"I don't- you know ,I feel the same way, you know what I mean.  And everybody says a lot of other crap you know, they don't know what they are talking about anyway."
141,39,Ses05M_impro07_F,neutral,yeah.
141,40,Ses05M_impro07_M,neutral,"They don't live here.  They don't know, right?"
141,41,Ses05M_impro07_F,neutral,"Yeah. I think it's really also if you- if you consider yourself like, us and them, kind of thing- If you think you're part of your community then --you going to like it more"
141,42,Ses05M_impro07_M,neutral,yeah.
141,43,Ses05M_impro07_M,neutral,Exactly.  You make it what you make it. You know? Right? And I'm gonna make it so freaking awesome.
141,44,Ses05M_impro07_F,neutral,"Right, Exactly."
141,45,Ses05M_impro07_F,neutral,Oh I'm so glad.
141,46,Ses05M_impro07_M,neutral,yeah.
141,47,Ses05M_impro07_F,happiness,"So when do you know, like, where you're gonna live? and-"
141,48,Ses05M_impro07_M,neutral,"Well, I don't know.  I've got to go look for a place."
141,49,Ses05M_impro07_F,neutral,"Oh, wow."
141,50,Ses05M_impro07_M,neutral,"Yeah, yeah.  I- I don't- I don't know.  Do you have any suggestions?"
141,51,Ses05M_impro07_F,neutral,Um-
141,52,Ses05M_impro07_M,neutral,You know the area better than I do.
141,53,Ses05M_impro07_F,neutral,"Yeah.  I mean, I know, I know, like the- the housing surrounding the campus pretty well."
141,54,Ses05M_impro07_M,neutral,"yeah, yeah?"
141,55,Ses05M_impro07_F,neutral,Um- How many people do you want to live with?
141,56,Ses05M_impro07_M,neutral,"Not a lot.  I mean, I wouldn't want to live with more than three other people.  So, like four of us total, right?"
141,57,Ses05M_impro07_F,neutral,All dudes?
141,58,Ses05M_impro07_M,neutral,I don't care. I don't care.
141,59,Ses05M_impro07_F,neutral,Um- I think I have some friends.
141,60,Ses05M_impro07_M,neutral,yeah?
141,61,Ses05M_impro07_F,neutral,yeah.
141,62,Ses05M_impro07_M,neutral,That would be perfect.
141,63,Ses05M_impro07_F,happiness,"There's actually, a friend of mine is um- moving out of her place and her place is amazing-- And it's really cheap."
141,64,Ses05M_impro07_M,neutral,Really?
141,65,Ses05M_impro07_M,neutral,Really?
141,66,Ses05M_impro07_F,neutral,yeah.
141,67,Ses05M_impro07_M,neutral,Cheap is exactly what I need- Because I have no money at all.
141,68,Ses05M_impro07_F,neutral,Okay.
141,69,Ses05M_impro07_F,neutral,Okay.
141,70,Ses05M_impro07_M,neutral,"But, uh--"
141,71,Ses05M_impro07_F,neutral,How are you going to pay for school? Did- did you--?
141,72,Ses05M_impro07_M,neutral,"Loans, scholarships, I've got a lot of scholarships-- Yeah, yeah. I'm- I'm half Native American so I get all those scholarships, too. yeah."
141,73,Ses05M_impro07_F,happiness,"You've got a lot- oh, awesome."
141,74,Ses05M_impro07_F,happiness,Oh cool.
141,75,Ses05M_impro07_M,neutral,"So it comes Indian like. And you know I'm kind of smart, so."
141,76,Ses05M_impro07_F,neutral,Yeah.
141,77,Ses05M_impro07_M,neutral,"That helps, right?  Get some academic scholarships. And uh-"
141,78,Ses05M_impro07_F,neutral,totally.
141,79,Ses05M_impro07_F,happiness,good for you.
141,80,Ses05M_impro07_M,happiness,"And yeah, well, I mean, basically I just applied for any and every possible scholarship and grant that could come by, so I can go."
141,81,Ses05M_impro07_F,neutral,the way to do it.
141,82,Ses05M_impro07_M,neutral,"Yeah, yeah, yeah.  And it's gonna work out.  I'm gonna be able to pay for it, I'm gonna go, I mean, I'll have a little debt in the end.  But I don't care."
141,83,Ses05M_impro07_F,neutral,"Wow, are you so excited?"
141,84,Ses05M_impro07_F,neutral,Right.
141,85,Ses05M_impro07_M,neutral,It's just you know a dream come true.  How could you not be excited about a dream come true?
141,86,Ses05M_impro07_F,neutral,"You're gonna be so busy, too. You're going to have to work so hard."
141,87,Ses05M_impro07_M,neutral,"Oh I know, I know."
141,88,Ses05M_impro07_M,neutral,"But I'm so looking forward to being so busy. You know what I mean?  It's the kind of busy you've got to love, right?"
141,89,Ses05M_impro07_F,neutral,Oh good.
141,90,Ses05M_impro07_F,neutral,Oh totally.
141,91,Ses05M_impro07_M,neutral,Because you're doing something you love.  That's the kind of busy you want.  I want to be able to do that for the rest of my life.  Be that kind of busy.
141,92,Ses05M_impro07_F,neutral,All right.  Wow.  So exciting.
141,93,Ses05M_impro07_M,neutral,I had to tell you right away.  I knew you'd be excited.
141,94,Ses05M_impro07_M,happiness,We'll have fun.
141,95,Ses05M_impro07_F,happiness,Yeah.  We'll have so much fun.
141,96,Ses05M_impro07_M,neutral,Great.  Okay.
141,97,Ses05M_impro07_F,neutral,cool
142,0,Ses05M_impro08_M,neutral,"D.S.L. Extreme, can I help you?"
142,1,Ses05M_impro08_F,frustration,"Hi, I need- I need some help.  I've been transferred to, like, eight different departments and I've told my problem to every single department, and then they just send me to another one and say they are going to send all my information so I won't have to repeat it, and then that person doesn't know what's going on.  And I've restated my story about eight different times and I just want somebody to help me get my connection back, because this happens every two weeks.  And I want to know what to do to stop it from happening again."
142,2,Ses05M_impro08_M,neutral,This happens every two weeks?
142,3,Ses05M_impro08_F,frustration,Yeah.  That my service just goes out.
142,4,Ses05M_impro08_M,neutral,You've lost your connection.
142,5,Ses05M_impro08_F,frustration,yeah.
142,6,Ses05M_impro08_M,neutral,okay.
142,7,Ses05M_impro08_F,frustration,"And I'll reset the IP address.  I will do like, you know, direct connect the modem to my computer, and then reset everything, and then put the router back in. And-"
142,8,Ses05M_impro08_M,neutral,Hmm.  Mmm.
142,9,Ses05M_impro08_F,frustration,"Is not, It it It will work again for like a week and then it goes out again."
142,10,Ses05M_impro08_M,neutral,Has somebody tried to pin your site?
142,11,Ses05M_impro08_F,neutral,"Uh, yeah.  We've pinned it a couple of times."
142,12,Ses05M_impro08_M,neutral,"Okay. Um-  Well, I don't know.  And it consistently happens every two weeks?"
142,13,Ses05M_impro08_F,neutral,"Pretty much, yeah - I don't know if it's, like, bad phone lines or something."
142,14,Ses05M_impro08_M,neutral,Okay.
142,15,Ses05M_impro08_M,neutral,"Well, you know what, does your D.S.L. cable -- you have D.S.L., right?"
142,16,Ses05M_impro08_F,neutral,Hmm. Mmm.
142,17,Ses05M_impro08_M,neutral,"Okay.  Does your D.S.L. cable, you know, travel a long distance by any chance? - Does it go through any windows?  I mean, is it --"
142,18,Ses05M_impro08_F,neutral,yeah.
142,19,Ses05M_impro08_F,neutral,"It goes- It goes, like, through doorways.  But it goes a long distance."
142,20,Ses05M_impro08_M,neutral,"Okay.  Is it being- Is it being compressed between anything by any chance?  Because sometimes your connection can be you know, disrupted by, you know, the cable being squished."
142,21,Ses05M_impro08_F,neutral,Oh really?
142,22,Ses05M_impro08_M,neutral,"Yeah. That can be- That can create a bad connection.  And it won't always be a bad connection, but it will be bad off and on."
142,23,Ses05M_impro08_F,neutral,"Well, I- I can check that.  Is there anything else we can do, too?  Like, I'll go through and check the line throughout the house, but --"
142,24,Ses05M_impro08_M,neutral,"Yeah, well, absolutely.  What we can -- let's just go ahead and just do a basic diagnostic of your system first off, okay.  Can you go down to your start button?"
142,25,Ses05M_impro08_F,neutral,Uh huh.
142,26,Ses05M_impro08_M,neutral,"Okay, And uh- go ahead and click on run."
142,27,Ses05M_impro08_F,neutral,All right.
142,28,Ses05M_impro08_M,neutral,Okay.  We're gonna get your -- a little black box is going to come up.  Do you see that?
142,29,Ses05M_impro08_F,neutral,"Yeah, I see that."
142,30,Ses05M_impro08_M,neutral,"Okay Uh- You've got your C calling, go ahead and type in directory list."
142,31,Ses05M_impro08_F,neutral,Okay.
142,32,Ses05M_impro08_M,neutral,And hit enter.
142,33,Ses05M_impro08_F,neutral,Okay.
142,34,Ses05M_impro08_M,neutral,Okay?  Can you tell me what that says?
142,35,Ses05M_impro08_F,neutral,"Uh, it it's like a bunch of different letter and numbers and stuff."
142,36,Ses05M_impro08_M,neutral,"Okay Okay, And Um- letters and numbers and stuff.  Uh- Can you - Can you just type in IP address search? And hit enter."
142,37,Ses05M_impro08_F,neutral,"Uh huh, Okay."
142,38,Ses05M_impro08_M,neutral,Okay?  Does it list your IP address there?
142,39,Ses05M_impro08_F,neutral,"Uh, yeah looks -- no, no.  It's set to zeros."
142,40,Ses05M_impro08_M,neutral,"It's set to zeros.  Okay, maybe that's our problem.  That could very well be our problem there.  Somehow you've lost your IP address.  I'm not sure why that would happen every week.  It could be a cycling issue, something like that.  But let's go ahead and type your IP address in again."
142,41,Ses05M_impro08_F,neutral,Okay.
142,42,Ses05M_impro08_F,neutral,"what happening - So if we reset this, how will I know it's not going to happen again every other week?"
142,43,Ses05M_impro08_M,neutral,"Well, if it does happen again, let me give you my direct number and you can call me.  Actually, I'll give you my cell number. Um- It's --"
142,44,Ses05M_impro08_F,neutral,Wow.  That would be amazing.  Really?
142,45,Ses05M_impro08_M,neutral,"Of course.  we seriously- Yeah, I mean, obviously you've worked- you know -- I don't want to hassle you anymore."
142,46,Ses05M_impro08_F,happiness,"Oh, my God.  I can't even tell you how much of a relief that is.  I literally call and talk to five different people.  Like last week it went off and I spent an hour and a half on the phone with different people.  And I've been doing that like every, every other week for months now."
142,47,Ses05M_impro08_M,neutral,I completely understand.
142,48,Ses05M_impro08_F,frustration,It's so frustrating.
142,49,Ses05M_impro08_M,neutral,Absolutely. And I just don't want that to happen to you anymore.
142,50,Ses05M_impro08_F,neutral,Thank you so much.
142,51,Ses05M_impro08_M,neutral,Absolutely.  It's a new service we are offering.
142,52,Ses05M_impro08_F,happiness,"Yeah, accountability.  It's awesome."
142,53,Ses05M_impro08_M,neutral,Uh huh Uh huh We want you to be happy.  You're our customer.  You're the most important thing. Okay?
142,54,Ses05M_impro08_F,happiness,"Wow.  You know I was thinking about changing internet providers, but but that- that really is enough to change my mind."
142,55,Ses05M_impro08_M,happiness,"Great.  Well, that makes me very happy.  That makes us all happy here at D.S.L. Extreme.  Is there anything else I can help you with?"
142,56,Ses05M_impro08_F,happiness,No.  I'm just gonna go have a fantastic day now.
142,57,Ses05M_impro08_M,neutral,All right.  You have a wonderful day.  Call us anytime.
142,58,Ses05M_impro08_F,happiness,Okay.  Thanks.
142,59,Ses05M_impro08_M,happiness,"All right.  Bye, bye."
143,0,Ses05M_script01_1_F,sadness,What's he going to say?  Maybe we should tell him before he sees it.
143,1,Ses05M_script01_1_M,neutral,He saw it.
143,2,Ses05M_script01_1_F,sadness,When?  I was the first one up.  He was still in bed.  How could he have seen it?
143,3,Ses05M_script01_1_M,neutral,He was out here when it broke.
143,4,Ses05M_script01_1_F,neutral,When?
143,5,Ses05M_script01_1_M,neutral,"I don't know, like, four o'clock this morning.  I heard a crack, and I woke up, and I looked out the window and he was standing right there when it broke."
143,6,Ses05M_script01_1_F,neutral,What was he doing out here at four in the morning?
143,7,Ses05M_script01_1_M,neutral,"I don't know, but after it broke he ran back inside and started crying in the kitchen."
143,8,Ses05M_script01_1_F,sadness,Did you talk to him?
143,9,Ses05M_script01_1_M,sadness,No.  I figured it was best to leave him alone.
143,10,Ses05M_script01_1_F,sadness,He cried hard?
143,11,Ses05M_script01_1_M,neutral,I could hear him right through the floor in my room.
143,12,Ses05M_script01_1_F,neutral,"What was he doing out there at that hour?  He's getting just like after Larry died, walking around at night.  He dreams."
143,13,Ses05M_script01_1_M,neutral,I guess he is.
143,14,Ses05M_script01_1_F,neutral,What's the meaning of that?
143,15,Ses05M_script01_1_M,neutral,"I don't know the meaning of it, but you know one thing Mom, we made a terrible mistake with dad."
143,16,Ses05M_script01_1_F,neutral,What?
143,17,Ses05M_script01_1_M,neutral,Being dishonest with him.  It's the kind of thing that pays off and now it's paying off.
143,18,Ses05M_script01_1_F,neutral,What do you mean dishonest?
143,19,Ses05M_script01_1_M,frustration,You know that Larry's not coming back and I know it.  So why do we go on letting him think that we believe with him?
143,20,Ses05M_script01_1_F,frustration,"What do you want to do, argue with him?"
143,21,Ses05M_script01_1_M,frustration,I don't want to argue with him.  But it's time he knows that nobody else thinks that Larry's alive anymore.
143,22,Ses05M_script01_1_M,anger,"Why should he dream about him, walking around looking for him at night?  Do we contradict him?  Do we say straight out that we don't have any hope anymore, that we haven't had any hope for years now?"
143,23,Ses05M_script01_1_F,neutral,You can't say that to him.
143,24,Ses05M_script01_1_M,frustration,We have to say it to him.
143,25,Ses05M_script01_1_F,frustration,how are you gonna prove it?  Can you prove it?
143,26,Ses05M_script01_1_M,anger,For Gods sake!  Three years!  Nobody comes back after three years.  That's insane!
143,27,Ses05M_script01_1_F,frustration,"To you it is and to me, but not to him.  Now you can talk yourself until you're blue in the face, Chris, but there's no body and there's no grave.  So where are you?"
143,28,Ses05M_script01_1_M,neutral,"Sit down, mom.  I want to talk to you."
143,29,Ses05M_script01_1_F,anger,"The trouble is the God damn newspapers.  I mean every every week a kid turns up, missing like longer than Larry."
143,30,Ses05M_script01_1_M,frustration,"All right.  All right, mom.  Just listen.  You know why I invited Annie her, don't you?"
143,31,Ses05M_script01_1_F,neutral,Why?
143,32,Ses05M_script01_1_M,neutral,You know.
143,33,Ses05M_script01_1_F,neutral,"Well, I have an idea.  But what's the story?"
143,34,Ses05M_script01_1_M,neutral,I'm going to ask her to marry me.
143,35,Ses05M_script01_1_F,neutral,"Well, that's your business, Chris."
143,36,Ses05M_script01_1_M,frustration,It's not just my business.
143,37,Ses05M_script01_1_F,anger,"Well, what do you want me to do?  You're old enough to make- to know your own mind."
143,38,Ses05M_script01_1_M,frustration,So it's okay then?  I should just go ahead and do it?
143,39,Ses05M_script01_1_F,neutral,"Well, you want to make sure that your father isn't --"
143,40,Ses05M_script01_1_M,anger,"Oh, so it isn't just my business?"
143,41,Ses05M_script01_1_F,frustration,I'm just saying.
143,42,Ses05M_script01_1_M,anger,You infuriate me sometimes.  Do you know that?  God.
143,43,Ses05M_script01_1_M,anger,"Isn't it your business, too, if dad -- if I tell dad and he throws a fit about it?  I mean, you have such a talent for ignoring things."
143,44,Ses05M_script01_1_F,anger,"I ignore what I got to ignore.  I mean, the girl is Larry's girl."
143,45,Ses05M_script01_1_M,anger,She is not Larry's girl!
143,46,Ses05M_script01_1_F,anger,"From your father's point of view he's not dead and she's still his girl.  Now, you can go on from there if you know where to go, Chris, but I don't know.  So what can I do for you?"
143,47,Ses05M_script01_1_M,frustration,"I don't know why it is but everytime I reach out for something I- that I want, I have to pull back because I might hurt somebody else.  My whole bloody life; time after time after time."
143,48,Ses05M_script01_1_F,neutral,"Well, you're a considerate fella, there's nothing wrong in that"
143,49,Ses05M_script01_1_M,anger,To hell with that!
143,50,Ses05M_script01_1_F,neutral,Have you asked Annie yet?
143,51,Ses05M_script01_1_M,neutral,I wanted to get this taken care of first.
143,52,Ses05M_script01_1_F,neutral,"Well, what if she feels like your father?  And how do you know she will marry you?"
143,53,Ses05M_script01_1_M,neutral,"Well, if that's the case, then that's the end of it.  But from her letters it sounds like she has forgotten him.  I'll find out.  And then we'll thrash it out with dad, all right?  Mom, don't avoid me."
143,54,Ses05M_script01_1_F,neutral,"Well, the trouble is you never saw enough women."
143,55,Ses05M_script01_1_M,anger,So what?  I'm not fast with women.
143,56,Ses05M_script01_1_F,frustration,"Well, I just don't see why it has to be Annie."
143,57,Ses05M_script01_1_M,frustration,Because it is.
143,58,Ses05M_script01_1_F,frustration,"Well, that's a good reason.  But that doesn't mean anything at all.  I mean, you haven't seen her in five years."
143,59,Ses05M_script01_1_M,frustration,"I know her best, all right?  I don't know.  I grew up next to her.  When I think of somebody for my wife these days, I think of Annie.  What do you want, a diagram?"
143,60,Ses05M_script01_1_F,frustration,"No.  I don't want a -- look, your father thinks he's coming back, Chris.  You marry that girl and you're pronouncing him dead.  Now, what's going to happen to your father; do you know?  Because, I don't."
143,61,Ses05M_script01_1_M,neutral,"All right then, mom."
143,62,Ses05M_script01_1_F,neutral,Just give it some more thought.
143,63,Ses05M_script01_1_M,anger,"I've given it three years of thought.  I hoped that if I'd waited, dad would have forgotten about it by now.  And we could have like a normal wedding and everybody happy."
143,64,Ses05M_script01_1_M,anger,"But if that can't happen, I'll just have to get out."
143,65,Ses05M_script01_1_F,neutral,What the hell is this?
143,66,Ses05M_script01_1_M,anger,"I'll get out.  I'll go get married and live someplace else.  I don't know, maybe New York."
143,67,Ses05M_script01_1_F,anger,Are you crazy?
143,68,Ses05M_script01_1_M,anger,I have been a good son for too long.  A good sucker.  I'm through with it.
143,69,Ses05M_script01_1_F,neutral,"What?  You mean?  Tell me something, you mean that you would leave the business?"
143,70,Ses05M_script01_1_M,anger,"Yes.  On this, I would."
143,71,Ses05M_script01_1_F,neutral,You can't think like that.
143,72,Ses05M_script01_1_M,anger,"Well, you help me stay here."
143,73,Ses05M_script01_1_F,anger,"All right.  But don't think like that.  Because what the hell did we work for, Chris?  I mean, this whole thing, it's all for you."
143,74,Ses05M_script01_1_M,frustration,"I know that, mom.  Just, you help me stay here."
143,75,Ses05M_script01_1_F,anger,Just don't think that way.  Do you hear me?
143,76,Ses05M_script01_1_M,neutral,I am thinking that way.
143,77,Ses05M_script01_1_F,frustration,"I don't understand you, do I?"
143,78,Ses05M_script01_1_M,frustration,"No, you don't.  I'm a pretty tough guy."
143,79,Ses05M_script01_1_F,frustration,"Yeah, I can see that."
144,0,Ses05M_script01_1b_F,sadness,What's he going to say?  Maybe we ought to tell him before he sees it.
144,1,Ses05M_script01_1b_M,neutral,He saw it.
144,2,Ses05M_script01_1b_F,neutral,"What do you mean?  I was the first one up, he was still in bed."
144,3,Ses05M_script01_1b_M,sadness,He was out here when it broke.
144,4,Ses05M_script01_1b_F,neutral,When?
144,5,Ses05M_script01_1b_M,sadness,About four this morning.  I heard it crack and I looked out the window and he was standing right there when it cracked.
144,6,Ses05M_script01_1b_F,neutral,What was he doing out here four in the morning?
144,7,Ses05M_script01_1b_M,sadness,"I don't know.  But after he saw it, he ran back into the house and started crying in the kitchen."
144,8,Ses05M_script01_1b_F,neutral,Did you talk to him?
144,9,Ses05M_script01_1b_M,sadness,No.  I figured it was best to leave him alone.
144,10,Ses05M_script01_1b_F,neutral,He's dreaming about him again.  He's getting just like after Larry died. What's the meaning of that?
144,11,Ses05M_script01_1b_M,sadness,"Yes, yes he is.  I don't know the meaning in it.  But I know one thing, mom, we made a terrible mistake with Dad."
144,12,Ses05M_script01_1b_F,neutral,What?
144,13,Ses05M_script01_1b_M,neutral,Being dishonest with him.  It's the kind of thing that pays off and now it's paying off.
144,14,Ses05M_script01_1b_F,neutral,What do you mean dishonest?
144,15,Ses05M_script01_1b_M,neutral,You know that Larry's not coming back and I know it.  So why do we go on letting him think that we believe with him?
144,16,Ses05M_script01_1b_F,neutral,"What are you gonna do, argue with him?"
144,17,Ses05M_script01_1b_M,frustration,I don't want to argue with him.  But it's time that he knows that nobody else believes that Larry's alive. I mean
144,18,Ses05M_script01_1b_M,frustration,"Why shouldn't he dream about him, walk the nights waiting for him?  Do we contradict him?  Do we say outright that we don't have any hope anymore?  That we haven't had any hope for a long time?"
144,19,Ses05M_script01_1b_F,neutral,"Well, how are you gonna prove it?  Can you prove it?"
144,20,Ses05M_script01_1b_M,frustration,"For Gods sake, three years!  Nobody comes back after three years.  It's insane!"
144,21,Ses05M_script01_1b_F,neutral,"To you it is and to me, but not to him."
144,22,Ses05M_script01_1b_F,neutral,You can talk yourself blue in the face but there's no body and there's no grave.  So where are you?
144,23,Ses05M_script01_1b_M,neutral,"Sit down, mom.  I want to talk to you."
144,24,Ses05M_script01_1b_F,frustration,"The trouble is the God damn newspapers, I mean, ea- each week a new boy turns up out of nowhere.  So the next one is gonna be Larry.  So you--"
144,25,Ses05M_script01_1b_M,frustration,"All right.  All right, just listen."
144,26,Ses05M_script01_1b_M,neutral,"You know why I invited Annie, right?"
144,27,Ses05M_script01_1b_F,neutral,Why?
144,28,Ses05M_script01_1b_M,neutral,You know.
144,29,Ses05M_script01_1b_F,neutral,"Well, I've got an idea but what's the story?"
144,30,Ses05M_script01_1b_M,neutral,I'm gonna ask her to marry me.
144,31,Ses05M_script01_1b_F,neutral,"Well, that's your business, Chris."
144,32,Ses05M_script01_1b_M,frustration,You know it's not just my business.
144,33,Ses05M_script01_1b_F,frustration,"What do you want me to do?  I mean, You're old enough to know your own mind."
144,34,Ses05M_script01_1b_M,frustration,So it's all right then?  I should just go ahead with it?
144,35,Ses05M_script01_1b_F,neutral,"Well, you want to make sure that your father isn't gonna --"
144,36,Ses05M_script01_1b_M,neutral,"So it isn't just my business?  You infuriate me sometime, you know that."
144,37,Ses05M_script01_1b_M,anger,"Isn't it your business, too, if I tell dad and he throws a fit about it?  You have such a talent for ignoring things."
144,38,Ses05M_script01_1b_F,frustration,"I ignore what I got to ignore.  I mean, the girl is Larry's girl."
144,39,Ses05M_script01_1b_M,anger,She's not Larry's girl.
144,40,Ses05M_script01_1b_F,neutral,"As far as your father is concerned, he's not dead.  And she's still his girl."
144,41,Ses05M_script01_1b_F,neutral,"Now, you can go on with this if you know where to go, but I don't know where to go."
144,42,Ses05M_script01_1b_M,frustration,"I don't know why it is but every time I reach out for something that I want, I have to pull back because it might hurt somebody else, my whole bloody life, time after time, after time."
144,43,Ses05M_script01_1b_F,neutral,"Well, you're a considerate fella.  There's nothing wrong with that."
144,44,Ses05M_script01_1b_M,anger,what to hell with that!
144,45,Ses05M_script01_1b_F,neutral,Have you asked Annie yet?
144,46,Ses05M_script01_1b_M,neutral,I wanted to get this settled first.
144,47,Ses05M_script01_1b_F,neutral,"Well, how do you know she'll marry you?  Maybe she feels like your father does."
144,48,Ses05M_script01_1b_M,neutral,"Well, if she does then that's the end of it.  But from her letters it seems like she's forgotten him."
144,49,Ses05M_script01_1b_M,frustration,"I'll find out and then we'll thrash it out with dad, all right?  Mom, don't avoid me."
144,50,Ses05M_script01_1b_F,neutral,The trouble is you don't see enough women.  You never did.
144,51,Ses05M_script01_1b_M,frustration,"So what, I'm not fast with women?"
144,52,Ses05M_script01_1b_F,neutral,I just don't see why it has to be Annie.
144,53,Ses05M_script01_1b_M,frustration,Because it is.
144,54,Ses05M_script01_1b_F,neutral,"Well, that's a good reason.  But it don't mean a thing. I mean, You haven't seen her since you went to war.  It's been five years."
144,55,Ses05M_script01_1b_M,frustration,"[garbage] I don't know.  It's just,"
144,56,Ses05M_script01_1b_M,frustration,"she's who I know best. I know her since I- I was a kid I grew up with her.  When I think of somebody for my wife these days, I I think of Annie.  What do you want, a diagram?"
144,57,Ses05M_script01_1b_F,frustration,"No I don't want a-  Your father thinks he's coming back, Chris.  If you marry that girl, you're pronouncing him dead."
144,58,Ses05M_script01_1b_F,sadness,"Now, what's going to happen to your father, do you know?  I don't."
144,59,Ses05M_script01_1b_M,frustration,"All right then, mom."
144,60,Ses05M_script01_1b_F,neutral,Just give it some more thought.
144,61,Ses05M_script01_1b_M,anger,"I've given it three years of thought.  I had hoped if I waited, dad would've forgotten him by now and we could have a- a regular wedding and everybody happy."
144,62,Ses05M_script01_1b_M,anger,But if that can't happen then I'll just get out.
144,63,Ses05M_script01_1b_F,neutral,What the hell is this?
144,64,Ses05M_script01_1b_M,anger,"I'll get out.  I'll go get married someplace else, I- I'll live someplace else, maybe New York."
144,65,Ses05M_script01_1b_F,anger,Are you crazy?
144,66,Ses05M_script01_1b_M,neutral,"I've been a good son for too long, a good sucker.  I'm through with it."
144,67,Ses05M_script01_1b_F,neutral,But you have a business here.  What the hell is this?
144,68,Ses05M_script01_1b_M,anger,The business?  The business doesn't inspire me.
144,69,Ses05M_script01_1b_F,anger,Must you be inspired?
144,70,Ses05M_script01_1b_M,anger,"Yeah, I'd like one hour a day.  If I have to grub for money all day long, I'd like to go home to something beautiful.  I'd like a family.  I'd like some kids."
144,71,Ses05M_script01_1b_M,neutral,"I'd like to build something that's my own.  And Annie is in the center of that.  Now, where do I find it?"
144,72,Ses05M_script01_1b_F,anger,You don't want to think like that.
144,73,Ses05M_script01_1b_M,neutral,"Well, you help me stay here."
144,74,Ses05M_script01_1b_F,frustration,"All right.  But don't think like that because what the hell did we work for, Chris?  All of this, all of it, it's all just for you."
144,75,Ses05M_script01_1b_M,frustration,"I know that, mom.  Just you help me stay here."
144,76,Ses05M_script01_1b_F,neutral,"Don't think like that, do you hear me?"
144,77,Ses05M_script01_1b_M,anger,"Well, I am thinking like that."
144,78,Ses05M_script01_1b_F,frustration,"I don't understand you, do I?"
144,79,Ses05M_script01_1b_M,anger,"No, you don't.  I'm a pretty tough guy."
144,80,Ses05M_script01_1b_F,neutral,"Yeah, I can see that."
145,0,Ses05M_script01_2_F,neutral,Why did you invite her here?
145,1,Ses05M_script01_2_M,neutral,Why does that bother you?
145,2,Ses05M_script01_2_F,neutral,"She's been in New York three and a half years, why all of a sudden?"
145,3,Ses05M_script01_2_M,neutral,"Well, maybe maybe he just wanted to see her again."
145,4,Ses05M_script01_2_F,neutral,Nobody comes seven hundred miles just to see.
145,5,Ses05M_script01_2_M,frustration,"What are you talking about?  He grew up next to the girl his whole life, why wouldn't he want to see her again?  Don't look at me like that.  He hasn't told me anything he didn't told you."
145,6,Ses05M_script01_2_F,neutral,He's not going to marry her.
145,7,Ses05M_script01_2_M,neutral,Why do you think he's even thinking that?
145,8,Ses05M_script01_2_F,neutral,He's got that about it.
145,9,Ses05M_script01_2_M,frustration,"Well, so what?"
145,10,Ses05M_script01_2_F,anger,"What's going on here, Joe?"
145,11,Ses05M_script01_2_M,frustration,Now listen.
145,12,Ses05M_script01_2_F,neutral,"No.  She's not his girl, Joe.  She knows she's not."
145,13,Ses05M_script01_2_M,neutral,You don't know.  You can't read her mind.
145,14,Ses05M_script01_2_F,neutral,"Then why is she still single? I mean, New York is full of men.  Why isn't she married?  Probably a hundred people told her she's foolish but she's waited."
145,15,Ses05M_script01_2_M,frustration,How do you know why she's waited?
145,16,Ses05M_script01_2_F,neutral,"Because she knows what I know, that's why.  She's faithful as a rock.  In my worst moments I think of her waiting and I know again that I'm right."
145,17,Ses05M_script01_2_M,frustration,"Look, it's a beautiful day outside, why are we arguing?"
145,18,Ses05M_script01_2_F,neutral,"Nobody in this house dares takes her faith away, Joe.  Strangers might, but not his father, not his brother."
145,19,Ses05M_script01_2_M,frustration,"Well, what do you want me to do about it?  What do you want?"
145,20,Ses05M_script01_2_F,frustration,"I want you to pretend like he's coming back.  Both of you, don't think I haven't noticed you and Chris since she's gotten here.  I don't want any nonsense."
145,21,Ses05M_script01_2_M,frustration,But Kate?
145,22,Ses05M_script01_2_F,frustration,"No, because if she- he's not coming back then I'll kill myself. Laugh!  Laugh at me!"
145,23,Ses05M_script01_2_F,neutral,But why did that happen the very night she came back?  She goes to sleep in his bed and his memorial breaks in pieces.  Look at it.
145,24,Ses05M_script01_2_M,frustration,Calm yourself.
145,25,Ses05M_script01_2_F,neutral,"Believe with me, Joe.  I can't stand alone."
145,26,Ses05M_script01_2_M,frustration,Calm yourself.
145,27,Ses05M_script01_2_F,frustration,Only last week a man turned up in Detroit missing longer than Larry.  You read it yourself.
145,28,Ses05M_script01_2_M,frustration,All right.  All right.
145,29,Ses05M_script01_2_F,anger,You above all have got to believe.
145,30,Ses05M_script01_2_M,neutral,"What do you mean, me above all?"
145,31,Ses05M_script01_2_F,neutral,Just don't stop believing.
145,32,Ses05M_script01_2_M,anger,"What's that suppose to mean, me above all?  Look at you, you're shaking."
145,33,Ses05M_script01_2_F,anger,I can't help it.
145,34,Ses05M_script01_2_M,anger,"What have I got to hide, Kate?  What the hell is the matter with you?"
146,0,Ses05M_script01_3_F,neutral,You're the only one I know who loves his parents.
146,1,Ses05M_script01_3_M,neutral,"I know.  It's going out of style, isn't it?"
146,2,Ses05M_script01_3_F,happiness,It's all right.  It's a good thing.  It's lovely here.  The air is sweet.
146,3,Ses05M_script01_3_M,neutral,"So, you're not sorry I came?"
146,4,Ses05M_script01_3_F,neutral,No.  But I'm not going to stay.
146,5,Ses05M_script01_3_M,neutral,Why?
146,6,Ses05M_script01_3_F,neutral,"Well, your mother, first of all, pretty much told me to leave."
146,7,Ses05M_script01_3_M,neutral,Well-
146,8,Ses05M_script01_3_F,neutral,You saw that.  And well you've been --
146,9,Ses05M_script01_3_M,neutral,What?
146,10,Ses05M_script01_3_F,neutral,You've been sort of embarrassed since I got here.
146,11,Ses05M_script01_3_M,neutral,"Well, I planned on kind of sneaking up on you in a period of a week or so, but they all take it for granted that we're set."
146,12,Ses05M_script01_3_F,neutral,"I figured they would, your mother at least."
146,13,Ses05M_script01_3_M,neutral,How did you know?
146,14,Ses05M_script01_3_F,neutral,"Well, from her perspective, I mean, why else would I come here?"
146,15,Ses05M_script01_3_M,neutral,"Well, so would you want to?  I mean, I guess you know that's why I asked you to come."
146,16,Ses05M_script01_3_F,neutral,"Yes, that's why I came."
146,17,Ses05M_script01_3_M,neutral,"Annie, I love you.  I love you a great deal.  I love you. -I"
146,18,Ses05M_script01_3_M,neutral,"I don't know what to say.  I have no imagination.  That's all I have to say to you.  God, I'm embarrassing you. I-I didn't want to do this here. I- I wanted to do it someplace different, someplace where we could be new to each other."
146,19,Ses05M_script01_3_M,neutral,"You feel it's wrong here, don't you; this yard, this chair?  I want you to be ready for me, Annie. I- I don't want to win you away from anything."
146,20,Ses05M_script01_3_F,happiness,"Oh, Chris I've been ready for a long time."
146,21,Ses05M_script01_3_M,neutral,So he's gone forever then?  You sure?
146,22,Ses05M_script01_3_F,sadness,I almost got married two years ago.
146,23,Ses05M_script01_3_M,neutral,Why didn't you?
146,24,Ses05M_script01_3_F,neutral,You started to write me.
146,25,Ses05M_script01_3_M,happiness,You felt something that far back?
146,26,Ses05M_script01_3_F,happiness,Everyday since.
146,27,Ses05M_script01_3_M,neutral,"Annie, why didn't you call me or tell me?"
146,28,Ses05M_script01_3_F,neutral,"Well, I mean, until then you never wrote and when you did, what did you say?  I mean, you sure can be ambiguous."
146,29,Ses05M_script01_3_M,neutral,"Give me a kiss, Annie.  Give me a --"
146,30,Ses05M_script01_3_M,neutral,"oh, God I kissed Annie.  I kissed Annie. I can't How long have I waited to do that?"
146,31,Ses05M_script01_3_F,neutral,I'll never forgive you.  Why did you wait so long?  All this time I've sat around wondering if I was crazy for thinking of you.
146,32,Ses05M_script01_3_M,neutral,"Oh, Annie, we're gonna live now.  I'm going to make you so happy."
146,33,Ses05M_script01_3_F,neutral,Not like that you're not.
146,34,Ses05M_script01_3_M,neutral,I kissed you.
146,35,Ses05M_script01_3_F,sadness,"Like Larry's brother.  Do it like you, Chris.  What's the matter?"
146,36,Ses05M_script01_3_M,sadness,Lets go for a ride.  I I- I want to be alone with you.
146,37,Ses05M_script01_3_F,neutral,"No.  Chris, what is it?  Is it your mother?"
146,38,Ses05M_script01_3_M,sadness,"No, nothing like that."
146,39,Ses05M_script01_3_F,neutral,You have to tell me.
146,40,Ses05M_script01_3_F,sadness,Even in your letters there was something ashamed.
146,41,Ses05M_script01_3_M,sadness,"Yeah, I suppose I have been.  But it's going for me."
146,42,Ses05M_script01_3_F,sadness,You have to tell me.
146,43,Ses05M_script01_3_M,neutral,I don't I don't know where to start.
146,44,Ses05M_script01_3_F,sadness,It wouldn't work like this.
146,45,Ses05M_script01_3_M,sadness,It's so mixed up with so many other things.
146,46,Ses05M_script01_3_M,neutral,"You remember when I was overseas, I was in command of a company?"
146,47,Ses05M_script01_3_F,neutral,"Yeah, sure."
146,48,Ses05M_script01_3_M,sadness,I lost them.
146,49,Ses05M_script01_3_F,sadness,How many?
146,50,Ses05M_script01_3_M,sadness,Just about all.
146,51,Ses05M_script01_3_M,sadness,"It- It takes time to toss something like that off,I mean, because they weren't just men."
146,52,Ses05M_script01_3_M,neutral,"For instance, there was this time, and it had been raining for several days, and this kid came up to me and he gave me his last pair of dry socks, just put them in my pocket."
146,53,Ses05M_script01_3_M,sadness,I know it's it's just a little thing but that's just the kind of guys I had.  They didn't die.  They killed themselves for each other.
146,54,Ses05M_script01_3_M,sadness,"I mean that exactly, anymore selfish -- just a little bit more selfish and they would have been here today. And it gave me an idea as I was watching them all go down."
146,55,Ses05M_script01_3_M,neutral,"Everything was being destroyed see, but I felt like something new was being created at the same time.  Like it kind of -- responsibility.  You know, man to man.  Do you understand what I'm saying?"
146,56,Ses05M_script01_3_M,neutral,"And and to see that again, to to bring that back on the earth again, like- like a monument that that would stand behind these men and and and it would make a difference to them."
146,57,Ses05M_script01_3_M,sadness,It was and then I went home.  And it was incredible.  It didn't have any meaning there.
146,58,Ses05M_script01_3_M,neutral,"I mean, the whole thing was like some kind of bus accident to them."
146,59,Ses05M_script01_3_M,neutral,So I went back to work for my dad and that whole rat race again.
146,60,Ses05M_script01_3_M,sadness,"I felt what you said, ashamed somehow because nobody had changed at all."
146,61,Ses05M_script01_3_M,frustration,"It seemed to make suckers out of so many guys.  And I-I felt wrong to be alive; to to open that bank book, to to drive that car, the new car, and look at that new refrigerator. I mean,"
146,62,Ses05M_script01_3_M,frustration,"you can take those things out of the war, but if you're gonna drive that car you've got to know that that came from the love a man can have from a man. And you've got to be a little bit better because of that.  Because if you're not, then it's all just loot and there's blood on it and I didn't want any of it."
146,63,Ses05M_script01_3_M,sadness,And I guess that included you.
146,64,Ses05M_script01_3_F,sadness,Do you still feel like that?
146,65,Ses05M_script01_3_M,sadness,"I want you now, Annie."
146,66,Ses05M_script01_3_F,sadness,"Because you can't feel like that anymore, Chris.  Because everything you have, you have a right to, me included."
146,67,Ses05M_script01_3_F,neutral,"And you father, he put hundreds of planes in the air and you should be proud.  A man should be paid for that."
146,68,Ses05M_script01_3_M,neutral,"Oh, Annie,"
146,69,Ses05M_script01_3_F,happiness,[LAUGHTER] What will I do with a fortune?
146,70,Ses05M_script01_3_M,happiness,Annie I am going to make you a fortune.
147,0,Ses05M_script02_1_M,neutral,"What time is it?  They're supposed to run around midnight.  Oh, this is great, isn't it?  Look at the night we've got here.  It couldn't be better.  Actually, I wanted to go a little further up the coast you know to get away from all the lights and the people.  I was afraid we might miss it though, so how are you doing?"
147,1,Ses05M_script02_1_F,sadness,Fine.
147,2,Ses05M_script02_1_M,neutral,"What's that? Is that- Wait, is that foam?  I can't even tell.  Oh Actually, I guess if I can't tell then it probably isn't it, is it?  It will probably be unmistakable, don't you think?"
147,3,Ses05M_script02_1_M,neutral,"This is great.  How are you doing?  Oh, no.  Oh, do you know what I did?  I forgot the flashlight.  How could I be so stupid?  I forgot the flashlight."
147,4,Ses05M_script02_1_F,neutral,What flashlight?
147,5,Ses05M_script02_1_M,neutral,"The flashlight.  The silver one.  There's only one, isn't there?  Stupid."
147,6,Ses05M_script02_1_F,neutral,You mean our flashlight?
147,7,Ses05M_script02_1_M,neutral,Well-
147,8,Ses05M_script02_1_F,neutral,"I mean, you kept saying my flashlight, the flashlight like it was only somehow yours.  How is that supposed to make me feel?"
147,9,Ses05M_script02_1_M,neutral,"Oh, no, of course, our flashlight.  Me flashlight is to you flashlight, naturally."
147,10,Ses05M_script02_1_M,neutral,"How could we have forgotten it? Well, I hope the moon stays out.  I wonder, do they always run during a full moon?  I can't remember, was the moon full last year, do you remember?"
147,11,Ses05M_script02_1_F,neutral,Yes.
147,12,Ses05M_script02_1_M,neutral,"Are you cold?  Do you want my jacket?  We should have brought the blanket, our blanket.  Oh, this is great.  I didn't even think to bring a six pack.  Oh, a six pack would be just the ticket right about now."
147,13,Ses05M_script02_1_M,neutral,"I can't believe I forgot.I'm like a little kid.  I'm surprised I made it out of the house with my fly zipped. Oh, [LAUGHTER]"
147,14,Ses05M_script02_1_M,neutral,"Oh, I wonder if they can hear me or if they can feel the vibrations when we move around in the sand. or something"
147,15,Ses05M_script02_1_F,neutral,I'm cold.
147,16,Ses05M_script02_1_M,neutral,Do you want my jacket?
147,17,Ses05M_script02_1_F,neutral,It's after eleven.  Let's just go home.
147,18,Ses05M_script02_1_M,neutral,"Are you kidding?  We just got here, we'd miss it.  What's the point of coming all the way out here if we're just going to turn around and go home?"
147,19,Ses05M_script02_1_F,neutral,There is no point in coming out here.
147,20,Ses05M_script02_1_M,neutral,Right.
147,21,Ses05M_script02_1_F,neutral,That's my point.
147,22,Ses05M_script02_1_M,neutral,"That's my point, too."
147,23,Ses05M_script02_1_F,neutral,So let's go.
147,24,Ses05M_script02_1_M,neutral,"Oh, no, no, no.  no That's not my point.  My point is what's the point coming out here if we're just going to leave?  Don't you want to see it?"
147,25,Ses05M_script02_1_F,neutral,Not particularly.
147,26,Ses05M_script02_1_M,neutral,Why not?
147,27,Ses05M_script02_1_F,neutral,I just don't.
147,28,Ses05M_script02_1_M,frustration,Oh
147,29,Ses05M_script02_1_F,neutral,it's stupid.
147,30,Ses05M_script02_1_M,neutral,"Honey, it's a natural phenomenon.  I mean, this kind of thing only happens once a year.  It's a great opportunity."
147,31,Ses05M_script02_1_M,neutral,"I mean, Think about people in Kansas, they've got to get like you know plane tickets and hotel reservations just to see this.  We're just forty minutes away.  It's just too good of an opportunity to pass up."
147,32,Ses05M_script02_1_F,frustration,Pass what up?  It's It's just little fish and they swim up on the beach and they flop around and they swim away and then they die.
147,33,Ses05M_script02_1_M,neutral,"Yeah, but all that time on the beach is the highlight of their little lives.  You know,"
147,34,Ses05M_script02_1_M,neutral,"and all that about flopping around, it's like laying eggs or what do you -- spawning or mating or something like that."
147,35,Ses05M_script02_1_M,neutral,"I mean, this is a big night for these guys.  You know, life's last orgy."
147,36,Ses05M_script02_1_F,frustration,"What are you so excited about.  This isn't rocket science, this is just fish.  Fish nobody even eats."
147,37,Ses05M_script02_1_M,frustration,"Yeah, they do."
147,38,Ses05M_script02_1_F,frustration,Augie.
147,39,Ses05M_script02_1_M,neutral,"All right.  But they are fish that do something no other fish do.  Like the swallows were turning into Capistrano or Lemmings jumping off the cliffs, you know like that. There's- There's magic here and mystery.  And a little bit of the unexplainable.  You know, I can't see how you could not be interested."
147,40,Ses05M_script02_1_F,sadness,I'm just not.
147,41,Ses05M_script02_1_M,frustration,For real?
147,42,Ses05M_script02_1_F,neutral,Yes.
147,43,Ses05M_script02_1_M,frustration,"I don't get it.  I mean, the first time we came you said it was the best night of your life. And last year I remember distinctly you were so excited about coming that you stubbed your toe toe pushing me out the door and you didn't even notice until you got in the car."
147,44,Ses05M_script02_1_F,frustration,"Well, if you also remember last year we- our shoes got wet, I got sand in my panties, we had a big argument, you had a sore throat, and we didn't see the grunion."
147,45,Ses05M_script02_1_M,neutral,We weren't in a good spot.
147,46,Ses05M_script02_1_F,frustration,We didn't see them the first time either.
147,47,Ses05M_script02_1_M,neutral,We just weren't in a good spot.  This is a much better spot.  I've got a great sense for these things.
147,48,Ses05M_script02_1_M,neutral,"Look there.  What is that?  Is that -- Oh No, that's seaweed."
147,49,Ses05M_script02_1_M,neutral,"Oh, this is great.  I wouldn't miss this for the world. I mean, think about this, I know you're not interested but just think about this for a second;"
147,50,Ses05M_script02_1_M,neutral,somewhere out there is a giant mass of silver fish all swimming in this direction.  They don't know why they're doing it.  We don't know why they're doing it.  They didn't- It wasn't a decision.  No one took a vote.  Nobody sent them an invitation or a map or anything like that.  It was just some internal time release fire cracker that went off. And all as one they turned around and formed this giant line as long as the California coastline and they just started swimming.  They are swimming right now at this very moment.   And And-
147,51,Ses05M_script02_1_M,neutral,"And it's single mindedness with no mind. It- It's urgency, it's pure urge.  I mean, they didn't make any decisions.  They don't ask any questions.  They don't give it a name,"
147,52,Ses05M_script02_1_M,neutral,"they just all as one turn around and start swimming to this very point where we are standing now for one last celebration of sex and death. God, it's giving me Goosebumps.  Look at all the hairs that are standing up."
147,53,Ses05M_script02_1_F,neutral,That's the wind.
147,54,Ses05M_script02_1_M,neutral,"Well, so what do you think?"
148,0,Ses05M_script02_2_M,neutral,"Well, so, what do you think?"
148,1,Ses05M_script02_2_F,neutral,About what?
148,2,Ses05M_script02_2_M,neutral,What I was just saying.
148,3,Ses05M_script02_2_F,neutral,It's ridiculous.
148,4,Ses05M_script02_2_M,frustration,It certainly is not.  It's slightly exaggerated scientific fact.
148,5,Ses05M_script02_2_F,neutral,It's P.R. somebody sold you a bill of goods that this magical thing would be happening on the beach.
148,6,Ses05M_script02_2_M,neutral,"I'm not the only one, look at all these people."
148,7,Ses05M_script02_2_F,neutral,"Sure.  Everybody is told the same thing, it keeps us all excited.  It keeps us all coming back for more.  It keeps us thinking that life is gonna start now any minute if we can just find the right spot and get in on the action."
148,8,Ses05M_script02_2_M,neutral,Are we talking about the same thing?
148,9,Ses05M_script02_2_F,frustration,"I'm sorry.  It's just, it's it's just fish to me."
148,10,Ses05M_script02_2_M,neutral,"uh, Carla Can I ask you a question?  no, don't get upset, but are you having your period?"
148,11,Ses05M_script02_2_F,anger,"God damn it, Augie.  Seriously, you always ask me that.  Why do you ask me that?  I hate it.  It's so insulting."
148,12,Ses05M_script02_2_M,frustration,What's bugging you then?
148,13,Ses05M_script02_2_F,frustration,I just - We just have different ideas of what this night is suppose to look like.
148,14,Ses05M_script02_2_M,frustration,"It's not that complicated.  We come down here, the grunions arrive, they do their little fish thing.  We say ooh, awe, look at the little fish.  And then they go home and we go home."
148,15,Ses05M_script02_2_F,neutral,"For God's sake, Augie.  It's- Grow up, we're not going to see the grunion."
148,16,Ses05M_script02_2_M,neutral,Why not?
148,17,Ses05M_script02_2_F,frustration,We We don't ever.  Have we ever?
148,18,Ses05M_script02_2_M,frustration,We've missed them twice.  That's hardly ever.
148,19,Ses05M_script02_2_F,anger,"Twice is every time we've tried, that's ever"
148,20,Ses05M_script02_2_M,neutral,"Well, we'll see them this year."
148,21,Ses05M_script02_2_F,anger,"No, we won't.  It's like waiting up for Santa Clause or something.  I feel like as though my whole life is going to be standing on the beach waiting with my eyes opened expectantly, my hands clasped neatly in front of me, waiting for fish to show up.  And the fish will not show up."
148,22,Ses05M_script02_2_M,frustration,"Okey, They're just fish.  It's nothing to get traumatized over."
148,23,Ses05M_script02_2_F,frustration,You don't understand anything I am saying.
148,24,Ses05M_script02_2_M,frustration,"No, of course not."
148,25,Ses05M_script02_2_F,sadness,I did want to see it.  I always want to see it.  I just- I keep thinking this will be the time and it never is.
148,26,Ses05M_script02_2_M,frustration,"I'm trying to work this backwards.  But I can't seem to pinpoint the time where everything went wrong here.  Okay, so --"
148,27,Ses05M_script02_2_M,frustration,"you were fine on the phone call with Marge, eating dinner was fine,talking- uh washing the dishes, no problem.  All right.  So, I'm taking a shower, you're watching TV, the news and you say the grunions are running tonight and I say, Great, let's go.  I'm feeling lucky.  And so, all right, and I'm putting on my coat, I'm putting out the animals, I'm pulling the car out of the garage."
148,28,Ses05M_script02_2_F,sadness,Do you remember the first time that we came to see the grunion?  It was about four years ago right after we got married.  We thought I was pregnant.  We had a bottle of champagne and no glasses.  You asked me to dance.  We took off our shoes.  And while we were dancing you said the most intimate things to me right in my ear so I could feel them as much as hear them.
148,29,Ses05M_script02_2_F,sadness,"And I remember thinking to myself, finally.  I am as happy as I am supposed to be."
148,30,Ses05M_script02_2_M,neutral,Wait a minute.  I've got it.
148,31,Ses05M_script02_2_F,sadness,"Dancing barefoot in the sand, drinking champagne out of the bottle."
148,32,Ses05M_script02_2_M,neutral,"It was in the car, right?  When we were passing Knickerbocker Liquor Locker, you said, Let's stop and get champagne. and I said that times a wasting or something like that, right?  You wanted it to be like it was before, right?"
148,33,Ses05M_script02_2_F,sadness,I would rather not remember some things.  I'd rather not hope for something.
148,34,Ses05M_script02_2_M,neutral,"Okay.  All right No problem.  I totally understand. okey  um, listen.  Do you want to dance?"
148,35,Ses05M_script02_2_F,sadness,No.
148,36,Ses05M_script02_2_M,neutral,Do you want me to go get some champagne?
148,37,Ses05M_script02_2_F,sadness,No.
148,38,Ses05M_script02_2_M,neutral,Take off our shoes?
148,39,Ses05M_script02_2_F,sadness,No.
148,40,Ses05M_script02_2_M,frustration,"What, you want me to blow in your ear?"
148,41,Ses05M_script02_2_F,neutral,[LAUGHTER] No.
148,42,Ses05M_script02_2_M,frustration,"Do you want to get married again?- What?  What, do you want a divorce?"
148,43,Ses05M_script02_2_F,neutral,No.
148,44,Ses05M_script02_2_F,neutral,No.
148,45,Ses05M_script02_2_M,frustration,A vacation?
148,46,Ses05M_script02_2_F,sadness,No.
148,47,Ses05M_script02_2_M,frustration,"A poodle, a backrub, a spa, a suicide pack?  What, Carla, what the hell do you want?"
148,48,Ses05M_script02_2_F,sadness,I just want- I just want things to turn out the way they are supposed to.
148,49,Ses05M_script02_2_M,anger,"Well, welcome to the human race.  Do you think this is what I had planned?  Do you think that when I proposed that I had this great fantasy going that four years down the road we would end up arguing on the beach over some fish?"
148,50,Ses05M_script02_2_M,anger,"Do you think that I thought there would be times when you would look at me like I was used Kleenex or I would look at you and think, good God, when's the next flight to Alaska?  No.  No, I'm just like you. I thought it would all be like peaches and roses, and sand in our toes, and wind in our hair, and the fish would always come.  And the bills would magically pay themselves.  And we'd have three fat rosy kids.  But, ha ha, baby, the jokes on us!"
148,51,Ses05M_script02_2_M,anger,"Because you know what you get, Carla?  You know what you get?  This."
148,52,Ses05M_script02_2_F,neutral,This?  What is this?  This isn't even anything.
148,53,Ses05M_script02_2_M,neutral,"Yes, it is."
148,54,Ses05M_script02_2_F,neutral,"Sure, this is standing on the beach.  This is waiting.  This is fighting."
148,55,Ses05M_script02_2_M,frustration,Right.
148,56,Ses05M_script02_2_F,sadness,But this isn't at all what I wanted it to be.
148,57,Ses05M_script02_2_M,sadness,"Now, I know.  Me either"
148,58,Ses05M_script02_2_F,sadness,"This is just this.  I mean, it's a lot and everything.  But it's not, you know, something else.  Am I making any sense?"
148,59,Ses05M_script02_2_M,sadness,I'm trying the best I can.
148,60,Ses05M_script02_2_F,sadness,"I know that, Augie.  I do.  I know that. And and I know that this meant a lot to you and and it's special, you know, with the sand and the moon but."
148,61,Ses05M_script02_2_F,sadness,But I just couldn't help thinking about being somewhere else.
148,62,Ses05M_script02_2_M,sadness,"Maybe if you're with somebody else, too?"
148,63,Ses05M_script02_2_F,sadness,I didn't say that.
148,64,Ses05M_script02_2_M,sadness,"No, I know.  But I know I don't make you happy."
148,65,Ses05M_script02_2_F,sadness,"For heavens sake, Augie, whatever I am doing, I'd rather it be with you."
148,66,Ses05M_script02_2_M,neutral,Really?
148,67,Ses05M_script02_2_F,sadness,"Yes.  Don't you know that? I mean, You're probably the one you wishes you were with somebody else, somebody who didn't take everything so hard and who knew how to enjoy herself."
148,68,Ses05M_script02_2_M,happiness,"Actually, now that you mention it, no.  I don't."
148,69,Ses05M_script02_2_F,neutral,"Okay.  Well, we're in the wrong spot but we're with the right person."
148,70,Ses05M_script02_2_M,happiness,"I don't know.  I think this is a pretty good spot.  I mean, look at the view of the moon from here."
148,71,Ses05M_script02_2_F,happiness,"Yes, I did notice that.  It does look really beautiful over the water.  Big old white moon."
148,72,Ses05M_script02_2_M,happiness,"Oh, well look what we've got here."
148,73,Ses05M_script02_2_F,neutral,"Augie, you brought refreshments."
148,74,Ses05M_script02_2_M,happiness,"Well, it isn't champagne."
148,75,Ses05M_script02_2_F,neutral,"Well, then we don't need glasses."
148,76,Ses05M_script02_2_M,neutral,Are you still cold?  Still want to go home?
148,77,Ses05M_script02_2_F,happiness,"No.  I'm beginning to think you might be right. I think  this might be the spot after all.  Augie, I'm sorry."
148,78,Ses05M_script02_2_M,neutral,"Shh.  If we're really quiet, the fish might come."
148,79,Ses05M_script02_2_F,happiness,Or not.
148,80,Ses05M_script02_2_M,happiness,Or not.
149,0,Ses05M_script03_1_M,neutral,Oh Good God.
149,1,Ses05M_script03_1_F,neutral,Do you think it's them?
149,2,Ses05M_script03_1_M,neutral,I wonder.
149,3,Ses05M_script03_1_F,neutral,"what, Nobody knows we are here except Freda and she wouldn't ring up."
149,4,Ses05M_script03_1_M,neutral,Must be them then?
149,5,Ses05M_script03_1_F,neutral,What do we do?
149,6,Ses05M_script03_1_M,neutral,"We're all right, aren't we, darling, whatever happens?"
149,7,Ses05M_script03_1_F,neutral,"Now and always, my sweet."
149,8,Ses05M_script03_1_M,neutral,I don't care then.
149,9,Ses05M_script03_1_F,neutral,It was bound to happen sooner or later.
149,10,Ses05M_script03_1_M,neutral,Hello?  Hello?  What?  Wrong number.
149,11,Ses05M_script03_1_F,neutral,"Oh, it sent shivers up my spine."
149,12,Ses05M_script03_1_M,neutral,"Oh, what shall we do if they suddenly walk in on us."
149,13,Ses05M_script03_1_F,neutral,Behave exquisitely.
149,14,Ses05M_script03_1_M,neutral,With the worst- with the most perfect poise?
149,15,Ses05M_script03_1_F,neutral,I shall probably do a Court Curtsey.
149,16,Ses05M_script03_1_M,neutral,"Uhh, It's amazing how once you feel--"
149,17,Ses05M_script03_1_M,neutral,"things that ought to matter most dreadfully don't matter at all when one's happy, do they?"
149,18,Ses05M_script03_1_F,neutral,What's so horrible is that one can't stay happy.
149,19,Ses05M_script03_1_M,neutral,"Uhh, You mustn't say that, my darling."
149,20,Ses05M_script03_1_F,neutral,"Well, it's true.  The whole business is a very poor joke."
149,21,Ses05M_script03_1_M,neutral,"Being that sacred and wonderful thing, love."
149,22,Ses05M_script03_1_F,neutral,Meaning just that.
149,23,Ses05M_script03_1_M,neutral,"Um What does it all mean?  That's what I ask myself in my endless quest for ultimate truth.  Dear God, what does it all mean?"
149,24,Ses05M_script03_1_F,neutral,Don't laugh at me.  I'm serious.
149,25,Ses05M_script03_1_M,neutral,"You mustn't be serious, darling.  That's just what they want."
149,26,Ses05M_script03_1_F,neutral,Who's they?
149,27,Ses05M_script03_1_M,neutral,"All the futile mortals who try to make life unbearable.  Laugh at them, Be flippant.  Laugh at everything, all their sacred shibboleths."
149,28,Ses05M_script03_1_M,neutral,uh- the- Being flippant brings out the acid in their damned beauty and light.
149,29,Ses05M_script03_1_F,neutral,"If I laugh at everything, then I must laugh at us too."
149,30,Ses05M_script03_1_M,neutral,Certainly you must.  We are figures of fun all right.
149,31,Ses05M_script03_1_F,neutral,"Oh, how long will it last, this ludicrous, overbearing love of ours?"
149,32,Ses05M_script03_1_M,neutral,[garbage] who knows?
149,33,Ses05M_script03_1_F,neutral,"Well, will we always bicker and fight?"
149,34,Ses05M_script03_1_M,neutral,No.  That fire will fade along with our passion.
149,35,Ses05M_script03_1_F,neutral,"Oh, dear.  Shall we like that?"
149,36,Ses05M_script03_1_M,neutral,"Well, it depends on how well we played."
149,37,Ses05M_script03_1_F,neutral,"What if one of us dies, does the other one laugh then?"
149,38,Ses05M_script03_1_M,neutral,"Yes, yes, with all his might."
149,39,Ses05M_script03_1_F,neutral,"That's rather serious, isn't it?"
149,40,Ses05M_script03_1_M,neutral,"No, no that is quit laughable.  The cutting little mystery all done with mirrors."
149,41,Ses05M_script03_1_F,neutral,"Darling, I do believe you're talking nonsense."
149,42,Ses05M_script03_1_M,neutral,"So is everyone else in the long run.  Let's be superficial and pity the poor philosophers.  Let's blow trumpets and squeakers and enjoy the party as long as we can, like little quiet idiotic school children."
149,43,Ses05M_script03_1_M,neutral,"[garbage] Darling, kiss me before your body rots and worms start popping in and out of your eye sockets."
149,44,Ses05M_script03_1_F,neutral,"Elliott, worms don't pop."
149,45,Ses05M_script03_1_M,neutral,"I don't care what you do.  See, you could paint your body bright green and and run naked through the Place Vendome and run with every man in the world and I shan't say a word.  As long as I know that you love me best."
149,46,Ses05M_script03_1_F,neutral,"Uhh, Thank you, darling.  And the same goes for you, except that if I ever see you so much as look at another woman, I'll kill you."
149,47,Ses05M_script03_1_M,neutral,Do you remember that awful scene we had in Venice?
149,48,Ses05M_script03_1_F,neutral,Which particular one?
149,49,Ses05M_script03_1_M,neutral,The one where you bought that little painted wooden stake and you put it on my bed.
149,50,Ses05M_script03_1_F,neutral,"Awe, Charles.  That was his name.  He did wriggle so beautifully."
149,51,Ses05M_script03_1_M,neutral,Horrible thing.  I hated it.
149,52,Ses05M_script03_1_F,neutral,I know you did.  You threw it out the window into the Canal below.  I don't think I'll ever forgive you for that.
149,53,Ses05M_script03_1_M,neutral,How long did that roue last?
149,54,Ses05M_script03_1_F,neutral,It went on intermittently for days.
149,55,Ses05M_script03_1_M,neutral,"Oh, The worst one was in Cannes when your curling iron burnt a hole in my new dressing gown?"
149,56,Ses05M_script03_1_F,neutral,"Oh, It burnt my comb and all the towels in the bathroom."
149,57,Ses05M_script03_1_M,neutral,"[LAUGHTER] That was quit a rouser, wasn't it?"
149,58,Ses05M_script03_1_F,neutral,That was the first time you hit me.
149,59,Ses05M_script03_1_M,neutral,"Oh, I didn't hit you very hard."
149,60,Ses05M_script03_1_F,neutral,"And then the manager came in and saw us all rolling all over the floor, biting and scratching one another. [LAUGHTER]"
149,61,Ses05M_script03_1_M,neutral,I should never forget his face. [LAUGHTER]
149,62,Ses05M_script03_1_F,neutral,"How ridiculous, utterly ridiculous"
149,63,Ses05M_script03_1_M,neutral,We were very much younger then.
149,64,Ses05M_script03_1_F,neutral,Very much sillier.
149,65,Ses05M_script03_1_M,neutral,"Come to think of it, the real cause of that roues was Peter Burden."
149,66,Ses05M_script03_1_F,neutral,You knew there was nothing in that.
150,0,Ses05M_script03_2_M,neutral,Come to think of it the real cause of that roue was Peter Burden.
150,1,Ses05M_script03_2_F,neutral,Oh You knew there was nothing in that.
150,2,Ses05M_script03_2_M,neutral,I knew nothing of the sort.  You accepted presents from him.
150,3,Ses05M_script03_2_F,neutral,Only a trivial little broach.
150,4,Ses05M_script03_2_M,neutral,"I remember it well, covered in diamonds and the worst possible taste."
150,5,Ses05M_script03_2_F,neutral,Not at all.  I quite like it.  I wear it often.
150,6,Ses05M_script03_2_M,neutral,You went out of your way to torture me over Peter Burden.
150,7,Ses05M_script03_2_F,frustration,"[garbage], No, I didn't.  You worked the whole thing up in your jealous imagination."
150,8,Ses05M_script03_2_M,frustration,You must admit that he was in love with you. wasn't he?
150,9,Ses05M_script03_2_F,neutral,"Oh, maybe a little.  Nothing serious."
150,10,Ses05M_script03_2_M,frustration,He let him kiss you.  You said you did.
150,11,Ses05M_script03_2_F,neutral,"Well, what of it."
150,12,Ses05M_script03_2_M,neutral,what of it?
150,13,Ses05M_script03_2_F,neutral,Well it gave him a lot of pleasure and it didn't hurt me.
150,14,Ses05M_script03_2_M,neutral,What about me?
150,15,Ses05M_script03_2_F,neutral,"Well, if you hadn't been so nosey and suspicious you never would have known about it."
150,16,Ses05M_script03_2_M,anger,"Well, that's a nice point of view I must say."
150,17,Ses05M_script03_2_F,frustration,I'm getting very bored with this conversation.
150,18,Ses05M_script03_2_M,anger,"Me, too, bored stiff."
150,19,Ses05M_script03_2_M,neutral,Do you want some brandy?
150,20,Ses05M_script03_2_F,neutral,No thanks.
150,21,Ses05M_script03_2_M,neutral,I think I'll have a little.
150,22,Ses05M_script03_2_F,neutral,I don't see why you want it; you've already had two glasses.
150,23,Ses05M_script03_2_M,neutral,"No particular reason.  Besides, they were little ones."
150,24,Ses05M_script03_2_F,neutral,"Well, it seems silly to go on and on with such a thing."
150,25,Ses05M_script03_2_M,neutral,You can hardly say- You can hardly call three little liquor glasses of brandy for the entire evening going on and on.
150,26,Ses05M_script03_2_F,neutral,It's becoming a habit with you.
150,27,Ses05M_script03_2_M,neutral,You needn't be so grand simply because you don't happen to want me at the moment.
150,28,Ses05M_script03_2_F,frustration,Don't be stupid.
150,29,Ses05M_script03_2_M,anger,"Amanda, really."
150,30,Ses05M_script03_2_F,neutral,What?
150,31,Ses05M_script03_2_M,frustration,"Nothing.  Are you going out somewhere, darling?"
150,32,Ses05M_script03_2_F,neutral,Just making myself fascinating for you.
150,33,Ses05M_script03_2_M,frustration,"Um- Well, that reply has just broken my heart."
150,34,Ses05M_script03_2_F,neutral,"It's a woman's job to allure the man.  Watch me a moment, won't you?"
150,35,Ses05M_script03_2_M,neutral,"Oh, as a matter of fact, that's perfectly true."
150,36,Ses05M_script03_2_F,anger,"No, it isn't."
150,37,Ses05M_script03_2_M,neutral,"Yes, it is."
150,38,Ses05M_script03_2_F,anger,"No, it it is not, be quiet."
150,39,Ses05M_script03_2_M,anger,It's a pity you didn't have a little bit more brandy.  It might have made you a little less disagreeable.
150,40,Ses05M_script03_2_F,neutral,"hum, It doesn't seem to have worked such wonders with you."
150,41,Ses05M_script03_2_M,neutral,"oh, Snap, snap, snap.  Like a little Adder."
150,42,Ses05M_script03_2_F,neutral,"Adders don't snap, they sting."
150,43,Ses05M_script03_2_M,frustration,"Nonsense, they've got a little bag of venom behind their fangs and they snap!"
150,44,Ses05M_script03_2_F,frustration,They sting.
150,45,Ses05M_script03_2_M,anger,They snap.
150,46,Ses05M_script03_2_F,neutral,"Okay, I don't care if they roll about like hoops and bark, okay?"
150,47,Ses05M_script03_2_M,neutral,"So, did you see much of Peter Burden after the divorce?"
150,48,Ses05M_script03_2_F,neutral,"Yes, I did quite a lot."
150,49,Ses05M_script03_2_M,anger,"You must have let him kiss you quite a good deal more then, huh?"
150,50,Ses05M_script03_2_F,neutral,[LAUGHTER] Mind your own business.
150,51,Ses05M_script03_2_M,anger,"I'm sure you had a riotous time, no restrain at all, very enjoyable.  You never had much anyway."
150,52,Ses05M_script03_2_F,frustration,You're quite insufferable.  I do imagine it's because you're drunk.
150,53,Ses05M_script03_2_M,anger,I am not the slightest bit drunk.
150,54,Ses05M_script03_2_F,neutral,You always had a weak head.
150,55,Ses05M_script03_2_M,anger,I do believe that I have said already that I had three minuet liquor glasses of brandy in the entire evening.  A child of two couldn't get drunk of that.
150,56,Ses05M_script03_2_F,neutral,"Oh, no on the contrary, a child of two could get violently drunk on only one glass."
150,57,Ses05M_script03_2_M,anger,"Oh, really?  How about a child of three, or child of six, what about a child of nine?"
150,58,Ses05M_script03_2_F,anger,Not- Would you shut up.
150,59,Ses05M_script03_2_M,anger,"You know, we could get a really good debate going on about this.  You know intemperate tots."
150,60,Ses05M_script03_2_F,frustration,"You're not very funny, dear.  You better have some more brandy."
150,61,Ses05M_script03_2_M,anger,You know what?  That's a very good idea.  I think I will.
150,62,Ses05M_script03_2_M,anger,"You better turn that off, I think."
150,63,Ses05M_script03_2_F,neutral,Why?
150,64,Ses05M_script03_2_M,anger,Because it's very late and you'll disturb the people upstairs.
150,65,Ses05M_script03_2_F,neutral,There aren't any people upstairs.  It's a photography studio.
150,66,Ses05M_script03_2_M,anger,"Well, there are people downstairs, I suppose."
150,67,Ses05M_script03_2_F,neutral,They're away in Tunis.
150,68,Ses05M_script03_2_M,anger,This is no time of the year for Tunis.
150,69,Ses05M_script03_2_F,neutral,"Turn it on again, please."
150,70,Ses05M_script03_2_M,anger,I do I shall do no such thing.
150,71,Ses05M_script03_2_F,anger,Very well.  If you have to be boorish and idiotic.
150,72,Ses05M_script03_2_M,anger,Turn it off.  It's driving me mad.
150,73,Ses05M_script03_2_F,anger,You are far too temperamental.  Try to control yourself.
150,74,Ses05M_script03_2_M,anger,Turn it off!
150,75,Ses05M_script03_2_F,anger,Go away!  Go away!  I- I hate you.
150,76,Ses05M_script03_2_M,anger,Very amusing indeed.
150,77,Ses05M_script03_2_F,anger,"You know what, I'm sick and tire of listening to you.  You're a-- You're a total sadistic bully."
150,78,Ses05M_script03_2_M,anger,Ja! Very funny.
150,79,Ses05M_script03_2_F,anger,"Stop.  Would you just go away?  I mean, you're conceited, and overbearing, and utterly impossible."
150,80,Ses05M_script03_2_M,anger,"You are a vile tempered, wicked living, evil little beast.  And I hope I never set eyes on you ever again."
150,81,Ses05M_script03_2_F,anger,This is the end! Do you understand me? This is the end.
150,82,Ses05M_script03_2_M,anger,"Oh, you're not going like this."
150,83,Ses05M_script03_2_F,anger,"Yes, I am. Let go with me"
150,84,Ses05M_script03_2_M,anger,"[GARBAGE] No, you're not."
150,85,Ses05M_script03_2_F,anger,"You are a cruel fiend and I-I loath you.  I thank God I realized who you are before I decided to marry you again.  Oh my God, never!"
150,86,Ses05M_script03_2_M,anger,oh! Marry you again? I wouldn't marry you again if you came crawling to me on bended knee.
150,87,Ses05M_script03_2_F,anger,Beast
150,88,Ses05M_script03_2_M,anger,You're a wicked little vampire.  And I pray to God I never set eyes on you again as long as I live.
150,89,Ses05M_script03_2_F,anger,Brute
150,90,Ses05M_script03_2_F,anger,pig
