Dialogue_ID,Utterance_ID,Speaker,Emotion,Utterance
0,0,Ses05M_impro01_F,neutral,Can I help you?
0,1,Ses05M_impro01_M,neutral,"Yes, I'm um- just getting my I.D.  I need a new I.D."
0,2,Ses05M_impro01_F,neutral,"Oh, this- this form that you have is the wrong form.  You need to go over to the other line on the other side of the D.M.V.."
0,3,Ses05M_impro01_M,neutral,What do you mean?  I filled out my forms and I rushed to get my I.D.
0,4,Ses05M_impro01_F,neutral,"Right, but this is the wrong form.  Somebody gave you the wrong form."
0,5,Ses05M_impro01_M,neutral,The wrong form?
0,6,Ses05M_impro01_F,neutral,"Yeah.  So, I can't -- I can't do anything-"
0,7,Ses05M_impro01_M,neutral,What's wrong about this form?  It says new I.D. on it.
0,8,Ses05M_impro01_F,neutral,"No, but this is for um- replacements and you need a new -- whole new license as a California --"
0,9,Ses05M_impro01_M,frustration,What's the difference?  What's the difference between that form and this form?
0,10,Ses05M_impro01_F,frustration,"Sir, don't get an attitude with me."
0,11,Ses05M_impro01_M,anger,"I'm not getting a -- well, you wait in this line and not get an attitude."
0,12,Ses05M_impro01_F,neutral,"No, I understand and there are a lot of people here.  But what I'm telling you is that it's different for different states and since your getting a new license in the state of California -- You have to fill out a different form than you did."
0,13,Ses05M_impro01_M,neutral,yeah.
0,14,Ses05M_impro01_M,neutral,right.
0,15,Ses05M_impro01_M,frustration,"Well then, when I showed them my I.D. before and I said I had to get a new I.D, why didn't they tell me to fill out the right form?"
0,16,Ses05M_impro01_F,frustration,I don't know.  I don't know who told you.  It wasn't me.
0,17,Ses05M_impro01_M,frustration,"Well, it was this girl standing right next to you.  Can we ask her why she didn't let me fill out the right form?"
0,18,Ses05M_impro01_F,frustration,"You- You can ask her if you want, but she's busy and she probably won't answer you."
0,19,Ses05M_impro01_M,neutral,This is ridiculous.  I've been here for forty five minutes. Just standing in this one line. I took fifteen minutes to fill out that form.
0,20,Ses05M_impro01_F,neutral,I know.
0,21,Ses05M_impro01_F,frustration,"Sir, you- I mean"
0,22,Ses05M_impro01_M,frustration,Do you know how long it's gonna take me to start all over and fill out the new form?
0,23,Ses05M_impro01_F,frustration,You can waist as much as you want
0,24,Ses05M_impro01_F,neutral,Yeah.  I know it's gonna take a minute.  But you-- so you might as well get started now.
0,25,Ses05M_impro01_M,frustration,Might as well get started now? but Just take this one.
0,26,Ses05M_impro01_F,frustration,"I can't take this one, sir. this is the wrong form."
0,27,Ses05M_impro01_M,frustration,Why can't we just -- you know what?  How about if we just pretend that I'm getting a -- renewing my California I.D. and we just don't tell anybody -- That I'm getting a new one from a different state?
0,28,Ses05M_impro01_F,frustration,"Sir, please don't waste my time."
0,29,Ses05M_impro01_F,frustration,There is nothing I can do about it.  You need to take this other form and fill it out and go stand in the other line.
0,30,Ses05M_impro01_M,frustration,"Come on!  You know -- you can't just take -- make a little exception to the rule?  I know that you guys make exceptions.  I see -- you know, if I was-if I was your friend and you knew me, or something like that, you'd probably make a little exception for me wouldn't you?"
0,31,Ses05M_impro01_F,frustration,"They're different forms, we process them all different-"
0,32,Ses05M_impro01_M,anger,"Wouldn't you? Oh, come on.  you just tell me.  You would make an exception for me."
0,33,Ses05M_impro01_F,frustration,I -- there's no way I'd make an exception.
0,34,Ses05M_impro01_F,frustration,"Sir, don't patronize me.  I can't make an exception.  I don't- I don't have the power to do that.  It's a different form."
0,35,Ses05M_impro01_M,frustration,Shh...I know you've got the power to do that.
0,36,Ses05M_impro01_F,frustration,They're processed differently.
0,37,Ses05M_impro01_M,frustration,That's crap- You're crap.  I don't buy it.
0,38,Ses05M_impro01_F,frustration,"Sir, you're gonna have to go stand in the other line."
0,39,Ses05M_impro01_M,frustration,I'm not leaving this line until I get my new I.D.  That's as simple as it is.  I'm not leaving this line until I get my new I.D.
0,40,Ses05M_impro01_F,anger,I'm gonna- I'm gonna bring security over and have them escort you out.
0,41,Ses05M_impro01_M,frustration,"Well, then you're just gonna look stupid because I'm just waiting for an I.D. and you're gonna make security take me out because I want my I.D."
0,42,Ses05M_impro01_M,frustration,That's just dumb.
0,43,Ses05M_impro01_F,frustration,But you filled out the wrong form and you're in the wrong line and you're wasting both of our times.
0,44,Ses05M_impro01_M,frustration,I filled out the wrong form because they made me fill out the wrong form!
0,45,Ses05M_impro01_F,anger,"Well, that's unfortunate, sir.  You're gonna have to go stand in the other line now."
0,46,Ses05M_impro01_M,frustration,"This is crap.  You know, I don't even know why I'm in this state.  Screw California.  I'm out of here."
1,0,Ses02M_script02_2_M,neutral,So what do you think?
1,1,Ses02M_script02_2_F,neutral,About what?
1,2,Ses02M_script02_2_M,neutral,What I was saying.
1,3,Ses02M_script02_2_F,frustration,It's ridiculous.
1,4,Ses02M_script02_2_M,neutral,Certainly it's not. Slightly exaggerated scientific fact.
1,5,Ses02M_script02_2_F,neutral,It's PR. Someone sold you a bill of goods that this wonderful event is going to take place on the beach.
1,6,Ses02M_script02_2_M,neutral,"Well, I'm not the only one look at all these people."
1,7,Ses02M_script02_2_F,neutral,"Yea, sure everyone was sold the same story. I mean it keeps us all excited, keeps us coming back for more, keeps us thinking that life is going to start any second now if we can just get in on the action and find the right spot."
1,8,Ses02M_script02_2_M,neutral,Are we talking about the same thing?
1,9,Ses02M_script02_2_F,neutral,I'm sorry but it's still just fish to me.
1,10,Ses02M_script02_2_M,frustration,"Carla, can I ask you something? Don't take this wrong but are you having your period?"
1,11,Ses02M_script02_2_F,anger,Goddamn it Augie don't ask me that. I hate it when you ask me that. You always ask me that. It's insulting.
1,12,Ses02M_script02_2_M,frustration,"Well, what's bugging you?"
1,13,Ses02M_script02_2_F,anger,We just have different ideas of what this evening is supposed to look like.
1,14,Ses02M_script02_2_M,frustration,"There is nothing to it, we come here, the Grunion arrive, then do their little fish business, we go oh ah look, they go home, we go home."
1,15,Ses02M_script02_2_F,frustration,For heavens sake we are not going to see the Grunions.
1,16,Ses02M_script02_2_M,frustration,Why not?
1,17,Ses02M_script02_2_F,frustration,"We never do, do we? I mean have we ever?"
1,18,Ses02M_script02_2_M,frustration,We've missed them twice; that's not ever.
1,19,Ses02M_script02_2_F,frustration,"Twice is every time we've tried, that's ever."
1,20,Ses02M_script02_2_M,neutral,"Well, we'll see them this year."
1,21,Ses02M_script02_2_F,frustration,"No we won't; it's pointless. It's like waiting up to see Santa Claus,"
1,22,Ses02M_script02_2_F,anger,I mean I feel like my whole life is going to be spent standing on the beach waiting for the fish to show up with my eyes open and my hands clasped expectantly and the fish won't show up.
1,23,Ses02M_script02_2_M,frustration,I thought you wanted to see them.
1,24,Ses02M_script02_2_F,frustration,You don't understand anything I'm saying.
1,25,Ses02M_script02_2_M,frustration,No of course not.
1,26,Ses02M_script02_2_F,anger,"I did want to see them, I always do. I mean I keep thinking that this is going to be the time and it never is."
1,27,Ses02M_script02_2_M,neutral,"It's just fish, I mean nothing to get traumatized over."
1,28,Ses02M_script02_2_F,frustration,For heavens sake this isn't about fish.
1,29,Ses02M_script02_2_M,frustration,All right. I've been trying to work this backwards but I cannot seem to pinpoint the moment that we took a turn for the worst.
1,30,Ses02M_script02_2_M,neutral,"You were fine during the phone call from Marge, dinner was okay, doing the dishes was no problem, let's see, I took a shower, you watched the news, you said"
1,31,Ses02M_script02_2_M,neutral,"""the Grunion are running tonight,"" I said ""great, let's go, I feel lucky,"""
1,32,Ses02M_script02_2_M,neutral,"okay so I'm getting on my jacket and putting out the animals, getting the car out of the garage-"
1,33,Ses02M_script02_2_F,sadness,Do you remember the first time we came to see it? It was about four years ago right after we got married.
1,34,Ses02M_script02_2_F,sadness,"We thought I was pregnant and we opened a bottle of champagne but no glasses, you asked me to dance, we kicked off our shoes and you popped the cork."
1,35,Ses02M_script02_2_F,sadness,And when we were dancing you said the softest most intimate things to me right into my ears so I could feel them as much as hear them
1,36,Ses02M_script02_2_F,sadness,"and I remember thinking that this is it you know. At last, at last I am as happy as I am supposed to be"
1,37,Ses02M_script02_2_M,neutral,Wait a minute I've got it
1,38,Ses02M_script02_2_F,sadness,"Just dancing barefoot in the sand, drinking champagne out of the bottle."
1,39,Ses02M_script02_2_M,neutral,"It was in the car, right? Driving past the Knickerbocker Liquor Locker you said, let's get some champagne and I said times are wasting or something like that, right?"
1,40,Ses02M_script02_2_M,neutral,"Of course, I see it now; you want this to be like that other time, right? That's it, right?"
1,41,Ses02M_script02_2_F,sadness,I'd rather not remember some things. I would rather not hope for some things.
1,42,Ses02M_script02_2_M,neutral,"Yea. Okay, sure, no. I see. Listen, you want to dance?"
1,43,Ses02M_script02_2_F,sadness,No.
1,44,Ses02M_script02_2_M,neutral,You want to go get some champagne?
1,45,Ses02M_script02_2_F,sadness,No.
1,46,Ses02M_script02_2_M,neutral,Take off our shoes?
1,47,Ses02M_script02_2_F,neutral,No.
1,48,Ses02M_script02_2_M,neutral,"What, you want me to breathe in your ear?"
1,49,Ses02M_script02_2_F,neutral,No.
1,50,Ses02M_script02_2_M,neutral,Get married again?
1,51,Ses02M_script02_2_F,frustration,No.
1,52,Ses02M_script02_2_M,frustration,What? What? You want a divorce?
1,53,Ses02M_script02_2_F,frustration,No.
1,54,Ses02M_script02_2_M,frustration,A vacation?
1,55,Ses02M_script02_2_F,frustration,No.
1,56,Ses02M_script02_2_M,frustration,"A new carpet? A poodle, a ice cream, backrub, a suicide pact, what, what Carla, what the hell do you want?"
1,57,Ses02M_script02_2_F,frustration,I want something to turn out the way that it supposed to.
1,58,Ses02M_script02_2_M,anger,"Well welcome to the human race, all right. Do you think this is what I had in mind when I proposed? You think I had this great fantasy going that four years down the road we'd come to the beach and yell at each other over fish?"
1,59,Ses02M_script02_2_M,neutral,"You think I knew that there be times when you'd look at me like I'm a used Kleenex, or that I'd look at you and think holy hell when is the next flight to Alaska?"
1,60,Ses02M_script02_2_M,frustration,"No, no, just like you I thought it was going to be all like peaches and roses and sand in our toes, and wind in our hair, and the fish will always come and the bills will pay themselves and we'll have three, fat, rosy kids and ha-ha baby the joke is on us"
1,61,Ses02M_script02_2_M,frustration,"'cause you know what you get Carla, you know what you get? This."
1,62,Ses02M_script02_2_F,frustration,"This? What, what is this? This isn't even anything."
1,63,Ses02M_script02_2_M,neutral,"Yes, it is."
1,64,Ses02M_script02_2_F,frustration,"I'm sure, this is standing on the beach, this is waiting, this is fighting."
1,65,Ses02M_script02_2_M,neutral,Right.
1,66,Ses02M_script02_2_F,sadness,"Well, but this isn't anything like I thought anything would be like."
1,67,Ses02M_script02_2_M,sadness,"No, I know. Me neither."
1,68,Ses02M_script02_2_F,frustration,I mean it's -- this is just this. I mean it includes a lot and everything but isn't something else. Do you have any idea what I'm trying to say?
1,69,Ses02M_script02_2_M,neutral,I'm doing the best I can.
1,70,Ses02M_script02_2_F,neutral,I know that Augie. Really I do.
1,71,Ses02M_script02_2_F,sadness,"I know that you meant this to be special and nice, and there's the sand and the moon and everything but I just couldn't help thinking about being somewhere else."
1,72,Ses02M_script02_2_M,sadness,Maybe if you were with somebody else too.
1,73,Ses02M_script02_2_F,neutral,I didn't say that.
1,74,Ses02M_script02_2_M,sadness,"No, I know. But still, I know I don't make you happy."
1,75,Ses02M_script02_2_F,neutral,"For heavens sake, whatever I'm doing I'd rather be doing it with you."
1,76,Ses02M_script02_2_M,neutral,Yeah?
1,77,Ses02M_script02_2_F,happiness,Don't be ridiculous. I mean don't you know that?
1,78,Ses02M_script02_2_F,sadness,"You're the one who probably wishes he was with someone else, someone who knew how to enjoy herself and didn't take everything so hard."
1,79,Ses02M_script02_2_M,happiness,"Now that you mention it. No, I don't."
1,80,Ses02M_script02_2_F,neutral,"Okay.  Fine, so we're in the wrong spot but we're with the right person."
1,81,Ses02M_script02_2_M,happiness,I don't know it seemed like a pretty good spot to me. Look at the moon - view the moon view I got from here.
1,82,Ses02M_script02_2_F,neutral,"Yes, I noticed that. It looks pretty on the water doesn't it? Big old white moon."
1,83,Ses02M_script02_2_M,happiness,What have we got here?
1,84,Ses02M_script02_2_F,neutral,"Augie, you brought refreshments."
1,85,Ses02M_script02_2_M,neutral,It's not champagne.
1,86,Ses02M_script02_2_F,happiness,"Well, I guess we don't need glasses."
1,87,Ses02M_script02_2_M,neutral,You still cold? Do you want my jacket? Do you want to go home?
1,88,Ses02M_script02_2_F,neutral,No. No. I think you might be right. I think this may be the spot after all.
1,89,Ses02M_script02_2_F,sadness,"Augie, I'm sorry."
1,90,Ses02M_script02_2_M,happiness,"Shh, if we're very quiet the fish might come."
1,91,Ses02M_script02_2_F,happiness,Or not.
1,92,Ses02M_script02_2_M,happiness,Or not.
1,93,Ses02M_script02_2_F,neutral,Hmm.
2,0,Ses05M_impro05_M,neutral,Hi. Um-  My luggage didn't come out of the conveyor thingy.
2,1,Ses05M_impro05_F,neutral,Hmm. Hmm.
2,2,Ses05M_impro05_M,neutral,"So, um, what do I do?"
2,3,Ses05M_impro05_F,neutral,How long ago was that?
2,4,Ses05M_impro05_M,neutral,"Uh- Like, an hour and a half ago.  I talked to somebody who was standing out there and they said wait.  Sometimes like random butt- pieces come out late."
2,5,Ses05M_impro05_F,neutral,Uh-Hmm.
2,6,Ses05M_impro05_M,neutral,"And so I waited there, but nothing came."
2,7,Ses05M_impro05_F,neutral,"Um, okay.  Well, you can fly- file a claim.  Where were you coming from?"
2,8,Ses05M_impro05_M,neutral,"I was coming from um the Midwest, like Iowa."
2,9,Ses05M_impro05_F,neutral,"So, within the country, though? umm"
2,10,Ses05M_impro05_M,neutral,"Yeah, I know I was in the country.  I mean, it's not that complicated."
2,11,Ses05M_impro05_F,neutral,"Yeah, well the chances of it being lost forever, you know, are slight because -- -- you were in the --"
2,12,Ses05M_impro05_M,neutral,"Well, I would hope so."
2,13,Ses05M_impro05_F,neutral,"Well, I mean, you know that happens pretty often that sometimes baggage -- -- gets lost."
2,14,Ses05M_impro05_M,neutral,People lose --
2,15,Ses05M_impro05_M,neutral,forever?
2,16,Ses05M_impro05_F,neutral,yeah.
2,17,Ses05M_impro05_M,neutral,"You know, this is actually, I mean it's -- it's a really important piece of luggage."
2,18,Ses05M_impro05_F,neutral,Okay.
2,19,Ses05M_impro05_M,neutral,"I mean, it's not big or anything like that.  I mean, it's not worth a lot of money or anything."
2,20,Ses05M_impro05_F,neutral,Did you have insurance on your flight?
2,21,Ses05M_impro05_M,neutral,"No.  I mean, don't you get insurance when you buy your ticket or something?"
2,22,Ses05M_impro05_F,neutral,"No, you have to buy it now.  It's like thirty dollar extra."
2,23,Ses05M_impro05_M,frustration,"Well, no one even told me about that.  Like, why would I think to buy insurance?  I was- It's like a three hour flight."
2,24,Ses05M_impro05_F,neutral,"well, it's something that worth"
2,25,Ses05M_impro05_F,neutral,"yeah, I don't know."
2,26,Ses05M_impro05_M,frustration,"How can you lose my luggage like from like, in --"
2,27,Ses05M_impro05_F,neutral,Chances are it's probably just you know -- taking time being um- unloaded from the airplane.
2,28,Ses05M_impro05_M,neutral,-- four hundred miles?
2,29,Ses05M_impro05_M,frustration,"I should hope so.  You know, I need that today."
2,30,Ses05M_impro05_F,neutral,"Um, well, there's not much I can do.  I can, you can file this report and we'll call you when it comes in."
2,31,Ses05M_impro05_M,frustration,"Let me explain to you what the problem is.  My grandfather's remains are in that bag.  And I have to, like, distribute them today.  We're suppose to, you know, throw them out to the sea today."
2,32,Ses05M_impro05_F,neutral,wow.
2,33,Ses05M_impro05_F,neutral,"Wow.  Well, that's really important, obviously.  But, um --"
2,34,Ses05M_impro05_M,frustration,"Yeah.  I mean, if you have a suggestion, like, it would be great to help me out here."
2,35,Ses05M_impro05_F,neutral,"Uh- Actually, I don't know that that's legal. Um- it is the issue"
2,36,Ses05M_impro05_M,frustration,"Well, I don't care if it's legal.  It's happened.  It's already done."
2,37,Ses05M_impro05_F,neutral,"Yeah I mean, Your bag might have been confiscated because it's --"
2,38,Ses05M_impro05_M,frustration,"Well, could you tell me if it's been confiscated then."
2,39,Ses05M_impro05_F,neutral,-- it's a biohazard. so- um
2,40,Ses05M_impro05_M,frustration,"I mean, some information here would be great.  Some help.  Can you, like, type something in and find out?"
2,41,Ses05M_impro05_F,neutral,Yeah.  Let me just call security.
2,42,Ses05M_impro05_M,frustration,That would be great.  Thank you very much.
2,43,Ses05M_impro05_F,neutral,[LAUGHTER] Okay.  Hold on.
2,44,Ses05M_impro05_M,neutral,Thank you
3,0,Ses01M_impro05_F,neutral,Can I help you?
3,1,Ses01M_impro05_M,frustration,"Yes, please help me.  Where is my bag?"
3,2,Ses01M_impro05_F,neutral,I need a little more information.
3,3,Ses01M_impro05_M,frustration,"Where is my bag?  Come on, I've been here for four hours."
3,4,Ses01M_impro05_F,neutral,What- What flight did you come in on?
3,5,Ses01M_impro05_M,frustration,"Okay, I'm coming in from Atlanta."
3,6,Ses01M_impro05_F,neutral,Georgia?
3,7,Ses01M_impro05_M,neutral,"Yes, Georgia.  Good for you I need my bag.  Can you..."
3,8,Ses01M_impro05_F,neutral,"There's no need for you to raise your voice, sir."
3,9,Ses01M_impro05_F,neutral,I've been college educated.
3,10,Ses01M_impro05_F,neutral,I speak your language.
3,11,Ses01M_impro05_M,anger,Are you insinuating that I don't have a college education and that- for some reason that makes you a better person than I am?
3,12,Ses01M_impro05_M,anger,"Listen, shut your smug mouth, okay?  I don't need that."
3,13,Ses01M_impro05_F,neutral,I'm just saying you don't need to talk to me like I-
3,14,Ses01M_impro05_M,anger,I've been sitting here for four hours.
3,15,Ses01M_impro05_F,frustration,I'm not a child.
3,16,Ses01M_impro05_F,neutral,I've been here for sixteen.
3,17,Ses01M_impro05_M,anger,You people have just been tossing me around like a used hanky.
3,18,Ses01M_impro05_F,neutral,I come here every single day.
3,19,Ses01M_impro05_M,anger,You work here.
3,20,Ses01M_impro05_F,neutral,"Details, Details.  Well, anyhow can I--"
3,21,Ses01M_impro05_F,neutral,so you flew in from Atlanta...
3,22,Ses01M_impro05_M,frustration,My bag from Atlanta.
3,23,Ses01M_impro05_F,neutral,Four...Four hours ago.
3,24,Ses01M_impro05_M,frustration,It's a little black bag with wheels.
3,25,Ses01M_impro05_F,neutral,Do you have any i-?
3,26,Ses01M_impro05_M,neutral,That you wouldn't let me put in the overhead compartment.  You said I had to check it.
3,27,Ses01M_impro05_F,neutral,I wouldn't let you?   I was not in Atlanta. I was not in Atlanta.
3,28,Ses01M_impro05_M,neutral,It's a tiny little bag.
3,29,Ses01M_impro05_F,neutral,I had nothing to do with the boarding attendance.  I'm sorry that your seat was wherever it was.
3,30,Ses01M_impro05_M,neutral,"It was right in the middle of five different people.  I had a huge fat lady next me, a crying kid on left I went like can I please get a Bloody Mary, please? Will you bring a Bloody Mary?"
3,31,Ses01M_impro05_F,neutral,"I have some unfortunate news, uh, that your bag isn't going to be--"
3,32,Ses01M_impro05_F,neutral,--arriving any time soon.
3,33,Ses01M_impro05_M,neutral,"Just had a really, really stressful day, okay?  And I need my bag; can you please help me get my bag?"
3,34,Ses01M_impro05_F,neutral,I'm really sorry to tell you this but...
3,35,Ses01M_impro05_M,neutral,Okay.
3,36,Ses01M_impro05_F,neutral,It's not.  I can offer you fifty dollars and a reimbursement gift cards for our airline...
3,37,Ses01M_impro05_F,neutral,...and your future...
3,38,Ses01M_impro05_M,neutral,"I'm sorry, wait a minute.  Are you saying I'm not going to get my bag at all?"
3,39,Ses01M_impro05_F,neutral,No.
3,40,Ses01M_impro05_M,neutral,It's gone.
3,41,Ses01M_impro05_F,neutral,Yes.
3,42,Ses01M_impro05_M,frustration,Where is it?  Where did it go?
3,43,Ses01M_impro05_F,neutral,We've actually...
3,44,Ses01M_impro05_M,neutral,You mean did someone steal it? Do people steal bags?
3,45,Ses01M_impro05_F,neutral,They do as matter of fact.  We don't like to publicize it because
3,46,Ses01M_impro05_F,neutral,people wouldn't Fly our airline.
3,47,Ses01M_impro05_M,anger,Probably people that work for your company huh?
3,48,Ses01M_impro05_M,anger,Do you know what was in that little bag that I could have just easily put in overhead compartment but no I had to check?
3,49,Ses01M_impro05_F,neutral,What was that?
3,50,Ses01M_impro05_M,anger,My computer which has all of my data which I'm collecting right now.
3,51,Ses01M_impro05_F,neutral,That's unfortunate.
3,52,Ses01M_impro05_M,anger,Yeah it's really unfortunate you know why because I'm going to get fired if I don't get that.  So I need to have that back.
3,53,Ses01M_impro05_F,neutral,That's too bad.
3,54,Ses01M_impro05_M,anger,"Fifty dollars is not going to cover me for my job, okay?"
3,55,Ses01M_impro05_F,neutral,I wish I could give it to you.
3,56,Ses01M_impro05_M,anger,Well you need to find it. Can I just go back there and look through the bags?  Can I just go back there and just go through maybe I'll find it.
3,57,Ses01M_impro05_F,neutral,I wish I-
3,58,Ses01M_impro05_F,neutral,That's not - no.
3,59,Ses01M_impro05_F,neutral,No.
3,60,Ses01M_impro05_M,anger,It'll be a lot more than what you're doing sitting here and just give me lip service.  I'd like to go back at least do some aggressive searching for my stuff.
3,61,Ses01M_impro05_F,neutral,We have plenty of aggressive searching going on it's not there.  Someone's taken it.
3,62,Ses01M_impro05_M,anger,"Sure, yeah right you have plenty of aggressive searching going on, aggressive searching, drinking coffee and smoking cigarettes."
3,63,Ses01M_impro05_M,anger,I know what you guys do when you're not working you're union people; you just sit around on your ass.
3,64,Ses01M_impro05_F,frustration,You know I don't need to take this sort of abuse.
3,65,Ses01M_impro05_M,neutral,"Well, I don't need to take this kind of abuse either.  I just was trying get back to Atlanta. I just got home, I just want to get my bag and get my stuff. And keep my job."
3,66,Ses01M_impro05_F,neutral,That's fantastic.
3,67,Ses01M_impro05_F,neutral,Then why don't you take your fifty dollars. Get yourself a taxi and go shopping tomorrow.
3,68,Ses01M_impro05_M,frustration,[BREATHING]
3,69,Ses01M_impro05_M,anger,Thank you very much.
4,0,Ses01F_impro02_F,sadness,Did you get the mail? So you saw my letter?
4,1,Ses01F_impro02_M,neutral,It's not fair.
4,2,Ses01F_impro02_F,sadness,Yeah.  I know.
4,3,Ses01F_impro02_M,sadness,"I don't understand.  You've already done so much, I don't know why do you have to go back."
4,4,Ses01F_impro02_F,sadness,I don't know.  I put in that. request too. They didn't...
4,5,Ses01F_impro02_F,neutral,"I guess, you know, everybody has to make sacrifices."
4,6,Ses01F_impro02_M,neutral,"I don't know, it's just not fair.  I think you've already made your sacrifice."
4,7,Ses01F_impro02_F,sadness,"There's people that have given more though, you know?"
4,8,Ses01F_impro02_M,frustration,I just don't see how they can make you leave when you have a new baby - we have a new kid.
4,9,Ses01F_impro02_F,sadness,I know.
4,10,Ses01F_impro02_M,neutral,Then why is that fair?  Why--
4,11,Ses01F_impro02_F,neutral,"There's babies over there, though, that need mothers."
4,12,Ses01F_impro02_M,sadness,I don't know how you can be okay with this?  I don't know why you're not-- you're fine with it.
4,13,Ses01F_impro02_F,neutral,"I'm not okay with it, but I don't-- it's not like I have a choice.  I don't see what crying about it is going to fix."
4,14,Ses01F_impro02_M,neutral,I'm just trying to think of another way.  I'm just trying to...
4,15,Ses01F_impro02_F,sadness,"Just, you know, kicking myself."
4,16,Ses01F_impro02_F,neutral,like you sign up because you need money and
4,17,Ses01F_impro02_F,sadness,things just aren't what they seem.
4,18,Ses01F_impro02_M,neutral,This is a stupid war.
4,19,Ses01F_impro02_F,neutral,"We're doing the right thing, though."
4,20,Ses01F_impro02_M,frustration,I know.
4,21,Ses01F_impro02_M,sadness,I just don't see why it has to be you.
4,22,Ses01F_impro02_F,sadness,"If not me then, who?"
4,23,Ses01F_impro02_M,sadness,What am I going to do? Huh?
4,24,Ses01F_impro02_F,sadness,"You'll videotape everything, yeah?"
4,25,Ses01F_impro02_M,sadness,Yeah.
4,26,Ses01F_impro02_F,sadness,"Maybe you can send it to me, like stream it, yeah?"
4,27,Ses01F_impro02_M,neutral,Don't you guys have access to computers over there.
4,28,Ses01F_impro02_F,sadness,Last month--  Yeah.
4,29,Ses01F_impro02_M,sadness,I just don't know how I'm going to do it without you.
4,30,Ses01F_impro02_F,neutral,I have to find sitters.
4,31,Ses01F_impro02_M,sadness,I can't raise a baby by myself.  How?
4,32,Ses01F_impro02_F,sadness,"We've got friends, that's why we moved here, huh?  Because there is a day care down the street."
4,33,Ses01F_impro02_M,neutral,I know.
4,34,Ses01F_impro02_F,neutral,And your mother is close by.
4,35,Ses01F_impro02_F,sadness,I'll send you lots of letters.
4,36,Ses01F_impro02_F,sadness,And I want lots and lots and lots of pictures.
4,37,Ses01F_impro02_M,frustration,It's just not fair.
5,0,Ses04M_impro05_M,frustration,"Yeah, hi.  Look--Um, okay.  Here's the thing."
5,1,Ses04M_impro05_F,neutral,"Hi, how can I help you?"
5,2,Ses04M_impro05_M,neutral,Just arrived from London--
5,3,Ses04M_impro05_F,neutral,Mmhmm.
5,4,Ses04M_impro05_M,frustration,lost my luggage. Your airline--
5,5,Ses04M_impro05_F,neutral,I'm sorry.
5,6,Ses04M_impro05_F,neutral,Right.
5,7,Ses04M_impro05_M,frustration,"lost my luggage. I didn't lose it. No, it's not like I left it somewhere and somebody took it."
5,8,Ses04M_impro05_F,neutral,"Oh, oh, you didn't."
5,9,Ses04M_impro05_F,neutral,I thought you lost your luggage.
5,10,Ses04M_impro05_M,frustration,"It was lost.  I waited on the conveyor -- near the conveyor belt to see, you know, where -- then the baggage claim and see if it would- it would come out."
5,11,Ses04M_impro05_M,frustration,"Didn't come out.  I spoke to somebody, a local authority figure."
5,12,Ses04M_impro05_M,frustration,"And he told me to come to this desk here so I can, uh, at least get, uh, the hundred- hundred and fifty dollars that- that I'm owed for my loss."
5,13,Ses04M_impro05_M,frustration,'Cause that's roughly how much the bag plus all its contents was worth.
5,14,Ses04M_impro05_F,neutral,"Uh. Okay.  I -- first of all, I'm very sorry you lost your bag."
5,15,Ses04M_impro05_F,neutral,"Um, but, actually, our policy is a fifty dollar"
5,16,Ses04M_impro05_M,anger,fifty dollars?
5,17,Ses04M_impro05_F,neutral,refund--coverage of the bag that was lost. yes
5,18,Ses04M_impro05_M,anger,"fifty dollars. No way, no."
5,19,Ses04M_impro05_F,neutral,"That's our policy, sir."
5,20,Ses04M_impro05_M,anger,"I don't but the thing is, I don't care about your policy."
5,21,Ses04M_impro05_M,anger,You understand?
5,22,Ses04M_impro05_M,frustration,"What I want you to do is I want you to write three of those, as if I were three people.  Okay.  You can write -- you can just put my name on all --"
5,23,Ses04M_impro05_F,neutral,I can't do that.
5,24,Ses04M_impro05_M,frustration,But what I'm telling you is that's what you're going to do.
5,25,Ses04M_impro05_F,neutral,"Uh, no, actually, no I'm not."
5,26,Ses04M_impro05_M,anger,"No, no, because, look, I don't care what your policy says.  I mean--"
5,27,Ses04M_impro05_F,frustration,I'm very sorry.  I understand you're frustrated. You just got off of a flight.
5,28,Ses04M_impro05_M,anger,You understand that the contents of my bag- The contents of my bag cost a hundred and fifty dollars.
5,29,Ses04M_impro05_M,anger,You--
5,30,Ses04M_impro05_F,neutral,We'll cover fifty.
5,31,Ses04M_impro05_M,anger,No.  No.  No.  What I need you to do -- I need you to write checks for -- I need you to write three of them. That'll be satisfactory.
5,32,Ses04M_impro05_F,frustration,We only cover fifty do-
5,33,Ses04M_impro05_M,anger,"Just -- you can fill out the form--We can fill out - no, no, no, we can fill out the form three times."
5,34,Ses04M_impro05_F,frustration,We only cover fifty dollars worth of lost items.
5,35,Ses04M_impro05_M,frustration,And then that'll be that. It's going to be fine. Just-
5,36,Ses04M_impro05_M,neutral,"I'm going to get very upset.  Like, I mean, I'm- I'm upset right now but I'm going to get really upset if you- if you don't do the check thing."
5,37,Ses04M_impro05_F,frustration,I'm very sorry.
5,38,Ses04M_impro05_F,neutral,I'm very sorry.  I understand you're upset.  You just got off a long flight.
5,39,Ses04M_impro05_M,frustration,"You don't understand. You don't understand, actually.  You don't understand because it was my luggage that was lost.  Okay."
5,40,Ses04M_impro05_F,frustration,We really -- we want to work with you. We really -- we want to help.
5,41,Ses04M_impro05_F,neutral,I understand that.  I would know if it was mine. Um-
5,42,Ses04M_impro05_M,anger,"Yeah.  If it was yours, but it's not. It's mine.  Okay. So just--"
5,43,Ses04M_impro05_F,neutral,But it's not.  It's yours.  I understand.
5,44,Ses04M_impro05_F,frustration,I know.  We want to work with you.  We will give you the fifty dollars but I'm--
5,45,Ses04M_impro05_M,neutral,"No, it's not going to be -- but it's not going to be fifty, it's going to be a hundred and fifty.  You're going to write three, you understand, three of- of the forms.  You're going to write three of them out and then give it to me."
5,46,Ses04M_impro05_F,frustration,"Yeah, we don't do that.  I can go ahead and send you--"
5,47,Ses04M_impro05_M,frustration,You- you- you- you're misunderstanding me.  You're going to do that.
5,48,Ses04M_impro05_F,frustration,"We will definitely keep an eye out for your bag. We will try to find it.  We will, you know, fill out the form for missing items."
5,49,Ses04M_impro05_M,frustration,"Look, can I just -- can I speak to your manager, please?  'Cause I- I really -- I don't, um -- I mean, I just don't want to deal with -- I know that -- I mean, I know this isn't your fault,"
5,50,Ses04M_impro05_F,frustration,No one can make the three check thing happen 'cause we don't do that.
5,51,Ses04M_impro05_F,frustration,I can write you the one check.
5,52,Ses04M_impro05_M,anger,but I need to speak to somebody who can make the three check thing happen.
5,53,Ses04M_impro05_F,frustration,All- all that my supervisor could do is the exact same thing that I'm offering to do.
5,54,Ses04M_impro05_M,frustration,"But what I'm talk -- but I'm just,just- please let me--"
5,55,Ses04M_impro05_M,frustration,But if I could just speak directly -- if I could just speak directly to your-- to your superior person
5,56,Ses04M_impro05_F,frustration,"I'd be happy to give you a cup of coffee, too."
5,57,Ses04M_impro05_F,frustration,We'll just throw that in--gratuitously.
5,58,Ses04M_impro05_M,frustration,then that would be helpful to me because I just feel like if- you don't think you have the power to write three checks but you actually do. see?
5,59,Ses04M_impro05_F,frustration,"No, I don't. See, I could lose my job if I did that."
5,60,Ses04M_impro05_M,frustration,But your job is not my concern. My concern is getting my luggage.
5,61,Ses04M_impro05_F,frustration,And your bag is not my concern.
5,62,Ses04M_impro05_F,frustration,The fifty dollars I'm going to give you for your bag is really all I'm concerned with.
5,63,Ses04M_impro05_M,frustration,"Look, I don't -- look, can we just not argue about this.  Like--"
5,64,Ses04M_impro05_F,frustration,I'm more than happy to not argue about it.  I will give you your fifty dollar certificate.
5,65,Ses04M_impro05_F,frustration,You can go ahead and go fill out the form. We'll look for your bag.
5,66,Ses04M_impro05_M,frustration,So what if- what if we- what if we do three forms
5,67,Ses04M_impro05_M,frustration,with different names on them? That-
5,68,Ses04M_impro05_F,frustration,Then that would be lying.
5,69,Ses04M_impro05_M,frustration,"but, no. See, 'cause"
5,70,Ses04M_impro05_M,frustration,if we have three forms then I can get the hundred and fifty.
5,71,Ses04M_impro05_F,frustration,I'm sorry.  We can only issue one fifty dollar certificate to cover the lost bag for one person.
5,72,Ses04M_impro05_M,frustration,"Just please, will you please just work with me here? Just -- all I'm asking you to do is just work with me. I know -- I know that you get lots of people all day long who give you shit, give you crap, but"
5,73,Ses04M_impro05_F,neutral,"I understand you're frustrated, but--"
5,74,Ses04M_impro05_M,frustration,"um, you know, I -- this is my bag and I need the hundred and fifty dollars. Please."
5,75,Ses04M_impro05_F,neutral,I know. I understand it's personal-- It's personal to you. I get that.
5,76,Ses04M_impro05_M,anger,Please.
5,77,Ses04M_impro05_F,frustration,"But if you want to just sit down, you know, maybe have a cup of tea, calm down a little bit, we'll go ahead and we'll do what we can for you. you okey"
5,78,Ses04M_impro05_M,anger,"I'm already calm. Okay, I'm calm. I'm calm."
5,79,Ses04M_impro05_M,frustration,"Just all I need you to do is just fill out three forms and I'll leave you alone forever, forever.  I'll never -- we'll never see each other again."
5,80,Ses04M_impro05_F,frustration,"And I'm looking forward to that.  However, I can't do that. I would lose my job."
5,81,Ses04M_impro05_M,frustration,But that's not going to-- But you don't understand. You're looking forward to never seeing me again.
5,82,Ses04M_impro05_F,frustration,"Oh, yes."
5,83,Ses04M_impro05_M,frustration,But never seeing me again is not going to happen until you give me the three checks.
5,84,Ses04M_impro05_F,frustration,"I'm sorry, really.  But--"
5,85,Ses04M_impro05_M,frustration,I don't -- I'm not- I'm not convinced.
5,86,Ses04M_impro05_F,frustration,That I'm sorry?
5,87,Ses04M_impro05_M,anger,"Yeah.  If you were really sorry, you'd give me the three checks."
5,88,Ses04M_impro05_M,anger,"So why don't we just do that and stop this nonsense, hmm?  Hmm?"
6,0,Ses03F_impro03_M,neutral,"Oh, my God, look at that. Huh-oh, how many carats is that?"
6,1,Ses03F_impro03_F,neutral,"I know. [LAUGHTER]. Dude, I don't know. It's- Probably. It's huge. I don't even know how to like wear it. My hand is like going down like really low. I can't believe it."
6,2,Ses03F_impro03_M,neutral,Like eighteen? [LAUGHTER]
6,3,Ses03F_impro03_M,neutral,"Oh, Jesus."
6,4,Ses03F_impro03_M,neutral,Is it-
6,5,Ses03F_impro03_F,neutral,"I- Yeah, it's-"
6,6,Ses03F_impro03_M,neutral,So how did he do it?
6,7,Ses03F_impro03_F,neutral,"Oh, man. So I was--okay, so we went to go see this show on Broadway, right? And it was The wed- the wed- The Lousy Chaperone. Have you seen that one?"
6,8,Ses03F_impro03_M,neutral,yeah [LAUGHTER]
6,9,Ses03F_impro03_M,neutral,"Yeah, The Lousy Chaperone. [LAUGHTER] Uh huh."
6,10,Ses03F_impro03_F,neutral,"Right. Right. Right. So, and there's like a whole like wedding scene in it. All right, not the--Drowsy, Drowsy [LAUGHTER] --not the Lousy. [LAUGHTER]. Um - So Drowsy. So I go to see this Drowsy Chaperone. And uh-"
6,11,Ses03F_impro03_M,neutral,[LAUGHTER] Uh- Drowsy.
6,12,Ses03F_impro03_F,neutral,"at the end of the performance, you know, like we're all clapping and stuff. And all of a sudden I look over and"
6,13,Ses03F_impro03_F,neutral,"Joe's gone. -where did he go, you know?"
6,14,Ses03F_impro03_M,neutral,Uh huh. Oh-
6,15,Ses03F_impro03_F,neutral,"And I'm like oh, he went to the- -the bathroom, but he didn't tell me, I didn't even notice him leaving. And all of a sudden, I swear to God, I'm sitting there and-"
6,16,Ses03F_impro03_F,neutral,he comes up onstage-- And the entire cast everyone just like
6,17,Ses03F_impro03_M,neutral,oh-
6,18,Ses03F_impro03_F,neutral,goes up there and everyone's clapping and he's standing there and they put a spotlight on him.
6,19,Ses03F_impro03_M,neutral,"Oh, my God."
6,20,Ses03F_impro03_F,neutral,"And I'm like freaking out. I'm like what the hell's going on, you know. I don't know what's going on. And so he's like standing there and then all of a sudden they give him a microphone-"
6,21,Ses03F_impro03_F,neutral,and he just starts doing like this little spiel about me and like
6,22,Ses03F_impro03_F,neutral,"he asked me to marry him, like- onstage. I was like, I couldn't believe--and I had to walk up there and I was, like I think I tripped or something."
6,23,Ses03F_impro03_M,neutral,Are you kidding me?
6,24,Ses03F_impro03_M,neutral,"Wha- What'd you say? You said yes, right? [LAUGHTER]"
6,25,Ses03F_impro03_F,neutral,"Yeah, I said yes, but I, yeah, I mean,"
6,26,Ses03F_impro03_F,neutral,"I don't know- it just like took me, took me by surprise."
6,27,Ses03F_impro03_F,happiness,He scored points.
6,28,Ses03F_impro03_M,neutral,Did you get a standing ovation?
6,29,Ses03F_impro03_F,happiness,"Oh, yeah. Everyone--yeah. And people--friends of ours were in the audience, I didn't know about, like family members."
6,30,Ses03F_impro03_F,neutral,Yeah. It was great.
6,31,Ses03F_impro03_M,neutral,Are you serious?
6,32,Ses03F_impro03_F,neutral,"It was--I cried,"
6,33,Ses03F_impro03_M,happiness,"No, you deserve to cry. I mean, tears of happiness."
6,34,Ses03F_impro03_F,happiness,"like a loser, I cried."
6,35,Ses03F_impro03_F,happiness,"But, I don't know, I--it's so weird to think I'm marrying somebody 'cause I feel so young, you know?"
6,36,Ses03F_impro03_M,neutral,So where- where- where is this--have you talked about where it's going to be?
6,37,Ses03F_impro03_F,happiness,No. No plans. or any- and probably
6,38,Ses03F_impro03_F,happiness,"like I think I want to get married--I want to have two weddings. One here, then one in Europe."
6,39,Ses03F_impro03_M,neutral,Hawaii? No.
6,40,Ses03F_impro03_F,neutral,No. Hawaii's for honeymoons. But uh--
6,41,Ses03F_impro03_M,neutral,Oh. Like Paris? On the Eiffel Tower?
6,42,Ses03F_impro03_F,neutral,"Oh, maybe. I don't know. I've been there so many times. I think it's--we're going to get married in Spain and then we're going to get married here."
6,43,Ses03F_impro03_M,neutral,He's rich enough. Maybe you can rent out the Eiffel Tower for your--
6,44,Ses03F_impro03_M,neutral,"Oh, Jesus."
6,45,Ses03F_impro03_M,neutral,That's awesome. [LAUGHTER] Marriage.
6,46,Ses03F_impro03_F,neutral,Yeah. I'm so excited. [LAUGHTER].
7,0,Ses02M_impro01_M,frustration,All right. Finally. Here you go.
7,1,Ses02M_impro01_F,neutral,"Hi, How can I help you?"
7,2,Ses02M_impro01_M,neutral,"Yea. I just want to get this done,"
7,3,Ses02M_impro01_F,neutral,"Sure, um"
7,4,Ses02M_impro01_M,neutral,get my new license.
7,5,Ses02M_impro01_F,neutral,do you have two forms of ID with you?
7,6,Ses02M_impro01_M,neutral,"Um, no, I got my driver's license though."
7,7,Ses02M_impro01_F,neutral,"I actually need two forms of ID. I need either a passport or a birth certificate, or social security card. I'm sorry."
7,8,Ses02M_impro01_M,neutral,"Uh, sorry, I forgot them. I mean I've got to -"
7,9,Ses02M_impro01_F,neutral,Well
7,10,Ses02M_impro01_M,neutral,well is the dri-driver's license going to work?
7,11,Ses02M_impro01_F,neutral,I- I can take your driver's license but I need another form of ID in order to process this paper work.
7,12,Ses02M_impro01_M,frustration,"Okay, so what are you saying? What-"
7,13,Ses02M_impro01_F,neutral,"Um, that you would need to go home and get another form of ID and come back."
7,14,Ses02M_impro01_M,anger,"What? I- You telling me I waited in that huge line to go and sit down and get my number called, like after"
7,15,Ses02M_impro01_F,frustration,"Well, I'm sorry sir but"
7,16,Ses02M_impro01_M,anger,three hours and
7,17,Ses02M_impro01_F,frustration,you need to bring two forms of ID there is nothing we can do about it.
7,18,Ses02M_impro01_M,anger,Shouldn't they have like told us about that? I mean why - why would they make me go and wait three hours if I have got to go and do it again?
7,19,Ses02M_impro01_F,frustration,"Well, it's actually-"
7,20,Ses02M_impro01_F,frustration,"It's standard that you bring a couple of forms of ID, I'm sorry."
7,21,Ses02M_impro01_M,anger,"It's standard? I mean I don't work at the D.M.V. how am I supposed to know that, like, I stand in line, I get my"
7,22,Ses02M_impro01_F,frustration,"Well, I'm sorry, sir, but we're not responsible."
7,23,Ses02M_impro01_M,anger,"I filled out the application right, didn't I?"
7,24,Ses02M_impro01_F,frustration,"Yes, you did, thank you very much, but we're not responsible if you've forgotten something, and we need to have two forms of ID."
7,25,Ses02M_impro01_M,frustration,Okay. What about - no -- how about you hold that and I'll - I'll go and I can come back-
7,26,Ses02M_impro01_F,frustration,"I'm sorry, but there is a lot of people waiting so you're just going to have to get in line again."
7,27,Ses02M_impro01_M,frustration,I've been waiting for three hours.
7,28,Ses02M_impro01_F,frustration,"It just happens to people all the time, I'm sorry sir, but I can't make an exception for you."
7,29,Ses02M_impro01_M,frustration,This is ridiculous. Come on
7,30,Ses02M_impro01_F,neutral,"I'm sorry, sir."
7,31,Ses02M_impro01_M,frustration,"I cannot go back in that line. I've got stuff I need to do, I mean-"
7,32,Ses02M_impro01_F,neutral,there is nothing I can do.
7,33,Ses02M_impro01_M,neutral,"But my driver's license - I had to have my birth certificate to get my driver's license in the first place right, I mean this - here is my driver's license so"
7,34,Ses02M_impro01_F,frustration,"I know sir, but we have to have two forms. There is nothing I can do about it, I'm sorry."
7,35,Ses02M_impro01_M,frustration,That doesn't make any sense. Why?
7,36,Ses02M_impro01_F,frustration,"I'm sorry, sir. There is nothing I can do."
7,37,Ses02M_impro01_M,anger,You- shouldn't you have like a sign or something maybe like up on the counter when you get the applica- maybe on the application
7,38,Ses02M_impro01_F,frustration,"Well, if you had checked the web site it would have said."
7,39,Ses02M_impro01_F,frustration,If you had checked the website it would have said that you needed two forms of identification.
7,40,Ses02M_impro01_M,anger,"What web- I didn't go to a website - why would I need to - it's the D.M.V.. You come to the D.M.V., you wait in line for three hours, and then you go home."
7,41,Ses02M_impro01_F,frustration,"Well, maybe you should"
7,42,Ses02M_impro01_M,frustration,I waited in line now I'm ready to get my stuff and then go home.
7,43,Ses02M_impro01_F,frustration,Right. So maybe you should go home now and get your paperwork and come back.
7,44,Ses02M_impro01_F,frustration,"I'm sorry sir but there's a lot of people waiting. So if you won't move out of the way, then I'm going to have to call security."
7,45,Ses02M_impro01_M,frustration,"God, oh my-"
7,46,Ses02M_impro01_M,frustration,This is ridiculous.
7,47,Ses02M_impro01_F,frustration,"I'm sorry, sir, it's not my choice."
8,0,Ses04M_script03_2_M,neutral,"That was a rouser, wasn't it?"
8,1,Ses04M_script03_2_F,anger,That was the first time you ever hit me.
8,2,Ses04M_script03_2_M,neutral,I didn't hit you very hard.
8,3,Ses04M_script03_2_F,happiness,"The manager came in and found us rolling about on the floor, biting and scratching like panthers.  Oh, dear."
8,4,Ses04M_script03_2_M,neutral,I shall never forget his face.
8,5,Ses04M_script03_2_F,happiness,"How ridiculous.  How utterly, utterly ridiculous."
8,6,Ses04M_script03_2_M,neutral,We were very much younger then.
8,7,Ses04M_script03_2_F,happiness,And very much sillier.
8,8,Ses04M_script03_2_M,frustration,"As a matter of fact, the real cause of that row was Peter Burden."
8,9,Ses04M_script03_2_F,neutral,You knew there was nothing in that.
8,10,Ses04M_script03_2_M,frustration,I knew nothing of the sort.  You took presents from him.
8,11,Ses04M_script03_2_F,neutral,Presents?  A trivial little brooch.
8,12,Ses04M_script03_2_M,neutral,"I remember it well, bristling with diamonds in the worst possible taste."
8,13,Ses04M_script03_2_F,neutral,Not at all.  It was very pretty.  I still have it and I wear it often.
8,14,Ses04M_script03_2_M,frustration,You went out of your way to torture me over Peter Burden.
8,15,Ses04M_script03_2_F,neutral,I did not.  You made the whole thing up in your jealous imagination.
8,16,Ses04M_script03_2_M,anger,"You must admit that he was in love with you, wasn't he?"
8,17,Ses04M_script03_2_F,happiness,"Just a little, perhaps, nothing serious."
8,18,Ses04M_script03_2_M,neutral,Line?
8,19,Ses04M_script03_2_F,neutral,Let him kiss you.
8,20,Ses04M_script03_2_M,anger,You let him kiss you.  You said you did.
8,21,Ses04M_script03_2_F,anger,What of it?
8,22,Ses04M_script03_2_M,anger,What of it?
8,23,Ses04M_script03_2_F,neutral,It gave him a lot of pleasure and it didn't hurt me.
8,24,Ses04M_script03_2_M,anger,What about me?
8,25,Ses04M_script03_2_F,frustration,"If you hadn't been so nosey, you never would have known a thing about it."
8,26,Ses04M_script03_2_M,anger,"That's a nice point of view, I must say."
8,27,Ses04M_script03_2_F,frustration,"Oh, dear.  I'm bored with this conversation."
8,28,Ses04M_script03_2_M,anger,So am I; bored stiff.
8,29,Ses04M_script03_2_M,neutral,You want some brandy?
8,30,Ses04M_script03_2_F,anger,"No, thanks."
8,31,Ses04M_script03_2_M,frustration,"I'll have a little myself, I think."
8,32,Ses04M_script03_2_F,frustration,I don't see why you want it.  You've already had two glasses.
8,33,Ses04M_script03_2_M,frustration,"No particular reason.  Anyhow, they were very small ones."
8,34,Ses04M_script03_2_F,frustration,It seems so silly to go on and on and on with such a thing.
8,35,Ses04M_script03_2_M,frustration,You can hardly call three liquor glasses in a whole evening going on and on and on.
8,36,Ses04M_script03_2_F,anger,It's become a habit with you.
8,37,Ses04M_script03_2_M,frustration,You needn't be so grand just because you don't happen to want any at the moment.
8,38,Ses04M_script03_2_F,frustration,"Oh, don't be so stupid."
8,39,Ses04M_script03_2_M,anger,"Really, Amanda"
8,40,Ses04M_script03_2_F,anger,What?
8,41,Ses04M_script03_2_M,anger,Nothing.
8,42,Ses04M_script03_2_M,anger,"Going out somewhere, my dear?"
8,43,Ses04M_script03_2_F,frustration,"No, just making myself fascinating for you"
8,44,Ses04M_script03_2_M,frustration,Oh.  That reply has broken my heart.
8,45,Ses04M_script03_2_F,neutral,"The woman's job is to allure the man.  Watch me a minute, will you?"
8,46,Ses04M_script03_2_M,anger,"As a matter of fact, that's perfectly true."
8,47,Ses04M_script03_2_F,anger,"Oh, no, it isn't."
8,48,Ses04M_script03_2_M,anger,"Yes, it is."
8,49,Ses04M_script03_2_F,anger,"Oh, be quiet."
8,50,Ses04M_script03_2_M,neutral,Line?
8,51,Ses04M_script03_2_F,neutral,It's a pity you didn't- It's a pity you didn't have more brandy.
8,52,Ses04M_script03_2_M,anger,It's a pity you didn't have any more brandy.  It might have made you a little less disagreeable.
8,53,Ses04M_script03_2_F,frustration,It doesn't seem to have worked such wonders with you.
8,54,Ses04M_script03_2_M,neutral,Line?
8,55,Ses04M_script03_2_M,anger,"Snap.  Oh, snap, snap, snap, like a little adder."
8,56,Ses04M_script03_2_F,anger,"Adders don't snap, they sting."
8,57,Ses04M_script03_2_M,anger,"They -- nonsense, they have a little bag of venom behind their fangs and they snap."
8,58,Ses04M_script03_2_F,frustration,They sting.
8,59,Ses04M_script03_2_M,anger,They snap.
8,60,Ses04M_script03_2_F,anger,I don't care.  Do you understand?  I don't care.  I don't mind if they bark and roll about like hoops.
8,61,Ses04M_script03_2_M,neutral,Did you see much of Peter Burden after our divorce?
8,62,Ses04M_script03_2_F,anger,"Yes, I did, quite a lot."
8,63,Ses04M_script03_2_M,anger,"I suppose you let him kiss you a good deal more then, hmm?"
8,64,Ses04M_script03_2_F,anger,Mind your own business.
8,65,Ses04M_script03_2_M,anger,You must have had a riotous time.
8,66,Ses04M_script03_2_M,anger,"No restraint at all, very enjoyable.  You never had much anyhow."
8,67,Ses04M_script03_2_F,anger,You're quite insufferable.  I expected it's because you're drunk.
8,68,Ses04M_script03_2_M,anger,I'm not in the least drunk.
8,69,Ses04M_script03_2_F,anger,You always had a weak head.
8,70,Ses04M_script03_2_M,frustration,I think I mentioned once before that I've only had three minute liquor glasses of brandy this whole evening.  That's hardly enough to get a child of two drunk.
8,71,Ses04M_script03_2_F,anger,"On the contrary, a child of two could get violently drunk on only one glass of brandy."
8,72,Ses04M_script03_2_M,anger,Very interesting.  And how about a child of four and a child of six and a child of nine?
8,73,Ses04M_script03_2_F,anger,"Oh, shut up."
8,74,Ses04M_script03_2_M,neutral,"We might get up a splendid little- a splendid little debate about this, you know, intemperate tots."
8,75,Ses04M_script03_2_F,anger,"Not very funny, dear.  You'd better have some more brandy."
8,76,Ses04M_script03_2_M,anger,Very good idea.  I will
8,77,Ses04M_script03_2_M,anger,You better turn that off I think.
8,78,Ses04M_script03_2_F,anger,Why?
8,79,Ses04M_script03_2_M,neutral,It's late and the people upstairs will get annoyed.
8,80,Ses04M_script03_2_F,anger,There aren't any people upstairs.  It's a photographer's studio.
8,81,Ses04M_script03_2_M,anger,"There are people downstairs, I suppose"
8,82,Ses04M_script03_2_F,neutral,They're away in Tunis.
8,83,Ses04M_script03_2_M,neutral,This is no time of year for Tunis.
8,84,Ses04M_script03_2_F,anger,"Turn it on again, please."
8,85,Ses04M_script03_2_M,neutral,I will do no such thing.
8,86,Ses04M_script03_2_F,anger,"Very well, if you insist on being boorish and idiotic."
8,87,Ses04M_script03_2_M,anger,Turn it off.  It's driving me mad.
8,88,Ses04M_script03_2_F,anger,Go away.  Go away.  I hate you.
8,89,Ses04M_script03_2_M,anger,Turn it off.
8,90,Ses04M_script03_2_F,anger,You are far too temperamental.  Try to control yourself.
8,91,Ses04M_script03_2_F,neutral,We swapped. Listen.
8,92,Ses04M_script03_2_M,anger,Listen--
8,93,Ses04M_script03_2_F,anger,"Listen, indeed.  I am sick and tired of listening to you, you damn sadistic bully."
8,94,Ses04M_script03_2_M,anger,"You're a vile tempered, loosed living"
8,95,Ses04M_script03_2_F,anger,Stop.
8,96,Ses04M_script03_2_M,anger,wicked little beast. And I- I hope I never see you again as long as live.
8,97,Ses04M_script03_2_F,anger,Stop.  I hate you.  Do you hear me? You're conceited and overbearing and utterly impossible.
8,98,Ses04M_script03_2_F,anger,"This is the end.  Do you understand, the end?  Finally and forever."
8,99,Ses04M_script03_2_M,anger,You're not going like this.
8,100,Ses04M_script03_2_F,anger,"Oh, yes, I am."
8,101,Ses04M_script03_2_M,anger,"No, you're not."
8,102,Ses04M_script03_2_F,anger,"Let go of me.  You're a cruel fiend and I hate and loath you.  Thank God, I discovered in time what you're really like."
8,103,Ses04M_script03_2_M,anger,Shut up. Shut up.
8,104,Ses04M_script03_2_M,anger,"You're a mean, evil minded"
8,105,Ses04M_script03_2_F,anger,Marry you again? Huh.
8,106,Ses04M_script03_2_M,anger,little vampire And I hope to God I never set eyes on you as long as I live.
8,107,Ses04M_script03_2_F,anger,"Never, never, never.  I'd rather die in torment. Beast brute."
8,108,Ses04M_script03_2_M,anger,Whore.
8,109,Ses04M_script03_2_F,anger,Swine.
9,0,Ses02M_impro03_M,neutral,"Oh, you're never going to believe it."
9,1,Ses02M_impro03_F,neutral,What? What? You look really happy what's going on?
9,2,Ses02M_impro03_M,neutral,"Well, I finally did it"
9,3,Ses02M_impro03_F,neutral,Finally did what?
9,4,Ses02M_impro03_M,neutral,I-I asked her to marry me.
9,5,Ses02M_impro03_F,neutral,"You did? Oh, my Gosh, I'm so proud of you."
9,6,Ses02M_impro03_M,neutral,"Yes, I know. [LAUGHTER]"
9,7,Ses02M_impro03_F,neutral,"Oh, my Gosh. Well, and did"
9,8,Ses02M_impro03_M,neutral,"I'm so nervous you know, I'm-"
9,9,Ses02M_impro03_F,neutral,Did she say yes?
9,10,Ses02M_impro03_M,neutral,"Yes, she said yes. [LAUGHTER] I know"
9,11,Ses02M_impro03_F,neutral,That's like the most definitive.
9,12,Ses02M_impro03_M,neutral,I know Uhm- I can't believe it.  It's like-
9,13,Ses02M_impro03_F,neutral,"Oh, my gosh, wait so when did you decide to do this, I mean,"
9,14,Ses02M_impro03_F,neutral,I would have thought you would have told me that you were planning on doing this.
9,15,Ses02M_impro03_M,neutral,"Well, yes, I wanted it you know I guess sort of as a surprise for everyone so"
9,16,Ses02M_impro03_F,neutral,"Yea, I guess so. Oh, my Gosh. Was she surprised?"
9,17,Ses02M_impro03_M,neutral,"Yes, yes. You know, she - she was like - I mean, she was happy, you know"
9,18,Ses02M_impro03_F,neutral,Yeah.
9,19,Ses02M_impro03_M,neutral,"I - I think it was about time, I don't know, maybe. You know what, it's been it's been long enough now."
9,20,Ses02M_impro03_F,neutral,So what did you do?
9,21,Ses02M_impro03_M,happiness,"Oh, well, it was -- you know, we were at this- at this concert and yeah"
9,22,Ses02M_impro03_M,happiness,so I-I talked to some of the crew before hand and-
9,23,Ses02M_impro03_F,neutral,"Oh, You did not."
9,24,Ses02M_impro03_M,happiness,I-I did.
9,25,Ses02M_impro03_F,neutral,"Oh, my Gosh. that's so cute"
9,26,Ses02M_impro03_M,neutral,"So I got the band to do something, you know, like towards the end of the song I got to go up on stage and, uh"
9,27,Ses02M_impro03_F,neutral,"That's so romantic. Oh, my Gosh. She must have died. That's like one of those things you write into a magazine about like my boyfriend did this. Oh my God."
9,28,Ses02M_impro03_M,happiness,"I know, so"
9,29,Ses02M_impro03_M,happiness,I got to freak her out.
9,30,Ses02M_impro03_M,neutral,"No, yes -- so"
9,31,Ses02M_impro03_F,neutral,She must have flipped out.
9,32,Ses02M_impro03_M,happiness,"Yea, that way she was guaranteed that she could not say no."
9,33,Ses02M_impro03_F,neutral,Right exactly because you can't say no in front of thousands of people. [LAUGHTER]
9,34,Ses02M_impro03_M,neutral,"No, but it was good."
9,35,Ses02M_impro03_F,neutral,Did you bring her up on stage too?
9,36,Ses02M_impro03_M,neutral,"Yes, yes. [LAUGHTER]"
9,37,Ses02M_impro03_F,neutral,"Oh, my Gosh, that's so cute."
9,38,Ses02M_impro03_M,neutral,"I know it was, I don't know I was really nervous but I'm really - I'm really glad."
9,39,Ses02M_impro03_F,neutral,Are your parents excited or...?
9,40,Ses02M_impro03_M,happiness,"Oh yes, they - they you know they love her and so I mean..."
9,41,Ses02M_impro03_F,neutral,"Yea, totally. So when is it going to happen?"
9,42,Ses02M_impro03_M,neutral,"Well, we're thinking uh - we're thinking winter time, you know, we're going to do it in the winter and then maybe, you know, maybe"
9,43,Ses02M_impro03_M,neutral,"I don't know either do a honeymoon like in the snow or fly down to like Australia, Southern Hemisphere, [GARBAGE] so we'll decide with that."
9,44,Ses02M_impro03_F,neutral,"Ooh, that would be fun."
9,45,Ses02M_impro03_F,neutral,"Do you think you'll get a house or something, like you guys are looking to buy some place or"
9,46,Ses02M_impro03_M,neutral,"Yea, yea, I'm not too sure where yet I guess you know, I kind of got to figure some stuff out here first"
9,47,Ses02M_impro03_F,neutral,Yeah. [LAUGHTER]
9,48,Ses02M_impro03_M,neutral,but like you know it's just - I guess we're just excited right now that we'll get to continue it together.
9,49,Ses02M_impro03_F,neutral,"Oh my Gosh. I cannot believe you're getting married, that is so cool."
9,50,Ses02M_impro03_M,neutral,I know.
9,51,Ses02M_impro03_F,neutral,"Golly, it just makes me all like romantic inside, like I really want that to happen to me. [LAUGHTER]"
9,52,Ses02M_impro03_M,happiness,"Oh, it will, obviously you know. But I know it's something - I don't know, you never really think about it happening, like before hand."
9,53,Ses02M_impro03_F,neutral,Did you have a good ring? You better have had a good ring.
9,54,Ses02M_impro03_M,happiness,"Sure. Oh, yes."
9,55,Ses02M_impro03_F,neutral,Good. The ring makes all the difference.
9,56,Ses02M_impro03_M,neutral,You know I had my mom come along maybe help me out a little bit because she's got good taste. but
9,57,Ses02M_impro03_F,neutral,"Oh, that's awesome."
9,58,Ses02M_impro03_M,neutral,"Yes, well, Thanks, thanks. Thank you. yeah"
9,59,Ses02M_impro03_F,neutral,"Yay, well congratulations, that's so cool. [BREATHING] I can't wait."
9,60,Ses02M_impro03_M,happiness,Hah.
10,0,Ses03F_impro06_M,neutral,How you doing?
10,1,Ses03F_impro06_F,sadness,Okay.
10,2,Ses03F_impro06_F,sadness,Yeah. Wow.
10,3,Ses03F_impro06_M,neutral,We're all going to miss him.
10,4,Ses03F_impro06_F,sadness,"Mmm hmm. I never knew it was going to be this hard, you know."
10,5,Ses03F_impro06_F,sadness,It's weird 'cause it's like you expected it to happen and eventually-
10,6,Ses03F_impro06_F,sadness,"he had cancer, you know?"
10,7,Ses03F_impro06_M,neutral,"Mmm, Hmm."
10,8,Ses03F_impro06_F,sadness,"They thought he got--would get better and he did, and then it just- things turned bad."
10,9,Ses03F_impro06_F,sadness,"Turned around for the worst, you know."
10,10,Ses03F_impro06_M,sadness,"I didn't know him, Tricia, but uh- I heard that he was a great man."
10,11,Ses03F_impro06_F,sadness,He was amazing.
10,12,Ses03F_impro06_F,sadness,I loved that boy.
10,13,Ses03F_impro06_F,sadness,"We did everything together, you know."
10,14,Ses03F_impro06_F,sadness,"It's weird, I think. I feel so alone, you know? What am I going to do now? Now that he's gone."
10,15,Ses03F_impro06_F,sadness,He's so young. It seems so--
10,16,Ses03F_impro06_F,sadness,so wrong in so many ways.
10,17,Ses03F_impro06_F,sadness,"His poor parents. You know, it's their only son."
10,18,Ses03F_impro06_M,neutral,yeah.
10,19,Ses03F_impro06_F,sadness,"Kind of a whole year. I mean, he suffered with this, this monster, this thing, this disease."
10,20,Ses03F_impro06_M,sadness,"He was in chemo the whole time, right?"
10,21,Ses03F_impro06_F,neutral,Yeah.
10,22,Ses03F_impro06_M,sadness,And he just got that baseball scholarship.
10,23,Ses03F_impro06_F,sadness,"I know. He was, he had so much going for him."
10,24,Ses03F_impro06_F,sadness,"So handsome, so young, so gifted."
10,25,Ses03F_impro06_F,sadness,So talented.
10,26,Ses03F_impro06_F,sadness,"Such a sweet person, you know?"
10,27,Ses03F_impro06_M,sadness,How's his parents doing?
10,28,Ses03F_impro06_F,sadness,Not very good.
10,29,Ses03F_impro06_F,sadness,"Can you imagine, though, you know, as a parent, just losing a kid? Twenty-two years old."
10,30,Ses03F_impro06_F,sadness,"It's weird, I kind of feel like part of me is gone now, you know?"
10,31,Ses03F_impro06_F,sadness,Because this other half was just kind of like ripped away.
10,32,Ses03F_impro06_M,sadness,"You guys were pretty close, weren't you?"
10,33,Ses03F_impro06_F,sadness,"He was like, he was like my brother, you know."
10,34,Ses03F_impro06_F,sadness,He was my brother.
10,35,Ses03F_impro06_F,sadness,"Just seems so unfair, is the way it is."
10,36,Ses03F_impro06_F,sadness,"You know, he had that really pretty girlfriend for like about a year and-"
10,37,Ses03F_impro06_M,sadness,What was her name?
10,38,Ses03F_impro06_F,sadness,Kelly. Kelly Uveny.
10,39,Ses03F_impro06_M,neutral,Kelly.
10,40,Ses03F_impro06_F,sadness,They talked about getting married and--
10,41,Ses03F_impro06_M,sadness,Trying to have a baby.
10,42,Ses03F_impro06_F,sadness,"Yeah. But then when he got cancer and it got bad, you know, she just took off and-"
10,43,Ses03F_impro06_F,sadness,so I was there for him.
10,44,Ses03F_impro06_M,sadness,Some people.
10,45,Ses03F_impro06_M,sadness,"Yeah, but you were there all the hospital days. By his bed-"
10,46,Ses03F_impro06_F,sadness,"Yeah. God, I loved that kid."
10,47,Ses03F_impro06_M,sadness,"So nice, so positive."
10,48,Ses03F_impro06_F,sadness,yeah.
10,49,Ses03F_impro06_M,sadness,We need more people like him.
10,50,Ses03F_impro06_F,sadness,"Joe, do you think he knew I loved him?"
10,51,Ses03F_impro06_M,sadness,I don't know.
10,52,Ses03F_impro06_F,sadness,"I never told him, I love you, but-"
10,53,Ses03F_impro06_F,sadness,I loved him so much.
10,54,Ses03F_impro06_M,sadness,I don't know if Benny was smart like that- but-
10,55,Ses03F_impro06_M,sadness,I'm sure he loved you too. He just didn't know it.
10,56,Ses03F_impro06_F,neutral,"Yeah, man."
11,0,Ses05M_script01_2_F,neutral,Why did you invite her here?
11,1,Ses05M_script01_2_M,neutral,Why does that bother you?
11,2,Ses05M_script01_2_F,neutral,"She's been in New York three and a half years, why all of a sudden?"
11,3,Ses05M_script01_2_M,neutral,"Well, maybe maybe he just wanted to see her again."
11,4,Ses05M_script01_2_F,neutral,Nobody comes seven hundred miles just to see.
11,5,Ses05M_script01_2_M,frustration,"What are you talking about?  He grew up next to the girl his whole life, why wouldn't he want to see her again?  Don't look at me like that.  He hasn't told me anything he didn't told you."
11,6,Ses05M_script01_2_F,neutral,He's not going to marry her.
11,7,Ses05M_script01_2_M,neutral,Why do you think he's even thinking that?
11,8,Ses05M_script01_2_F,neutral,He's got that about it.
11,9,Ses05M_script01_2_M,frustration,"Well, so what?"
11,10,Ses05M_script01_2_F,anger,"What's going on here, Joe?"
11,11,Ses05M_script01_2_M,frustration,Now listen.
11,12,Ses05M_script01_2_F,neutral,"No.  She's not his girl, Joe.  She knows she's not."
11,13,Ses05M_script01_2_M,neutral,You don't know.  You can't read her mind.
11,14,Ses05M_script01_2_F,neutral,"Then why is she still single? I mean, New York is full of men.  Why isn't she married?  Probably a hundred people told her she's foolish but she's waited."
11,15,Ses05M_script01_2_M,frustration,How do you know why she's waited?
11,16,Ses05M_script01_2_F,neutral,"Because she knows what I know, that's why.  She's faithful as a rock.  In my worst moments I think of her waiting and I know again that I'm right."
11,17,Ses05M_script01_2_M,frustration,"Look, it's a beautiful day outside, why are we arguing?"
11,18,Ses05M_script01_2_F,neutral,"Nobody in this house dares takes her faith away, Joe.  Strangers might, but not his father, not his brother."
11,19,Ses05M_script01_2_M,frustration,"Well, what do you want me to do about it?  What do you want?"
11,20,Ses05M_script01_2_F,frustration,"I want you to pretend like he's coming back.  Both of you, don't think I haven't noticed you and Chris since she's gotten here.  I don't want any nonsense."
11,21,Ses05M_script01_2_M,frustration,But Kate?
11,22,Ses05M_script01_2_F,frustration,"No, because if she- he's not coming back then I'll kill myself. Laugh!  Laugh at me!"
11,23,Ses05M_script01_2_F,neutral,But why did that happen the very night she came back?  She goes to sleep in his bed and his memorial breaks in pieces.  Look at it.
11,24,Ses05M_script01_2_M,frustration,Calm yourself.
11,25,Ses05M_script01_2_F,neutral,"Believe with me, Joe.  I can't stand alone."
11,26,Ses05M_script01_2_M,frustration,Calm yourself.
11,27,Ses05M_script01_2_F,frustration,Only last week a man turned up in Detroit missing longer than Larry.  You read it yourself.
11,28,Ses05M_script01_2_M,frustration,All right.  All right.
11,29,Ses05M_script01_2_F,anger,You above all have got to believe.
11,30,Ses05M_script01_2_M,neutral,"What do you mean, me above all?"
11,31,Ses05M_script01_2_F,neutral,Just don't stop believing.
11,32,Ses05M_script01_2_M,anger,"What's that suppose to mean, me above all?  Look at you, you're shaking."
11,33,Ses05M_script01_2_F,anger,I can't help it.
11,34,Ses05M_script01_2_M,anger,"What have I got to hide, Kate?  What the hell is the matter with you?"
12,0,Ses05M_impro08_M,neutral,"D.S.L. Extreme, can I help you?"
12,1,Ses05M_impro08_F,frustration,"Hi, I need- I need some help.  I've been transferred to, like, eight different departments and I've told my problem to every single department, and then they just send me to another one and say they are going to send all my information so I won't have to repeat it, and then that person doesn't know what's going on.  And I've restated my story about eight different times and I just want somebody to help me get my connection back, because this happens every two weeks.  And I want to know what to do to stop it from happening again."
12,2,Ses05M_impro08_M,neutral,This happens every two weeks?
12,3,Ses05M_impro08_F,frustration,Yeah.  That my service just goes out.
12,4,Ses05M_impro08_M,neutral,You've lost your connection.
12,5,Ses05M_impro08_F,frustration,yeah.
12,6,Ses05M_impro08_M,neutral,okay.
12,7,Ses05M_impro08_F,frustration,"And I'll reset the IP address.  I will do like, you know, direct connect the modem to my computer, and then reset everything, and then put the router back in. And-"
12,8,Ses05M_impro08_M,neutral,Hmm.  Mmm.
12,9,Ses05M_impro08_F,frustration,"Is not, It it It will work again for like a week and then it goes out again."
12,10,Ses05M_impro08_M,neutral,Has somebody tried to pin your site?
12,11,Ses05M_impro08_F,neutral,"Uh, yeah.  We've pinned it a couple of times."
12,12,Ses05M_impro08_M,neutral,"Okay. Um-  Well, I don't know.  And it consistently happens every two weeks?"
12,13,Ses05M_impro08_F,neutral,"Pretty much, yeah - I don't know if it's, like, bad phone lines or something."
12,14,Ses05M_impro08_M,neutral,Okay.
12,15,Ses05M_impro08_M,neutral,"Well, you know what, does your D.S.L. cable -- you have D.S.L., right?"
12,16,Ses05M_impro08_F,neutral,Hmm. Mmm.
12,17,Ses05M_impro08_M,neutral,"Okay.  Does your D.S.L. cable, you know, travel a long distance by any chance? - Does it go through any windows?  I mean, is it --"
12,18,Ses05M_impro08_F,neutral,yeah.
12,19,Ses05M_impro08_F,neutral,"It goes- It goes, like, through doorways.  But it goes a long distance."
12,20,Ses05M_impro08_M,neutral,"Okay.  Is it being- Is it being compressed between anything by any chance?  Because sometimes your connection can be you know, disrupted by, you know, the cable being squished."
12,21,Ses05M_impro08_F,neutral,Oh really?
12,22,Ses05M_impro08_M,neutral,"Yeah. That can be- That can create a bad connection.  And it won't always be a bad connection, but it will be bad off and on."
12,23,Ses05M_impro08_F,neutral,"Well, I- I can check that.  Is there anything else we can do, too?  Like, I'll go through and check the line throughout the house, but --"
12,24,Ses05M_impro08_M,neutral,"Yeah, well, absolutely.  What we can -- let's just go ahead and just do a basic diagnostic of your system first off, okay.  Can you go down to your start button?"
12,25,Ses05M_impro08_F,neutral,Uh huh.
12,26,Ses05M_impro08_M,neutral,"Okay, And uh- go ahead and click on run."
12,27,Ses05M_impro08_F,neutral,All right.
12,28,Ses05M_impro08_M,neutral,Okay.  We're gonna get your -- a little black box is going to come up.  Do you see that?
12,29,Ses05M_impro08_F,neutral,"Yeah, I see that."
12,30,Ses05M_impro08_M,neutral,"Okay Uh- You've got your C calling, go ahead and type in directory list."
12,31,Ses05M_impro08_F,neutral,Okay.
12,32,Ses05M_impro08_M,neutral,And hit enter.
12,33,Ses05M_impro08_F,neutral,Okay.
12,34,Ses05M_impro08_M,neutral,Okay?  Can you tell me what that says?
12,35,Ses05M_impro08_F,neutral,"Uh, it it's like a bunch of different letter and numbers and stuff."
12,36,Ses05M_impro08_M,neutral,"Okay Okay, And Um- letters and numbers and stuff.  Uh- Can you - Can you just type in IP address search? And hit enter."
12,37,Ses05M_impro08_F,neutral,"Uh huh, Okay."
12,38,Ses05M_impro08_M,neutral,Okay?  Does it list your IP address there?
12,39,Ses05M_impro08_F,neutral,"Uh, yeah looks -- no, no.  It's set to zeros."
12,40,Ses05M_impro08_M,neutral,"It's set to zeros.  Okay, maybe that's our problem.  That could very well be our problem there.  Somehow you've lost your IP address.  I'm not sure why that would happen every week.  It could be a cycling issue, something like that.  But let's go ahead and type your IP address in again."
12,41,Ses05M_impro08_F,neutral,Okay.
12,42,Ses05M_impro08_F,neutral,"what happening - So if we reset this, how will I know it's not going to happen again every other week?"
12,43,Ses05M_impro08_M,neutral,"Well, if it does happen again, let me give you my direct number and you can call me.  Actually, I'll give you my cell number. Um- It's --"
12,44,Ses05M_impro08_F,neutral,Wow.  That would be amazing.  Really?
12,45,Ses05M_impro08_M,neutral,"Of course.  we seriously- Yeah, I mean, obviously you've worked- you know -- I don't want to hassle you anymore."
12,46,Ses05M_impro08_F,happiness,"Oh, my God.  I can't even tell you how much of a relief that is.  I literally call and talk to five different people.  Like last week it went off and I spent an hour and a half on the phone with different people.  And I've been doing that like every, every other week for months now."
12,47,Ses05M_impro08_M,neutral,I completely understand.
12,48,Ses05M_impro08_F,frustration,It's so frustrating.
12,49,Ses05M_impro08_M,neutral,Absolutely. And I just don't want that to happen to you anymore.
12,50,Ses05M_impro08_F,neutral,Thank you so much.
12,51,Ses05M_impro08_M,neutral,Absolutely.  It's a new service we are offering.
12,52,Ses05M_impro08_F,happiness,"Yeah, accountability.  It's awesome."
12,53,Ses05M_impro08_M,neutral,Uh huh Uh huh We want you to be happy.  You're our customer.  You're the most important thing. Okay?
12,54,Ses05M_impro08_F,happiness,"Wow.  You know I was thinking about changing internet providers, but but that- that really is enough to change my mind."
12,55,Ses05M_impro08_M,happiness,"Great.  Well, that makes me very happy.  That makes us all happy here at D.S.L. Extreme.  Is there anything else I can help you with?"
12,56,Ses05M_impro08_F,happiness,No.  I'm just gonna go have a fantastic day now.
12,57,Ses05M_impro08_M,neutral,All right.  You have a wonderful day.  Call us anytime.
12,58,Ses05M_impro08_F,happiness,Okay.  Thanks.
12,59,Ses05M_impro08_M,happiness,"All right.  Bye, bye."
13,0,Ses02F_impro03_F,neutral,"Oh my God.  Guess what, guess what, guess what, guess what, guess what, guess what?"
13,1,Ses02F_impro03_M,neutral,What?
13,2,Ses02F_impro03_F,neutral,"Well, guess.  Guess, guess, guess, guess."
13,3,Ses02F_impro03_M,neutral,"Um, you--"
13,4,Ses02F_impro03_F,neutral,Don't look at my left hand.
13,5,Ses02F_impro03_M,neutral,No.  Let me see.
13,6,Ses02F_impro03_M,neutral,"Oh, no way."
13,7,Ses02F_impro03_F,neutral,"He proposed.  He proposed.  Well, and I said yes, of course. [LAUGHTER]"
13,8,Ses02F_impro03_M,happiness,That is great.  You look radiant.  I should've guess.
13,9,Ses02F_impro03_F,neutral,I'm so excited.
13,10,Ses02F_impro03_M,neutral,"Well, Tell me about him.  What happened."
13,11,Ses02F_impro03_F,neutral,"Remember how we had that date?  And I was like, oh yeah, this is a date, whatever."
13,12,Ses02F_impro03_F,neutral,"So after we sort of went out dinner and I was already like tired.  I wasn't all that excited and and so he's like let's go down to the beach and I was like no I don't want to the beach, like I'm tired. And he's like no, no we have to go.  And I was like okay, like that's a little weird."
13,13,Ses02F_impro03_F,neutral,"So, he--so we walked down to the pier and there's like these lights--like these little, like lights-- and we're like what's that? And he's like I don't know let's go find out."
13,14,Ses02F_impro03_F,neutral,So we walked down there and there's-[LAUGHTER]-And there's- this huge like ten foot heart in candles on the beach--
13,15,Ses02F_impro03_M,neutral,What?
13,16,Ses02F_impro03_F,neutral,"like all they have And I was like, what's going on?  And he like takes my hand and pulls me into the middle and he's like--you know, get's on his knee and everything--And says will you marry me? And I flipped out."
13,17,Ses02F_impro03_M,neutral,That--that is the most romantic thing I have ever heard.
13,18,Ses02F_impro03_F,neutral,"I know.  I was like, how did he get--like he must have called someone or had them set--like, I have no idea."
13,19,Ses02F_impro03_M,neutral,"Wow.  Yeah, 'cause yeah I don't know I'm sure if he--oh yeah he definitely had--would have had to have someone else--"
13,20,Ses02F_impro03_F,neutral,'Cause- 'Cause he was with me. You didn't do it did you?
13,21,Ses02F_impro03_M,happiness,"Yeah.  I mean candles wouldn't stay--No, I didn't--I didn't know anything about it."
13,22,Ses02F_impro03_F,neutral,You didn't know anything?
13,23,Ses02F_impro03_M,happiness,No. I'm just as happy as you are.  This is--
13,24,Ses02F_impro03_F,neutral,"I was just--it was so like I thought this might happen eventually, but like not yet, you know what I mean?  Like--"
13,25,Ses02F_impro03_M,happiness,"So, I mean--it's good though."
13,26,Ses02F_impro03_F,neutral,"It is good.  It's totally good.  I mean, it like oh, you know."
13,27,Ses02F_impro03_M,neutral,"Yeah, I know.  Wow.  I'm shaking.  I can't even--"
13,28,Ses02F_impro03_F,happiness,I know. So we're gonna take it--Like we're not gonna get married right away--'Cause we want to like have plenty of time to plan everything out
13,29,Ses02F_impro03_F,happiness,"...and, um, my parents want to like be part of it and help out and everything--So we want to give it lots of time to like--"
13,30,Ses02F_impro03_M,neutral,"Oh. Do they--do they know yet? Have you told them? Oh, that's--"
13,31,Ses02F_impro03_F,happiness,"Yeah, yeah, I called them. I called them And, of course, they were so excited 'cause they love him. Like they always have.  Um--"
13,32,Ses02F_impro03_M,neutral,That's great.  Yeah.
13,33,Ses02F_impro03_F,happiness,"So, yeah, I mean, it'll be good.  We wanna like, uh, I think we're gonna have it in spring time, like early Spring--So it's no too hot yet.  And um--"
13,34,Ses02F_impro03_M,neutral,Okay. You know--you know where?  Or--
13,35,Ses02F_impro03_F,happiness,"I don't know.  I mean, I kinda like the idea of having something outside, but--Like--is a- Yeah,"
13,36,Ses02F_impro03_M,neutral,"Uh, huh. I mean, you know, it's spring--It'll be--"
13,37,Ses02F_impro03_F,neutral,"But It's sort of hard 'cause the weather is so unpredictable and then if it's like cold that day.  Or if it's too hot, you know, it's like--but um--"
13,38,Ses02F_impro03_M,neutral,Spring's nice though.
13,39,Ses02F_impro03_F,neutral,"Yeah, I don't know-[LAUGHTER]-I mean--I can't even--the whole idea of like living--spending my whole life with somebody--that's crazy"
13,40,Ses02F_impro03_M,neutral,"Yeah, that is--how long you guys been together now?"
13,41,Ses02F_impro03_F,neutral,Two and a half years. [LAUGHTER]
13,42,Ses02F_impro03_M,happiness,Okay.  All right.  So-[LAUGHTER]-quite a while.  I mean--That's-  That's good.  I'm so happy for you. [LAUGHTER]
13,43,Ses02F_impro03_F,happiness,Thank you. Thank you so much.
13,44,Ses02F_impro03_M,happiness,"Yeah, I'd love to be in that same situation some day, but, wow- so-"
13,45,Ses02F_impro03_F,neutral,"Oh, you will--You'll find just the right girl.  And she'll be perfect for you and everything will be great."
13,46,Ses02F_impro03_M,neutral,You guys are awesome together.  It's definitely a--definitely a good couple.  I can see it. I should've guessed--
13,47,Ses02F_impro03_F,neutral,You approve?  You approve?
13,48,Ses02F_impro03_M,happiness,"Oh, I approve. I-[LAUGHTER]-I more than approve."
13,49,Ses02F_impro03_M,happiness,"I mean, I'm surprised he didn't, ya know--go get a plane to fly over and shine--But candles on the beach, that's okay too I guess--"
13,50,Ses02F_impro03_F,happiness,"Yeah, it's pretty good."
13,51,Ses02F_impro03_M,neutral,"Well--can--I mean, let me know--I want- I want invitations and--"
13,52,Ses02F_impro03_F,happiness,"Of course, of course--you'll be able to be a part of it.  You can come help me pick my colors."
13,53,Ses02F_impro03_M,neutral,"Oh, yes.  This is the whole [GARBAGE]"
13,54,Ses02F_impro03_F,neutral,"It's so girly.  I don't even know how to like--It's so weird, but it'll be fun.  My mom will love to be like--she'll get so into it, I'm sure."
13,55,Ses02F_impro03_F,happiness,She'll be like--flowers and the--
13,56,Ses02F_impro03_M,happiness,"It'll be good.  Wow, that's great."
13,57,Ses02F_impro03_F,happiness,"Oh, thank you. [LAUGHTER]"
14,0,Ses02F_script02_2_M,neutral,"Well, so what do you think?"
14,1,Ses02F_script02_2_F,neutral,About what?
14,2,Ses02F_script02_2_M,neutral,What I was saying.
14,3,Ses02F_script02_2_F,frustration,It's ridiculous.
14,4,Ses02F_script02_2_M,neutral,It certainly is not.  It's slightly exaggerated scientific fact.
14,5,Ses02F_script02_2_F,neutral,It's PR.  Somebody sold you a bill of goods that this wonderful event is gonna take place on the beach.
14,6,Ses02F_script02_2_M,neutral,"Well, I'm not the only one.  Look at all these people."
14,7,Ses02F_script02_2_F,neutral,"Sure, everybody's told the same story.  It keeps us all excited.  It keeps us coming back for more.  It keeps us thinking that life is gonna start any second now if we could just find the right spot and get in on the action."
14,8,Ses02F_script02_2_M,neutral,Are we talking about the same thing?
14,9,Ses02F_script02_2_F,neutral,"Well, I'm sorry, but it's still just fish to me."
14,10,Ses02F_script02_2_M,neutral,"Carla, can I ask you something?  Don't take this wrong, but are you having your period?"
14,11,Ses02F_script02_2_F,anger,"God damn it, Augie, don't ask me that.  I hate it when you ask me that.  You always ask me that.  It's insulting."
14,12,Ses02F_script02_2_M,frustration,"Well, what's bugging you?"
14,13,Ses02F_script02_2_F,anger,We just have different ideas of what this evening is supposed to look like.
14,14,Ses02F_script02_2_M,neutral,"There's nothing to it.  We come here, the grunion arrive, they do their little fish business, we go ooh, ah, look at the fish.  They go home. We go home."
14,15,Ses02F_script02_2_F,frustration,"For heaven sake, we're not going to see the grunions."
14,16,Ses02F_script02_2_M,frustration,Why not?
14,17,Ses02F_script02_2_F,frustration,"We never do, do we?  I mean, have we ever?"
14,18,Ses02F_script02_2_M,neutral,We've missed them twice.  That's not ever.
14,19,Ses02F_script02_2_F,frustration,Twice is every time we've tried. That's ever.
14,20,Ses02F_script02_2_M,neutral,"Well, we'll see them this year."
14,21,Ses02F_script02_2_F,frustration,"No, we won't.  It's pointless.  It's like waiting up to see Santa Claus."
14,22,Ses02F_script02_2_F,anger,"I mean, I feel like my whole life is gonna be spent standing on the beach with my eyes wide open and my hands clasped expectantly waiting for the fish to show up.  And the fish won't show up."
14,23,Ses02F_script02_2_M,frustration,I thought you wanted to see it.
14,24,Ses02F_script02_2_F,frustration,You don't understand anything I'm saying.
14,25,Ses02F_script02_2_M,frustration,"No, of course not."
14,26,Ses02F_script02_2_F,frustration,I did want to see it.  I always do.  I keep thinking that this is gonna be the time and it never is.
14,27,Ses02F_script02_2_M,neutral,It's just fish.  Nothing to get traumatized about.
14,28,Ses02F_script02_2_F,neutral,"For heaven sake, this isn't about fish."
14,29,Ses02F_script02_2_M,frustration,"All right.  Look, I've been trying to work this backwards, but I cannot seem to figure out the exact moment that we took a turn for the worst."
14,30,Ses02F_script02_2_M,neutral,"I mean, you were-  you were fine during the phone call from Marge.  Dinner was okay.  Doing the dishes was no problem.  Let's see.  I took a shower.  You watched the news."
14,31,Ses02F_script02_2_M,neutral,"You said, ""Hey the grunion are running tonight.""  I said, ""Great, let's go.  I feel lucky."""
14,32,Ses02F_script02_2_M,neutral,"Okay, so I'm putting on my jacket, putting out the animals, getting the car out of the garage--"
14,33,Ses02F_script02_2_F,sadness,"Do you remember the first time we came to see it?  It was about four years ago, right after we got married."
14,34,Ses02F_script02_2_F,sadness,"I thought I was pregnant, you had a bottle of champagne, but no glasses.  You asked me to dance, so we kicked off our shoes and you popped the cork."
14,35,Ses02F_script02_2_F,sadness,"And while we were dancing, you said the softest, most intimate things to me right into my ear so that I could feel them as much as hear them."
14,36,Ses02F_script02_2_F,sadness,"And I remember thinking, this is it.  You know, at last--at last I am as happy as I am supposed to be."
14,37,Ses02F_script02_2_M,neutral,Wait a minute.  I've got it.
14,38,Ses02F_script02_2_F,sadness,"Just dancing barefoot in the sand, drinking champagne out of the bottle."
14,39,Ses02F_script02_2_M,neutral,"It was in the car, right?  Driving past the Knickerbocker Liquor Locker, you said, ""let's get some champagne,"" and I said, ""time's a wasting"" or something like that, right?"
14,40,Ses02F_script02_2_M,neutral,"Yeah, of course, I see it now.  You want this to be like that other time, right?  That's it, right?"
14,41,Ses02F_script02_2_F,sadness,I'd rather not remember some things.  I would rather not hope for some things.
14,42,Ses02F_script02_2_M,neutral,"Okay, yeah, sure, I see it now.  Listen, you wanna dance?"
14,43,Ses02F_script02_2_F,sadness,No.
14,44,Ses02F_script02_2_M,neutral,You want me to go get some champagne?
14,45,Ses02F_script02_2_F,sadness,No.
14,46,Ses02F_script02_2_M,neutral,Take off our shoes?
14,47,Ses02F_script02_2_F,neutral,No. No.
14,48,Ses02F_script02_2_M,frustration,"Well, what?  You want me to breathe in your ear?"
14,49,Ses02F_script02_2_F,sadness,No.
14,50,Ses02F_script02_2_M,frustration,You wanna get married again?
14,51,Ses02F_script02_2_F,frustration,No.
14,52,Ses02F_script02_2_M,frustration,What?  What?  You want a divorce?
14,53,Ses02F_script02_2_F,frustration,No.
14,54,Ses02F_script02_2_M,frustration,A vacation?
14,55,Ses02F_script02_2_F,frustration,No.
14,56,Ses02F_script02_2_M,frustration,"A new carpet?  A poodle?  Ice cream?  Back rub?  A suicide pact?  What?  What?  Carla, what the hell do you want?"
14,57,Ses02F_script02_2_F,neutral,I want something to turn out the way that it's supposed to.
14,58,Ses02F_script02_2_M,anger,"Well, welcome to the human race.  Do you think this is what I had in mind when I proposed?  That four years down the road, we'd be at the beach yelling at each other over fish?"
14,59,Ses02F_script02_2_M,neutral,"No.  You think I knew that there'd be times when you'd look at me like a used Kleenex?  Or that I'd look at you and think, holy hell, when's the next flight to Alaska?"
14,60,Ses02F_script02_2_M,sadness,"No, Carla, I'm just like you.  I thought it was gonna be all peaches and roses and sand in our toes and wind in our hair and the fish will always come and the bills will pay themselves and we'll have three fat rosy kids and ha, ha, baby, the joke's on us"
14,61,Ses02F_script02_2_M,frustration,"'cause you know what you get, Carla?  You know what you get?  This."
14,62,Ses02F_script02_2_F,neutral,This.  What?  What is this?  This isn't even anything.
14,63,Ses02F_script02_2_M,neutral,"Yes, it is."
14,64,Ses02F_script02_2_F,neutral,"Uh, right this is standing on the beach.  This is waiting.  This is fighting."
14,65,Ses02F_script02_2_M,neutral,Right.
14,66,Ses02F_script02_2_F,sadness,Well.  This isn't anything like I thought anything would be like.
14,67,Ses02F_script02_2_M,sadness,"I know, me neither."
14,68,Ses02F_script02_2_F,neutral,"I mean, this is just this.  It includes a lot and everything, but it isn't something else.  Do you have any idea what I'm trying to say?"
14,69,Ses02F_script02_2_M,sadness,I'm doing the best I can.
14,70,Ses02F_script02_2_F,sadness,"I know that, Augie.  Really, I do."
14,71,Ses02F_script02_2_F,sadness,"I know that you meant this to be special and nice and the sand and the moon and all, but I just couldn't help thinking about being somewhere else."
14,72,Ses02F_script02_2_M,sadness,Maybe if you were with somebody else too.
14,73,Ses02F_script02_2_F,sadness,I didn't say that.
14,74,Ses02F_script02_2_M,sadness,"No, I know.  But still.  I know I don't make you happy."
14,75,Ses02F_script02_2_F,neutral,"Oh, for heaven sake, whatever I'm doing, I'd rather be doing it with you."
14,76,Ses02F_script02_2_M,neutral,Yeah?
14,77,Ses02F_script02_2_F,neutral,"Oh, don't be ridiculous.  I mean, don't you know that?"
14,78,Ses02F_script02_2_F,sadness,You're the one who probably wishes you were with someone else.  Someone who--you'd rather enjoy yourself and didn't take everything so hard.
14,79,Ses02F_script02_2_M,neutral,"Well, now that you mention it.  No, I don't."
14,80,Ses02F_script02_2_F,neutral,"Okay.  Fine so.  We're in the wrong spot, but we're with the right person."
14,81,Ses02F_script02_2_M,happiness,"I don't know.  It seemed like a pretty good spot to me.  I mean, look at the view you have of the moon from here."
14,82,Ses02F_script02_2_F,neutral,"Yeah, I noticed that.  Looks pretty, doesn't it?  Big ol' white moon."
14,83,Ses02F_script02_2_M,happiness,"Well, look what we have here."
14,84,Ses02F_script02_2_F,happiness,"Augie, you brought refreshments."
14,85,Ses02F_script02_2_M,happiness,It's not champagne.
14,86,Ses02F_script02_2_F,happiness,"Well, then we don't need glasses."
14,87,Ses02F_script02_2_M,neutral,You still cold?  Do you wanna go home?
14,88,Ses02F_script02_2_F,happiness,No.  I think you might be right.  Maybe this is the spot after all.
14,89,Ses02F_script02_2_F,sadness,"Augie, I'm sorry."
14,90,Ses02F_script02_2_M,happiness,Shh.  If we're very quiet the fish might come.
14,91,Ses02F_script02_2_F,happiness,Or not.
14,92,Ses02F_script02_2_M,happiness,Or not.
15,0,Ses04F_impro08_F,happiness,Hello.  Thank you for calling Dell Taco Corporate.  Can I help you?
15,1,Ses04F_impro08_M,frustration,"Yeah, um.  I have been trying to reach somebody who will refund, uh, my money."
15,2,Ses04F_impro08_M,neutral,"Um, I basically, um I- I ordered some food"
15,3,Ses04F_impro08_M,frustration,um and everything was pretty much uh- uh- just not done right. All the orders were messed up.
15,4,Ses04F_impro08_F,neutral,"Okay.  Well, Did you go through the automated menu?  Most of your requests can be taken care of through that."
15,5,Ses04F_impro08_M,frustration,"Yes, I did and that didn't- I got through to, like, one operator and she sent me to like three others"
15,6,Ses04F_impro08_M,neutral,and now I'm talking to you.  And all I want is my money back.  That's all I'm asking for. It's not much.
15,7,Ses04F_impro08_F,neutral,Okay.  Well I'd be happy to-
15,8,Ses04F_impro08_M,frustration,"If you could just give me that, then I will leave you alone. And just- if i could also- What?"
15,9,Ses04F_impro08_F,frustration,"Okay, sir.  I'd be happy to help you."
15,10,Ses04F_impro08_F,neutral,"Sir, can- can you tell me which branch you went to.  We can start there."
15,11,Ses04F_impro08_M,neutral,"Yeah, Beverley Hills."
15,12,Ses04F_impro08_F,neutral,"Okay.  Um, and what was the complaint?"
15,13,Ses04F_impro08_M,frustration,The food was prepared incorrectly.
15,14,Ses04F_impro08_M,frustration,I asked for no tomatoes.
15,15,Ses04F_impro08_F,neutral,"Can you be a little more specific, sir?"
15,16,Ses04F_impro08_M,neutral,"I asked for no tomatoes on six tacos.  I got tomatoes and onions on all of them,"
15,17,Ses04F_impro08_M,neutral,"Um, hairs were found in three out of the six."
15,18,Ses04F_impro08_F,frustration,"Did you try to take them back and get your order fixed, sir?"
15,19,Ses04F_impro08_M,neutral,"Yeah.  I did and they're like you've got to take it up with corporate, and I'm like well fine.  I'll have your ass by the end of the day and so now I'm trying to do that."
15,20,Ses04F_impro08_F,neutral,"Well I'm very sorry, sir.  They should have dealt with it at that particular branch.  I apologize for that, uh, but we can help you.  That's no worries.  We can take care of that.  So how much did you need to be refunded?"
15,21,Ses04F_impro08_M,neutral,"It was a hundred a sixty dollars.  I'm sorry, uh, sixteen dollars."
15,22,Ses04F_impro08_F,neutral,"Okay.  Um, I'm going to go ahead and transfer you over to another department.  They'll need your address."
15,23,Ses04F_impro08_M,anger,"Look, I don't want to be transferred over to another- All I want to do is just give you my name and address so you can send me a check."
15,24,Ses04F_impro08_M,anger,"Okay.  You understand that's all I want. Just don't give me a problem with this.  Okay, please because I'm very sensitive right now"
15,25,Ses04F_impro08_M,anger,"and if I get sent to another operator, I'll have to tell them the same damn story again.  I don't- I think I'm just going to lose my mind.  So if you could please just not do that, that would be great.  Thank you."
15,26,Ses04F_impro08_F,frustration,"I understand, sir.  I will explain to them what the situa-"
15,27,Ses04F_impro08_M,anger,You don't understand because you've never gone to Del Taco and gotten the service that I've gotten.  You don't understand.
15,28,Ses04F_impro08_F,neutral,You're right sir.  It is your particular situation but I will call the other operator.  I will explain to them what's going on. You won't have to tell your story again.
15,29,Ses04F_impro08_M,anger,You're not going to call the other operator. You're not going to call the the other operator.
15,30,Ses04F_impro08_M,anger,You're going to fill out a form on your desk
15,31,Ses04F_impro08_M,anger,because I know you're at a desk right now in your stupid corporate building and you're going to send me a check for sixteen dollars and forty two cents.
15,32,Ses04F_impro08_F,frustration,"Okay, sir.  They- they have to-"
15,33,Ses04F_impro08_F,frustration,Sir.
15,34,Ses04F_impro08_F,frustration,"Sir, they have to take down your address at the other station.  I will transfer.  I will explain everything to them.  It will all be fine.  I promise."
15,35,Ses04F_impro08_M,frustration,What's your name?
15,36,Ses04F_impro08_F,frustration,Cindy?
15,37,Ses04F_impro08_M,neutral,Cinnee?
15,38,Ses04F_impro08_F,neutral,Cindy.
15,39,Ses04F_impro08_M,anger,Cindy?  Cindy what?
15,40,Ses04F_impro08_F,frustration,"Sir, I don't think my name is really relevant-"
15,41,Ses04F_impro08_M,anger,"Cindy, look.  If you don't get your ass a piece of paper that has a check"
15,42,Ses04F_impro08_M,anger,"attached to it and you don't send it to me, I'm going to get very upset."
15,43,Ses04F_impro08_F,frustration,"Alright, sir. Sir.  I'm going to transfer you to the address."
15,44,Ses04F_impro08_F,frustration,"Alright.  You know what, sir.  The customer is always right."
15,45,Ses04F_impro08_M,frustration,"You know what.  I- You know what? You know what? No, it's fine. it's fine it's fine You know what?"
15,46,Ses04F_impro08_F,frustration,I will go ahead and I will take- I will take
15,47,Ses04F_impro08_M,frustration,"Hey, Cindy. Cindy, look I know this is not your fault.  Do whatever you want."
15,48,Ses04F_impro08_M,frustration,Send me to whatever operator. I just- You know what?  I'm just done.  I'm just done.  I've lost all hope.
15,49,Ses04F_impro08_F,neutral,"Sir, customer satisfaction is our first goal.  I will go ahead and take your number and your address down myself."
15,50,Ses04F_impro08_M,frustration,"of getting my sixteen dollars back. It fine, no honestly."
15,51,Ses04F_impro08_M,frustration,"No, Cindy just don't even-look don't even.  Cuz I- look Cindy I know you don't care about me, okay.  I know that I'm just like another person who calls-"
15,52,Ses04F_impro08_F,neutral,Wait. But I-
15,53,Ses04F_impro08_F,anger,But I'm giving you what you want.
15,54,Ses04F_impro08_M,frustration,No it doesn't matter.  It's fine.  It's fine.  Just send me to the next operator.  That's fine.
15,55,Ses04F_impro08_F,frustration,"Okay.  If that's what you want, you want to go to the next person?"
15,56,Ses04F_impro08_M,neutral,Yes.
15,57,Ses04F_impro08_F,frustration,Okay.  Great.
16,0,Ses01F_impro06_M,sadness,"I'm sorry, Joy."
16,1,Ses01F_impro06_F,neutral,It's okay.
16,2,Ses01F_impro06_M,neutral,Is there anything I can get you?  Do you want me to take care of anything for you or...?
16,3,Ses01F_impro06_F,neutral,"No, no, no."
16,4,Ses01F_impro06_M,neutral,...pick up anything?
16,5,Ses01F_impro06_F,sadness,No.
16,6,Ses01F_impro06_M,sadness,You know you are welcome to stay at my house if you want to just check out for a couple days and hang out.
16,7,Ses01F_impro06_F,neutral,That's sweet.
16,8,Ses01F_impro06_F,neutral,Thank you.
16,9,Ses01F_impro06_F,sadness,I went to see her headstone a week or two ago.
16,10,Ses01F_impro06_F,sadness,"I used to go to cemeteries a lot before she died.  I just, you know, I felt like they were urban oasis, you know, there is always this green in the city."
16,11,Ses01F_impro06_M,neutral,Hmm.
16,12,Ses01F_impro06_F,sadness,So I was like wandering around before.  It takes forever to find her headstone; I always lose it. You know.
16,13,Ses01F_impro06_F,sadness,So I was looking at this other one and there was like a piece of candy there and I thought that I would take the candy and put it on her headstone.  And-
16,14,Ses01F_impro06_F,neutral,"this woman came up and, you know, it was hers. It was her person that was there."
16,15,Ses01F_impro06_M,neutral,Oh.  She was there?
16,16,Ses01F_impro06_F,sadness,"Yeah.  And she was like, that's pathetic, I hope you enjoy it."
16,17,Ses01F_impro06_F,sadness,"And I, you know, I mean, I said I was sorry and I brought it back to her kind of and I like put it on the ground and she was like, no, it's fine.  She was like, I would rather have her back, honestly."
16,18,Ses01F_impro06_M,neutral,Mmhmm.
16,19,Ses01F_impro06_F,sadness,"I don't know.  It just, like, I felt so bad because I shouldn't have done it.  I don't know.  Whatever."
16,20,Ses01F_impro06_M,sadness,Yeah.
16,21,Ses01F_impro06_F,sadness,I don't know.
16,22,Ses01F_impro06_M,neutral,How long were you there for?
16,23,Ses01F_impro06_F,sadness,At the cemetery?
16,24,Ses01F_impro06_M,neutral,Mmhmm.
16,25,Ses01F_impro06_F,sadness,couple hours.
16,26,Ses01F_impro06_F,neutral,"I brought- I brought Chuck with me. He went to Redlands, yeah, for the day.  We ran through the sprinklers."
16,27,Ses01F_impro06_M,neutral,Oh really?
16,28,Ses01F_impro06_M,neutral,You ran through the sprinklers in the cemetery?
16,29,Ses01F_impro06_F,neutral,It was hot.[LIPSMACK]
16,30,Ses01F_impro06_M,neutral,Is it a big cemetery?
16,31,Ses01F_impro06_F,neutral,Yeah.  It's huge.  Redlands is an old city so they have lots and lots of stones.
16,32,Ses01F_impro06_M,neutral,"Oh, so they're like really old too, really old ones?"
16,33,Ses01F_impro06_F,neutral,Yeah.
16,34,Ses01F_impro06_F,sadness,"It's weird.  Whenever I go back to town, I think of her.  I mean, it's like ... I mean we grew up together and she died when we were twenty one.  And yeah.  She had cancer, she had two brain tumors."
16,35,Ses01F_impro06_F,sadness,"My best friend Heather.  She's got a- we have a- we built this like little--  There's a park, Prospect Park.  And there is like a garden section of it that we set up for her."
16,36,Ses01F_impro06_F,sadness,She used to have these poetry parties on Memorial Day.
16,37,Ses01F_impro06_M,neutral,Mmhmm.
16,38,Ses01F_impro06_F,sadness,Umm. Yeah.
16,39,Ses01F_impro06_F,sadness,"And the last time before she died, I remember she couldn't really stand, umm..."
16,40,Ses01F_impro06_F,sadness,"But I mean she could, but it was- so it was kind of sitting at her feet holding her up and she had these poems she had memorized.  And I remember looking up, she had curly red hair and there was this palm tree right behind her and it was like a crown growing right out of her head.  It was cool."
16,41,Ses01F_impro06_M,neutral,Mmhmm.
16,42,Ses01F_impro06_F,sadness,"Some, I guess.  She memorized this one, John Dunn, it's called, Death Be Not Proud. and-"
16,43,Ses01F_impro06_M,neutral,So she wrote a lot of poetry?
16,44,Ses01F_impro06_F,neutral,"There's another one, I can't remember."
16,45,Ses01F_impro06_F,sadness,"I remember, too, when we were--  she died at U.C.L.A.  She had brain surgery and there was not much hope to begin with, but I gave blood for her surgery, her mom and I before, so we dropped her off in the waiting room and then we were giving blood and came back.  And she, in her wheelchair, like can hardly do anything, reciting her poetry for these people like in the waiting room.  All she needs is a God damn audience.  You know?"
16,46,Ses01F_impro06_M,neutral,Mmhmm.Mmhmm.Mmhmm.
17,0,Ses03M_impro01_M,frustration,"Hey listen here missy, I've been in this line for an hour and now I'm finally here.  So you're going to take my application."
17,1,Ses03M_impro01_F,neutral,Is that a demand sir?
17,2,Ses03M_impro01_M,frustration,It's not a demand it's a request.  Will you just take it?  Come on.
17,3,Ses03M_impro01_F,neutral,I must see it before I just take it.
17,4,Ses03M_impro01_M,neutral,Oh.  Look at it.
17,5,Ses03M_impro01_F,frustration,"Sir, you completely filled this out wrong."
17,6,Ses03M_impro01_F,neutral,No.  You filled out the back part.  You were supposed to fill out the front portion only.
17,7,Ses03M_impro01_M,neutral,What?
17,8,Ses03M_impro01_M,anger,What are you talking about?  It says fill out that part.
17,9,Ses03M_impro01_F,frustration,"No, no, no, no, no.  You're going to have to go back over on the other side-- --second door, up the stairs..."
17,10,Ses03M_impro01_M,frustration,Okay.
17,11,Ses03M_impro01_M,frustration,Oh my God. Can you just transfer it yourself?
17,12,Ses03M_impro01_F,frustration,No I can't just transfer it myself sir.  You got to do this.  Everyone else is doing the same thing.
17,13,Ses03M_impro01_M,frustration,You don't know! you can't write?  You don't know how to write?
17,14,Ses03M_impro01_F,frustration,Excuse me sir?
17,15,Ses03M_impro01_M,frustration,What's wrong with you people?  God.
17,16,Ses03M_impro01_F,frustration,I think you're being a little condescending.
17,17,Ses03M_impro01_F,frustration,You need to go back over there and fill it out again.
17,18,Ses03M_impro01_M,frustration,The information is on there.  Here I'll just fill it out right here.
17,19,Ses03M_impro01_F,frustration,"No, no, no, because there are other people in line.  You have to go get a complete new application."
17,20,Ses03M_impro01_M,frustration,"This will take like a minute, okay? Jesus."
17,21,Ses03M_impro01_F,neutral,"No, no, no. Sir,you need to get out of the line--"
17,22,Ses03M_impro01_M,anger,I'm not going anywhere.  I'm staying right here.
17,23,Ses03M_impro01_F,neutral,"Well I'm going to have to call- security because sir, you- there are hundreds of people waiting in line at this D.M.V.-- --We're closing in about half an hour..."
17,24,Ses03M_impro01_M,anger,"Hey,uh-- Well that's too bad cause I'm getting my license right now."
17,25,Ses03M_impro01_F,frustration,"You will get your license, sir, you have to go fill out-- --another copy...excuse me?"
17,26,Ses03M_impro01_M,frustration,Give me my--
17,27,Ses03M_impro01_M,anger,"Hey, no, give me that back."
17,28,Ses03M_impro01_F,neutral,No.  Now I'm going to take this from you because you are obviously misleading
17,29,Ses03M_impro01_M,anger,-- No.  I'm not waiting...I'm not coming back again.  I don't have time to come back five days.
17,30,Ses03M_impro01_F,neutral,No.  You couldn't go get another one.
17,31,Ses03M_impro01_F,neutral,Well then you won't have a license will you?
17,32,Ses03M_impro01_M,frustration,I'll have a license.
17,33,Ses03M_impro01_F,frustration,Well not from this department you won't.
17,34,Ses03M_impro01_M,anger,Yes I will.  I'll have this [GARBAGE]
17,35,Ses03M_impro01_F,frustration,Sir-
17,36,Ses03M_impro01_M,frustration,just as I want.  Ugh.
17,37,Ses03M_impro01_F,frustration,Sir?  I'm going to ask you one more time and then I'm going to call my supervisor
17,38,Ses03M_impro01_F,frustration,who will proceed to call-- security if you can't remove yourself--
17,39,Ses03M_impro01_M,anger,Fine.  Call your supervisor.  Ask supervisor over
17,40,Ses03M_impro01_M,frustration,and I'll tell her how you've been behaving.
17,41,Ses03M_impro01_F,frustration,Really?
17,42,Ses03M_impro01_M,frustration,How would you like that hmm?
17,43,Ses03M_impro01_F,frustration,"She's not actually in the building.  She's only on the phone. Sir, please leave this line immediately."
17,44,Ses03M_impro01_M,frustration,"Oh, okay.  Wow."
17,45,Ses03M_impro01_M,anger,No.  I'm not going anywhere.  I'm staying here-- I am filling out right now okay just calm down. I'm filling out right now-- Just take the god damn piece of paper.
17,46,Ses03M_impro01_F,anger,Okay.  I'm going to call security. Security!
17,47,Ses03M_impro01_F,neutral,"I have it.  I'm taking it.  Doesn't mean I'm going to do anything with it.--Get out of my line!  This is my line.  Get out.  All these people--Sir, you are causing a mob in this department."
17,48,Ses03M_impro01_M,neutral,Okey This is a new one.  Take the new one.
17,49,Ses03M_impro01_M,neutral,Do you own the D.M.V.?
17,50,Ses03M_impro01_M,frustration,I'm sorry she's--these people they just want to get their license--
17,51,Ses03M_impro01_F,frustration,"No, You cannot get your license.  You filled out the wrong part of the form."
17,52,Ses03M_impro01_M,neutral,What are you talking about?  Just transfer it over.  I filled out the new one.
17,53,Ses03M_impro01_F,anger,"This entire time you're fighting with me sir, you could've finished the form and already been half way-- No.  Get out."
17,54,Ses03M_impro01_M,anger,I did finish one.  Take it.
17,55,Ses03M_impro01_M,anger,What is wrong with you?
18,0,Ses04F_script02_1_M,happiness,What time is it?  They're supposed to run around midnight.  This is great isn't it?  Look at this night we've got here.  It couldn't be better.
18,1,Ses04F_script02_1_M,neutral,"Actually, I wanted to go a little farther up the coast, get away from the lights and the people, but I was afraid to miss it.  How you doing?"
18,2,Ses04F_script02_1_F,neutral,Fine.
18,3,Ses04F_script02_1_M,neutral,"Is that, is that-that's just foam isn't it?  I can't even tell"
18,4,Ses04F_script02_1_M,neutral,"although if you can't tell, it probably isn't them.  It will probably be unmistakable.  Don't you think?  How you doing?"
18,5,Ses04F_script02_1_M,frustration,"Oh, no you know what I did?  I forgot my flashlight.  How could I be so stupid I forgot my flashlight."
18,6,Ses04F_script02_1_F,neutral,What flashlight?
18,7,Ses04F_script02_1_M,frustration,"The flashlight, the silver one.  There's only one isn't there?"
18,8,Ses04F_script02_1_F,frustration,It's not yours.
18,9,Ses04F_script02_1_M,neutral,Whose is it?
18,10,Ses04F_script02_1_F,neutral,It's ours.  It's mine too.
18,11,Ses04F_script02_1_M,frustration,Well sure.
18,12,Ses04F_script02_1_F,neutral,You kept saying my flashlight as if it somehow is just yours.  How's that supposed to make me feel?
18,13,Ses04F_script02_1_M,frustration,"No of course our flashlight, yours and mine, mi flashlight es su flashlight naturally.  How could we not think to bring it?"
18,14,Ses04F_script02_1_M,neutral,I hope the moon stays out.  I wonder do they always run during a full moon.  I can't remember if it was full last year.  Remember?
18,15,Ses04F_script02_1_F,neutral,Yes.
18,16,Ses04F_script02_1_M,neutral,"Are you cold?  Do you want my jacket?  We should have brought the blanket, our blanket."
18,17,Ses04F_script02_1_M,happiness,"Ah, this is great, isn't it?  I didn't even think to bring a six-pack.  A six-pack would be just the ticket right about now."
18,18,Ses04F_script02_1_M,neutral,I can't believe I forgot.  I'm like a kid.  It's amazing I got out of the house with my fly zipped.
18,19,Ses04F_script02_1_M,neutral,"Oh, I wonder if they can hear me talk or feel the vibrations in the sand when we move around?"
18,20,Ses04F_script02_1_F,neutral,I'm cold.
18,21,Ses04F_script02_1_M,neutral,Do you want my jacket?
18,22,Ses04F_script02_1_F,anger,It's after eleven let's go home.
18,23,Ses04F_script02_1_M,frustration,Are you kidding?  We'd miss it.  We just got here.  What's the point of coming down here if we just turn around and go home?
18,24,Ses04F_script02_1_F,anger,There is no point in coming down here.
18,25,Ses04F_script02_1_M,frustration,Right.
18,26,Ses04F_script02_1_F,frustration,That's my point.
18,27,Ses04F_script02_1_M,neutral,That's my point too.
18,28,Ses04F_script02_1_F,frustration,So let's go home.
18,29,Ses04F_script02_1_M,frustration,"No, no, no.  That's not my point.  My point is is that there's no point in coming down here if we just leave.  Don't you want to see it?"
18,30,Ses04F_script02_1_F,frustration,Not particularly.
18,31,Ses04F_script02_1_M,neutral,Why not?
18,32,Ses04F_script02_1_F,anger,I just don't.  It's stupid.
18,33,Ses04F_script02_1_M,frustration,Honey this is natural phenomenon.  I mean this only happens once a year.  This is a great opportunity.
18,34,Ses04F_script02_1_M,neutral,Think about the people in Kansas.  They'd have to get plane tickets and hotel reservations to come see this.  We're just forty minutes away.  It's too good to pass up.
18,35,Ses04F_script02_1_F,anger,"Pass up what?  These little fish swim onto the beach, flop around, and then swim away and then they die."
18,36,Ses04F_script02_1_M,frustration,"Yeah but that moment on the beach is the highlight of their little lives.  All that flopping around is laying eggs or what do you, spawning or mating something like that."
18,37,Ses04F_script02_1_M,neutral,This is the big night for these guys.  Life's last orgy.
18,38,Ses04F_script02_1_F,anger,What are you so excited about?  This isn't a moon landing we're talking about.  It's fish.  It's fish nobody even eats.
18,39,Ses04F_script02_1_M,frustration,"Yeah, they do."
18,40,Ses04F_script02_1_F,frustration,"Oh, Augie."
18,41,Ses04F_script02_1_M,frustration,Okay but it's fish who do something none of the other fish do
18,42,Ses04F_script02_1_M,neutral,"like the swallows returning to Capistrano or the lemmings throwing themselves off the cliffs, like that.  There's mystery here and magic"
18,43,Ses04F_script02_1_M,frustration,a little bit of the unexplainable.  I don't see how you cannot be interested.
18,44,Ses04F_script02_1_F,anger,I'm just not.
18,45,Ses04F_script02_1_M,neutral,For real?
18,46,Ses04F_script02_1_F,anger,Yes.
18,47,Ses04F_script02_1_M,frustration,I don't get it.  The first time we came here to see it you said it was the best night of your life and last year I remember distinctly you were so excited to get here.  You stubbed your toe rushing me out the door and didn't even notice until we were in the car.
18,48,Ses04F_script02_1_F,neutral,Last year you will also remember our shoes got wet.  I got sand in my panties.  We got in a big fight over nothing.  You got a sore throat and we did not see the Grunions.
18,49,Ses04F_script02_1_M,frustration,We weren't in a good spot.
18,50,Ses04F_script02_1_F,anger,We didn't see them the first time either.
18,51,Ses04F_script02_1_M,anger,We just weren't in a good spot.  This is a much better spot.
18,52,Ses04F_script02_1_M,neutral,"I've got good instincts for these things.  Look there. What's that.  Is that?  Is that, is that-no it's just seaweed isn't it."
18,53,Ses04F_script02_1_M,neutral,"Ah, man this is great.  I wouldn't miss this for anything.  I mean think about this.  I know you're not interested but just think about this for a minute."
18,54,Ses04F_script02_1_M,neutral,Out there someplace there's this huge mass of silver fish heading this way.  They don't know why.  We don't know why.  It wasn't a decision.  They didn't take a vote.
18,55,Ses04F_script02_1_M,neutral,No one sent them a map or an invitation.  Just some little instinctual time release firecracker went off in their little bodies and all as one. They turned and formed a line as long as the California coast and started swimming.
18,56,Ses04F_script02_1_M,neutral,They're swimming right now as if that's the only thing that matters.
18,57,Ses04F_script02_1_M,neutral,It's single mindedness with no mind.  Urgency that's pure urge.
18,58,Ses04F_script02_1_M,neutral,They don't know what drives them.  They don't give it a name or ask question.  They just turn as one and start the swim that brings them here to this place
18,59,Ses04F_script02_1_M,neutral,where we stand for massive celebration of sex and death.
18,60,Ses04F_script02_1_M,neutral,"Ah, I'm giving myself goose bumps.  All my hairs are popping up."
18,61,Ses04F_script02_1_F,frustration,That's the wind.
18,62,Ses04F_script02_1_M,neutral,Well so what do you think?
18,63,Ses04F_script02_1_F,anger,About what?
18,64,Ses04F_script02_1_M,neutral,What I said.
18,65,Ses04F_script02_1_F,anger,It's ridiculous.
19,0,Ses02F_impro06_M,neutral,"Hey, a what's up?"
19,1,Ses02F_impro06_F,sadness,"Um, Johnny died yesterday."
19,2,Ses02F_impro06_M,neutral,"Wow, that's horrible."
19,3,Ses02F_impro06_M,neutral,I'm sorry to hear about that.
19,4,Ses02F_impro06_F,sadness,"We knew that it was coming, but--"
19,5,Ses02F_impro06_M,neutral,Yeah.
19,6,Ses02F_impro06_F,sadness,"It seemed like he had a little bit longer.  Like just last week, he was doing was so well."
19,7,Ses02F_impro06_M,neutral,"I mean, you know, at least he's not in anymore pain now, right?"
19,8,Ses02F_impro06_F,sadness,Yeah.
19,9,Ses02F_impro06_M,neutral,"It's good, you know.  you know It hurts I know.  I know what it's like to lose someone like that."
19,10,Ses02F_impro06_F,sadness,I just don't want him to be gone.
19,11,Ses02F_impro06_M,neutral,It's okay.
19,12,Ses02F_impro06_M,neutral,"'Cause, you know, you've got all the times that you guys did spend together, you know and that's something good that you can look back on."
19,13,Ses02F_impro06_M,neutral,I mean--I don't know.
19,14,Ses02F_impro06_F,sadness,And his whole family was there.
19,15,Ses02F_impro06_F,sadness,"I mean, he was like really conscious right up until the end. you know"
19,16,Ses02F_impro06_M,neutral,"Well, that's that's good, you know.  At least, I don't know.  I mean it's- it's better to go- to goout that way than..."
19,17,Ses02F_impro06_M,neutral,".than you know, in pain and like this gradual, this horrible process.  I mean--"
19,18,Ses02F_impro06_F,sadness,"He was so young, you know.  And all the stories he used to tell me about..."
19,19,Ses02F_impro06_F,sadness,...the way he wanted to live and he was gonna go to Africa and he was gonna--
19,20,Ses02F_impro06_M,neutral,"But look at the--he--look at the life he did get to lead.  I mean, for his age, he'd done so much and--"
19,21,Ses02F_impro06_F,sadness,Nobody's ever gonna forget him.
19,22,Ses02F_impro06_M,neutral,"Yeah, exactly.  He's made a big impact on a lot of people. and"
19,23,Ses02F_impro06_M,neutral,"And you'll always have that and--you should feel, you know, happy for him that he got to do so much before--I mean, and even after he found out last year.  I mean--"
19,24,Ses02F_impro06_F,sadness,He did a lot.  But--
19,25,Ses02F_impro06_M,neutral,"I know.  It doesn't bring him back, but--"
19,26,Ses02F_impro06_M,neutral,"But It's okay because now, you know, you'll just go on with your life and--"
19,27,Ses02F_impro06_F,sadness,I'm gonna forget him.
19,28,Ses02F_impro06_M,neutral,"No, you'll never forget him."
19,29,Ses02F_impro06_F,sadness,I won't be able to hear his voice or his--
19,30,Ses02F_impro06_M,neutral,I know. but you're not  I mean you're not going to forget him.  The pain will go away eventually and--or it will subside--
19,31,Ses02F_impro06_F,sadness,You start to lose like that image after a while.
19,32,Ses02F_impro06_M,neutral,"That will be, It'll be--it'll be better that way. I mean Time will tell.  Time heals, you know, and it's good.  It's okay.  I mean, it wasn't anybody's fault or anything like that so ."
19,33,Ses02F_impro06_M,neutral,"It's hard to lose someone that way, but he's he's better--he's better off now."
19,34,Ses02F_impro06_F,sadness,Thanks.
20,0,Ses03M_impro03_M,neutral,Hey.
20,1,Ses03M_impro03_F,neutral,Hey.
20,2,Ses03M_impro03_M,neutral,"Esmeralda, guess what?"
20,3,Ses03M_impro03_F,neutral,What?
20,4,Ses03M_impro03_M,neutral,[LAUGHTER] Guess who just got hitched?
20,5,Ses03M_impro03_F,neutral,Shut up. Oh my God.  Really? Just like that?  You just asked the question and what...how did you ask?
20,6,Ses03M_impro03_M,neutral,This guy. Yeah.  Can you believe it? She said yes too. Yeah.  She said yes.
20,7,Ses03M_impro03_M,neutral,Okay we were at Chuck E. Cheese.
20,8,Ses03M_impro03_F,neutral,"Chuck E. Cheese?  Ah, man that is so lame."
20,9,Ses03M_impro03_F,neutral,Are you serious [GARBAGE] man?
20,10,Ses03M_impro03_M,neutral,Get the big pizza--and I put it in the pizza and she ate so [GARBAGE]
20,11,Ses03M_impro03_F,neutral,Oh like that one movie.  What's that one movie I just saw? No.  Where she like swallows the...
20,12,Ses03M_impro03_M,neutral,American Pie? Ah.
20,13,Ses03M_impro03_F,neutral,"oh, I don't remember.  Everybody Says I Love You with Drew Barrymore...no you haven't seen it?  Okay."
20,14,Ses03M_impro03_M,neutral,"Yeah.  It sounds like a chick flick. Anyways so, she gets the ring and she goes,"
20,15,Ses03M_impro03_F,neutral,Yeah.  Well...
20,16,Ses03M_impro03_M,neutral,"Barry what's this?  And I go, I don't know.  She goes--"
20,17,Ses03M_impro03_F,neutral,She calls you Barry?
20,18,Ses03M_impro03_M,neutral,That's my name.
20,19,Ses03M_impro03_F,neutral,"Oh, okay.  Well I call you Joe cause you're middle name Joseph."
20,20,Ses03M_impro03_M,neutral,"Barry Joe, B.J. [LAUGHTER] Oh you dirty, dirty girl. you're so dirty."
20,21,Ses03M_impro03_F,neutral,[LAUGHTER] So nasty. No you... dirty me?
20,22,Ses03M_impro03_F,neutral,Okay.
20,23,Ses03M_impro03_M,neutral,"Ah...Anyways, so she took the ring and she goes, is this real?  So I was like, of course--"
20,24,Ses03M_impro03_M,happiness,Sara and I--
20,25,Ses03M_impro03_F,happiness,She actually asked if it was real?  I would've probably asked the same thing considering you were in Chuck E. Cheese.
20,26,Ses03M_impro03_M,neutral,Come on. It was her birthday.
20,27,Ses03M_impro03_F,neutral,Because of Chuck E. Cheese?
20,28,Ses03M_impro03_F,neutral,"Oh, man. How old are you? Five?"
20,29,Ses03M_impro03_M,happiness,She wanted...she always wants something spontaneous.
20,30,Ses03M_impro03_F,neutral,"Yeah.  That's, you know, okay."
20,31,Ses03M_impro03_M,happiness,"I couldn't, I couldn't afford the Red Lobster. [LAUGHTER] What anyway?"
20,32,Ses03M_impro03_F,happiness,"Oh god! You are damn cheap, cheap, cheap. Anyways, moving on. It's not like you're poor.  I mean your dad makes... okey"
20,33,Ses03M_impro03_M,happiness,So Okay then and.
20,34,Ses03M_impro03_M,happiness,"I got all the character animals to do a conga line,"
20,35,Ses03M_impro03_M,happiness,"dim down the lights and uh, I got on one of the tables pulled her up."
20,36,Ses03M_impro03_F,happiness,You had the mouse?
20,37,Ses03M_impro03_F,neutral,Isn't it a rat?  It's a rat.  Chuck E. Cheese?
20,38,Ses03M_impro03_M,happiness,Yeah.
20,39,Ses03M_impro03_M,happiness,"Chucky...I don't know.  I don't know. Anyways, I pull her up and I go, I go Sarah"
20,40,Ses03M_impro03_F,neutral,Okay. [LAUGHTER]
20,41,Ses03M_impro03_M,happiness,"You're my guiding light, then they put on that song the I've had the time of my life, that song."
20,42,Ses03M_impro03_F,neutral,Oh my God.
20,43,Ses03M_impro03_F,happiness,"Okay, that is really cheesy Joe."
20,44,Ses03M_impro03_M,neutral,"And I go, I want to spend the rest of my life with you."
20,45,Ses03M_impro03_F,happiness,Oh that's kind of sweet.
20,46,Ses03M_impro03_M,neutral,And I love you baby.  And I want you to marry me.
20,47,Ses03M_impro03_F,neutral,"Wait, wait, wait I want you to marry me?  No, shouldn't you like be more like a question like, would you marry me?  Not like I want you to marry me.  It's like a demand."
20,48,Ses03M_impro03_F,neutral,"You marry me. I man I Jane, you Tarzan."
20,49,Ses03M_impro03_M,neutral,"No. Well that's what I said, spur of the moment--and she goes, she goes,"
20,50,Ses03M_impro03_M,neutral,sure.  And that was it.
20,51,Ses03M_impro03_F,happiness,She said sure?
20,52,Ses03M_impro03_F,happiness,Sure?  Who says sure?  You say yes...I don't like--
20,53,Ses03M_impro03_M,neutral,"Yeah, she goes--"
20,54,Ses03M_impro03_M,neutral,Cause she was a little confused at first but then she said yes.
20,55,Ses03M_impro03_F,happiness,How long have you guys been going out?
20,56,Ses03M_impro03_M,neutral,About two and a half weeks.
20,57,Ses03M_impro03_F,neutral,What?
20,58,Ses03M_impro03_M,happiness,Two and ...  We love each other. Yeah.
20,59,Ses03M_impro03_F,neutral,What?
20,60,Ses03M_impro03_F,neutral,Okay.  I haven't seen you in about two and a half years and I come back and you're getting engaged to somebody you only knew for
20,61,Ses03M_impro03_M,happiness,"You got to meet her, she's wonderful."
20,62,Ses03M_impro03_F,neutral,"No, no, no.  You don't get married in two and a half weeks.  It doesn't work that way.  You don't even have sex----in two and a half weeks."
20,63,Ses03M_impro03_M,happiness,She just graduated from high school and----she's planning to apply for colleges----and stuff.She's so great.  She has so much life and energy and stuff.
20,64,Ses03M_impro03_F,neutral,What? Oh my god.
20,65,Ses03M_impro03_F,happiness,She must be hot.
20,66,Ses03M_impro03_F,neutral,"Yeah, that's it.  She's hot and you are- getting married."
20,67,Ses03M_impro03_M,happiness,"Yeah, she is good-looking."
20,68,Ses03M_impro03_F,neutral,I cannot believe you.  Why do you want to get married?  You're a boy.  You're a little boy.
20,69,Ses03M_impro03_M,neutral,I'm twenty eight years old.
20,70,Ses03M_impro03_F,neutral,You still act like a boy.  And men take a lot longer to grow----I will tell you.
20,71,Ses03M_impro03_M,neutral,Well that's why I'm dating someone who's just eighteen years old. Jesus. I think she's ready to have kids already.
20,72,Ses03M_impro03_F,neutral,Oh man.
20,73,Ses03M_impro03_F,neutral,What?  Eighteen?
20,74,Ses03M_impro03_M,neutral,I'm so excited.  It's going to be great.
20,75,Ses03M_impro03_F,neutral,I can't believe you.  I can't believe it.  Well I'm going to be there.  I'll be at that wedding but I'll be in the back.
20,76,Ses03M_impro03_M,neutral,She just...she just...we're in a good position too.  She just got promoted to assistant manager at Jack In The Box
20,77,Ses03M_impro03_M,neutral,-and so... yeah.
20,78,Ses03M_impro03_F,neutral,Wow. Very promising.  Yeah.  Very promising future and what are you doing?
20,79,Ses03M_impro03_M,neutral,I'm still working at my parents' restaurant. Busing tables.
20,80,Ses03M_impro03_F,neutral,Alright. Yeah.  Have a kid.  Make a beautiful life.
20,81,Ses03M_impro03_M,happiness,Oh that's great. My mom said we can move in with her again if we run out of money.
20,82,Ses03M_impro03_F,neutral,"You, You are too much, I can't handle it."
20,83,Ses03M_impro03_M,neutral,I'm so happy.
21,0,Ses03M_script02_1_M,neutral,"Hey, what time is it?  This pokes around midnight right?  God this is great isn't it?"
21,1,Ses03M_script02_1_M,neutral,Look at the night we got.  I wouldn't trade this for anything.
21,2,Ses03M_script02_1_M,neutral,You know actually I wanted to go a little further up the coast and get away from all the lights and people but I was afraid you'd miss it.  How are you doing?
21,3,Ses03M_script02_1_F,neutral,Fine.
21,4,Ses03M_script02_1_M,neutral,"Is that, is that, nah, is that just Paul?  I can't even tell."
21,5,Ses03M_script02_1_M,neutral,"But if I can't tell, it probably isn't them isn't it?  Probably would be unmistakable wouldn't you think?  How are you doing?"
21,6,Ses03M_script02_1_M,neutral,"Oh, you know what I forgot?  I forgot my flashlight.  How could I be so stupid?  I should've brought my flashlight."
21,7,Ses03M_script02_1_F,neutral,What flashlight?
21,8,Ses03M_script02_1_M,neutral,"You know, the flashlight, the silver one?  There's only one isn't there?"
21,9,Ses03M_script02_1_F,neutral,It's not your flashlight.
21,10,Ses03M_script02_1_M,neutral,"Well, whose is it?"
21,11,Ses03M_script02_1_F,neutral,It's ours.  Mine too.
21,12,Ses03M_script02_1_M,neutral,"Well, sure."
21,13,Ses03M_script02_1_F,neutral,"Well, you keep saying it's my flashlight like it's only your flashlight.  I mean, how do you think that makes me feel?"
21,14,Ses03M_script02_1_M,neutral,"No.  Of course, our flashlight.  Yours and mine.  Me flashlight is su flashlight, naturally."
21,15,Ses03M_script02_1_M,neutral,How could we have not thought to bring it?  I hope the moon stays out.
21,16,Ses03M_script02_1_M,neutral,Was it a full moon last year when they were running?  I can't remember.  Do you remember?
21,17,Ses03M_script02_1_F,neutral,Yes.
21,18,Ses03M_script02_1_M,neutral,Are you cold?  Do you want my jacket?
21,19,Ses03M_script02_1_M,neutral,"We should've brought the blanket, our blanket."
21,20,Ses03M_script02_1_M,neutral,"God.  Oh, you know what would be good right about now?  A six-pack.  A six-pack would be just the ticket."
21,21,Ses03M_script02_1_M,neutral,"I'm so stupid, I should've brought a six-pack.  God, I'm like a little kid.  It's amazing I get out of the house with my fly zipped up. Oh- [LAUGHTER]"
21,22,Ses03M_script02_1_M,neutral,I wonder if they can hear us talk?  Or feel the vibrations in the sand when we move around?
21,23,Ses03M_script02_1_F,neutral,"Look, I'm cold."
21,24,Ses03M_script02_1_M,neutral,Do you want my jacket?
21,25,Ses03M_script02_1_F,frustration,"It's past eleven, let's go."
21,26,Ses03M_script02_1_M,neutral,What?  Are you kidding me?  We just got here.  We miss it.  What's the point of coming down here if we just turn around and go home?
21,27,Ses03M_script02_1_F,frustration,There is no point in coming down here.
21,28,Ses03M_script02_1_M,neutral,Right.
21,29,Ses03M_script02_1_F,frustration,That's my point.
21,30,Ses03M_script02_1_M,frustration,That's my point too...No.  No.  That's not my point.  My point is what's the point if we come down here if we just turn around and leave?
21,31,Ses03M_script02_1_F,neutral,So let's go.
21,32,Ses03M_script02_1_M,neutral,"I mean, don't you want to see it?"
21,33,Ses03M_script02_1_F,neutral,Not particularly.
21,34,Ses03M_script02_1_M,neutral,Why not?
21,35,Ses03M_script02_1_F,neutral,I don't know.  I just don't.
21,36,Ses03M_script02_1_M,neutral,"Honey, this is a natural phenomenon.  It only happens once a year.  I mean think about the people in Kansas, they would have to get hotel reservations and plane tickets to come and see this.  We're only forty minutes away.  This is too good to pass up."
21,37,Ses03M_script02_1_F,frustration,"Pass up what?  These fish swim up to shore, on the beach and then they flop around a little, they swim away and then they die."
21,38,Ses03M_script02_1_M,neutral,"Well this is like the highlight, the one night of their lives and that flopping around, that's laying eggs or spawning or mating or whatever you call it."
21,39,Ses03M_script02_1_M,neutral,"But this is the big night for these guys.  Their last, life's last orgy."
21,40,Ses03M_script02_1_F,neutral,"What are you getting so excited about?  I mean, it's not like it's like the landing on the moon or something.  I mean, it's just fish, fish that nobody eats."
21,41,Ses03M_script02_1_M,neutral,Yeah they do.
21,42,Ses03M_script02_1_F,frustration,Augie.
21,43,Ses03M_script02_1_M,neutral,"Okay.  But it's fish that do something that no other fish do.  Like the swallows in Capistrano or the Lemmings that throw themselves off the cliffs, there's magic here and some mystery and a little bit of unexplainable."
21,44,Ses03M_script02_1_M,neutral,"I mean, I can't see how you can not be interested."
21,45,Ses03M_script02_1_F,neutral,I'm just not.
21,46,Ses03M_script02_1_M,neutral,For real?
21,47,Ses03M_script02_1_F,neutral,Yes.
21,48,Ses03M_script02_1_M,neutral,"I don't get it.  I mean the first time we came to see it, you said it was the best night of your life."
21,49,Ses03M_script02_1_M,neutral,And last year when we came you ran out of the house so fast you stubbed your toe and you didn't even notice it until we got in the car.
21,50,Ses03M_script02_1_F,frustration,"You also could remember that I got sand in my panties, we got in an argument over nothing, you got a sore throat and we didn't even get to see the Grunions."
21,51,Ses03M_script02_1_M,neutral,Okay.  We're in a good spot.
21,52,Ses03M_script02_1_F,frustration,You didn't see them the first time either.
21,53,Ses03M_script02_1_M,frustration,"We just weren't in the good spot.  This is a much better spot.  You know, I have a good instincts for these things."
21,54,Ses03M_script02_1_M,neutral,"Look, is that...no is that just seaweed?"
21,55,Ses03M_script02_1_M,neutral,"You know, this is great isn't it?  You know, I wouldn't trade this for anything."
21,56,Ses03M_script02_1_M,neutral,"I mean, think about this, I know you're not interested but just think about this for a minute."
21,57,Ses03M_script02_1_M,neutral,"Somewhere out there, there's this huge silver mass of fish heading this way, they don't why, we don't know why, they just some little instinctual fire cracker went off in their bodies..."
21,58,Ses03M_script02_1_M,neutral,"...like and they all just turned at once and formed a line as long as the California coast and started swimming this way.  They didn't, you know, they didn't make a decision, they didn't, you know, have boats or anything.  No one sent them an invitation or a map, they just started swimming as if that's the only thing that matters."
21,59,Ses03M_script02_1_M,neutral,"It's single mindedness with no mind.  It's urgency that's pure urge and they don't, they don't ask it a question, they don't give it a name, they just swim."
21,60,Ses03M_script02_1_M,neutral,They just start swimming to this place right here where we stand for massive celebration of sex and death.
21,61,Ses03M_script02_1_M,neutral,"Oh, I'm giving myself goose bumps.  Look, all my hairs are standing up."
21,62,Ses03M_script02_1_F,neutral,That's the wind.
21,63,Ses03M_script02_1_M,neutral,[BREATHING] So what do you think?
21,64,Ses03M_script02_1_F,neutral,About what?
21,65,Ses03M_script02_1_M,neutral,About what I just said?
21,66,Ses03M_script02_1_F,neutral,It's ridiculous.
21,67,Ses03M_script02_1_M,frustration,It certainly is not.  It's
22,0,Ses02M_script03_1_M,neutral,Good God.
22,1,Ses02M_script03_1_F,neutral,Do you think it's them?
22,2,Ses02M_script03_1_M,neutral,I wonder.
22,3,Ses02M_script03_1_F,neutral,"Well, nobody knows we're here except Freda and she wouldn't ring up."
22,4,Ses02M_script03_1_M,neutral,Must be them then.
22,5,Ses02M_script03_1_F,neutral,What are we going to do?
22,6,Ses02M_script03_1_M,neutral,"We're all right darling, aren't we whatever happens?"
22,7,Ses02M_script03_1_F,happiness,Now and always sweet.
22,8,Ses02M_script03_1_M,neutral,I don't care then.
22,9,Ses02M_script03_1_F,neutral,It's bound to come sooner or later.
22,10,Ses02M_script03_1_M,neutral,Hello? Hello? What? Wrong number.
22,11,Ses02M_script03_1_F,neutral,Oh. It sends shivers down my spine.
22,12,Ses02M_script03_1_M,neutral,What do we do if they suddenly walk in on us?
22,13,Ses02M_script03_1_F,happiness,Behave exquisitely.
22,14,Ses02M_script03_1_M,happiness,With the most perfect poise.
22,15,Ses02M_script03_1_F,happiness,"Yes, I should probably to a court curtsey."
22,16,Ses02M_script03_1_M,happiness,"Things that ought to matter dreadfully don't matter at all when one's is happy, do they?"
22,17,Ses02M_script03_1_F,neutral,What's so horrible is that one can't stay happy.
22,18,Ses02M_script03_1_M,sadness,Oh darling don't say that.
22,19,Ses02M_script03_1_F,neutral,It's true; the whole business is a very poor joke.
22,20,Ses02M_script03_1_M,happiness,Meaning that sacred and beautiful thing love?
22,21,Ses02M_script03_1_F,neutral,Yes. Meaning just that.
22,22,Ses02M_script03_1_M,happiness,What does it all mean that's what I ask- that's what I ask myself in my ceaseless quest for ultimate truth?  Good God what does it all mean?
22,23,Ses02M_script03_1_F,neutral,Don't laugh at me. I'm serious.
22,24,Ses02M_script03_1_M,neutral,"You mustn't be serious my dear one, that's just what they want."
22,25,Ses02M_script03_1_F,neutral,Who's they?
22,26,Ses02M_script03_1_M,neutral,"All those futile moralists, who try to make life unbearable, laugh at them, be flippant. Laugh at everything all their sacred shibboleths"
22,27,Ses02M_script03_1_M,neutral,flippancy brings out the acid in their damned sweetness in light.
22,28,Ses02M_script03_1_F,neutral,"Well, if I laugh at everything then I must laugh at us too."
22,29,Ses02M_script03_1_M,neutral,"Certainly you must, we figures of fun all right."
22,30,Ses02M_script03_1_F,neutral,"Well, shall we always want to bicker and fight?"
22,31,Ses02M_script03_1_M,sadness,"No, that desire will fade along with our passion."
22,32,Ses02M_script03_1_F,sadness,"Oh dear, should we like that?"
22,33,Ses02M_script03_1_M,neutral,Depends on how well we play it.
22,34,Ses02M_script03_1_F,neutral,"Well, what happens if one of us dies, does the one that's left still laugh?"
22,35,Ses02M_script03_1_M,neutral,"Yes, yes, with all his might."
22,36,Ses02M_script03_1_F,neutral,"Well that's serious enough, isn't it?"
22,37,Ses02M_script03_1_M,neutral,"No, no it isn't, death is very laughable, such a cunning little mystery, all done with mirrors."
22,38,Ses02M_script03_1_F,neutral,"Darling, I believe you're talking nonsense."
22,39,Ses02M_script03_1_M,neutral,So is everyone else in the long run.
22,40,Ses02M_script03_1_M,neutral,"Let's be superficial and pity the poor philosophers, let's blow our trumpets and squeakers and enjoy the party as much as we can. Like quite idiotic, very small, school children. Let's savor the delight of the moment."
22,41,Ses02M_script03_1_M,neutral,Come kiss me darling before your body rots and worms pop in and out of your eye sockets.
22,42,Ses02M_script03_1_F,neutral,"Elliot, worms don't pop."
22,43,Ses02M_script03_1_M,neutral,"I don't care what you do see. You can paint yourself green and dance naked in the Place Vendome, and rush off madly with all the men in the world and I shan't say a word, as long as you love me best."
22,44,Ses02M_script03_1_F,neutral,"Thank you dear, the same applies you, except that if I catch you so much as looking at another woman, I'll kill you."
22,45,Ses02M_script03_1_M,happiness,You remember that awful scene we had in Venice?
22,46,Ses02M_script03_1_F,happiness,Which particular one?
22,47,Ses02M_script03_1_M,neutral,"The one when you bought that little, painted, wooden snake in the Piazza and put it on my bed."
22,48,Ses02M_script03_1_F,happiness,"Oh Charles, that was his name Charles. It did wiggle so beautifully."
22,49,Ses02M_script03_1_M,neutral,"Horrible thing, I hated it."
22,50,Ses02M_script03_1_F,happiness,I know you did. You threw it out of the window into the Grand Canal; I don't think I'll ever forgive you for that.
22,51,Ses02M_script03_1_M,neutral,How long did that row last?
22,52,Ses02M_script03_1_F,happiness,It went on intermittently for days.
22,53,Ses02M_script03_1_M,neutral,The worst one was in Cannes when your curling iron burned a hole in my new dressing gown.
22,54,Ses02M_script03_1_F,happiness,It burned my comb too and all the towels in the bathroom.
22,55,Ses02M_script03_1_M,happiness,"That was a rouser, wasn't it?"
22,56,Ses02M_script03_1_F,neutral,That was the first time you ever hit me.
22,57,Ses02M_script03_1_M,neutral,I didn't hit you very hard.
22,58,Ses02M_script03_1_F,happiness,The manager came in and found us rolling around on the floor biting and scratching like panthers.
22,59,Ses02M_script03_1_M,happiness,I'll never forget his face.
22,60,Ses02M_script03_1_F,happiness,"Oh it was ridiculous, completely ridiculous."
22,61,Ses02M_script03_1_M,neutral,We were very much younger then.
22,62,Ses02M_script03_1_F,happiness,And very much sillier.
22,63,Ses02M_script03_1_M,neutral,As a matter of fact the real cause of that row was Peter Burden.
23,0,Ses03F_script02_1_M,neutral,"Hey, what time is it? They're supposed to run around midnight, right? God, this is great, isn't it?"
23,1,Ses03F_script02_1_M,neutral,Look at the night we got; couldn't be better.
23,2,Ses03F_script02_1_M,neutral,"You know actually, I wanted to go a little further up the coast to get away from all the, the people and the lights, and uh- but I thought we'd miss it. Hey, how you doing?"
23,3,Ses03F_script02_1_F,sadness,Fine.
23,4,Ses03F_script02_1_M,neutral,"Oh, is that-is that-now, is that just foam, uhh, I can't even tell."
23,5,Ses03F_script02_1_M,neutral,"Oh, though if I can't tell it probably isn't them, right? It probably would be unmistakable, wouldn't you think? Hey, how you doing?"
23,6,Ses03F_script02_1_M,neutral,"Oh, do you know what I forgot? I forgot my flashlight. How could I be so stupid. Oh, I-I should have brought my flashlight."
23,7,Ses03F_script02_1_F,neutral,What flashlight?
23,8,Ses03F_script02_1_M,neutral,"Uh- you know, the flashlight. The silver one. There's only one, isn't there?"
23,9,Ses03F_script02_1_F,neutral,That's not your flashlight; it's ours. It's mine too.
23,10,Ses03F_script02_1_M,neutral,"Oh, well, sure."
23,11,Ses03F_script02_1_F,anger,"I don't understand why you're always saying oh, it's mine, it's mine. It's not like it's just your flashlight. I mean, how do you think that makes me feel?"
23,12,Ses03F_script02_1_M,neutral,"No, of course. Yours and mine. Our flashlight. Yours and mine. Mi flashlight is su flashlight. Naturally."
23,13,Ses03F_script02_1_M,neutral,We should have brought our flashlight. I can't believe we forgot to bring it.
23,14,Ses03F_script02_1_M,neutral,I hope the moon stays out.
23,15,Ses03F_script02_1_M,neutral,"Hey, do they always run during a full moon? I can't remember if it was full last year. Do you remember?"
23,16,Ses03F_script02_1_F,neutral,Yes.
23,17,Ses03F_script02_1_M,neutral,Are you cold? Do you want my jacket?
23,18,Ses03F_script02_1_M,neutral,"We should have brought the blanket. Oh, why didn't we bring the blanket? Our blanket."
23,19,Ses03F_script02_1_M,neutral,"You know what would be good right now? A six-pack. Ah, I can't believe I forgot a six-pack. A six-pack would be just the ticket right about now."
23,20,Ses03F_script02_1_M,neutral,I'm so stupid. I'm like a little kid. I-it's amazing I get out of the house with my fly zipped. Oh- [LAUGHTER].
23,21,Ses03F_script02_1_M,neutral,I wonder if they can hear us talk. Or hear the vibrations in the sand when we move.
23,22,Ses03F_script02_1_F,neutral,I'm cold.
23,23,Ses03F_script02_1_M,neutral,Do you want my jacket?
23,24,Ses03F_script02_1_F,neutral,"It's past eleven, let's go home."
23,25,Ses03F_script02_1_M,neutral,What? Are you kidding me? We just got here. We'd miss it. What's the point of coming down there if we just turn around and go home?
23,26,Ses03F_script02_1_F,neutral,There is no point in coming down here.
23,27,Ses03F_script02_1_M,neutral,Right.
23,28,Ses03F_script02_1_F,neutral,That's my point.
23,29,Ses03F_script02_1_M,neutral,"Yeah, that's my point too."
23,30,Ses03F_script02_1_F,neutral,"Well, so let's go."
23,31,Ses03F_script02_1_M,neutral,"No. No, no, no, that's not my point. My point is there's no point in coming down here if we just turn around and leave."
23,32,Ses03F_script02_1_M,neutral,"I mean, don't you want to see it?"
23,33,Ses03F_script02_1_F,sadness,Not particularly.
23,34,Ses03F_script02_1_M,neutral,Why not?
23,35,Ses03F_script02_1_F,sadness,I don't know. I just don't.
23,36,Ses03F_script02_1_M,neutral,"Honey, this is a natural-this is a natural phenomenon. I mean, it only happens once a year. This is, this is a great opportunity. Think about the people in Kansas. They would have to get a plane ticket and hotel reservation to come and see this. We're only forty minutes away. This is too good to pass up."
23,37,Ses03F_script02_1_F,anger,Pass up what? A bunch of fish. They swim up to the beach and they flop around and they swim away and then they die.
23,38,Ses03F_script02_1_M,neutral,Yeah. But that moment on the beach is the highlight of their little lives. And all that flopping around is laying eggs or what you-spawning or mating or something like that.
23,39,Ses03F_script02_1_M,neutral,"I mean, this is the big night for these guys. Life's last orgy."
23,40,Ses03F_script02_1_F,frustration,"I don't know why you're getting so excited. I mean, it's not like the landing of the moon or something. It's just fish. Fish that nobody eats."
23,41,Ses03F_script02_1_M,neutral,"Yeah, they do."
23,42,Ses03F_script02_1_F,frustration,"Oh, God, Augie."
23,43,Ses03F_script02_1_M,neutral,"What, okay, then it's fish that do something no other fish do. Like the swallows in Capistrano or the lemmings who throw themselves off the cliffs."
23,44,Ses03F_script02_1_M,neutral,"There's magic here and mystery and a little bit of the unexplainable. I mean, I don't see how you cannot be interested."
23,45,Ses03F_script02_1_F,neutral,"I'm just not. I mean, I'm sorry, it just-they're still fish to me."
23,46,Ses03F_script02_1_M,neutral,For real?
23,47,Ses03F_script02_1_F,neutral,Yes.
23,48,Ses03F_script02_1_M,neutral,I don't get it. The last time-the first time that we came to see it you said it was the best night of your life.
23,49,Ses03F_script02_1_M,neutral,And then last year when we came to see it you ran out of the house so fast that you stubbed your toe. And you didn't even notice until you got in the car.
23,50,Ses03F_script02_1_F,frustration,"Yes, and if you also remember, I got sand in my panties. We got into an argument about nothing. You got a sore throat and we never saw the grunions."
23,51,Ses03F_script02_1_M,neutral,We weren't in a good spot.
23,52,Ses03F_script02_1_F,frustration,"No, for God's sakes, we've never seen the grunions. We're not going to see them."
23,53,Ses03F_script02_1_M,frustration,"We just weren't in a good spot, all right? This is a much better spot. I have a good instinct for these things. Look, is that-"
23,54,Ses03F_script02_1_M,neutral,"no, that's just seaweed, isn't it? This is great, isn't it?"
23,55,Ses03F_script02_1_M,neutral,"I wouldn't miss this for anything. I mean, think about this. Okay, I know you're not interested, but just think about this for a minute."
23,56,Ses03F_script02_1_M,neutral,Somewhere out there there's this huge silver mass of fish heading this way. They don't know why. And we don't know why. Just some little instinctual time-release firecracker went off-went off in their bodies.
23,57,Ses03F_script02_1_M,neutral,"And they all, all as one, turned as one and formed this line as big as the California coast and started swimming this way. Swimming as if that's the only thing that matters."
23,58,Ses03F_script02_1_M,neutral,"You know, they didn't ask it a question. They didn't, they didn't take a vote. They didn't have an invitation or a map; they just started swimming as one."
23,59,Ses03F_script02_1_M,neutral,"its single-mindedness with one mind. Urgency that's pure urge. You know, they don't give it a name."
23,60,Ses03F_script02_1_M,neutral,"They don't ask it a question. They just, they just, they don't know what drives them. They just turn as one and start the swim that brings them to here"
23,61,Ses03F_script02_1_M,neutral,"where we stand for a massive celebration of sex and death. Oh, God, I'm giving myself goosebumps. Look, I'm all-all my hairs on my arms is sticking up."
23,62,Ses03F_script02_1_F,neutral,"Yeah, that's the wind."
23,63,Ses03F_script02_1_M,neutral,So what do you think?
23,64,Ses03F_script02_1_F,neutral,About what?
23,65,Ses03F_script02_1_M,neutral,About what I just said.
23,66,Ses03F_script02_1_F,neutral,It's ridiculous.
24,0,Ses05M_script01_1_F,sadness,What's he going to say?  Maybe we should tell him before he sees it.
24,1,Ses05M_script01_1_M,neutral,He saw it.
24,2,Ses05M_script01_1_F,sadness,When?  I was the first one up.  He was still in bed.  How could he have seen it?
24,3,Ses05M_script01_1_M,neutral,He was out here when it broke.
24,4,Ses05M_script01_1_F,neutral,When?
24,5,Ses05M_script01_1_M,neutral,"I don't know, like, four o'clock this morning.  I heard a crack, and I woke up, and I looked out the window and he was standing right there when it broke."
24,6,Ses05M_script01_1_F,neutral,What was he doing out here at four in the morning?
24,7,Ses05M_script01_1_M,neutral,"I don't know, but after it broke he ran back inside and started crying in the kitchen."
24,8,Ses05M_script01_1_F,sadness,Did you talk to him?
24,9,Ses05M_script01_1_M,sadness,No.  I figured it was best to leave him alone.
24,10,Ses05M_script01_1_F,sadness,He cried hard?
24,11,Ses05M_script01_1_M,neutral,I could hear him right through the floor in my room.
24,12,Ses05M_script01_1_F,neutral,"What was he doing out there at that hour?  He's getting just like after Larry died, walking around at night.  He dreams."
24,13,Ses05M_script01_1_M,neutral,I guess he is.
24,14,Ses05M_script01_1_F,neutral,What's the meaning of that?
24,15,Ses05M_script01_1_M,neutral,"I don't know the meaning of it, but you know one thing Mom, we made a terrible mistake with dad."
24,16,Ses05M_script01_1_F,neutral,What?
24,17,Ses05M_script01_1_M,neutral,Being dishonest with him.  It's the kind of thing that pays off and now it's paying off.
24,18,Ses05M_script01_1_F,neutral,What do you mean dishonest?
24,19,Ses05M_script01_1_M,frustration,You know that Larry's not coming back and I know it.  So why do we go on letting him think that we believe with him?
24,20,Ses05M_script01_1_F,frustration,"What do you want to do, argue with him?"
24,21,Ses05M_script01_1_M,frustration,I don't want to argue with him.  But it's time he knows that nobody else thinks that Larry's alive anymore.
24,22,Ses05M_script01_1_M,anger,"Why should he dream about him, walking around looking for him at night?  Do we contradict him?  Do we say straight out that we don't have any hope anymore, that we haven't had any hope for years now?"
24,23,Ses05M_script01_1_F,neutral,You can't say that to him.
24,24,Ses05M_script01_1_M,frustration,We have to say it to him.
24,25,Ses05M_script01_1_F,frustration,how are you gonna prove it?  Can you prove it?
24,26,Ses05M_script01_1_M,anger,For Gods sake!  Three years!  Nobody comes back after three years.  That's insane!
24,27,Ses05M_script01_1_F,frustration,"To you it is and to me, but not to him.  Now you can talk yourself until you're blue in the face, Chris, but there's no body and there's no grave.  So where are you?"
24,28,Ses05M_script01_1_M,neutral,"Sit down, mom.  I want to talk to you."
24,29,Ses05M_script01_1_F,anger,"The trouble is the God damn newspapers.  I mean every every week a kid turns up, missing like longer than Larry."
24,30,Ses05M_script01_1_M,frustration,"All right.  All right, mom.  Just listen.  You know why I invited Annie her, don't you?"
24,31,Ses05M_script01_1_F,neutral,Why?
24,32,Ses05M_script01_1_M,neutral,You know.
24,33,Ses05M_script01_1_F,neutral,"Well, I have an idea.  But what's the story?"
24,34,Ses05M_script01_1_M,neutral,I'm going to ask her to marry me.
24,35,Ses05M_script01_1_F,neutral,"Well, that's your business, Chris."
24,36,Ses05M_script01_1_M,frustration,It's not just my business.
24,37,Ses05M_script01_1_F,anger,"Well, what do you want me to do?  You're old enough to make- to know your own mind."
24,38,Ses05M_script01_1_M,frustration,So it's okay then?  I should just go ahead and do it?
24,39,Ses05M_script01_1_F,neutral,"Well, you want to make sure that your father isn't --"
24,40,Ses05M_script01_1_M,anger,"Oh, so it isn't just my business?"
24,41,Ses05M_script01_1_F,frustration,I'm just saying.
24,42,Ses05M_script01_1_M,anger,You infuriate me sometimes.  Do you know that?  God.
24,43,Ses05M_script01_1_M,anger,"Isn't it your business, too, if dad -- if I tell dad and he throws a fit about it?  I mean, you have such a talent for ignoring things."
24,44,Ses05M_script01_1_F,anger,"I ignore what I got to ignore.  I mean, the girl is Larry's girl."
24,45,Ses05M_script01_1_M,anger,She is not Larry's girl!
24,46,Ses05M_script01_1_F,anger,"From your father's point of view he's not dead and she's still his girl.  Now, you can go on from there if you know where to go, Chris, but I don't know.  So what can I do for you?"
24,47,Ses05M_script01_1_M,frustration,"I don't know why it is but everytime I reach out for something I- that I want, I have to pull back because I might hurt somebody else.  My whole bloody life; time after time after time."
24,48,Ses05M_script01_1_F,neutral,"Well, you're a considerate fella, there's nothing wrong in that"
24,49,Ses05M_script01_1_M,anger,To hell with that!
24,50,Ses05M_script01_1_F,neutral,Have you asked Annie yet?
24,51,Ses05M_script01_1_M,neutral,I wanted to get this taken care of first.
24,52,Ses05M_script01_1_F,neutral,"Well, what if she feels like your father?  And how do you know she will marry you?"
24,53,Ses05M_script01_1_M,neutral,"Well, if that's the case, then that's the end of it.  But from her letters it sounds like she has forgotten him.  I'll find out.  And then we'll thrash it out with dad, all right?  Mom, don't avoid me."
24,54,Ses05M_script01_1_F,neutral,"Well, the trouble is you never saw enough women."
24,55,Ses05M_script01_1_M,anger,So what?  I'm not fast with women.
24,56,Ses05M_script01_1_F,frustration,"Well, I just don't see why it has to be Annie."
24,57,Ses05M_script01_1_M,frustration,Because it is.
24,58,Ses05M_script01_1_F,frustration,"Well, that's a good reason.  But that doesn't mean anything at all.  I mean, you haven't seen her in five years."
24,59,Ses05M_script01_1_M,frustration,"I know her best, all right?  I don't know.  I grew up next to her.  When I think of somebody for my wife these days, I think of Annie.  What do you want, a diagram?"
24,60,Ses05M_script01_1_F,frustration,"No.  I don't want a -- look, your father thinks he's coming back, Chris.  You marry that girl and you're pronouncing him dead.  Now, what's going to happen to your father; do you know?  Because, I don't."
24,61,Ses05M_script01_1_M,neutral,"All right then, mom."
24,62,Ses05M_script01_1_F,neutral,Just give it some more thought.
24,63,Ses05M_script01_1_M,anger,"I've given it three years of thought.  I hoped that if I'd waited, dad would have forgotten about it by now.  And we could have like a normal wedding and everybody happy."
24,64,Ses05M_script01_1_M,anger,"But if that can't happen, I'll just have to get out."
24,65,Ses05M_script01_1_F,neutral,What the hell is this?
24,66,Ses05M_script01_1_M,anger,"I'll get out.  I'll go get married and live someplace else.  I don't know, maybe New York."
24,67,Ses05M_script01_1_F,anger,Are you crazy?
24,68,Ses05M_script01_1_M,anger,I have been a good son for too long.  A good sucker.  I'm through with it.
24,69,Ses05M_script01_1_F,neutral,"What?  You mean?  Tell me something, you mean that you would leave the business?"
24,70,Ses05M_script01_1_M,anger,"Yes.  On this, I would."
24,71,Ses05M_script01_1_F,neutral,You can't think like that.
24,72,Ses05M_script01_1_M,anger,"Well, you help me stay here."
24,73,Ses05M_script01_1_F,anger,"All right.  But don't think like that.  Because what the hell did we work for, Chris?  I mean, this whole thing, it's all for you."
24,74,Ses05M_script01_1_M,frustration,"I know that, mom.  Just, you help me stay here."
24,75,Ses05M_script01_1_F,anger,Just don't think that way.  Do you hear me?
24,76,Ses05M_script01_1_M,neutral,I am thinking that way.
24,77,Ses05M_script01_1_F,frustration,"I don't understand you, do I?"
24,78,Ses05M_script01_1_M,frustration,"No, you don't.  I'm a pretty tough guy."
24,79,Ses05M_script01_1_F,frustration,"Yeah, I can see that."
25,0,Ses02F_impro01_F,neutral,"Hi. Excuse me.  Um, I'd like to put in this application for my registration."
25,1,Ses02F_impro01_M,neutral,Hi.
25,2,Ses02F_impro01_M,neutral,"Okay.  Let me see here.  Um, we need--we need your original birth certificate."
25,3,Ses02F_impro01_F,neutral,My--my original birth certificate?  But I don't carry that with me.
25,4,Ses02F_impro01_M,neutral,Right.  Well.  We still need it.
25,5,Ses02F_impro01_F,neutral,"Well, I have my driver's license, does that work?"
25,6,Ses02F_impro01_M,neutral,"No. no  Uh, no one told you that you needed your original birth certificate."
25,7,Ses02F_impro01_F,frustration,No it doesn't say it on the form.
25,8,Ses02F_impro01_F,frustration,"I mean it just says that you need some form of identification, but it doesn't say what kind of identification."
25,9,Ses02F_impro01_F,frustration,I mean if I had known--I would have brought it.
25,10,Ses02F_impro01_M,neutral,um Sorry.
25,11,Ses02F_impro01_M,frustration,"Okay.  Um, I'm sorry but I--I can't help you.  You're gonna have to go back and uh..."
25,12,Ses02F_impro01_F,frustration,"Look, I've been waiting in line for a really long time.  I mean, you've seen how long it is."
25,13,Ses02F_impro01_F,frustration,It's lunch hour.
25,14,Ses02F_impro01_M,frustration,Right.  It's the D.M.V..
25,15,Ses02F_impro01_M,frustration,"I know, it gets long, but I can't do anything without your--do you have Social Security card, maybe?"
25,16,Ses02F_impro01_F,frustration,"Well, no.  I mean, I don't carry my original documents with me because if those things get destroyed, then what do you, you know what I mean, like if I loose my wallet or something, I'll never have them again."
25,17,Ses02F_impro01_F,frustration,I have my passport and I have my driver's license. And that's all I have.
25,18,Ses02F_impro01_M,frustration,"Alright, I don't know what to tell you right."
25,19,Ses02F_impro01_M,frustration,"I think you're just gonna--you're gonna have to get 'em and then you can back and then, we'll help you out.  Maybe, we can-"
25,20,Ses02F_impro01_F,frustration,"But, isn't there anything you can do.  Can't you make an exception this one time?  My picture is on both of those identifications.  It's not like you don't know that it's me."
25,21,Ses02F_impro01_M,frustration,I can't.
25,22,Ses02F_impro01_F,frustration,And I can give you my social--
25,23,Ses02F_impro01_M,frustration,"I make an exception for you and I have to make an exception for everyone.  I mean, I-I've seen this before and I know it's frustrating, but there's nothing I can do. You just have to-"
25,24,Ses02F_impro01_F,frustration,"Well, I can give you my Social Security Number."
25,25,Ses02F_impro01_M,frustration,"No, it's--"
25,26,Ses02F_impro01_F,frustration,And I can tell you where I was born and what time and by who and what day.
25,27,Ses02F_impro01_M,frustration,"Okay.  But how do I--that's- that's not proof to me.  How do I know that, you know, that it's really you.  I need--"
25,28,Ses02F_impro01_F,frustration,I can't go--I have to go back to work.  I don't have time to go back to my house and get all of that stuff and then get back in line and wait for another forty five minutes.
25,29,Ses02F_impro01_M,frustration,"Well, the weekends are not as busy.  Maybe you can uh, come and try to get here early--"
25,30,Ses02F_impro01_F,frustration,"Um, I have kids.  I have to take them places on the weekends.  I don't have time to come back here.  Please.  I really need you to help me."
25,31,Ses02F_impro01_M,frustration,I can't.  There's nothing I can do.  I'm sorry.
25,32,Ses02F_impro01_F,frustration,Well.  [BREATHING] I just--I just don't.  I-I'm sorry that I'm standing here-- But I can't leave. I-
25,33,Ses02F_impro01_M,neutral,The line--
25,34,Ses02F_impro01_F,frustration,"I really need this done today.  As you can see, the deadline is almost up and I can't come back."
25,35,Ses02F_impro01_M,anger,"Ok, but you're right now you're holding up more people in line by standing here-- and letting"
25,36,Ses02F_impro01_F,anger,"Well, why didn't the D.M.V. put that you needed your birth certificate on the application then?"
25,37,Ses02F_impro01_M,frustration,"I--when you're going to the D.M.V., you usually need pretty professional identification--"
25,38,Ses02F_impro01_M,anger,"You know, Official documentation--"
25,39,Ses02F_impro01_F,anger,"Yeah, but your birth certificate--I mean, who carries around their birth certificate?  Nobody does that."
25,40,Ses02F_impro01_M,frustration,"No, but you come--you come to the D.M.V., it's something-- You should've- You should've figured--"
25,41,Ses02F_impro01_F,anger,With your driver's license and your passport.  Just like everybody else.
25,42,Ses02F_impro01_M,frustration,"But, without your drive--where-where- what about your identification without your driver's license?  I mean, you need--you needed something before then?"
25,43,Ses02F_impro01_F,anger,"Who--you always use your driver's license.  I mean, you're not coming to the D.M.V. if you're not over sixteen and that's when you get your driver's license so you're never gonna need it anyway."
25,44,Ses02F_impro01_M,frustration,"All right.  Well, um, you know, I'd love to help you, but--nothing I can do."
25,45,Ses02F_impro01_M,frustration,"So, if you wanna go get your birth certificate, um, maybe come back--I don't--maybe you can talk to the person in the--in the front of line maybe.  I don't know."
25,46,Ses02F_impro01_F,frustration,Do you have a supervisor?
25,47,Ses02F_impro01_M,frustration,I am the supervisor.  So--
25,48,Ses02F_impro01_F,frustration,"Well, thank you very much.  You've been very helpful."
26,0,Ses02M_impro08_M,neutral,All right. Customer service this is Steve.
26,1,Ses02M_impro08_F,neutral,"Hi. Thank you so much, you're a real person, right, you're not like a recording?"
26,2,Ses02M_impro08_M,neutral,"I'm a real person, yes."
26,3,Ses02M_impro08_F,neutral,"Okay. Before I get into it, um your menu or whatever like where you choose the different thing depending on the-"
26,4,Ses02M_impro08_F,neutral,"it leads you around in circles, you can't, there is no way to like get to a real person if you don't already know how to get to there."
26,5,Ses02M_impro08_M,neutral,"Right. No, yes I know. It is-It is a little frustrating."
26,6,Ses02M_impro08_F,frustration,"So is there any way to like bypass that because that is so, like I've been going around in circles"
26,7,Ses02M_impro08_F,frustration,"like press nine, press zero, press back to the menu, like I can't get through to what I'm supposed to get through to."
26,8,Ses02M_impro08_M,neutral,"I- I'll give you a little hint, next time if it asks if you're on a rotary phone you know, just stay on the line instead of - instead of hitting one or two to say if you're like on a touch tone"
26,9,Ses02M_impro08_M,neutral,"pretend like your on a rotary phone, goes straight through to a person."
26,10,Ses02M_impro08_F,frustration,"Okay. Oh, that would just make it so much better, 'cause I cannot handle it's just like oh, my God I can't sit here any longer and talk to this lady with this pleasant voice."
26,11,Ses02M_impro08_M,neutral,I know they don't tell you that kind of thing.
26,12,Ses02M_impro08_F,neutral,"Sorry. Okay. Um-, yes"
26,13,Ses02M_impro08_M,neutral,Alright. Well you got me now.
26,14,Ses02M_impro08_F,neutral,"Thank you very much. Um  So I have a charge on my credit card that, um, isn't mine."
26,15,Ses02M_impro08_F,neutral,"Uh, I don't know where it came from and it's actually quite large, and I don't have the money for it so"
26,16,Ses02M_impro08_F,frustration,it really freaks me out when I got my bill because it was like I don't -- I didn't spend this. This is not my charge.
26,17,Ses02M_impro08_M,neutral,"Yea. All right. Well, let me-let me look it up here for a second. Uh, so i think"
26,18,Ses02M_impro08_F,neutral,"Okay, it was um- at the [GARBAGE] sorry, it was at a department store, I think it was Macy's or something"
26,19,Ses02M_impro08_M,neutral,"Okay, Alright, yeah. I- I see it on here."
26,20,Ses02M_impro08_F,frustration,"and it was like something like eight hundred dollars. I don't remember. It was just a lot and I have thing in front of me right now, but-"
26,21,Ses02M_impro08_M,neutral,"All right. Well, you know that's, that's what we have all of our protection plans for and everything like that so I mean it's"
26,22,Ses02M_impro08_F,neutral,Okay. So is there something I can do to get rid of it?
26,23,Ses02M_impro08_M,neutral,it- it'll work out fine.
26,24,Ses02M_impro08_M,neutral,"Yes, we'll get- we'll get rid of it right now. I mean just we're going to have to have you, um, submit something you know, we're going to have to have you mail something in for us, okay."
26,25,Ses02M_impro08_M,neutral,"So- So you can um find that application. You have the Internet, you can go to our website."
26,26,Ses02M_impro08_F,neutral,"Oh I can get the form right now? Oh, that'll be so much better.  Okay."
26,27,Ses02M_impro08_M,neutral,Yeah. Yeah. You get the form right now. and- yeah
26,28,Ses02M_impro08_M,neutral,"We could mail it to you as well, but-"
26,29,Ses02M_impro08_F,neutral,-But online is faster I can do that.
26,30,Ses02M_impro08_M,neutral,"Right. You can go online, print it out, and just fill out the form and um- send it to us um- you know,  regarding the grievance and-"
26,31,Ses02M_impro08_M,neutral,and it'll get taken off um- no problem you know
26,32,Ses02M_impro08_F,neutral,Okay.
26,33,Ses02M_impro08_F,frustration,'Cause I-I just don't know how someone could have gotten my charge information
26,34,Ses02M_impro08_F,neutral,I mean I still have my card.
26,35,Ses02M_impro08_M,neutral,Right. I mean we might
26,36,Ses02M_impro08_M,neutral,Okay.
26,37,Ses02M_impro08_F,neutral,So is there any- I mean what if they spend something again?
26,38,Ses02M_impro08_M,neutral,"Uh, I mean have you been shopping around on the Internet and stuff? I mean that you gave-"
26,39,Ses02M_impro08_F,neutral,I did buy one thing on ebay I don't know that might-
26,40,Ses02M_impro08_M,neutral,"Uh-ha, I mean usually sites are pretty well protected but sometimes I mean information gets out, so"
26,41,Ses02M_impro08_M,neutral,so it is a little a little hard in that situation if you want -- you know you can -um- we can- we can issue another credit card.
26,42,Ses02M_impro08_F,neutral,"Oh, really?"
26,43,Ses02M_impro08_M,neutral,"Yeah, yeah. Maybe we'll, uh-"
26,44,Ses02M_impro08_F,neutral,"Oh that'll be great 'cause I could just get a new number, would that be okay because that way I don't have to worry about it happening again?"
26,45,Ses02M_impro08_M,neutral,it's a different number and everything
26,46,Ses02M_impro08_M,neutral,Yeah. yeah.
26,47,Ses02M_impro08_M,neutral,"Yes, um but  for- for that- for that charge we will need you to send something in but we can get you processed immediately for this, for this, for this new card. It still goes to the same address, right?"
26,48,Ses02M_impro08_F,neutral,"Yes, absolutely."
26,49,Ses02M_impro08_M,neutral,Okay. All right. Then we'll get it sent out there. And
26,50,Ses02M_impro08_F,happiness,Great.
26,51,Ses02M_impro08_M,neutral,And you know just I mean be careful in the future if um
26,52,Ses02M_impro08_F,happiness,Yeah.
26,53,Ses02M_impro08_M,neutral,if you're ever online or anything like that I mean just make sure it's a secure site and
26,54,Ses02M_impro08_M,neutral,"and never you know, give it to anyone out, never even give out your number to any like unreliable company that you haven't heard of or anything like that, all right? Because, um, we want to- we definitely want to help you out, but-"
26,55,Ses02M_impro08_F,neutral,"Right, right."
26,56,Ses02M_impro08_F,neutral,"Okay, great."
26,57,Ses02M_impro08_F,neutral,"Yeah, totally."
26,58,Ses02M_impro08_M,neutral,you know it gets- it gets difficult you know so Alright.
26,59,Ses02M_impro08_F,happiness,Well thank you so much. You've been very helpful. I really appreciate it.
26,60,Ses02M_impro08_M,neutral,"Alright Yes, I'm sorry for all the inconvenience but we'll get it taken care of."
26,61,Ses02M_impro08_F,neutral,[BREATHING] Thank you.
26,62,Ses02M_impro08_F,happiness,Thank you very much bye.
27,0,Ses04M_impro02_M,sadness,It's only going to be a year.
27,1,Ses04M_impro02_F,neutral,It's the first year of your child's life.
27,2,Ses04M_impro02_M,neutral,There's really -- there's nothing I can do.
27,3,Ses04M_impro02_F,neutral,You're just fine with this?
27,4,Ses04M_impro02_M,frustration,There's nothing I --
27,5,Ses04M_impro02_F,frustration,You're just going to pick up and leave me and our baby and miss a year of our lives?
27,6,Ses04M_impro02_M,frustration,"It's -- look, it's only a year.  It'll go by quickly.  Okay."
27,7,Ses04M_impro02_F,neutral,"When you get back, think of all of the things that you're going to have missed."
27,8,Ses04M_impro02_M,frustration,"I know, but I'll be back then.  And - and- and we'll have -- we have the rest of our lives."
27,9,Ses04M_impro02_F,neutral,Don't go.
27,10,Ses04M_impro02_M,frustration,I can't do that.  I have to go.
27,11,Ses04M_impro02_F,frustration,"Do you want to -- do you want to leave us behind?  I mean, I don't understand why you have to do this."
27,12,Ses04M_impro02_M,frustration,I've made a pledge.  I can't not do this at this point.
27,13,Ses04M_impro02_F,neutral,"You've made a pledge to us, too.  Remember that day, we stood in front of each other and said 'til death do us part.  Put on some rings and it's supposed to mean something."
27,14,Ses04M_impro02_M,frustration,I know that. I know that. I know that.
27,15,Ses04M_impro02_M,neutral,"There's nothing I can do.  I mean, I have to go."
27,16,Ses04M_impro02_M,frustration,"And this is what I do.  This is -- I mean, this is my life.  And I know that you're part of my life, too, and I mean, it's only -- it's just going to be a year.  I'll be back."
27,17,Ses04M_impro02_F,frustration,Can't you ask them?  Can't you go back and ask them if you could -- I don't know if you could change  assignments or something and you could stay here?
27,18,Ses04M_impro02_M,frustration,It's not- it's not- It's not like that.  It's not like that.  I can't do that.
27,19,Ses04M_impro02_F,frustration,"Why not?  You could, at least, try.  They have to understand"
27,20,Ses04M_impro02_M,frustration,Because it's impossible.  There's -- I just can't.  I can't.
27,21,Ses04M_impro02_F,sadness,You won't even know your child when you come back.  This -- isn't there someone you could talk to?
27,22,Ses04M_impro02_F,frustration,Explain the situation to them and then you can stay here.
27,23,Ses04M_impro02_M,frustration,"Look, honey, it's- it's- it's only going to be a year."
27,24,Ses04M_impro02_M,frustration,It's only going to be a year. I'm not going to miss my son's entire life.
27,25,Ses04M_impro02_F,frustration,"And what happens if, at the end of that year, they ask you to stay longer?  Are you just going to agree?  Are you just going to absentmindedly brainwashedly do whatever it is they tell you to do?"
27,26,Ses04M_impro02_M,frustration,I'm not going to stay more than a year.  I've  agreed to a year
27,27,Ses04M_impro02_F,frustration,Then why do you have to go a year at all?
27,28,Ses04M_impro02_M,frustration,Because I've already agreed to that.
27,29,Ses04M_impro02_F,frustration,Well unagree.  Tell them that you can't leave right now.  I can't do this by myself.  I can't do this without you.
27,30,Ses04M_impro02_M,frustration,"Yes, you can.  Yes, you can.  You know you can.  You're a strong person."
27,31,Ses04M_impro02_F,neutral,This is supposed to be a partnership.  We're supposed to do this together. I'm not supposed to be left here to do this by myself while you leave.
27,32,Ses04M_impro02_M,frustration,It is. It is. It is. It is. I'm going to write you every day.
27,33,Ses04M_impro02_F,neutral,"What am I supposed to do, read your letters?"
27,34,Ses04M_impro02_M,frustration,What else can we do?  I -- we don't have a choice in this.  Do you understand?  You can't come with me and I can't stay here.  That's all there is to it.
27,35,Ses04M_impro02_F,frustration,"There has to be something.  I mean, we can't just live with this.  It's not -- it just won't work this way."
27,36,Ses04M_impro02_M,frustration,We don't have a choice.  I have to do this.
27,37,Ses04M_impro02_F,frustration,Just tell them no.
27,38,Ses04M_impro02_M,frustration,"I can't do it.  I'd love to.  I mean, I don't - if you understand, I don't want to stay."
27,39,Ses04M_impro02_M,frustration,"I mean, I don't want to -- I don't want to leave.  I want to stay here with you."
27,40,Ses04M_impro02_F,frustration,"Then, can't you please try something?  If you go and ask them and they say no, then I would understand, but you're not even willing to ask."
27,41,Ses04M_impro02_F,frustration,Can't you just make an effort?  Can't you just try?
27,42,Ses04M_impro02_M,frustration,I've asked already.  I can't go back.
27,43,Ses04M_impro02_M,frustration,"It can't happen.  I have to go.  I want to stay really bad, but I can't.  There's just no -- I don't have an option."
27,44,Ses04M_impro02_F,sadness,When do you leave?
27,45,Ses04M_impro02_M,frustration,Next week.
27,46,Ses04M_impro02_F,anger,A week.  You're giving me a week to be okay with this.
27,47,Ses04M_impro02_M,frustration,"You can't make it out like I'm happy about this.  I mean, I didn't -- I didn't want to put you in this situation."
27,48,Ses04M_impro02_F,frustration,Well it doesn't seem like you're that bothered by it.
27,49,Ses04M_impro02_M,frustration,"I am.  I mean, I don't know.  I don't know what else to tell -- you know, I mean, I can tell you.  I don't know what else to do. I mean, I've been forced into this situation."
27,50,Ses04M_impro02_F,frustration,"If you really cared so much, you'd find a way out."
27,51,Ses04M_impro02_M,frustration,There's nothing I can do.  I-- I
27,52,Ses04M_impro02_F,neutral,"Fine, fine.  We have to be together.  If you can't stay here, then I'll go with you.  I don't care where you go.  We'll go, too.  I'm not staying behind."
27,53,Ses04M_impro02_M,frustration,They won't let you come along.  It's not going to happen.
27,54,Ses04M_impro02_F,frustration,"It's a free world.  I can go where I want.  Wherever you are, that's where we're going to go."
27,55,Ses04M_impro02_M,frustration,Are you kidding? Please don't be difficult about this.
27,56,Ses04M_impro02_F,neutral,Difficult.  You're leaving for a year. We have a newborn child and you're leaving.  I don't think I'm being difficult.
27,57,Ses04M_impro02_M,frustration,[BREATHING]
27,58,Ses04M_impro02_F,frustration,"I'm finding a way to make it work.  And I will go wherever you go.  Whatever I have to do, I will make this work."
27,59,Ses04M_impro02_M,frustration,"Look, I--"
27,60,Ses04M_impro02_F,frustration,You're not really giving me a lot of options.
27,61,Ses04M_impro02_M,frustration,Where I'm going is not the safest place on the earth.  Okay.
27,62,Ses04M_impro02_F,frustration,But I'm supposed to be okay with you going there.
27,63,Ses04M_impro02_M,frustration,But I've been trained.  You have no training.
27,64,Ses04M_impro02_F,neutral,I'm not going to stay here and wait.
27,65,Ses04M_impro02_M,frustration,You have to.  Do you understand me?  You have to.
27,66,Ses04M_impro02_F,neutral,I can't do it.
27,67,Ses04M_impro02_M,frustration,"Well I guess we're at a stalemate then, aren't we?"
28,0,Ses05F_script03_2_M,neutral,"As a matter of fact, the real cause of that row was Peter Burden."
28,1,Ses05F_script03_2_F,neutral,You knew there was nothing in that.
28,2,Ses05F_script03_2_M,neutral,I knew nothing of the sort.  You accepted presents from him.
28,3,Ses05F_script03_2_F,neutral,Only a trivial little broach.
28,4,Ses05F_script03_2_M,neutral,"I remember it well, covered in diamonds in the worst possible taste."
28,5,Ses05F_script03_2_F,neutral,"No, not at all.  I-I still have it.  I wear it quite often."
28,6,Ses05F_script03_2_M,neutral,You went out of your way to torture me over Peter Burden.
28,7,Ses05F_script03_2_F,neutral,You worked the whole thing up in your jealous imagination.
28,8,Ses05F_script03_2_M,anger,"You must admit that he was in love with you, wasn't he?"
28,9,Ses05F_script03_2_F,neutral,"maybe just a little, but--"
28,10,Ses05F_script03_2_M,anger,You let him kiss you.  You said you did.
28,11,Ses05F_script03_2_F,neutral,And what of it?
28,12,Ses05F_script03_2_M,frustration,What of it?
28,13,Ses05F_script03_2_F,neutral,"Well, I- he got a lot of pleasure out of it and it didn't hurt me."
28,14,Ses05F_script03_2_M,neutral,What about me?
28,15,Ses05F_script03_2_F,neutral,"Well, if you hadn't been so nosey and suspicious, you never would have heard about it."
28,16,Ses05F_script03_2_M,anger,"Well, that's a nice point of view I must say."
28,17,Ses05F_script03_2_F,frustration,I'm growing quite tired and bored of this conversation.
28,18,Ses05F_script03_2_M,neutral,"So am I, bored stiff.  Would you like some brandy?"
28,19,Ses05F_script03_2_F,neutral,No.
28,20,Ses05F_script03_2_M,neutral,I'll have a little I think.
28,21,Ses05F_script03_2_F,neutral,I don't see why you want any.  You've already had three glasses.
28,22,Ses05F_script03_2_M,neutral,"No particular reason, besides, they were very small ones."
28,23,Ses05F_script03_2_F,neutral,"Well, it seems silly to go on and on in such a thing."
28,24,Ses05F_script03_2_M,neutral,You can hardly call three liqueur glasses of brandy in a whole evening going on and on.
28,25,Ses05F_script03_2_F,neutral,It's becoming a habit with you.
28,26,Ses05F_script03_2_M,anger,You needn't be so grand simply because you don't happen to want any at the moment.
28,27,Ses05F_script03_2_F,neutral,Don't be so stupid.
28,28,Ses05F_script03_2_M,anger,"Really, Amanda."
28,29,Ses05F_script03_2_M,neutral,"Going out somewhere, dear?"
28,30,Ses05F_script03_2_F,neutral,Just making myself fascinating for you.
28,31,Ses05F_script03_2_M,anger,"Oh, that reply has broken my heart."
28,32,Ses05F_script03_2_F,neutral,It's the woman's job to allure the man.  Why don't you watch me for a moment?
28,33,Ses05F_script03_2_M,neutral,"As a matter of fact, that is perfectly true."
28,34,Ses05F_script03_2_F,neutral,"No, it's not."
28,35,Ses05F_script03_2_M,frustration,"Oh, yes it is."
28,36,Ses05F_script03_2_F,neutral,"Oh, Do shut up."
28,37,Ses05F_script03_2_M,anger,It's a pity you didn't take a little more brandy.  It might have made you a little less disagreeable.
28,38,Ses05F_script03_2_F,anger,"Um, It doesn't seem to have worked such wonders with you."
28,39,Ses05F_script03_2_M,neutral,"Well, snap, snap, snap like a little adder."
28,40,Ses05F_script03_2_F,anger,"adder don't snap, they sting."
28,41,Ses05F_script03_2_M,neutral,"Nonsense, they have a little bag of venom behind their fangs and they snap."
28,42,Ses05F_script03_2_F,anger,They sting.
28,43,Ses05F_script03_2_M,anger,They snap.
28,44,Ses05F_script03_2_F,anger,"I don't care if they bark and roll around like hoops, okay."
28,45,Ses05F_script03_2_M,frustration,[BREATHING]
28,46,Ses05F_script03_2_M,anger,Did you see much of Peter Burden after the divorce?
28,47,Ses05F_script03_2_F,neutral,"Yes, I did quite a bit."
28,48,Ses05F_script03_2_M,anger,I suppose you let him kiss you a good deal more then.
28,49,Ses05F_script03_2_F,anger,Mind your own business.
28,50,Ses05F_script03_2_M,anger,"You must have a riotous time, no restraint at all, very enjoyable.  I mean, you never had much anyway."
28,51,Ses05F_script03_2_F,anger,"Oh dear, you really are becoming quite insufferable.  I would imagine it's because you're drunk."
28,52,Ses05F_script03_2_M,neutral,I'm not the least bit drunk.
28,53,Ses05F_script03_2_M,neutral,I think I mentioned once before that I had only three-minute liqueur glasses of brandy the entire evening long.  A child of two could not be drunk on that.
28,54,Ses05F_script03_2_F,neutral,"Oh no, on the contrary, a child of two could get violently drunk on only one glass."
28,55,Ses05F_script03_2_M,neutral,"Oh, very interesting.  How about a child of three or a child of six?  How about a child of nine?"
28,56,Ses05F_script03_2_F,frustration,"Oh, You are so insufferable.  Do you stop."
28,57,Ses05F_script03_2_M,frustration,"Oh, This is very interesting.  We- we might get a splendid debate going about this intemperate tots."
28,58,Ses05F_script03_2_F,anger,"Not very funny, dear, you better have some more brandy."
28,59,Ses05F_script03_2_M,neutral,"Oh, very good idea.  I will."
28,60,Ses05F_script03_2_F,frustration,Ugh.
28,61,Ses05F_script03_2_M,frustration,You better turn that off I think.
28,62,Ses05F_script03_2_F,anger,Why?
28,63,Ses05F_script03_2_M,neutral,It's very late and it will disturb the people upstairs.
28,64,Ses05F_script03_2_F,anger,There aren't any people upstairs; it's a photographer's studio.
28,65,Ses05F_script03_2_M,neutral,"Well, there are people downstairs I suppose."
28,66,Ses05F_script03_2_F,anger,They're away in Tunis.
28,67,Ses05F_script03_2_M,neutral,It is not time of year for Tunis.
28,68,Ses05F_script03_2_F,anger,Turn it on again.
28,69,Ses05F_script03_2_M,neutral,I'll do no such thing.
28,70,Ses05F_script03_2_F,anger,"Fine, if you insist on being completely insolent."
28,71,Ses05F_script03_2_M,anger,Turn it off.  It is driving me mad.
28,72,Ses05F_script03_2_F,anger,"Well, do try to control yourself darling."
28,73,Ses05F_script03_2_M,anger,Turn it off.
28,74,Ses05F_script03_2_F,anger,You really do need to develop uh a clearer head.
28,75,Ses05F_script03_2_M,anger,Turn it off.
28,76,Ses05F_script03_2_F,anger,I- I hate you.
28,77,Ses05F_script03_2_M,anger,Amanda-- Listen- Listen-
28,78,Ses05F_script03_2_F,anger,I hate you.
28,79,Ses05F_script03_2_F,anger,"No, no.  I'm tired of listening to you.  You're boorish and idiotic and completely overbearing."
28,80,Ses05F_script03_2_M,anger,Very music- amusing indeed.
28,81,Ses05F_script03_2_F,anger,"Yeah, very amusing.  Let me go.  I'm getting out of here.  I can't believe I intended to marry you."
28,82,Ses05F_script03_2_M,anger,"You are a vile tempered, loose living, wicked little beast, and I never want to set eyes on you again."
28,83,Ses05F_script03_2_F,anger,"Oh, marry you again?  I must have been insane.  What was I thinking?  I mean, you're completely outrageous."
28,84,Ses05F_script03_2_M,anger,"Shut up, shut up.  I wouldn't marry you again if you came crawling to me on bended knee. You're a mean, evil-minded little vampire and I hope to God I never set eyes on you again."
28,85,Ses05F_script03_2_F,anger,Beast; brute; cad; whore
29,0,Ses02M_impro06_F,neutral,What's going on?
29,1,Ses02M_impro06_M,sadness,Kathy died last night.
29,2,Ses02M_impro06_F,neutral,"Oh my God. Oh my God, I'm so sorry."
29,3,Ses02M_impro06_M,sadness,"yeah, I mean, you know, it was a -"
29,4,Ses02M_impro06_M,sadness,"I guess we saw it coming and she lasted a lot - a lot longer than, uh, they expected but you know, I mean when it actually happens it's just a lot harder."
29,5,Ses02M_impro06_F,sadness,"It doesn't make any easier, yes."
29,6,Ses02M_impro06_M,sadness,"I mean at least she was home, she wasn't in the hospital anymore,"
29,7,Ses02M_impro06_F,sadness,"Oh, man. I'm so sorry."
29,8,Ses02M_impro06_M,sadness,"She was with- yeah  She was with Gary, and he said that she was just sitting there and went to sleep, closed her eyes, and that was it."
29,9,Ses02M_impro06_F,sadness,"It's going to be so rough, I'm sorry."
29,10,Ses02M_impro06_M,sadness,"Yes. I mean, it's not as rough on me as it is on him but"
29,11,Ses02M_impro06_M,sadness,"God, it's you know, we've spent so much time with them it's just really surreal, really weird that we're not going to be able to see her anymore and go"
29,12,Ses02M_impro06_F,sadness,Yeah.
29,13,Ses02M_impro06_M,sadness,"out to- out to dinner you know and do the troops to California, I mean."
29,14,Ses02M_impro06_F,sadness,Totally.
29,15,Ses02M_impro06_M,sadness,"It's just that- I don't know, it's sort it's sort- of a weird thing you know"
29,16,Ses02M_impro06_F,sadness,Yeah
29,17,Ses02M_impro06_M,sadness,"not being able to see anyone again, who knows where they really went, you know. I mean, I guess we can just hope that wherever they are now if it's anywhere that it's better I mean."
29,18,Ses02M_impro06_F,sadness,"Yes. Well, at least you have a lot of good memories."
29,19,Ses02M_impro06_M,sadness,She was [garbage]
29,20,Ses02M_impro06_F,sadness,"She really cared about you, you know."
29,21,Ses02M_impro06_M,sadness,"Yes, I mean she cared about all of us. She was great"
29,22,Ses02M_impro06_M,sadness,so loving everybody you know.
29,23,Ses02M_impro06_F,sadness,And she was
29,24,Ses02M_impro06_M,sadness,"Gosh, I just hate I just hate to see her go."
29,25,Ses02M_impro06_F,sadness,Yeah.
29,26,Ses02M_impro06_M,sadness,We were all going take a trip to Europe you know.
29,27,Ses02M_impro06_F,sadness,Even if you still do she'll- she'll be there.
29,28,Ses02M_impro06_M,sadness,Yes.  [BREATHING] God.
29,29,Ses02M_impro06_F,sadness,Are you going to be okay?
29,30,Ses02M_impro06_M,sadness,"I just -- I just don't get it, like there is just nothing you can do about it you know, it's like just out of your control and it"
29,31,Ses02M_impro06_M,sadness,"just makes it that much harder to deal 'cause as much as you want to, you know, make her better, see her not in any pain, it's like, just I don't know, just has a mind of its own."
29,32,Ses02M_impro06_M,sadness,Then she's gone.
29,33,Ses02M_impro06_F,sadness,"It's going to be okay, I promise."
29,34,Ses02M_impro06_M,sadness,"Well, you know I appreciate you coming over and talking to me, I mean it definitely helps"
29,35,Ses02M_impro06_F,sadness,Sure
29,36,Ses02M_impro06_M,sadness,to talk to somebody but
29,37,Ses02M_impro06_F,sadness,you shouldn't be alone
29,38,Ses02M_impro06_M,sadness,"It's just going to take a while, I think."
29,39,Ses02M_impro06_F,sadness,Yes.
29,40,Ses02M_impro06_M,sadness,Ah.
29,41,Ses02M_impro06_M,sadness,Thank you.
29,42,Ses02M_impro06_F,sadness,Yes.
30,0,Ses04F_script01_3_F,neutral,You're the only one I know who loves his parents.
30,1,Ses04F_script01_3_M,neutral,I know it went out of style didn't it?
30,2,Ses04F_script01_3_F,neutral,It's okay.  It's a good thing.
30,3,Ses04F_script01_3_F,neutral,You know it's lovely here.  The air is sweet.
30,4,Ses04F_script01_3_M,neutral,You're not sorry you came.
30,5,Ses04F_script01_3_F,neutral,"Not sorry, no but I'm not staying."
30,6,Ses04F_script01_3_M,neutral,Why?
30,7,Ses04F_script01_3_F,neutral,"In the first place, your mother as much as told me to go."
30,8,Ses04F_script01_3_M,neutral,Well.
30,9,Ses04F_script01_3_F,neutral,You saw that and you- you've been kind of-
30,10,Ses04F_script01_3_M,anger,What?
30,11,Ses04F_script01_3_F,neutral,Well kind of embarrassed ever since I got here.
30,12,Ses04F_script01_3_M,neutral,The trouble is I planned on sneaking up on you over a period of a week or so but they take it for granted that we're all set.
30,13,Ses04F_script01_3_F,neutral,"I knew they would, your mother anyway."
30,14,Ses04F_script01_3_M,neutral,How did you know?
30,15,Ses04F_script01_3_F,neutral,From her point of view why else would I come?
30,16,Ses04F_script01_3_M,neutral,Wouldn't you want to?
30,17,Ses04F_script01_3_M,neutral,I guess you know this is why I asked you to come.
30,18,Ses04F_script01_3_F,happiness,I guess this is why I came.
30,19,Ses04F_script01_3_M,happiness,"Ann, I love you.  I love you a great deal.  I love you."
30,20,Ses04F_script01_3_M,happiness,I have no imagination that's all I know to tell you.
30,21,Ses04F_script01_3_M,happiness,I'm embarrassing you.  I didn't want to tell it to you here.  I
30,22,Ses04F_script01_3_M,neutral,"wanted some place we'd never been, a place where we'd be brand new to each other."
30,23,Ses04F_script01_3_M,neutral,"You think this is wrong, this chair, this yard.  I want you to be ready for me.  I don't want to win you away from anything."
30,24,Ses04F_script01_3_F,happiness,"Chris, I've been ready a long, long time."
30,25,Ses04F_script01_3_M,neutral,And he's gone forever.  You're sure?
30,26,Ses04F_script01_3_F,neutral,I almost got married two years ago.
30,27,Ses04F_script01_3_M,neutral,Why didn't you?
30,28,Ses04F_script01_3_F,happiness,You started to write me.
30,29,Ses04F_script01_3_M,neutral,You felt something that far back?
30,30,Ses04F_script01_3_F,happiness,Every day since.
30,31,Ses04F_script01_3_M,neutral,"Ann, why didn't you let me know?"
30,32,Ses04F_script01_3_F,happiness,"I was waiting for you, Chris.  Till then you never wrote and then when you did what did you say.  I mean you sure can be ambiguous you know."
30,33,Ses04F_script01_3_M,happiness,"Give me a kiss, Ann.  Give me a-God I kissed you."
30,34,Ses04F_script01_3_M,happiness,"I kissed Annie.  How long, how long I've been waiting to kiss you."
30,35,Ses04F_script01_3_F,happiness,I'll never forgive you.  Why did you wait all these years?  All I've done is sit and wonder if I was crazy for thinking of you.
30,36,Ses04F_script01_3_M,happiness,"Annie, we're going to live now.  I'm going to make you so happy."
30,37,Ses04F_script01_3_F,neutral,Not like that you're not.
30,38,Ses04F_script01_3_M,neutral,I kissed you.
30,39,Ses04F_script01_3_F,neutral,"Like Larry's brother.  Do it like you, Chris."
30,40,Ses04F_script01_3_F,neutral,What is it Chris?
30,41,Ses04F_script01_3_M,neutral,Let's drive some place.  I want to be alone with you.
30,42,Ses04F_script01_3_F,neutral,"No.  What is it Chris, your mother?"
30,43,Ses04F_script01_3_M,sadness,"No, nothing like that."
30,44,Ses04F_script01_3_F,neutral,Well then what's wrong?  Even in your letters there was something ashamed.
30,45,Ses04F_script01_3_M,sadness,Yes.  I suppose I have been but it's going from me.
30,46,Ses04F_script01_3_F,neutral,You've got to tell me.
30,47,Ses04F_script01_3_M,frustration,I don't know where to start.
30,48,Ses04F_script01_3_F,neutral,It wouldn't work this way.
30,49,Ses04F_script01_3_M,sadness,There's so many things mixed up.
30,50,Ses04F_script01_3_M,sadness,You remember overseas I was in command of a company?
30,51,Ses04F_script01_3_F,neutral,"Yeah, sure."
30,52,Ses04F_script01_3_M,sadness,Well I lost them.
30,53,Ses04F_script01_3_F,sadness,How many?
30,54,Ses04F_script01_3_M,sadness,Just about all.
30,55,Ses04F_script01_3_F,neutral,"Oh, gees."
30,56,Ses04F_script01_3_M,sadness,It takes a lot of time to toss that off because they weren't just men.
30,57,Ses04F_script01_3_M,sadness,"For instance, one time it had been raining several days and this kid came to me and gave me his last pair of dry socks."
30,58,Ses04F_script01_3_M,sadness,I put them in my pocket. that's only a little thing but these are the kind of guys I had.
30,59,Ses04F_script01_3_M,sadness,They didn't die.  They killed themselves for each other.  I mean that exactly.  A little more selfish and they'd have been here today.
30,60,Ses04F_script01_3_M,sadness,"And I got this idea watching them go down.  Everything was being destroyed see, but it seemed to me that there was one new thing that was made"
30,61,Ses04F_script01_3_M,sadness,a sort of responsibility man for man.  You understand me?
30,62,Ses04F_script01_3_M,sadness,And then I came home and it was amazing.
30,63,Ses04F_script01_3_M,neutral,There was no meaning in it here.
30,64,Ses04F_script01_3_M,neutral,The whole thing to them was sort of a bus accident. Then I went to work with father and that whole rat race again.
30,65,Ses04F_script01_3_M,sadness,"I felt, what you said, ashamed somehow"
30,66,Ses04F_script01_3_M,sadness,because nobody was changed at all.  It seemed to make suckers out of a lot of guys.
30,67,Ses04F_script01_3_M,sadness,"I felt wrong to be alive, to open the new bank book, to drive the new car, to see the new refrigerator."
30,68,Ses04F_script01_3_M,neutral,I mean you can take those things out of war but
30,69,Ses04F_script01_3_M,sadness,"when you drive the new car, you have to know that it came out of the love a man can have for a man.  You've got to be a little better because of that."
30,70,Ses04F_script01_3_M,sadness,Otherwise what you have is really just loot and there's blood on it.  I didn't want to take any of it.
30,71,Ses04F_script01_3_M,sadness,I guess that included you.
30,72,Ses04F_script01_3_F,neutral,And do you still feel that way?
30,73,Ses04F_script01_3_M,neutral,"I want you now, Annie."
30,74,Ses04F_script01_3_F,neutral,"Because you mustn't feel that way anymore because you have a right to whatever you have, Chris, do you understand, everything"
30,75,Ses04F_script01_3_F,neutral,that includes me.  And your money there's nothing wrong in your money.  Your father put hundreds of planes in the air.
30,76,Ses04F_script01_3_F,neutral,You should be proud.  A man should be paid for that.
30,77,Ses04F_script01_3_M,happiness,"Annie, Annie I'm going to make a fortune for you."
30,78,Ses04F_script01_3_F,happiness,What'll I do with a fortune?
31,0,Ses03F_impro07_M,neutral,"Hey, Isabella."
31,1,Ses03F_impro07_F,neutral,"Hey, how's it going, Joe?"
31,2,Ses03F_impro07_M,neutral,I'm all right.
31,3,Ses03F_impro07_F,happiness,"Uh-, So I got some good news."
31,4,Ses03F_impro07_M,neutral,Yeah?
31,5,Ses03F_impro07_F,neutral,Yep.
31,6,Ses03F_impro07_M,neutral,You're not pregnant or anything.
31,7,Ses03F_impro07_F,neutral,Pregnant? What are you talking about? No.
31,8,Ses03F_impro07_M,neutral,"I know you've been trying to have a baby, right?"
31,9,Ses03F_impro07_F,happiness,I have some better news than that.
31,10,Ses03F_impro07_M,neutral,"Oh, really?"
31,11,Ses03F_impro07_F,happiness,"Yes, What would you want more than anything in this world?"
31,12,Ses03F_impro07_M,neutral,A chocolate cake?
31,13,Ses03F_impro07_F,neutral,How about maybe for me to possibly stay in L.A.?
31,14,Ses03F_impro07_M,neutral,"Oh, wow. You got in?"
31,15,Ses03F_impro07_M,neutral,Which one?
31,16,Ses03F_impro07_F,neutral,"I got--U.S.C.. I got- Yeah, I got the acceptance letter."
31,17,Ses03F_impro07_M,neutral,oh really?
31,18,Ses03F_impro07_M,neutral,You got in? Wow.
31,19,Ses03F_impro07_F,neutral,"Yes, me, I got in. Thank you very much."
31,20,Ses03F_impro07_M,neutral,Good for you.
31,21,Ses03F_impro07_F,neutral,"Yeah, I know, my mom called me. I was with my girlfriend in Boston, and uh- she got the letter and she called me, she said I don't know, do you want me to open it? And I was like yes, open it. And she opened it and she goes oh, I'm sorry, Nat."
31,22,Ses03F_impro07_F,neutral,"And I was like what? She's like, you know, you didn't get in. Totally plays it off. Like I didn't get in. And I'm like, I start almost crying."
31,23,Ses03F_impro07_M,neutral,"Uh-huh, uh-huh."
31,24,Ses03F_impro07_F,neutral,"And my mom was like Natalie, Natalie, it's [GARBAGE], you know-"
31,25,Ses03F_impro07_M,neutral,oh yeah.
31,26,Ses03F_impro07_F,happiness,"and so, I mean, I got in."
31,27,Ses03F_impro07_M,neutral,"Oh, Jesus. That is so amazing."
31,28,Ses03F_impro07_F,happiness,So now I can stay here and now we can party. I know.
31,29,Ses03F_impro07_M,neutral,Party. You want to get drunk tonight?
31,30,Ses03F_impro07_F,neutral,"Yeah, why not."
31,31,Ses03F_impro07_M,neutral,"Yeah, we're going to celebrate."
31,32,Ses03F_impro07_F,neutral,"We're not twenty one yet, but whatever."
31,33,Ses03F_impro07_M,neutral,"Yeah, I'm only eighteen so it's--go get drunk."
31,34,Ses03F_impro07_F,neutral,"[LAUGHTER]. I'm so excited, Joe. Oh, man, I-- And I got in--I got into the school of theatre, so it's like-"
31,35,Ses03F_impro07_M,neutral,Shit. That's-
31,36,Ses03F_impro07_M,neutral,"Oh, my God. That's--I heard it's top five-- --in the Grauman scale or something."
31,37,Ses03F_impro07_F,happiness,Yeah. It's really cool.
31,38,Ses03F_impro07_F,neutral,Yeah.
31,39,Ses03F_impro07_F,happiness,Top five in the nation.
31,40,Ses03F_impro07_M,neutral,Who-whooooo. Miss Acti- Acting Pants.
31,41,Ses03F_impro07_F,neutral,"Acting Pants? So what are you going to do? Are you--you're be--you're going to stay here, right?"
31,42,Ses03F_impro07_M,neutral,Acti- acting pants.
31,43,Ses03F_impro07_M,neutral,I got into film school at the Art Academy.
31,44,Ses03F_impro07_F,neutral,Awesome. We're both going to be in L.A.
31,45,Ses03F_impro07_M,neutral,Uh-huh.
31,46,Ses03F_impro07_M,neutral,So I'm going to be--yeah. I'm going to make films; you're going to be in them.
31,47,Ses03F_impro07_F,neutral,"I'm so excited. Yeah, I thought I was going to go to Boston, but then--"
31,48,Ses03F_impro07_M,neutral,Fuck Boston.
31,49,Ses03F_impro07_F,happiness,"Oh man, I'm so excited. So much to do."
31,50,Ses03F_impro07_M,neutral,Boston smells bad. L.A. is so much cooler.
31,51,Ses03F_impro07_F,neutral,"There's so much culture here, you know? It's just like-- --all great restaurants and-"
31,52,Ses03F_impro07_M,neutral,Yeah.
31,53,Ses03F_impro07_F,happiness,I'm just so excited to start my life.
31,54,Ses03F_impro07_M,neutral,We should uh- go to Little Ethiopia.
31,55,Ses03F_impro07_F,neutral,"Oh, and you sit down and you have the sponge bread-- --and eat the--drink the beer. Ugh, I love that stuff. I'm so excited."
31,56,Ses03F_impro07_M,neutral,Yeah.
31,57,Ses03F_impro07_F,neutral,Are you going to come stay in my dorm with me sometime?
31,58,Ses03F_impro07_M,neutral,"Hell, yeah. Pass out."
31,59,Ses03F_impro07_F,neutral,Yeah. I'll get like one of those little--
31,60,Ses03F_impro07_F,neutral,Yeah. Those little-- --mattresses. I'll put it by my bed.
31,61,Ses03F_impro07_M,neutral,-drunk.
31,62,Ses03F_impro07_M,neutral,"No, I'll sleep in your bed. Cuddle up."
31,63,Ses03F_impro07_F,neutral,"Oh, I don't think so. Hmm-mm. No."
31,64,Ses03F_impro07_M,neutral,Uh-oh.
31,65,Ses03F_impro07_F,neutral,That's going to--that'll be reserved for somebody else.
31,66,Ses03F_impro07_M,neutral,"Oh, hey. Freshman slut. That's you gona need."
31,67,Ses03F_impro07_F,happiness,[LAUGHTER] Hello? I am not.
31,68,Ses03F_impro07_M,neutral,"That's what you got to be though, freshman year."
31,69,Ses03F_impro07_F,neutral,"No, I don't. I'm not like that."
31,70,Ses03F_impro07_M,neutral,Yeah.
31,71,Ses03F_impro07_M,neutral,"Well, get used to it."
31,72,Ses03F_impro07_F,happiness,"[LAUGHTER]. No, you'd get used to it."
31,73,Ses03F_impro07_M,happiness,"Hey, I'm already getting used to it."
31,74,Ses03F_impro07_F,happiness,"[LAUGHTER]. Oh, Joe, I'm so happy."
31,75,Ses03F_impro07_M,happiness,"Me too, Isabella."
32,0,Ses05F_impro08_F,neutral,"Hi, sir.  How can I help you?"
32,1,Ses05F_impro08_M,frustration,"Oh, thank God.  Do you know how long I've been on the phone for half an hour trying to talk to a freaking human being."
32,2,Ses05F_impro08_M,frustration,"All I want to do is put my, pay for my freaking credit card, and there's something wrong in my bill, Like I swear, it says I didn't paid last month, but I know I paid last month."
32,3,Ses05F_impro08_F,neutral,Okay.
32,4,Ses05F_impro08_M,frustration,"I put- I've been typing my number in millions of times, it won't listen to me, it's not working, and I can't get a single human being, and finally-"
32,5,Ses05F_impro08_M,neutral,"you are a real human being.  Thank you very, very much."
32,6,Ses05F_impro08_F,neutral,"[LAUGHTER] All right.  I'm sorry, sir that you've been having a hard time."
32,7,Ses05F_impro08_M,anger,"This is ridiculous.  I- I seriously, I don't understand why you think these automated systems are supposed to like work for anybody.  They have never, ever work for me."
32,8,Ses05F_impro08_F,neutral,"I kwon, it is ridiculous"
32,9,Ses05F_impro08_F,neutral,"yeah, I understand."
32,10,Ses05F_impro08_M,anger,"Can you like talk to somebody about this, can you like can you tell them that this is ridiculous and can they change it from now on, is there a phone number you have that I can call that will like automatically be talking to somebody a human being."
32,11,Ses05F_impro08_F,neutral,Uh- when's when's-
32,12,Ses05F_impro08_F,frustration,Sir-
32,13,Ses05F_impro08_F,neutral,"If yeah, well if you just slow down we'll um, we'll definitely have your problem solved and after we have your problem solved, then I can transfer you to a manager, someone who can you know, you can voice your complaint to, who will be able to something about it."
32,14,Ses05F_impro08_M,frustration,"Well, okay ,well First off, fine, fine, fine.  Let's see, first off, um- yeah my bill's wrong."
32,15,Ses05F_impro08_M,anger,"Like I know I paid last month, but it hasn't been paid and you charged me a late fee."
32,16,Ses05F_impro08_F,neutral,"Okay, so where?, okay, all right, so where did you uh- locate your your bill?"
32,17,Ses05F_impro08_M,frustration,I got it in the mail.
32,18,Ses05F_impro08_F,neutral,In the mail?
32,19,Ses05F_impro08_M,frustration,yeah
32,20,Ses05F_impro08_F,neutral,"So is it, is- is it at all possible that maybe this statement is just old and that the transaction hadn't been processed yet?"
32,21,Ses05F_impro08_M,frustration,"Well, when I look online, it says, it says that I was charged a late fee so I'm assuming that I paid on your web site-"
32,22,Ses05F_impro08_F,neutral,Okay.
32,23,Ses05F_impro08_M,frustration,"like I paid right through your own company before my due date but it's still and it even shows my payment there, and then it charged me the late fee afterwards."
32,24,Ses05F_impro08_F,neutral,Okay.
32,25,Ses05F_impro08_F,neutral,All right. I-
32,26,Ses05F_impro08_F,neutral,"Okay so, I'll just look it up and you know see what's going on, maybe we can..."
32,27,Ses05F_impro08_M,frustration,Okay.
32,28,Ses05F_impro08_F,neutral,if I call it up on the screen.
32,29,Ses05F_impro08_M,neutral,"Okay, great, go ahead."
32,30,Ses05F_impro08_F,neutral,"So in the database, it looks as though um, there is a there is like a glitch in the transaction where it hadn't gone through before, but I do see that you paid the, what can you tell me the amount, what was the amount?"
32,31,Ses05F_impro08_M,frustration,It was one ninety eight sixty three. I paid the minimum.
32,32,Ses05F_impro08_F,neutral,"Okay, I do see that on here, and it says that um, it had some trouble clearing for some reason.  And I think that was the problem on our end.  So um-"
32,33,Ses05F_impro08_M,neutral,Wow.  I can't believe you're actually admitting to having a problem on your end.  That's a first.
32,34,Ses05F_impro08_F,neutral,"Well you know sometimes-- just with online transactions, things happens. so um-"
32,35,Ses05F_impro08_M,neutral,"No, No, No, I am grateful."
32,36,Ses05F_impro08_M,neutral,Absolutely.
32,37,Ses05F_impro08_F,neutral,"Yeah, we- Somebody went in and- and cleared the problem and it looks like you're all paid."
32,38,Ses05F_impro08_M,neutral,Did they take-
32,39,Ses05F_impro08_F,neutral,"You do the direct the direct it um- it's taking right out of your bank account, correct?"
32,40,Ses05F_impro08_M,neutral,"Yes, yes, exactly."
32,41,Ses05F_impro08_F,neutral,Yeah so- That --that did go through.
32,42,Ses05F_impro08_M,neutral,Are you taking the late fee off of my account then?
32,43,Ses05F_impro08_F,neutral,"Um- I can try to do that for you, certainly."
32,44,Ses05F_impro08_M,frustration,Because I paid it on time.
32,45,Ses05F_impro08_F,neutral,"Right, right, and since--yeah, since it was just a computer glitch, then that's that should be cleared up as well.  So I'm going to go ahead and try and put that into the computer.  And if for some reason you notice on your statement in a few days that you've been charged and an overdue fee, then you should just call back and we'll have that."
32,46,Ses05F_impro08_M,neutral,Right.
32,47,Ses05F_impro08_M,frustration,"Yeah, but if I call back, I'll have to go through this whole rigmarole again. and try to get a hole or someone."
32,48,Ses05F_impro08_F,neutral,Well I'll give you my direct line and my number so you can- you can  get directly to me.
32,49,Ses05F_impro08_M,neutral,Really?
32,50,Ses05F_impro08_F,neutral,yeah.
32,51,Ses05F_impro08_M,happiness,"That would be wonderful, that would be great seriously."
32,52,Ses05F_impro08_F,neutral,No problem.
32,53,Ses05F_impro08_M,happiness,"thank you, what's the number?"
32,54,Ses05F_impro08_F,neutral,ahh one eight hundred three two three
32,55,Ses05F_impro08_M,neutral,three two three
32,56,Ses05F_impro08_F,neutral,six four nine four
32,57,Ses05F_impro08_M,happiness,"six four nine four. That would be so great, thank you so much."
32,58,Ses05F_impro08_F,neutral,"Yep, So--"
32,59,Ses05F_impro08_F,neutral,You're welcome
32,60,Ses05F_impro08_M,neutral,oh.
32,61,Ses05F_impro08_F,neutral,I'm sorry that it was an inconvenience.
32,62,Ses05F_impro08_M,happiness,"It was horrible, but you've made it much better, thank you very much. Absolutely"
32,63,Ses05F_impro08_F,neutral,I am glad.
32,64,Ses05F_impro08_F,neutral,Have a good day.
32,65,Ses05F_impro08_M,happiness,"You too, thank you so much, have a wonderful day."
32,66,Ses05F_impro08_F,neutral,bye bye
32,67,Ses05F_impro08_M,neutral,bye
33,0,Ses02M_script01_3_F,neutral,You're the only one I know who loves his parents.
33,1,Ses02M_script01_3_M,happiness,"I know, it went out of style, didn't it?"
33,2,Ses02M_script01_3_F,happiness,It's all right.  It's a good thing.
33,3,Ses02M_script01_3_F,happiness,"You know, it's lovely here, the air is sweet."
33,4,Ses02M_script01_3_M,neutral,You're not sorry you came?
33,5,Ses02M_script01_3_F,happiness,"No, not sorry.  But, um. But I'm not gonna stay."
33,6,Ses02M_script01_3_M,neutral,Why?
33,7,Ses02M_script01_3_F,neutral,"For one thing, your mother as much as told me to go."
33,8,Ses02M_script01_3_M,neutral,Oh.
33,9,Ses02M_script01_3_F,neutral,"You saw that.  I mean and then, well, you've been kind of, um--"
33,10,Ses02M_script01_3_M,neutral,What?
33,11,Ses02M_script01_3_F,neutral,"Well, kind of embarrassed ever since I got here."
33,12,Ses02M_script01_3_M,frustration,"The trouble is, I planned on sort of sneaking up on you on a period of a week or so.  But they take it for granted that we're all set."
33,13,Ses02M_script01_3_F,happiness,"I knew they would, your mother anyway."
33,14,Ses02M_script01_3_M,neutral,How'd you know?
33,15,Ses02M_script01_3_F,neutral,"Well, from her point of view, why else would I come?"
33,16,Ses02M_script01_3_M,neutral,"Oh.  Would you want to?  I guess you know, this is why I asked you to come."
33,17,Ses02M_script01_3_F,happiness,I guess this is why I came.
33,18,Ses02M_script01_3_M,neutral,"Ann, I love you.  I love you a great deal.  I love you."
33,19,Ses02M_script01_3_M,neutral,I have no imagination.  That's all I know to tell you.
33,20,Ses02M_script01_3_M,neutral,I'm embarrassing you and I didn't want to tell it to you here.  I wanted some place we'd never been before.  A place where we'd be brand new to each other.
33,21,Ses02M_script01_3_M,neutral,"You feel wrong here, don't you?  This yard, this chair.  I want you to be ready for me.  I don't want to have to win you away from anything."
33,22,Ses02M_script01_3_F,neutral,"Oh, Chris, I've been ready for a long, long time."
33,23,Ses02M_script01_3_M,neutral,And he's gone forever.  You're sure?
33,24,Ses02M_script01_3_F,neutral,I almost got married two years ago.
33,25,Ses02M_script01_3_M,neutral,Why didn't you?
33,26,Ses02M_script01_3_F,happiness,"Well, you started to write me"
33,27,Ses02M_script01_3_M,neutral,You felt something that far back?
33,28,Ses02M_script01_3_F,happiness,Every day since.
33,29,Ses02M_script01_3_M,neutral,"Ann, why didn't you let me know?"
33,30,Ses02M_script01_3_F,neutral,"Well, I was waiting for you.  I mean, till then you never wrote and when you did, what did you say?  I mean, you can sure be ambiguous sometimes, you know?"
33,31,Ses02M_script01_3_M,neutral,"Give me a kiss, Anne.  Give me a-"
33,32,Ses02M_script01_3_M,neutral,"God, I kissed Annie.  How long--how long I've been waiting to kiss you."
33,33,Ses02M_script01_3_F,neutral,"I'll never forgive you.  Why did you wait all these years?  I mean, all I did was sit and wonder if I was crazy for thinking of you."
33,34,Ses02M_script01_3_M,neutral,"Oh, Annie, we're gonna live now.  I'm gonna make you so happy."
33,35,Ses02M_script01_3_F,neutral,Not like that you're not.
33,36,Ses02M_script01_3_M,neutral,I kissed you.
33,37,Ses02M_script01_3_F,neutral,"Like Larry's brother.  Do it like you, Chris.  What is it?"
33,38,Ses02M_script01_3_M,sadness,Let's drive someplace.  I want to be alone with you.
33,39,Ses02M_script01_3_F,neutral,"No.  What is it, Chris. Your mother?"
33,40,Ses02M_script01_3_M,sadness,No.  Nothing like that.
33,41,Ses02M_script01_3_F,sadness,"Well, what's wrong?  I mean, even in your letters there was some--something ashamed."
33,42,Ses02M_script01_3_M,sadness,"Yeah, I suppose I have been.  But it's going from me."
33,43,Ses02M_script01_3_F,neutral,You've gotta tell me.
33,44,Ses02M_script01_3_M,neutral,I don't know how to start.
33,45,Ses02M_script01_3_F,sadness,It wouldn't work this way.
33,46,Ses02M_script01_3_M,neutral,"It's all mixed up with so many other things.  You remember overseas, I was in charge of a company?"
33,47,Ses02M_script01_3_F,neutral,"Yeah, sure."
33,48,Ses02M_script01_3_M,sadness,"Well, I lost them."
33,49,Ses02M_script01_3_F,neutral,How many?
33,50,Ses02M_script01_3_M,sadness,Just about all.
33,51,Ses02M_script01_3_F,neutral,gee.
33,52,Ses02M_script01_3_M,sadness,It takes some time for a guy to toss that off.  'Cause they weren't just men.
33,53,Ses02M_script01_3_M,sadness,"For instance, this one time, it had been raining several days and this kid came to me and gave me his last pair of dry socks.  I put them in pocket.  It's only a little thing, but those are the kind of guys I had."
33,54,Ses02M_script01_3_M,sadness,"They didn't die, they killed themselves for each other.  I mean that exactly.  I mean, a little more selfish and they'd have been here today."
33,55,Ses02M_script01_3_M,sadness,"I got this idea watching 'em go down.  Everything was being destroyed, see, but it seemed that one new thing was made.  A sort of responsibility.  Man for man. You know what I mean?"
33,56,Ses02M_script01_3_M,sadness,"To show that, to bring that onto the Earth again, like some kind of monument and everyone can feel it standing behind him and it would make a difference to him."
33,57,Ses02M_script01_3_M,sadness,"Then I came back and it was incredible.  There was no meaning in it here. I mean, the whole thing to them seemed like it's sort of a bus accident.  I went to work with Dad and that rat race again."
33,58,Ses02M_script01_3_M,sadness,"And I felt what you said, ashamed somehow 'cause nobody had changed at all.  It seemed to make suckers out of a lot of guys.  I felt wrong to be alive to open the new bank book, drive the new car, see the new refrigerator."
33,59,Ses02M_script01_3_M,sadness,"I mean, you can take those things out of a war, but when you drive that car, you've gotta realize that it came out of the love a man can have for a man.  You've gotta be a little better because of it."
33,60,Ses02M_script01_3_M,sadness,Otherwise all you have is really loot and there's blood on it.  And I didn't want to take any of that.  And I guess that included you.
33,61,Ses02M_script01_3_F,sadness,Do you still feel that way?
33,62,Ses02M_script01_3_M,neutral,I want you now Annie.
33,63,Ses02M_script01_3_F,sadness,"'Cause you mustn't feel that way.  Because you have a right to everything you have, Chris.  Everything, you understand that?  Me too."
33,64,Ses02M_script01_3_F,sadness,"I mean, and your money, there's- there's nothing wrong with your money.  I mean, your father put hundreds of planes in the air.  A man should be paid for that."
33,65,Ses02M_script01_3_M,neutral,I know Annie.  I'm gonna make a fortune for you.
33,66,Ses02M_script01_3_F,happiness,What'll I do with a fortune?
34,0,Ses05M_script03_1_M,neutral,Oh Good God.
34,1,Ses05M_script03_1_F,neutral,Do you think it's them?
34,2,Ses05M_script03_1_M,neutral,I wonder.
34,3,Ses05M_script03_1_F,neutral,"what, Nobody knows we are here except Freda and she wouldn't ring up."
34,4,Ses05M_script03_1_M,neutral,Must be them then?
34,5,Ses05M_script03_1_F,neutral,What do we do?
34,6,Ses05M_script03_1_M,neutral,"We're all right, aren't we, darling, whatever happens?"
34,7,Ses05M_script03_1_F,neutral,"Now and always, my sweet."
34,8,Ses05M_script03_1_M,neutral,I don't care then.
34,9,Ses05M_script03_1_F,neutral,It was bound to happen sooner or later.
34,10,Ses05M_script03_1_M,neutral,Hello?  Hello?  What?  Wrong number.
34,11,Ses05M_script03_1_F,neutral,"Oh, it sent shivers up my spine."
34,12,Ses05M_script03_1_M,neutral,"Oh, what shall we do if they suddenly walk in on us."
34,13,Ses05M_script03_1_F,neutral,Behave exquisitely.
34,14,Ses05M_script03_1_M,neutral,With the worst- with the most perfect poise?
34,15,Ses05M_script03_1_F,neutral,I shall probably do a Court Curtsey.
34,16,Ses05M_script03_1_M,neutral,"Uhh, It's amazing how once you feel--"
34,17,Ses05M_script03_1_M,neutral,"things that ought to matter most dreadfully don't matter at all when one's happy, do they?"
34,18,Ses05M_script03_1_F,neutral,What's so horrible is that one can't stay happy.
34,19,Ses05M_script03_1_M,neutral,"Uhh, You mustn't say that, my darling."
34,20,Ses05M_script03_1_F,neutral,"Well, it's true.  The whole business is a very poor joke."
34,21,Ses05M_script03_1_M,neutral,"Being that sacred and wonderful thing, love."
34,22,Ses05M_script03_1_F,neutral,Meaning just that.
34,23,Ses05M_script03_1_M,neutral,"Um What does it all mean?  That's what I ask myself in my endless quest for ultimate truth.  Dear God, what does it all mean?"
34,24,Ses05M_script03_1_F,neutral,Don't laugh at me.  I'm serious.
34,25,Ses05M_script03_1_M,neutral,"You mustn't be serious, darling.  That's just what they want."
34,26,Ses05M_script03_1_F,neutral,Who's they?
34,27,Ses05M_script03_1_M,neutral,"All the futile mortals who try to make life unbearable.  Laugh at them, Be flippant.  Laugh at everything, all their sacred shibboleths."
34,28,Ses05M_script03_1_M,neutral,uh- the- Being flippant brings out the acid in their damned beauty and light.
34,29,Ses05M_script03_1_F,neutral,"If I laugh at everything, then I must laugh at us too."
34,30,Ses05M_script03_1_M,neutral,Certainly you must.  We are figures of fun all right.
34,31,Ses05M_script03_1_F,neutral,"Oh, how long will it last, this ludicrous, overbearing love of ours?"
34,32,Ses05M_script03_1_M,neutral,[garbage] who knows?
34,33,Ses05M_script03_1_F,neutral,"Well, will we always bicker and fight?"
34,34,Ses05M_script03_1_M,neutral,No.  That fire will fade along with our passion.
34,35,Ses05M_script03_1_F,neutral,"Oh, dear.  Shall we like that?"
34,36,Ses05M_script03_1_M,neutral,"Well, it depends on how well we played."
34,37,Ses05M_script03_1_F,neutral,"What if one of us dies, does the other one laugh then?"
34,38,Ses05M_script03_1_M,neutral,"Yes, yes, with all his might."
34,39,Ses05M_script03_1_F,neutral,"That's rather serious, isn't it?"
34,40,Ses05M_script03_1_M,neutral,"No, no that is quit laughable.  The cutting little mystery all done with mirrors."
34,41,Ses05M_script03_1_F,neutral,"Darling, I do believe you're talking nonsense."
34,42,Ses05M_script03_1_M,neutral,"So is everyone else in the long run.  Let's be superficial and pity the poor philosophers.  Let's blow trumpets and squeakers and enjoy the party as long as we can, like little quiet idiotic school children."
34,43,Ses05M_script03_1_M,neutral,"[garbage] Darling, kiss me before your body rots and worms start popping in and out of your eye sockets."
34,44,Ses05M_script03_1_F,neutral,"Elliott, worms don't pop."
34,45,Ses05M_script03_1_M,neutral,"I don't care what you do.  See, you could paint your body bright green and and run naked through the Place Vendome and run with every man in the world and I shan't say a word.  As long as I know that you love me best."
34,46,Ses05M_script03_1_F,neutral,"Uhh, Thank you, darling.  And the same goes for you, except that if I ever see you so much as look at another woman, I'll kill you."
34,47,Ses05M_script03_1_M,neutral,Do you remember that awful scene we had in Venice?
34,48,Ses05M_script03_1_F,neutral,Which particular one?
34,49,Ses05M_script03_1_M,neutral,The one where you bought that little painted wooden stake and you put it on my bed.
34,50,Ses05M_script03_1_F,neutral,"Awe, Charles.  That was his name.  He did wriggle so beautifully."
34,51,Ses05M_script03_1_M,neutral,Horrible thing.  I hated it.
34,52,Ses05M_script03_1_F,neutral,I know you did.  You threw it out the window into the Canal below.  I don't think I'll ever forgive you for that.
34,53,Ses05M_script03_1_M,neutral,How long did that roue last?
34,54,Ses05M_script03_1_F,neutral,It went on intermittently for days.
34,55,Ses05M_script03_1_M,neutral,"Oh, The worst one was in Cannes when your curling iron burnt a hole in my new dressing gown?"
34,56,Ses05M_script03_1_F,neutral,"Oh, It burnt my comb and all the towels in the bathroom."
34,57,Ses05M_script03_1_M,neutral,"[LAUGHTER] That was quit a rouser, wasn't it?"
34,58,Ses05M_script03_1_F,neutral,That was the first time you hit me.
34,59,Ses05M_script03_1_M,neutral,"Oh, I didn't hit you very hard."
34,60,Ses05M_script03_1_F,neutral,"And then the manager came in and saw us all rolling all over the floor, biting and scratching one another. [LAUGHTER]"
34,61,Ses05M_script03_1_M,neutral,I should never forget his face. [LAUGHTER]
34,62,Ses05M_script03_1_F,neutral,"How ridiculous, utterly ridiculous"
34,63,Ses05M_script03_1_M,neutral,We were very much younger then.
34,64,Ses05M_script03_1_F,neutral,Very much sillier.
34,65,Ses05M_script03_1_M,neutral,"Come to think of it, the real cause of that roues was Peter Burden."
34,66,Ses05M_script03_1_F,neutral,You knew there was nothing in that.
35,0,Ses05F_script01_1_F,sadness,What's he going to say? Maybe we should tell him before he sees it.
35,1,Ses05F_script01_1_M,sadness,He saw it.
35,2,Ses05F_script01_1_F,neutral,How could he see it?  I was the first one up.  He was still in bed.
35,3,Ses05F_script01_1_M,sadness,He was out here when it broke.
35,4,Ses05F_script01_1_F,neutral,When?
35,5,Ses05F_script01_1_M,sadness,"Around Four this morning, and there was a crack and I looked out.  We're standing right there when I cracked."
35,6,Ses05F_script01_1_F,neutral,What was he doing out here at four in the morning?
35,7,Ses05F_script01_1_M,sadness,I don't know.  but When it cracked he ran back into the house and start to cry in the kitchen.
35,8,Ses05F_script01_1_F,sadness,Did you talk to him?
35,9,Ses05F_script01_1_M,sadness,No.  I figured it was best to leave him alone.
35,10,Ses05F_script01_1_F,sadness,He cried hard.
35,11,Ses05F_script01_1_M,sadness,I could hear him right through the floor of my room.
35,12,Ses05F_script01_1_F,sadness,He is thinking about him again.
35,13,Ses05F_script01_1_F,sadness,"It's getting just like after Larry died, he's having dreams, he's walking around at night."
35,14,Ses05F_script01_1_M,sadness,"I guess, he is."
35,15,Ses05F_script01_1_F,sadness,What's the meaning of that?
35,16,Ses05F_script01_1_M,sadness,I don't know the meaning of it.  But I know one thing mom did.  We made a terrible mistake with dad.
35,17,Ses05F_script01_1_F,neutral,What?
35,18,Ses05F_script01_1_M,sadness,Being dishonest with him.  It's the kind of thing that pays off and now it's paying off.
35,19,Ses05F_script01_1_F,neutral,"What do you mean, dishonest?"
35,20,Ses05F_script01_1_M,sadness,"You know that Larry's not coming back, and I know it.  So why do we go on letting him think that we believe with him?"
35,21,Ses05F_script01_1_F,neutral,"What are you going to do, argue with him?"
35,22,Ses05F_script01_1_M,frustration,"No um, I don't want to argue with him, but it's time we realized that nobody else believes that Larry is alive."
35,23,Ses05F_script01_1_M,frustration,"Why shouldn't he dream about him, walk around during the night, looking for him um.  Do we contradict him?  Do we say outright that we don't have any hope anymore, that we haven't had any for years now?"
35,24,Ses05F_script01_1_F,neutral,You can't just say that to him.
35,25,Ses05F_script01_1_M,frustration,We have to say it to him!
35,26,Ses05F_script01_1_F,neutral,"How are you going to prove it, I mean, there's no body and there's no grave.  So what are you going to do? Do you have proof?"
35,27,Ses05F_script01_1_M,anger,"For God's sake, mom, three years.  Nobody comes back after three years!  It's insane!"
35,28,Ses05F_script01_1_F,frustration,"To you it is, and to me, but not to your father.  Now look, you can talk yourself  blue in the face, but there's no body, and there's no grave, so where are you?"
35,29,Ses05F_script01_1_M,frustration,"Sit down, mom.  I want to talk to you."
35,30,Ses05F_script01_1_F,neutral,"The trouble with the god damned newspapers, I mean every week, they do a story about some boy's been gone longer than Larry and he comes back, so the next one is gonna--"
35,31,Ses05F_script01_1_M,frustration,"All right, All right mom.  Listen!"
35,32,Ses05F_script01_1_M,sadness,"You know why I asked Annie here, don't you?"
35,33,Ses05F_script01_1_F,neutral,why?
35,34,Ses05F_script01_1_M,frustration,You know.
35,35,Ses05F_script01_1_F,neutral,Well I got an idea.  But what's the story?
35,36,Ses05F_script01_1_M,neutral,I'm going to ask her to marry me.
35,37,Ses05F_script01_1_F,neutral,"Well that's nobody's business but yours, Chris."
35,38,Ses05F_script01_1_M,frustration,You know that's not just my business.
35,39,Ses05F_script01_1_F,neutral,"What- What am - what are you going to do, I mean you're old enough to make up your own mind?"
35,40,Ses05F_script01_1_M,frustration,So it's all right.  I can go ahead with it then?
35,41,Ses05F_script01_1_F,neutral,Well you're want to make sure your father isn't you know going to--lose them
35,42,Ses05F_script01_1_M,neutral,Then it's not only my business.  Sometimes you infuriate me.  You know that?
35,43,Ses05F_script01_1_M,neutral,"You know that?  Isn't it your business too, if I tell dad, and he gets, throws a fit about it?   you have such a talent for ignoring things!"
35,44,Ses05F_script01_1_F,frustration,I ignore what I got to ignore.  The girl is Larry's girl.
35,45,Ses05F_script01_1_M,neutral,She's not Larry's girl!
35,46,Ses05F_script01_1_F,neutral,"As far as your father is concerned, he's not dead and you've no right to take his girl."
35,47,Ses05F_script01_1_F,frustration,"Now Chris you can go on from there, but I don't know what to do.  I mean do you know what to do, because I don't."
35,48,Ses05F_script01_1_M,frustration,"I don't know why it is.  But every time I reach out for something I want, I have to pull back because other people will suffer.  My whole bloody life, time after time, after time."
35,49,Ses05F_script01_1_F,neutral,"Well you're a considerate fellow, there's nothing wrong with that."
35,50,Ses05F_script01_1_M,anger,To hell with that!
35,51,Ses05F_script01_1_F,neutral,Have you asked Annie yet to marry you?
35,52,Ses05F_script01_1_M,neutral,I want to get this settled first.
35,53,Ses05F_script01_1_F,neutral,"Well how did you know that she will go along with it, I mean maybe she feels the same way as your father?"
35,54,Ses05F_script01_1_M,neutral,"Well, if she does, then that's the end of it, but from her letters it sounds like she's forgotten about it.  I'll find out and then we'll thrash it out with Dad, all right?  Mom, don't avoid me."
35,55,Ses05F_script01_1_F,neutral,"The trouble is you don't see enough women, you never have"
35,56,Ses05F_script01_1_M,frustration,"So what, I'm not fast with women."
35,57,Ses05F_script01_1_F,neutral,Well I just don't see why it has to be Annie.
35,58,Ses05F_script01_1_M,frustration,Because it is.
35,59,Ses05F_script01_1_F,neutral,"well, that's a good reason, but it doesn't answer a thing."
35,60,Ses05F_script01_1_M,frustration,"I can't help it.  I know her best.  I was brought up next door to here, the easiest, when I think of somebody for my wife, I think of Annie.  Do you want a diagram?"
35,61,Ses05F_script01_1_F,frustration,"No, I don't want a diagram, but, Chris, your father thinks Larry's coming back."
35,62,Ses05F_script01_1_F,sadness,"You marry his girl, and you're pronouncing him dead.  Now what's going to happen to your father, do you know?  I don't."
35,63,Ses05F_script01_1_M,frustration,"All right, then, Mom."
35,64,Ses05F_script01_1_F,neutral,Give it some more thought.
35,65,Ses05F_script01_1_M,frustration,"I've given it three years of thought.  And hope by now that he wouldn't.  Can you forget about Larry an-- and we can have a regular wedding and have everybody be happy.  But that can't happen here, I'm set to get out."
35,66,Ses05F_script01_1_F,anger,What the hell is this?
35,67,Ses05F_script01_1_M,frustration,"I'll get out. I'll get married and live some place else.  Maybe, maybe New York?"
35,68,Ses05F_script01_1_F,anger,Are you crazy?
35,69,Ses05F_script01_1_M,neutral,"I've been a good son for too long, a big sucker.  I'm through with it."
35,70,Ses05F_script01_1_F,frustration,Wait a minute.  Tell me this.  Do you mean to say that you would leave the business?
35,71,Ses05F_script01_1_M,anger,The business?  The business?  It doesn't inspire me?
35,72,Ses05F_script01_1_F,neutral,Must you be inspired?
35,73,Ses05F_script01_1_M,neutral,"Yes!  I like it an hour a day.  If I had to grub for money all day long, I like to come home to something beautiful.  I want a family.  I want- I want kids.  I want to build something I can give myself to. and Annie is in the center of that, and now where do I find it?"
35,74,Ses05F_script01_1_F,frustration,"Don't- you, you can't think like that!  Don't think like that!"
35,75,Ses05F_script01_1_M,neutral,Then help me stay here.
35,76,Ses05F_script01_1_F,anger,"All right!  But don't think like that, because I mean, what the hell did we do all this for, Chris?  The whole business it's all for you!  The whole shooting match is for you!"
35,77,Ses05F_script01_1_M,neutral,I know that Mom. I know.  Just you help me stay here.
35,78,Ses05F_script01_1_F,neutral,"All right, but don't think like that."
35,79,Ses05F_script01_1_M,neutral,I am thinking like that.
35,80,Ses05F_script01_1_F,frustration,"I don't understand you, do I?"
35,81,Ses05F_script01_1_M,neutral,No.  You don't.  I'm a pretty tough guy.
35,82,Ses05F_script01_1_F,neutral,"Yeah, I can see that."
36,0,Ses03F_impro08_M,anger,"Hey, you stupid dumb shit machine, give me a fucking operator, huh?"
36,1,Ses03F_impro08_F,neutral,"Hello sir, can I help you?"
36,2,Ses03F_impro08_M,neutral,"Yeah, I've been on the-with the machine for like thirty minutes--"
36,3,Ses03F_impro08_M,neutral,"trying to get an answer, and no one's given me an answer.  So what are you going to do about it?"
36,4,Ses03F_impro08_F,neutral,I [GARBAGE]
36,5,Ses03F_impro08_F,neutral,"Yes, sir, I'm very sorry, but we've had some trouble here.  There's been a lot of calls and the system has-"
36,6,Ses03F_impro08_M,neutral,"Fuck, do you think I have all day?  Jesus"
36,7,Ses03F_impro08_F,neutral,"Sir, please calm down.  There's no reason to use profanity like that.  It's not-"
36,8,Ses03F_impro08_M,frustration,"Fine, sorry.  Okay, my phone's been on the fritz for like three days.  I can't get any incoming calls. What- What is going on?"
36,9,Ses03F_impro08_F,neutral,"Okay, and this is for Verizon? Your provider?"
36,10,Ses03F_impro08_M,neutral,Yeah.
36,11,Ses03F_impro08_F,neutral,"Well, um- we have a little problem with the system going on.  One of our satellites is down, and I-"
36,12,Ses03F_impro08_M,anger,You know what?  I'm just going to- Patient?  I'm a busy man.
36,13,Ses03F_impro08_F,neutral,"You're going to have to just be patient with us, sir, as we"
36,14,Ses03F_impro08_F,neutral,"Well, I know sir, and we all are busy."
36,15,Ses03F_impro08_F,neutral,But I'm going to definitely have to- uh--get your contact information
36,16,Ses03F_impro08_M,anger,"-have to, have to what?"
36,17,Ses03F_impro08_M,anger,What?  It's my phone.  You can't even call me on it. I don't have another phone.
36,18,Ses03F_impro08_F,neutral,"Well, I don't-"
36,19,Ses03F_impro08_F,neutral,"Okay, well, if you would like, um- we will be turning on the systems in probably about ten hours."
36,20,Ses03F_impro08_M,anger,What?  Are you kidding me?
36,21,Ses03F_impro08_F,neutral,"Sir, I'm very sorry, but this is the way it is.  This- We have no control over it.  It's going to take-  -but you have to be patient with us.  You can use a calling card.  We will give you a free calling card to use."
36,22,Ses03F_impro08_M,anger,"Oh, my God."
36,23,Ses03F_impro08_M,anger,I- I'm going to kill myself right now.
36,24,Ses03F_impro08_M,anger,A free calling card?
36,25,Ses03F_impro08_F,neutral,"Do you have a land line, sir?"
36,26,Ses03F_impro08_M,neutral,"No, I don't have a land line."
36,27,Ses03F_impro08_F,neutral,"Okay, well, we will send you- We will reimburse you for the amount of minutes that you-"
36,28,Ses03F_impro08_F,neutral,-on average would use.
36,29,Ses03F_impro08_M,anger,"That's it? Okay, yeah.  What else?"
36,30,Ses03F_impro08_F,neutral,"And we will probably send you a calling card.  I'm very sorry.  You're just going to have to be patient, sir."
36,31,Ses03F_impro08_M,anger,"Okay, I need more than this.  Are you going to give me a little bit more?"
36,32,Ses03F_impro08_F,neutral,"No, we don't just give you things.  We're- we're-"
36,33,Ses03F_impro08_F,neutral,we compensating you for all your-
36,34,Ses03F_impro08_M,frustration,So you take things from me and you expect me just to wait around.
36,35,Ses03F_impro08_F,frustration,"No no, we're not taking anything from you sir.  This is- This is unbeknownst to us.  The problem had just happened."
36,36,Ses03F_impro08_F,frustration,The satellite-is down in your area.
36,37,Ses03F_impro08_M,frustration,"Okay, so you think you're going to-  -get me back some minutes, and that's going to make up for three days of business that I lost?  Okay, great."
36,38,Ses03F_impro08_F,frustration,"No, three days, sir.  It's not three days. It's- It's only been about a day now. Let's not exaggerate."
36,39,Ses03F_impro08_M,frustration,"No, it's been--three days."
36,40,Ses03F_impro08_M,frustration,"Fine, it's been a day.  Okay?"
36,41,Ses03F_impro08_F,neutral,Three days?
36,42,Ses03F_impro08_F,neutral,A day?
36,43,Ses03F_impro08_M,neutral,A day's worth of business.  You know how much I make in a day?
36,44,Ses03F_impro08_F,neutral,"I don't know, sir."
36,45,Ses03F_impro08_M,neutral,About three million dollars.
36,46,Ses03F_impro08_F,neutral,"Oh, well, I'm sorry about that. Umm- We-"
36,47,Ses03F_impro08_M,neutral,"So, you're going to give me back ten dollars worth of minutes--"
36,48,Ses03F_impro08_M,neutral,-to make up the three million dollars.
36,49,Ses03F_impro08_F,neutral,"Well, ten hours worth of minutes--"
36,50,Ses03F_impro08_F,neutral,is what's going to happen.
36,51,Ses03F_impro08_M,neutral,"Ten hours? So, basically, a day's worth of minutes which I pay forty dollars a month from it."
36,52,Ses03F_impro08_M,neutral,Yeah.
36,53,Ses03F_impro08_F,neutral,"Sir,"
36,54,Ses03F_impro08_M,neutral,So you're giving me a dollar back.
36,55,Ses03F_impro08_F,neutral,"what I would like what I'm advising you to do now is just to write down all of your problems that you-you feel that--You know, haven't been addressed, fax it to us-"
36,56,Ses03F_impro08_M,frustration,"Oh, my God."
36,57,Ses03F_impro08_F,neutral,and we will take care of it if anything happens.  But all we can do now is ask for your patience.
36,58,Ses03F_impro08_F,neutral,Okay? Thank you for calling.  Goodbye.
37,0,Ses04F_impro06_M,sadness,"Hey, I'm, uh. I'm really sorry about what happened.  I don't um- I mean what you can you do?  I mean it's-"
37,1,Ses04F_impro06_F,sadness,Thanks.
37,2,Ses04F_impro06_M,sadness,"When I was seven, my- my grandmother died and I really- I don't know, I mean it was really hard to let go but the important thing is- is that you do let go and your realize that, you know, they- you know, they- this person had fun while they were- while they were here and, uh, you know, you work- you work through it."
37,3,Ses04F_impro06_F,sadness,"You know it's just, I just, you know, I mean it just happened.  I just, like- I just keep expecting him to walk in, you know."
37,4,Ses04F_impro06_M,sadness,Mmhmm. Yeah.  Yeah.  I mean it's- it's hard.  It's hard.
37,5,Ses04F_impro06_F,sadness,"I just- I just thought he would have longer, you know, because I'm- I mean when he found out he was sick, we knew that wasn't good but I just- I just thought that it would take longer, you know?"
37,6,Ses04F_impro06_M,sadness,Yeah.
37,7,Ses04F_impro06_M,neutral,"Well I mean, you know, I mean it was I mean with that kind of condition,"
37,8,Ses04F_impro06_F,sadness,Yeah. I know. I know.
37,9,Ses04F_impro06_M,sadness,"you know, it's inevitable  and I mean honestly it's- it's almost like"
37,10,Ses04F_impro06_M,neutral,"you know, you don't- you know, how long do you want the person to go through that, you know."
37,11,Ses04F_impro06_M,neutral,It's sort of- it's almost better off to rest in peace than he is to live in pain.
37,12,Ses04F_impro06_F,sadness,"Yeah, I know. But I'd rather have him here with me, you know. It's just not fair.  I mean he- he didn't get to do like anything. I mean he was-"
37,13,Ses04F_impro06_F,sadness,"He was only twenty four and just so many things that we were going to do, you know, and now he won't get to do them and he won't get to be here when I do.  You know, like I'll get married some day and he won't be there, like, he won't get to see that."
37,14,Ses04F_impro06_M,sadness,Yeah.
37,15,Ses04F_impro06_F,sadness,It just doesn't seem fair.
37,16,Ses04F_impro06_M,sadness,"It's not fair but I mean that's, you know, the course of life is that, you know, you meet people and you lose them."
37,17,Ses04F_impro06_M,sadness,You're okay
37,18,Ses04F_impro06_F,sadness,Thank you for being here.
37,19,Ses04F_impro06_M,sadness,You know I think- I think we should celebrate because I think that's what he would have wanted.
37,20,Ses04F_impro06_F,happiness,[LAUGHTER] You're probably right.  He probably would be pissed if we were all sitting around being upset about it. He'd want us to have a party.
37,21,Ses04F_impro06_M,neutral,Yeah.
37,22,Ses04F_impro06_F,happiness,And to drink in his honor. [LAUGHTER]
37,23,Ses04F_impro06_M,sadness,"That's right.  That's right.  I mean he would want us to, you know, celebrate the life that he- that he lived and, you know, enjoy the rest of ours as much as we can."
37,24,Ses04F_impro06_F,sadness,"Yeah, I know."
37,25,Ses04F_impro06_M,sadness,So-
38,0,Ses01M_impro01_F,anger,Next.
38,1,Ses01M_impro01_M,frustration,"Yes, me. Okay, okay here we go."
38,2,Ses01M_impro01_F,anger,My window is open.
38,3,Ses01M_impro01_M,frustration,"Okay, so filled out all these forms  --"
38,4,Ses01M_impro01_F,neutral,This is... Your last- Your first name is Jones?
38,5,Ses01M_impro01_M,frustration,and I have This form of ID here so...
38,6,Ses01M_impro01_M,neutral,"Yes, Jones."
38,7,Ses01M_impro01_F,neutral,That's just strange I figured you filled in wrong sections.
38,8,Ses01M_impro01_M,neutral,Well...
38,9,Ses01M_impro01_F,frustration,What are you... what's...What are you applying for?
38,10,Ses01M_impro01_M,frustration,I'm just applying for another ID.
38,11,Ses01M_impro01_F,neutral,Another ID?
38,12,Ses01M_impro01_M,frustration,"Yes.  I'm supposed to have three forms of ID for this.  It's a long story, I'm supposed to have three forms of ID for this other job I really don't get into but I need another..."
38,13,Ses01M_impro01_F,neutral,Fine.  So I need ID.
38,14,Ses01M_impro01_M,frustration,"I have it right here, yes."
38,15,Ses01M_impro01_F,anger,"No, I need your ID to give you a second ID."
38,16,Ses01M_impro01_F,anger,It's really simple if you have a problem with it... Maybe you should--
38,17,Ses01M_impro01_M,frustration,But that's...
38,18,Ses01M_impro01_M,frustration,"That's why I'm here, that's why I was waiting in this line.  I need to get another form of ID."
38,19,Ses01M_impro01_F,neutral,"Well, do you have your passport?"
38,20,Ses01M_impro01_M,neutral,"No, I don't have a passport."
38,21,Ses01M_impro01_F,frustration,You have a birth certificate?
38,22,Ses01M_impro01_M,frustration,"I don't where it is though, I don't have with me.  Can I get it from somewhere?  I mean..."
38,23,Ses01M_impro01_F,anger,What do you expect me to do?
38,24,Ses01M_impro01_M,frustration,I probably have to go wait another line to get my birth certificate don't I?
38,25,Ses01M_impro01_F,anger,Probably.
38,26,Ses01M_impro01_M,frustration,You're very helpful.  What's your name?
38,27,Ses01M_impro01_F,neutral,Joy.
38,28,Ses01M_impro01_M,neutral,"Hi, Joy."
38,29,Ses01M_impro01_F,neutral,Hi.   You know...
38,30,Ses01M_impro01_M,frustration,So can you help me or not?
38,31,Ses01M_impro01_F,frustration,I am..I don't..I don't understand what you want.  A driver's license or a California ID.
38,32,Ses01M_impro01_M,frustration,Okay. [BREATHING]
38,33,Ses01M_impro01_M,frustration,I need California ID.
38,34,Ses01M_impro01_F,neutral,Okay.
38,35,Ses01M_impro01_M,frustration,On top of these other two forms of ID which I already have.
38,36,Ses01M_impro01_F,neutral,"What... well, do you have a driver's license?"
38,37,Ses01M_impro01_M,frustration,"No, I don't have driver's license."
38,38,Ses01M_impro01_F,neutral,Then how am I supposed to give you a California ID?
38,39,Ses01M_impro01_M,anger,Did you even look at the form?  I filled it out all these questions--
38,40,Ses01M_impro01_F,anger,Don't raise your voice with me.
38,41,Ses01M_impro01_M,neutral,Did you even look at the form?  I've already answered these question.
38,42,Ses01M_impro01_F,anger,Don't talk to me like I'm a child.
38,43,Ses01M_impro01_M,frustration,Okay.
38,44,Ses01M_impro01_F,anger,Do you know how long I've been working here? How long have you lived in California?
38,45,Ses01M_impro01_M,frustration,If it makes you stop acting like a child.
38,46,Ses01M_impro01_M,neutral,I have been to California my whole--
38,47,Ses01M_impro01_F,anger,"Maybe you never been to the D.M.V. before, maybe you should get back in line.  You know what?  sit in line again and if you get my number ask for different one."
38,48,Ses01M_impro01_M,anger,I am not...I'm not getting to back that line.
38,49,Ses01M_impro01_M,frustration,"Okay, okay let's keep our voices down, okay?  I didn't come here to get in yelling match."
38,50,Ses01M_impro01_F,neutral,I'm perfectly calm.
38,51,Ses01M_impro01_M,frustration,"I did not come in here to get in a yelling match with you, all right?"
38,52,Ses01M_impro01_F,neutral,Uh huh.  I didn't come here get in yelling match either.
38,53,Ses01M_impro01_M,frustration,Just try and help me.
38,54,Ses01M_impro01_F,neutral,They don't pay me enough to deal people like you.
38,55,Ses01M_impro01_M,neutral,"People like me, what is that supposed to mean?  You know, this is ridiculous.  Is there like a manager here, is there someone else that I can talk to?"
38,56,Ses01M_impro01_F,neutral,Why?
38,57,Ses01M_impro01_M,anger,Why?
38,58,Ses01M_impro01_F,neutral,Yeah.
38,59,Ses01M_impro01_F,neutral,"So you're not going to send me a thank you card, is that a problem? Is your are not going..."
38,60,Ses01M_impro01_M,anger,"Why, because I'm sick of talking to you."
38,61,Ses01M_impro01_M,anger,"'Cause you're obviously not talking to me, you're just yelling at me, berating me and telling me I can't fill out forms right."
38,62,Ses01M_impro01_F,neutral,"Oh, dear. Oh, boo-foo-woo, foo-foo."
38,63,Ses01M_impro01_M,frustration,"Oh, no honey. And you're going to miss the Christmas card too. It's a shame. It's going to be a good, nice picture."
38,64,Ses01M_impro01_F,neutral,Sit back down.
39,0,Ses04M_script03_1_M,neutral,Good God.
39,1,Ses04M_script03_1_F,neutral,Do you think it's them?
39,2,Ses04M_script03_1_M,neutral,I wonder.
39,3,Ses04M_script03_1_F,neutral,"Nobody knows we're here, except Freda and she wouldn't ring up."
39,4,Ses04M_script03_1_M,neutral,"It must be them, then."
39,5,Ses04M_script03_1_F,neutral,What are we to do?
39,6,Ses04M_script03_1_M,neutral,"We'll be alright, darling.  Whatever happens, aren't we?"
39,7,Ses04M_script03_1_F,neutral,Now and always sweet.
39,8,Ses04M_script03_1_M,neutral,"I don't care, then."
39,9,Ses04M_script03_1_F,neutral,It was bound to come sooner or later.
39,10,Ses04M_script03_1_M,neutral,"Hello, hello.  What?  Wrong number."
39,11,Ses04M_script03_1_F,neutral,"Oh, it sent shivers up my spine."
39,12,Ses04M_script03_1_M,neutral,What shall we do if they suddenly walk in on us?
39,13,Ses04M_script03_1_F,neutral,Behave exquisitely.
39,14,Ses04M_script03_1_M,neutral,With the mo- with the most perfect poise?
39,15,Ses04M_script03_1_F,neutral,Certainly.  I shall probably do a court curtsey.
39,16,Ses04M_script03_1_M,neutral,"Ah.  Things that ought to matter dreadfully don't matter when one's happy, do they?"
39,17,Ses04M_script03_1_F,neutral,But what's so horrible is that one can't stay happy.
39,18,Ses04M_script03_1_M,neutral,"Don't say that, darling."
39,19,Ses04M_script03_1_F,neutral,It's true.  The whole business is a very poor joke.
39,20,Ses04M_script03_1_M,neutral,"Meaning that sacred and beautiful thing, love?"
39,21,Ses04M_script03_1_F,neutral,"Yes, meaning just that."
39,22,Ses04M_script03_1_M,neutral,"What does it all mean?  That's what I ask myself in my ceaseless quest for ultimate truth.  Dear God, what does it all mean?"
39,23,Ses04M_script03_1_F,neutral,Don't laugh at me.  I'm serious.
39,24,Ses04M_script03_1_M,neutral,"You mustn't be serious, my dear.  That's just what they want."
39,25,Ses04M_script03_1_F,neutral,Who's they?
39,26,Ses04M_script03_1_M,anger,All the futile moralists who try to make life unbearable.  Laugh at them.  Be flippant.  Laugh at everything.  All their sacred shibboleths.  Flippancy brings out the acid- acid in their damn sweetness and light.
39,27,Ses04M_script03_1_F,neutral,"If I laugh at everything, I must laugh at us, too."
39,28,Ses04M_script03_1_M,neutral,Certainly you must.  We're figures of fun alright.
39,29,Ses04M_script03_1_F,neutral,"How long will it last, this ludicrous and overbearing love of ours?"
39,30,Ses04M_script03_1_M,neutral,Who knows.
39,31,Ses04M_script03_1_F,neutral,Shall we always want to bicker and fight?
39,32,Ses04M_script03_1_M,sadness,No.  That fire will fade along with our passion.
39,33,Ses04M_script03_1_F,neutral,"Oh, dear.  Should we like that."
39,34,Ses04M_script03_1_M,neutral,It all depends on how well we've played.
39,35,Ses04M_script03_1_F,neutral,"What happens if one of us dies?  Does the one that's left, still laugh?"
39,36,Ses04M_script03_1_M,neutral,"Yes.  Yes, with all his might."
39,37,Ses04M_script03_1_F,neutral,"Well that's serious enough, isn't it?"
39,38,Ses04M_script03_1_M,neutral,"No, no, it isn't.  Death's very laughable; such a cunning little mystery, all done with mirrors."
39,39,Ses04M_script03_1_F,neutral,"Darling, I believe you're talking nonsense."
39,40,Ses04M_script03_1_M,neutral,"So is everyone else in the long run.  Let's be superficial and pity the poor philosophers.  Let's blow trumpets and squeakers and- and enjoy the party as much as we can, like very small, quite idiotic little school children."
39,41,Ses04M_script03_1_M,neutral,"Let's savor the delight of the moment.  Come and kiss me, darling, before your body rots and worms pop in and out of your eye sockets."
39,42,Ses04M_script03_1_F,neutral,"Elliot, worms don't pop."
39,43,Ses04M_script03_1_M,neutral,"I don't mind what you do, see?  You can paint yourself bright green all over and dance naked in the Place Vendome and rush off madly with all the men in the world and I shan't say a word as long as you love me best."
39,44,Ses04M_script03_1_F,neutral,"Thank you, dear.  The same applies to you, except that if I catch you so much as looking at another woman, I will kill you."
39,45,Ses04M_script03_1_M,neutral,Do you remember that awful scene we had in Venice?
39,46,Ses04M_script03_1_F,neutral,Which particular one?
39,47,Ses04M_script03_1_M,neutral,The one when you bought that little painted wooded snake and put it on my bed?
39,48,Ses04M_script03_1_F,neutral,"Oh, Charles; that was his name, Charles.  Oh, he did wriggle so beautifully."
39,49,Ses04M_script03_1_M,anger,Horrible thing.  I hated it.
39,50,Ses04M_script03_1_F,neutral,I know you did.  You threw it out of the window into the Grand Canal.  I don't think I'll ever forgive you for that.
39,51,Ses04M_script03_1_M,neutral,How long did that row last?
39,52,Ses04M_script03_1_F,neutral,It went on intermittently for days.
39,53,Ses04M_script03_1_M,neutral,The worst one was in Cannes when your curling irons burnt holes in my dressing gown.
39,54,Ses04M_script03_1_F,neutral,"It burnt my comb, too, and all the towels in the bathroom."
39,55,Ses04M_script03_1_M,neutral,Line?
39,56,Ses04M_script03_1_M,neutral,How -- that was a rouser wasn't it?
39,57,Ses04M_script03_1_F,neutral,That was the first time you ever hit me.
39,58,Ses04M_script03_1_M,neutral,I didn't hit you very hard.
39,59,Ses04M_script03_1_F,neutral,"The manager came in and found is rolling about on the floor, biting and scratching like panthers.  Oh, dear."
39,60,Ses04M_script03_1_M,neutral,"Ah, I shall never forget his face."
39,61,Ses04M_script03_1_F,neutral,"How ridiculous. How utterly, utterly ridiculous."
39,62,Ses04M_script03_1_M,neutral,Yes.  We were very much younger then.
39,63,Ses04M_script03_1_F,neutral,And very much sillier.
39,64,Ses04M_script03_1_M,neutral,"As a matter of fact, the real cause of that row was Peter Burden."
40,0,Ses03F_script03_2_M,anger,"As a matter of fact, the real cause of that row was Peter Burden."
40,1,Ses03F_script03_2_F,neutral,You knew there was nothing in that.
40,2,Ses03F_script03_2_M,anger,I knew nothing of the sort. You took presents from him.
40,3,Ses03F_script03_2_F,neutral,Presents? It was only a small trivial little broach.
40,4,Ses03F_script03_2_M,anger,I remember it well. Bristling with diamonds. In the worst possible taste.
40,5,Ses03F_script03_2_F,neutral,Not at all. It was very pretty. And I wear it all the time. I still have it.
40,6,Ses03F_script03_2_M,neutral,You went out of your way to torture me over Peter Burden.
40,7,Ses03F_script03_2_F,neutral,"No, I didn't. You made that up all in your jealous imagination."
40,8,Ses03F_script03_2_M,neutral,You must admit that he was in love with you.
40,9,Ses03F_script03_2_F,neutral,"Just a little perhaps, but it was nothing serious."
40,10,Ses03F_script03_2_M,anger,You let him kiss you. You said so.
40,11,Ses03F_script03_2_F,neutral,"Well, what of it?"
40,12,Ses03F_script03_2_M,neutral,What of it?
40,13,Ses03F_script03_2_F,neutral,"Oh come on, it gave him a lot of pleasure and it didn't harm me."
40,14,Ses03F_script03_2_M,anger,What about me?
40,15,Ses03F_script03_2_F,neutral,"Well, if you hadn't been so suspicious and nosey you'd have never known anything about it."
40,16,Ses03F_script03_2_M,anger,"That's a nice point of view, I must say."
40,17,Ses03F_script03_2_F,neutral,"Well, it's true."
40,18,Ses03F_script03_2_M,neutral,Are you bored with this conversation?
40,19,Ses03F_script03_2_F,neutral,"I definitely, most definitely am."
40,20,Ses03F_script03_2_M,neutral,So am I. Bored stiff. Want some brandy?
40,21,Ses03F_script03_2_F,neutral,"No, thanks."
40,22,Ses03F_script03_2_M,neutral,"I'll have a little, I think."
40,23,Ses03F_script03_2_F,neutral,I don't see why you want it; you've already had two glasses.
40,24,Ses03F_script03_2_M,neutral,"No particular reason. Anyhow, they were very small ones."
40,25,Ses03F_script03_2_F,neutral,I don't see what's the point of going on and on about something like this.
40,26,Ses03F_script03_2_M,neutral,"Oh, my-you can hardly call three minute liquor glasses in the evening going on and on and on."
40,27,Ses03F_script03_2_F,neutral,It's become a habit with you.
40,28,Ses03F_script03_2_M,anger,You needn't be so grand just because you don't happen to want some yourself at the moment.
40,29,Ses03F_script03_2_F,anger,Don't be so stupid.
40,30,Ses03F_script03_2_M,anger,"Really, Amanda."
40,31,Ses03F_script03_2_F,anger,What?
40,32,Ses03F_script03_2_M,anger,Nothing.
40,33,Ses03F_script03_2_M,anger,"Going somewhere, dear?"
40,34,Ses03F_script03_2_F,neutral,No. Just making myself fascinating for you.
40,35,Ses03F_script03_2_M,neutral,That reply has broken my heart.
40,36,Ses03F_script03_2_F,neutral,"It's a woman's job to allure the man. Watch me, won't you, a minute?"
40,37,Ses03F_script03_2_M,neutral,"As a matter of fact, that's perfectly true."
40,38,Ses03F_script03_2_F,anger,"No, it isn't."
40,39,Ses03F_script03_2_M,anger,"Yes, it is."
40,40,Ses03F_script03_2_F,neutral,"No, it's not. I don't care."
40,41,Ses03F_script03_2_M,neutral,It's a pity you didn't have more brandy. It might have made you a little less disagreeable.
40,42,Ses03F_script03_2_F,neutral,"Well, it didn't seem to do such wonders with you, now did it?"
40,43,Ses03F_script03_2_M,neutral,"Oh, snap, snap, snap, like a little adder."
40,44,Ses03F_script03_2_F,frustration,"Adders don't snap, they sting."
40,45,Ses03F_script03_2_M,neutral,"Yes, they do. They have a big bag of venom behind their fangs and they snap."
40,46,Ses03F_script03_2_F,frustration,They sting.
40,47,Ses03F_script03_2_M,anger,They snap.
40,48,Ses03F_script03_2_F,anger,"I don't care. I don't care, do you understand? I don't care if they bark, if they roll over on the floor like hoops."
40,49,Ses03F_script03_2_M,neutral,"Uhh,"
40,50,Ses03F_script03_2_M,anger,did you see much of Peter Burden after our divorce?
40,51,Ses03F_script03_2_F,neutral,"Yes, I did, quite a lot actually."
40,52,Ses03F_script03_2_M,anger,"I imagine that you let him kiss you quite a bit more then, didn't you?"
40,53,Ses03F_script03_2_F,frustration,Mind your business.
40,54,Ses03F_script03_2_M,anger,You had a riotous-must have had a riotous time. No restraint at all. Very enjoyable. You never had much anyhow.
40,55,Ses03F_script03_2_F,anger,You are quite insufferable. I suppose it's because you're drunk.
40,56,Ses03F_script03_2_M,anger,I'm not in the least bit drunk.
40,57,Ses03F_script03_2_F,frustration,You've always had a weak head.
40,58,Ses03F_script03_2_M,anger,"Okay. As I mentioned before, I said I had three very minute liquor glasses. That's hardly enough to get a child of two drunk."
40,59,Ses03F_script03_2_F,neutral,"On the contrary, a child of two can get violently drunk on only one glass of brandy."
40,60,Ses03F_script03_2_M,neutral,"Oh, very interesting indeed. How about a child of four or a child of six or a child of nine. We might have a splendid little debate about this intemperate tots."
40,61,Ses03F_script03_2_F,frustration,Do shut up. Shut up.
40,62,Ses03F_script03_2_F,frustration,I don't want to talk about this anymore.
40,63,Ses03F_script03_2_M,neutral,You better turn that off.
40,64,Ses03F_script03_2_F,neutral,Why?
40,65,Ses03F_script03_2_M,neutral,It's very late and it will annoy the people upstairs.
40,66,Ses03F_script03_2_F,neutral,There aren't any people upstairs. It's a photographer's studio.
40,67,Ses03F_script03_2_M,anger,"Well, I suppose the people downstairs then."
40,68,Ses03F_script03_2_F,neutral,They're away in Tunis.
40,69,Ses03F_script03_2_M,neutral,This is no time of the year for Tunis.
40,70,Ses03F_script03_2_F,neutral,"Turn it on again, please."
40,71,Ses03F_script03_2_M,neutral,"No, I will do no such thing."
40,72,Ses03F_script03_2_F,anger,Turn it on.
40,73,Ses03F_script03_2_M,neutral,No.
40,74,Ses03F_script03_2_F,neutral,You've always had far too temperamental for yourself. You should try to control it.
40,75,Ses03F_script03_2_M,anger,Turn it off.
40,76,Ses03F_script03_2_F,anger,I will not. Go away. Go away. I hate you.
40,77,Ses03F_script03_2_M,anger,"Oh, very amusing, indeed. Amanda, listen-"
40,78,Ses03F_script03_2_F,anger,"Listen, indeed. No, no, no, no. I am sick and tired of listening to you, you sadistic bully."
40,79,Ses03F_script03_2_M,anger,Very amusing indeed.
40,80,Ses03F_script03_2_F,anger,"Stop it, stop it, I hate you, I loath you, you are overbearing and conceited and utterly impossible."
40,81,Ses03F_script03_2_M,anger,"You know, you're a vile, ill-tempered, wicked little beast and I hope that I never see you again as long as I live."
40,82,Ses03F_script03_2_F,anger,This is the end. Do you hear? The end. Now and forever.
40,83,Ses03F_script03_2_M,anger,"No, you're not going out like this. No you're not."
40,84,Ses03F_script03_2_F,anger,"Oh, yes I am."
40,85,Ses03F_script03_2_F,anger,"Yes I am. Let go of me. I hate you and I loath you. God, I can't believe I just finally realized how you are. I am never marry you. Never. Never, never, never. I would rather die in torment."
40,86,Ses03F_script03_2_M,anger,"Oh, shut up. Shut up. Shut up."
40,87,Ses03F_script03_2_M,anger,"I wouldn't marry you again if you came back crawling to me on your hands and knees because you're vile. You're a mean, evil-minded little vampire and I hope to God I never set eyes on you again."
40,88,Ses03F_script03_2_F,anger,"Beast or brute cad, swine beast beast brute."
41,0,Ses03F_impro04_F,frustration,"I don't know, Brian, if they uh--it's been three years."
41,1,Ses03F_impro04_M,neutral,"Hey, you just got to keep on going."
41,2,Ses03F_impro04_F,frustration,"No, I don't know, I--maybe this isn't for me. You know, maybe this isn't the right business for me."
41,3,Ses03F_impro04_M,neutral,"No, don't think like that."
41,4,Ses03F_impro04_F,sadness,"I just, I see all these other people getting commercials and work and it's like I'm not getting anything."
41,5,Ses03F_impro04_F,frustration,I have no money behind me. Nothing. I'm twenty five and--
41,6,Ses03F_impro04_M,neutral,Russel Crowe wasn't forty until he got his big stuff.
41,7,Ses03F_impro04_M,neutral,"If you really want to do it-I mean,"
41,8,Ses03F_impro04_F,frustration,So I'll have to wait twenty five years-
41,9,Ses03F_impro04_M,neutral,you got to do.
41,10,Ses03F_impro04_F,frustration,"-just going and auditioning and auditioning and rejection after refection, it's like--"
41,11,Ses03F_impro04_M,neutral,You could. You could. We just--
41,12,Ses03F_impro04_M,neutral,we're just pooling our funds together.
41,13,Ses03F_impro04_F,frustration,"I know, I just don't know if I can handle it. I mean, you're helping me so much financially it's like I can't survive on my own without you. I don't like that."
41,14,Ses03F_impro04_M,neutral,You don't owe me anything.
41,15,Ses03F_impro04_F,frustration,I feel like I'm not doing anything. Like I'm not giving anything into this world.
41,16,Ses03F_impro04_M,neutral,"You are, you're going to class, you're learning, you're getting better. When you finally get that role you're going to be prepared."
41,17,Ses03F_impro04_F,frustration,"Yeah, but what if I never make it? What if I studied all my life, this theatre, this acting, and I'm never going to get anywhere. I'm never going to be able to have a job."
41,18,Ses03F_impro04_M,neutral,"Oh my God, Anna, you're still young. Don't even think about that."
41,19,Ses03F_impro04_F,frustration,Time is passing by. Every year it's
41,20,Ses03F_impro04_F,frustration,a part left than I can do.
41,21,Ses03F_impro04_M,neutral,"You're only twenty five, okay? Some people don't start until they're thirty five."
41,22,Ses03F_impro04_F,neutral,Really?
41,23,Ses03F_impro04_M,neutral,Yeah.
41,24,Ses03F_impro04_F,frustration,"I don't know, I just [BREATHING] I get frustrated"
41,25,Ses03F_impro04_M,neutral,What would you do- What would you do if you didn't? You can go to law school.
41,26,Ses03F_impro04_F,frustration,That's the thing. I don't know. I don't know anything.
41,27,Ses03F_impro04_F,frustration,Law school? Maybe.
41,28,Ses03F_impro04_F,neutral,"I don't know. I don't know anything other than this, though, is the problem. This is my life. This is what I built everything about, you know."
41,29,Ses03F_impro04_M,neutral,See? So you can't just quit now.
41,30,Ses03F_impro04_F,neutral,"I mean, I could go to law school, but I'm just not passionate about it, you know? Like I'm not--it doesn't drive me, it doesn't motivate me. I--"
41,31,Ses03F_impro04_M,neutral,Have you been going to auditions and stuff?
41,32,Ses03F_impro04_F,frustration,"Yeah. I mean, I get a call-back and stuff, but-"
41,33,Ses03F_impro04_F,frustration,"I just, I need a break. I need something to break me out."
41,34,Ses03F_impro04_M,neutral,How's the job? Still waiting tables at Denny's?
41,35,Ses03F_impro04_F,neutral,Yeah. Unfortunately.
41,36,Ses03F_impro04_F,neutral,"Yeah, so I go to--get an education for four years and I'm waiting tables at Denny's."
41,37,Ses03F_impro04_M,neutral,"Well, they tip well."
41,38,Ses03F_impro04_F,frustration,[BREATHING] Brian-
41,39,Ses03F_impro04_F,sadness,it's not funny. I just don't know what I'm going to do.
41,40,Ses03F_impro04_M,neutral,Maybe you could start teaching. I don't know.
41,41,Ses03F_impro04_F,sadness,"Yeah, I guess I could."
41,42,Ses03F_impro04_M,neutral,"Go back to school. You know? Another three more years, get your master's."
41,43,Ses03F_impro04_F,sadness,Yeah
41,44,Ses03F_impro04_M,neutral,"Close to thirty. Oof, it's going to be tough."
41,45,Ses03F_impro04_F,neutral,Thanks.
41,46,Ses03F_impro04_M,neutral,[LAUGHTER]
41,47,Ses03F_impro04_F,frustration,[BREATHING]
42,0,Ses04M_script02_2_F,neutral,"Look at this, goose bumps."
42,1,Ses04M_script02_2_M,neutral,Well so what'd you think?
42,2,Ses04M_script02_2_F,neutral,About what?
42,3,Ses04M_script02_2_M,neutral,What I said.
42,4,Ses04M_script02_2_F,neutral,It's ridiculous.
42,5,Ses04M_script02_2_M,frustration,Certainly is not.  It's slightly exaggerated scientific fact.
42,6,Ses04M_script02_2_F,neutral,It's PR.  Somebody sold you a bill of goods that this wonderful event is going to take place on the beach.
42,7,Ses04M_script02_2_M,neutral,I'm not the only one.  Look at these people.
42,8,Ses04M_script02_2_F,neutral,Sure.  They're all told the same story.  It's what keeps us coming back for more; keeps us excited; keeps us thinking that life is going to start any minute now if we could just find the right spot; get in on the action.
42,9,Ses04M_script02_2_M,neutral,Are we talking about the same thing?
42,10,Ses04M_script02_2_F,neutral,"Well, I'm sorry, but it's still just fish to me."
42,11,Ses04M_script02_2_M,frustration,"Carla, can I ask you something?  Don't take this the wrong way, but are you having your period?"
42,12,Ses04M_script02_2_F,anger,"Goddamn it, Augie, don't ask me that.  I hate it when you ask me that.  You always ask me that.  It's insulting."
42,13,Ses04M_script02_2_M,anger,Well what's bugging you?
42,14,Ses04M_script02_2_F,anger,We just have different ideas about what this evening is supposed to look like.
42,15,Ses04M_script02_2_M,anger,"There's nothing to it.  We come down here.  The grunions arrive.  They do their little fish business.  We go ooh, ah, look at the fish.  They go home.  We go home."
42,16,Ses04M_script02_2_F,neutral,"For heaven's sake, we are not going to see the grunions."
42,17,Ses04M_script02_2_M,neutral,Why not?
42,18,Ses04M_script02_2_F,anger,"We never do, do we?  Have we ever?"
42,19,Ses04M_script02_2_M,neutral,We've missed them twice.
42,20,Ses04M_script02_2_M,neutral,That's not ever.
42,21,Ses04M_script02_2_F,frustration,Twice is every time we've tried.  That's ever.
42,22,Ses04M_script02_2_M,frustration,We'll see them this year.
42,23,Ses04M_script02_2_F,neutral,"No, we won't.  It's pointless.  It's like waiting up to see Santa Claus.  I feel as though my entire life is going to be spent standing on the beach with my eyes wide open and my hands clasped expectantly waiting for the fish to show up.  And the fish won't show up."
42,24,Ses04M_script02_2_M,neutral,I thought you wanted to see them.
42,25,Ses04M_script02_2_F,frustration,You don't have any idea what I'm saying.
42,26,Ses04M_script02_2_M,frustration,"No, of course, not."
42,27,Ses04M_script02_2_F,anger,"I did want to see it.  I always do.  I keep thinking this time will be the time, but it never is."
42,28,Ses04M_script02_2_M,frustration,It's just fish; nothing to get traumatized over.
42,29,Ses04M_script02_2_F,neutral,"For heaven's sake, this is not about fish."
42,30,Ses04M_script02_2_M,frustration,"I've been trying to work this backwards, but I can't seem to pinpoint the moment when we took a turn for the worse."
42,31,Ses04M_script02_2_M,frustration,"You were fine during the phone call from Marge.  Dinner was okay.  Doing the dishes was no problem.  Let's see, I took a shower.  Uh, you watched the news.  You said the grunions are running tonight.  I said great, let's go.  I feel lucky tonight."
42,32,Ses04M_script02_2_M,frustration,"Uh,okay.  So I'm putting on my jacket; putting out the animals;"
42,33,Ses04M_script02_2_F,neutral,Do you remember the first time we came to see it?
42,34,Ses04M_script02_2_M,frustration,"uh, taking the car out of the gara- out of the garage."
42,35,Ses04M_script02_2_M,frustration,Uh.
42,36,Ses04M_script02_2_F,sadness,"It was about four years ago, right after we got married.  We thought I was pregnant and we had a bottle of champagne but no glasses.  You asked me to dance.  So we took off our shoes and you popped the cork."
42,37,Ses04M_script02_2_F,neutral,"And while we were dancing, you said the softest, most intimate things to me, right into my ear so that I could feel them as much as hear them.  And I remember thinking this is it.  At last, at last I'm as happy as I'm supposed to be."
42,38,Ses04M_script02_2_M,neutral,"Wait a minute, I've got it."
42,39,Ses04M_script02_2_F,sadness,Dancing barefoot in the sand; drinking champagne from the bottle.
42,40,Ses04M_script02_2_M,neutral,"It was in the car, right?  Driving past the Knickerbocker Liquor Locker?  You said let's get some champagne and I said times a wasting or something like that.  Right?  That's it, right?  You want this to be like the other time.  That's it.  Of course."
42,41,Ses04M_script02_2_F,sadness,I'd rather not remember some things.  I'd rather not hope for some things.
42,42,Ses04M_script02_2_M,neutral,Sure.  Okay.  Alright.  I've got it.  Listen do you want to dance?
42,43,Ses04M_script02_2_F,sadness,No.
42,44,Ses04M_script02_2_M,neutral,You want to get some champagne?
42,45,Ses04M_script02_2_F,sadness,No.
42,46,Ses04M_script02_2_M,frustration,"What, you want me to breathe in your ear?"
42,47,Ses04M_script02_2_F,frustration,No.
42,48,Ses04M_script02_2_M,frustration,You want to get married again?
42,49,Ses04M_script02_2_F,frustration,No.
42,50,Ses04M_script02_2_M,frustration,"What, you want a divorce?"
42,51,Ses04M_script02_2_F,frustration,No.
42,52,Ses04M_script02_2_M,frustration,A vacation?
42,53,Ses04M_script02_2_F,anger,No.
42,54,Ses04M_script02_2_M,neutral,"A new carpet?  A poodle?  An ice cream?  A back rub?  A suicide pact?  What?  What, Carla?  What the hell do you want?"
42,55,Ses04M_script02_2_F,anger,I want something to turn out the way it's supposed to.
42,56,Ses04M_script02_2_M,anger,"Well welcome to the human race.  You think this is what I had in mind?  You think that when I proposed, I had this great fantasy going that four years down the line, we'd come to the beach and yell at each other over fish?  No."
42,57,Ses04M_script02_2_M,neutral,"No, I'm just like you.  I thought it was going to be all peaches and roses and wind in our hair and sand in our toes and the fish will always come and the bills will always pay themselves."
42,58,Ses04M_script02_2_M,anger,"And we'll have three fat rosy kids and ha, ha, ha, baby, the joke's on us, 'cause you know what you get, Carla?  You know what you get?  This."
42,59,Ses04M_script02_2_F,anger,This what?  What is this?  This isn't even anything.
42,60,Ses04M_script02_2_M,frustration,"Yes, it is."
42,61,Ses04M_script02_2_F,anger,"Oh, right, sure.  This is standing on the beach.   This is waiting.  This is fighting."
42,62,Ses04M_script02_2_M,frustration,Right.
42,63,Ses04M_script02_2_F,anger,But this isn't anything like I thought anything would be like.
42,64,Ses04M_script02_2_M,anger,"No, I know, me neither."
42,65,Ses04M_script02_2_F,neutral,"This is just this.  I mean, it includes a lot and everything, but it's just not, you know, something else.  Do you have any idea what I'm trying to say?"
42,66,Ses04M_script02_2_M,frustration,I'm doing the best I can.
42,67,Ses04M_script02_2_F,frustration,"I know you are, Augie.  Really, I do.  I know you meant for this to be special and nice and it's the full moon and the sand and everything.  But I just couldn't help thinking about being somewhere else."
42,68,Ses04M_script02_2_M,neutral,"Maybe if you were with somebody else, too, huh?"
42,69,Ses04M_script02_2_F,sadness,I didn't say that.
42,70,Ses04M_script02_2_M,sadness,"No, I know.  But still.  I know I don't make you happy."
42,71,Ses04M_script02_2_F,neutral,"For heaven's sake, whatever I'm doing, I'd rather be doing it with you."
42,72,Ses04M_script02_2_M,neutral,Yeah?
42,73,Ses04M_script02_2_F,neutral,Well don't be ridiculous.  Don't you know that?  You're the one who probably wishes you were with somebody else; somebody who knew how to enjoy herself and didn't take everything so hard.
42,74,Ses04M_script02_2_M,happiness,"Actually, now that you mention it, no.  I don't."
42,75,Ses04M_script02_2_F,happiness,"Okay, fine.  So we're in the wrong spot, but we're with the right person."
42,76,Ses04M_script02_2_M,happiness,"I don't know.  It seemed like a good spot to me.  I mean, look at the view you've got of the moon from here."
42,77,Ses04M_script02_2_F,happiness,"Yeah, I noticed that.  Looks pretty on the water, doesn't it?  Big ol' white moon.  I'm sorry, Augie."
42,78,Ses04M_script02_2_M,happiness,"Shh.  If we're very quiet, the fish might come."
42,79,Ses04M_script02_2_F,neutral,Or not.
42,80,Ses04M_script02_2_M,neutral,Or not.
43,0,Ses05M_script02_1_M,neutral,"What time is it?  They're supposed to run around midnight.  Oh, this is great, isn't it?  Look at the night we've got here.  It couldn't be better.  Actually, I wanted to go a little further up the coast you know to get away from all the lights and the people.  I was afraid we might miss it though, so how are you doing?"
43,1,Ses05M_script02_1_F,sadness,Fine.
43,2,Ses05M_script02_1_M,neutral,"What's that? Is that- Wait, is that foam?  I can't even tell.  Oh Actually, I guess if I can't tell then it probably isn't it, is it?  It will probably be unmistakable, don't you think?"
43,3,Ses05M_script02_1_M,neutral,"This is great.  How are you doing?  Oh, no.  Oh, do you know what I did?  I forgot the flashlight.  How could I be so stupid?  I forgot the flashlight."
43,4,Ses05M_script02_1_F,neutral,What flashlight?
43,5,Ses05M_script02_1_M,neutral,"The flashlight.  The silver one.  There's only one, isn't there?  Stupid."
43,6,Ses05M_script02_1_F,neutral,You mean our flashlight?
43,7,Ses05M_script02_1_M,neutral,Well-
43,8,Ses05M_script02_1_F,neutral,"I mean, you kept saying my flashlight, the flashlight like it was only somehow yours.  How is that supposed to make me feel?"
43,9,Ses05M_script02_1_M,neutral,"Oh, no, of course, our flashlight.  Me flashlight is to you flashlight, naturally."
43,10,Ses05M_script02_1_M,neutral,"How could we have forgotten it? Well, I hope the moon stays out.  I wonder, do they always run during a full moon?  I can't remember, was the moon full last year, do you remember?"
43,11,Ses05M_script02_1_F,neutral,Yes.
43,12,Ses05M_script02_1_M,neutral,"Are you cold?  Do you want my jacket?  We should have brought the blanket, our blanket.  Oh, this is great.  I didn't even think to bring a six pack.  Oh, a six pack would be just the ticket right about now."
43,13,Ses05M_script02_1_M,neutral,"I can't believe I forgot.I'm like a little kid.  I'm surprised I made it out of the house with my fly zipped. Oh, [LAUGHTER]"
43,14,Ses05M_script02_1_M,neutral,"Oh, I wonder if they can hear me or if they can feel the vibrations when we move around in the sand. or something"
43,15,Ses05M_script02_1_F,neutral,I'm cold.
43,16,Ses05M_script02_1_M,neutral,Do you want my jacket?
43,17,Ses05M_script02_1_F,neutral,It's after eleven.  Let's just go home.
43,18,Ses05M_script02_1_M,neutral,"Are you kidding?  We just got here, we'd miss it.  What's the point of coming all the way out here if we're just going to turn around and go home?"
43,19,Ses05M_script02_1_F,neutral,There is no point in coming out here.
43,20,Ses05M_script02_1_M,neutral,Right.
43,21,Ses05M_script02_1_F,neutral,That's my point.
43,22,Ses05M_script02_1_M,neutral,"That's my point, too."
43,23,Ses05M_script02_1_F,neutral,So let's go.
43,24,Ses05M_script02_1_M,neutral,"Oh, no, no, no.  no That's not my point.  My point is what's the point coming out here if we're just going to leave?  Don't you want to see it?"
43,25,Ses05M_script02_1_F,neutral,Not particularly.
43,26,Ses05M_script02_1_M,neutral,Why not?
43,27,Ses05M_script02_1_F,neutral,I just don't.
43,28,Ses05M_script02_1_M,frustration,Oh
43,29,Ses05M_script02_1_F,neutral,it's stupid.
43,30,Ses05M_script02_1_M,neutral,"Honey, it's a natural phenomenon.  I mean, this kind of thing only happens once a year.  It's a great opportunity."
43,31,Ses05M_script02_1_M,neutral,"I mean, Think about people in Kansas, they've got to get like you know plane tickets and hotel reservations just to see this.  We're just forty minutes away.  It's just too good of an opportunity to pass up."
43,32,Ses05M_script02_1_F,frustration,Pass what up?  It's It's just little fish and they swim up on the beach and they flop around and they swim away and then they die.
43,33,Ses05M_script02_1_M,neutral,"Yeah, but all that time on the beach is the highlight of their little lives.  You know,"
43,34,Ses05M_script02_1_M,neutral,"and all that about flopping around, it's like laying eggs or what do you -- spawning or mating or something like that."
43,35,Ses05M_script02_1_M,neutral,"I mean, this is a big night for these guys.  You know, life's last orgy."
43,36,Ses05M_script02_1_F,frustration,"What are you so excited about.  This isn't rocket science, this is just fish.  Fish nobody even eats."
43,37,Ses05M_script02_1_M,frustration,"Yeah, they do."
43,38,Ses05M_script02_1_F,frustration,Augie.
43,39,Ses05M_script02_1_M,neutral,"All right.  But they are fish that do something no other fish do.  Like the swallows were turning into Capistrano or Lemmings jumping off the cliffs, you know like that. There's- There's magic here and mystery.  And a little bit of the unexplainable.  You know, I can't see how you could not be interested."
43,40,Ses05M_script02_1_F,sadness,I'm just not.
43,41,Ses05M_script02_1_M,frustration,For real?
43,42,Ses05M_script02_1_F,neutral,Yes.
43,43,Ses05M_script02_1_M,frustration,"I don't get it.  I mean, the first time we came you said it was the best night of your life. And last year I remember distinctly you were so excited about coming that you stubbed your toe toe pushing me out the door and you didn't even notice until you got in the car."
43,44,Ses05M_script02_1_F,frustration,"Well, if you also remember last year we- our shoes got wet, I got sand in my panties, we had a big argument, you had a sore throat, and we didn't see the grunion."
43,45,Ses05M_script02_1_M,neutral,We weren't in a good spot.
43,46,Ses05M_script02_1_F,frustration,We didn't see them the first time either.
43,47,Ses05M_script02_1_M,neutral,We just weren't in a good spot.  This is a much better spot.  I've got a great sense for these things.
43,48,Ses05M_script02_1_M,neutral,"Look there.  What is that?  Is that -- Oh No, that's seaweed."
43,49,Ses05M_script02_1_M,neutral,"Oh, this is great.  I wouldn't miss this for the world. I mean, think about this, I know you're not interested but just think about this for a second;"
43,50,Ses05M_script02_1_M,neutral,somewhere out there is a giant mass of silver fish all swimming in this direction.  They don't know why they're doing it.  We don't know why they're doing it.  They didn't- It wasn't a decision.  No one took a vote.  Nobody sent them an invitation or a map or anything like that.  It was just some internal time release fire cracker that went off. And all as one they turned around and formed this giant line as long as the California coastline and they just started swimming.  They are swimming right now at this very moment.   And And-
43,51,Ses05M_script02_1_M,neutral,"And it's single mindedness with no mind. It- It's urgency, it's pure urge.  I mean, they didn't make any decisions.  They don't ask any questions.  They don't give it a name,"
43,52,Ses05M_script02_1_M,neutral,"they just all as one turn around and start swimming to this very point where we are standing now for one last celebration of sex and death. God, it's giving me Goosebumps.  Look at all the hairs that are standing up."
43,53,Ses05M_script02_1_F,neutral,That's the wind.
43,54,Ses05M_script02_1_M,neutral,"Well, so what do you think?"
44,0,Ses05M_impro02_F,neutral,What is it?
44,1,Ses05M_impro02_M,sadness,"Sweetheart, I've got to tell you something.  I just got a call.  I'm going to Iraq."
44,2,Ses05M_impro02_F,neutral,What?
44,3,Ses05M_impro02_M,sadness,"I know it's really crappy timing, but I don't have a choice."
44,4,Ses05M_impro02_F,neutral,"What?  No, you can't!"
44,5,Ses05M_impro02_M,neutral,I know. I have to go-
44,6,Ses05M_impro02_F,neutral,You didn't- Did you tell them you have two young children at home?
44,7,Ses05M_impro02_M,neutral,"You think they'd listen to me?  No.  Of course, I told them that."
44,8,Ses05M_impro02_F,neutral,And they didn't care?
44,9,Ses05M_impro02_M,neutral,No.
44,10,Ses05M_impro02_M,neutral,I don't know what to do.  I'm - Sorry
44,11,Ses05M_impro02_F,neutral,They can't do that to you.
44,12,Ses05M_impro02_M,neutral,I know.
44,13,Ses05M_impro02_M,sadness,"I don't have a choice.  I have to go.  If I don't go, they'll come and take me."
44,14,Ses05M_impro02_F,frustration,"No, we have- There's got to be something you can do.  You can't go."
44,15,Ses05M_impro02_M,frustration,I've tried everything.  I've called everyone I know.  I've tried everything. No one can do anything for me or they won't do anything for me.
44,16,Ses05M_impro02_F,neutral,How long do you have to go for?
44,17,Ses05M_impro02_M,neutral,At least a year.
44,18,Ses05M_impro02_F,neutral,What?
44,19,Ses05M_impro02_M,sadness,I know.
44,20,Ses05M_impro02_M,sadness,I don't want to -- the kids.  You've got to take care of them.  You've got- you've got to-
44,21,Ses05M_impro02_M,sadness,"tell them about me and show them pictures of me and everything like that, because they are not going to see me for such a long time.  And it's such an important time and I just don't want to miss it."
44,22,Ses05M_impro02_F,frustration,There's got to be something we can do.  You can't just go.
44,23,Ses05M_impro02_M,neutral,I don't know what to-
44,24,Ses05M_impro02_M,sadness,I don't have -- I know.  What are we gonna- What are we- just run away?  What can I do?  Where can we go?
44,25,Ses05M_impro02_F,frustration,Why don't we do that- Can we- Can we just leave the country?
44,26,Ses05M_impro02_M,neutral,Where are we gonna go?
44,27,Ses05M_impro02_M,neutral,Where are we gonna go?
44,28,Ses05M_impro02_F,neutral,I don't know.
44,29,Ses05M_impro02_M,neutral,They'll find me anyway.  You know they will.
44,30,Ses05M_impro02_F,neutral,What would be the worst that would happen if they found you somewhere else?
44,31,Ses05M_impro02_M,frustration,"They'd put me in jail and then how long- when will I get to see the kids?  What, ten years?  I don't know."
44,32,Ses05M_impro02_F,sadness,"Well, they're so young."
44,33,Ses05M_impro02_M,sadness,I know.  But I'll-I'll send the pictures all the time and I'll write them emails and you can read them the emails that I send them.
44,34,Ses05M_impro02_F,neutral,Where are you gonna be stationed?  What are you gonna be doing?
44,35,Ses05M_impro02_M,sadness,"I'm gonna be in Bagdad, just doing security."
44,36,Ses05M_impro02_F,neutral,"Are you gonna be like in tanks running around?  What- I mean, what does that mean?"
44,37,Ses05M_impro02_M,neutral,"Yeah, it's gonna be everything.  I'm gonna be in the front.  I'll be -- it's not gonna be safe."
44,38,Ses05M_impro02_F,neutral,"Oh, my God."
44,39,Ses05M_impro02_M,sadness,I just want to be honest with you.  I don't want you to .
44,40,Ses05M_impro02_M,sadness,"but, it's gonna be fine.  I'm gonna be fine.  You know I'm good at this.  I can do this.  That's why I trained all this time.  I'm good at this.  Okay?"
44,41,Ses05M_impro02_F,neutral,But so many people have died.
44,42,Ses05M_impro02_M,sadness,"I know.  I know.  I know.  But, you know what?  That doesn't mean it's gonna be me; does it?"
44,43,Ses05M_impro02_F,neutral,"I know.  I know.  I know I know. You're good You're good at what you do, but there's just so much chance involved."
44,44,Ses05M_impro02_M,sadness,No.  It doesn't.  And you can't think like that.
44,45,Ses05M_impro02_F,neutral,"I mean, I-I know that you're a good soldier, but not everybody else is. and what if"
44,46,Ses05M_impro02_M,sadness,I don't want you to -- I know.  I know. You can't worry about me.  You've got to worry about the kids.  And you've got to take care of the kids for me.  Okay?  Take care of the kids for me; all right?
44,47,Ses05M_impro02_M,neutral,"And you know my mom's here.  She'll come over and she'll be with you all the time, whenever you need her."
44,48,Ses05M_impro02_F,sadness,It's just so much.
44,49,Ses05M_impro02_M,sadness,"I'll miss you, baby."
44,50,Ses05M_impro02_F,sadness,[GARBAGE] You have to write me everyday.
44,51,Ses05M_impro02_M,sadness,"All- I'll write you everyday, all the time.  And I'll send you pictures and you send me pictures. I know We've got email out there.  We've got email and I can see stuff and you can send me stuff all the time.  Okay?"
44,52,Ses05M_impro02_F,neutral,"Can I send you, like videos and stuff? What about when they start walking."
44,53,Ses05M_impro02_M,sadness,yeah yeah yeah.
44,54,Ses05M_impro02_M,neutral,You you record every second.  You record every second because I want to see it all.  Okay?
44,55,Ses05M_impro02_M,neutral,"If I don't get to see it now, I get to see it later at least, you know?  You've got to keep it all for me; all right?"
44,56,Ses05M_impro02_F,sadness,okay.
44,57,Ses05M_impro02_M,neutral,I love you.  Okay?
44,58,Ses05M_impro02_F,sadness,[GARBAGE]
45,0,Ses02F_script03_1_M,neutral,Good God.
45,1,Ses02F_script03_1_F,neutral,Do you think it's them?
45,2,Ses02F_script03_1_M,neutral,I wonder.
45,3,Ses02F_script03_1_F,neutral,"Well, nobody know we're here except Freda and she wouldn't ring up."
45,4,Ses02F_script03_1_M,neutral,"Must be them, then."
45,5,Ses02F_script03_1_F,neutral,What're we gonna do?
45,6,Ses02F_script03_1_M,neutral,"We're all right, darling, aren't we?  Whatever happens."
45,7,Ses02F_script03_1_F,neutral,"Now and always, sweet."
45,8,Ses02F_script03_1_M,neutral,I don't care then.
45,9,Ses02F_script03_1_F,neutral,It was bound to come sooner or later.
45,10,Ses02F_script03_1_M,neutral,Hello?  Hello?  What?  Wrong number.
45,11,Ses02F_script03_1_F,neutral,"Ah, it send shivers up my spine."
45,12,Ses02F_script03_1_M,neutral,What do we do if they suddenly walk in on us?
45,13,Ses02F_script03_1_F,happiness,Behave exquisitely.
45,14,Ses02F_script03_1_M,neutral,With the most perfect poise?
45,15,Ses02F_script03_1_F,happiness,"Oh, of course.  I shall probably do a court curtsy."
45,16,Ses02F_script03_1_M,neutral,Things that ought to matter dreadfully don't matter at all when one's happy.  Do they?
45,17,Ses02F_script03_1_F,happiness,What's so horrible is that one can't stay happy.
45,18,Ses02F_script03_1_M,neutral,"Oh, darling, don't say that."
45,19,Ses02F_script03_1_F,happiness,It's true.  The whole business is a very poor joke.
45,20,Ses02F_script03_1_M,neutral,"Meaning that sacred and beautiful thing, love?"
45,21,Ses02F_script03_1_F,happiness,"Yes, meaning just that."
45,22,Ses02F_script03_1_M,neutral,"Oh, what does it all mean?  That's what I ask myself in my ceaseless quest for ultimate truth.  Dear God, what does it all mean?"
45,23,Ses02F_script03_1_F,neutral,Don't laugh at me.  I'm serious.
45,24,Ses02F_script03_1_M,neutral,"You mustn't be serious, my dear one.  That's just what they want."
45,25,Ses02F_script03_1_F,neutral,Who's they?
45,26,Ses02F_script03_1_M,neutral,All those futile moralists that try to make life unbearable.  Laugh at them.  Be flippant.  Laugh at everything.  All their sacred shibboleths.
45,27,Ses02F_script03_1_M,neutral,Flippancy brings out the acid in their damn sweetness and light.
45,28,Ses02F_script03_1_F,neutral,"If I laugh at everything, then I must laugh at us too."
45,29,Ses02F_script03_1_M,neutral,"Certainly, you must.  We're figures of fun, alright."
45,30,Ses02F_script03_1_F,neutral,"Well how long will it last us, this ludicrous overbearing love of ours."
45,31,Ses02F_script03_1_M,neutral,Who knows.
45,32,Ses02F_script03_1_F,neutral,"Well, shall we always want to bicker and fight?"
45,33,Ses02F_script03_1_M,neutral,"No, that desire will fade.  Along with our passion."
45,34,Ses02F_script03_1_F,neutral,"Oh, dear, shall we like that?"
45,35,Ses02F_script03_1_M,neutral,Depends on how well we've played.
45,36,Ses02F_script03_1_F,neutral,"Well, what happens if one of us dies?  I mean, does the one that's left still laugh?"
45,37,Ses02F_script03_1_M,neutral,Yes.  Yes. With all his might.
45,38,Ses02F_script03_1_F,neutral,"That's serious enough, isn't it?"
45,39,Ses02F_script03_1_M,neutral,"No. No, it isn't.  Death is very laughable.  Such a cunning little mystery.  All done with mirrors."
45,40,Ses02F_script03_1_F,happiness,"Darling, I believe you're talking nonsense."
45,41,Ses02F_script03_1_M,neutral,So is everyone else in the long run.
45,42,Ses02F_script03_1_M,neutral,"Let's be superficial and pity the poor philosophers.  Let's blow our trumpets and squeakers and enjoy the party as much as we can.  Like quite idiotic, very small school children.  Let's savor the delight of the moment."
45,43,Ses02F_script03_1_M,neutral,"Come and kiss me, darling, before your body rots and worms pop in and out of your eye sockets."
45,44,Ses02F_script03_1_F,happiness,"Elliott, worms don't pop."
45,45,Ses02F_script03_1_M,neutral,"I don't care what you do.  See, you could paint yourself green and dance naked in the Place Vendome and rush off madly with all the men in the world and I shan't say a word.  As long as you love me best."
45,46,Ses02F_script03_1_F,happiness,"Oh, thank you, dear.  The same applies to you except that if I catch so much as looking at another woman, I'll kill you."
45,47,Ses02F_script03_1_M,neutral,You remember that awful scene we had in Venice?
45,48,Ses02F_script03_1_F,happiness,Which particular one?
45,49,Ses02F_script03_1_M,neutral,The one when you bought that little painted wooden snake in the Piazza and put it on my bed.
45,50,Ses02F_script03_1_F,happiness,Charles.  That was his name.  Charles.  He did wriggle so beautifully.
45,51,Ses02F_script03_1_M,neutral,"Ah, horrible thing.  I hated it."
45,52,Ses02F_script03_1_F,happiness,"Yes, I know you did.  You threw it out of the window into the Grand Canal.  I don't think I'll ever forgive you for that."
45,53,Ses02F_script03_1_M,neutral,How long did that row last?
45,54,Ses02F_script03_1_F,happiness,It went in intermittently for days.
45,55,Ses02F_script03_1_M,neutral,The worst one was in Cannes when your curling iron burnt a hole in my new dressing gown.
45,56,Ses02F_script03_1_F,happiness,It burned my comb too and all the towels in the bathroom.
45,57,Ses02F_script03_1_M,neutral,"That was a rouser, wasn't it?"
45,58,Ses02F_script03_1_F,neutral,That was the first time you ever hit me.
45,59,Ses02F_script03_1_M,neutral,I didn't hit you very hard.
45,60,Ses02F_script03_1_F,happiness,"The manager came in and found us rolling around on the floor, biting and scratching like panthers."
45,61,Ses02F_script03_1_M,neutral,"Oh, I'll never forget his face."
45,62,Ses02F_script03_1_F,neutral,It was ridiculous.  Completely ridiculous.
45,63,Ses02F_script03_1_M,neutral,We were very much younger then.
45,64,Ses02F_script03_1_F,neutral,And very much sillier.
45,65,Ses02F_script03_1_M,neutral,"As a matter of fact, the real cause of that row was Peter Burden."
46,0,Ses05M_impro04_M,frustration,"Uh, God.  I don't know what to do anymore.  Like I said --"
46,1,Ses05M_impro04_F,neutral,What do you mean?
46,2,Ses05M_impro04_M,frustration,"I don't know.  There's nothing for me out there.  I can't get a job.  I haven't gotten a job in a year, three years.  What is it, three years now; right? That I haven't been able to have a job."
46,3,Ses05M_impro04_F,neutral,Really? It's been that long?
46,4,Ses05M_impro04_M,frustration,"Something like that.  I can't even remember anymore. I don't know what to do anymore.  I just get out there everyday -- well, not everyday, almost everyday."
46,5,Ses05M_impro04_F,neutral,Wow.
46,6,Ses05M_impro04_M,frustration,And try to do something. I mean-
46,7,Ses05M_impro04_F,neutral,What have you been trying?
46,8,Ses05M_impro04_M,frustration,"Well, everything.  I'll do temping, you know, office work.  You know, whatever to pay the bills.  You know, I'll do anything."
46,9,Ses05M_impro04_M,frustration,"But, I mean, I don't want to keep those jobs.  I don't want those jobs.It's not what I want to do."
46,10,Ses05M_impro04_F,neutral,Right.
46,11,Ses05M_impro04_M,frustration,"But, I don't know.  God, what am I going to do?  Should I go back to school?  I can't- I can't afford to go back to school."
46,12,Ses05M_impro04_M,frustration,What do you do?
46,13,Ses05M_impro04_F,neutral,"Well, I mean, right now I'm just doing a little bit of everything.  And I don't- I don't think that I'm in like a profession, like career oriented place."
46,14,Ses05M_impro04_M,neutral,"You plan on being there forever? I mean, Like, what do you --"
46,15,Ses05M_impro04_F,neutral,"No.  I'm just working in restaurants and stuff. But, I'm also trying to audition and what not.  So, it's --"
46,16,Ses05M_impro04_M,neutral,yeah.
46,17,Ses05M_impro04_M,neutral,right.
46,18,Ses05M_impro04_M,frustration,"Yeah, yeah.  Well, hello.  That's what I'm doing too.  But I can't get the restaurant job.  I can't get -- -- the restaurant gig.  No one will give me anything."
46,19,Ses05M_impro04_F,neutral,Really?
46,20,Ses05M_impro04_M,frustration,"I go in for these interviews, and they're all cool and everything, you know.  Their nice and I'm nice to them, you know, give and take, back and forth, and whatever."
46,21,Ses05M_impro04_M,frustration,But they always go with somebody else.
46,22,Ses05M_impro04_F,neutral,"L.A. is really hard.  I mean, have you tried like just going into a bar a couple of times to make friends with people who work there? and"
46,23,Ses05M_impro04_M,frustration,"Yeah, absolutely.  Hello?  You know me.  I go to bars all the time.  Like, they all know me, you know.  But no one wants to hire me."
46,24,Ses05M_impro04_M,frustration,"but Maybe they don't want to hire me because they know me. I don't know, what's wrong with me, Is there something wrong with me?"
46,25,Ses05M_impro04_F,neutral,"I was just going to say that's your issue. Maybe you are going in too much. No, I mean, just"
46,26,Ses05M_impro04_F,neutral,are you going into the bars every night?
46,27,Ses05M_impro04_M,frustration,"I mean, You can tell me what.  Why is no one hiring me?  Is it me?  Be honest.  You can tell me. you know I can take it.  I can take it, you just tell me. Why?"
46,28,Ses05M_impro04_F,neutral,"Well, I don't really know.  I don't I don't know you in like a job situation, so."
46,29,Ses05M_impro04_M,frustration,"Yeah, but I'm -- okay, well how about personality wise?  I mean, people who know me won't hire me.  Why?"
46,30,Ses05M_impro04_F,neutral,"Wow.  I don't -- I mean, do you- do you have an attitude problem when you're on the job?"
46,31,Ses05M_impro04_M,neutral,"I don't think I have an attitude problem when I'm on the job, no- I have an attitude problem right now because I don't have a job."
46,32,Ses05M_impro04_F,neutral,Maybe [garbage].
46,33,Ses05M_impro04_F,neutral,"Right.  Maybe you have, like, you know a little bit of an abrasive vibe or something."
46,34,Ses05M_impro04_M,anger,An abrasive vibe?
46,35,Ses05M_impro04_F,neutral,I don't know.  I'm I'm just trying --
46,36,Ses05M_impro04_M,anger,"Let me know that's -- that's fine.  You think I have an abrasive vibe, whatever.  You're entitled to your opinion, of course.  Maybe that's why I don't have a job."
46,37,Ses05M_impro04_F,neutral,Are you getting defensive?
46,38,Ses05M_impro04_M,neutral,"No.  I'm not getting defensive.  I'm not getting defensive.  No. I asked you a question, you told me.  What?"
46,39,Ses05M_impro04_F,neutral,Yeah.  That might be something you want to look at.  I mean --
46,40,Ses05M_impro04_M,frustration,"I'm not like this all the time.  I mean, I don't -- I'm just frustrated right now, all right.  I just want to do --"
46,41,Ses05M_impro04_F,neutral,Okay.
46,42,Ses05M_impro04_M,frustration,"I want to make some money.  I need to make some money.  I've got to pay some bills, I owe people money.  I owe lots of people money.  I need to make some money."
46,43,Ses05M_impro04_F,neutral,I understand.
46,44,Ses05M_impro04_F,neutral,"Yeah, it's stressful.  I recognize that."
46,45,Ses05M_impro04_M,frustration,"Do you have any idea how I can make money?  I mean, what can I do to make some quick money, something?  Anything, that's relatively within the you know law."
46,46,Ses05M_impro04_F,neutral,ah.
46,47,Ses05M_impro04_F,neutral,"Not- Not selling pot, right?"
46,48,Ses05M_impro04_M,frustration,"Right, probably not selling pot. I don't want to go to jail."
46,49,Ses05M_impro04_F,neutral,Okay so.
46,50,Ses05M_impro04_F,neutral,Fair enough.
46,51,Ses05M_impro04_M,frustration,Because that would just really be a topper for me.
46,52,Ses05M_impro04_F,neutral,Yeah.  [LAUGHTER] It's a joke.
46,53,Ses05M_impro04_M,frustration,Thank you.  Ha ha.
46,54,Ses05M_impro04_F,neutral,"Sorry.  So, let's see.  What else?  What's available? What? Um.  Hmm."
46,55,Ses05M_impro04_M,frustration,See what I mean?  You can't even think of anything.
46,56,Ses05M_impro04_F,neutral,"Well, not off the top of head.  It will just take you know take a minute.  But do you have any, like, special skills?"
46,57,Ses05M_impro04_M,frustration,I can juggle.
46,58,Ses05M_impro04_F,neutral,"Well, maybe we can find you something with juggling."
46,59,Ses05M_impro04_M,frustration,I've tried.
46,60,Ses05M_impro04_F,neutral,Have you checked out Craig's List and stuff?
46,61,Ses05M_impro04_M,frustration,Yes!  Nobody wants a juggler.  I am not going to -- I'm not going to dress up like a clown. I'm not going to dress up like a freaking clown. No.
46,62,Ses05M_impro04_F,neutral,"What if you do kids parties? oh, come on."
46,63,Ses05M_impro04_M,frustration,"No, it's demeaning.  I am not a clown.  I have talent.  Clowns don't have talent."
46,64,Ses05M_impro04_F,neutral,Okay.  All right.
46,65,Ses05M_impro04_M,frustration,It's that simple.
46,66,Ses05M_impro04_F,neutral,"Okay.  Well, fine. we won't- I won't argue with you about that."
46,67,Ses05M_impro04_M,frustration,yeah.
46,68,Ses05M_impro04_F,frustration,What else?  I can't -- uh.  I'm drawing a blank here.
46,69,Ses05M_impro04_M,frustration,You and me both.
46,70,Ses05M_impro04_F,neutral,"That's rough.  I'm really sorry, Ryan."
46,71,Ses05M_impro04_M,neutral,"Yeah, life sucks."
46,72,Ses05M_impro04_F,neutral,"Well, um, is that kinda like the side of you that you let people see when you go into these job interviews?"
46,73,Ses05M_impro04_M,frustration,"No, I just showed that for you [garbage]."
46,74,Ses05M_impro04_F,neutral,"Okay.  Well, that's good.  Yeah, I mean, you're you're- when you're happy you're a pretty personable guy.  And I don't --I don't"
46,75,Ses05M_impro04_M,frustration,I like to think so.
46,76,Ses05M_impro04_F,neutral,I can't see where the issue would be. so
46,77,Ses05M_impro04_M,frustration,see.
46,78,Ses05M_impro04_M,anger,"Yeah, well thanks for your help."
46,79,Ses05M_impro04_F,neutral,"I'm sorry.  Good luck, man."
46,80,Ses05M_impro04_M,sadness,I'll need it.
47,0,Ses03F_script01_3_F,happiness,You're the only one I know that still loves his parents.
47,1,Ses03F_script01_3_M,happiness,"Yeah. I know. It went out of style, didn't it?"
47,2,Ses03F_script01_3_F,happiness,"No, it's all right. There's nothing wrong in that, you know."
47,3,Ses03F_script01_3_F,happiness,It's really lovely here. The air is sweet.
47,4,Ses03F_script01_3_M,neutral,You're not sorry you came?
47,5,Ses03F_script01_3_F,sadness,No. I'm not sorry. It's-
47,6,Ses03F_script01_3_F,neutral,I can't stay.
47,7,Ses03F_script01_3_M,neutral,Why not?
47,8,Ses03F_script01_3_F,frustration,"Well, for one thing, your mother so much has told me to go. [LAUGHTER]."
47,9,Ses03F_script01_3_M,neutral,Well-
47,10,Ses03F_script01_3_F,neutral,"Look,"
47,11,Ses03F_script01_3_F,neutral,"you've been acting kind of, well, you know."
47,12,Ses03F_script01_3_M,neutral,What?
47,13,Ses03F_script01_3_F,sadness,"Well, you've been embarrassed ever since I came."
47,14,Ses03F_script01_3_M,neutral,"Yes, I guess I have been. But it's going from me now."
47,15,Ses03F_script01_3_M,happiness,"Oh look, um, well, the thing is, I was planning on, planning on sort of sneaking up on you over a week or so, and they-they take it for granted we're all set."
47,16,Ses03F_script01_3_F,neutral,Yeah.
47,17,Ses03F_script01_3_M,neutral,How did you know?
47,18,Ses03F_script01_3_F,neutral,"Yeah, they would. Especially your mom."
47,19,Ses03F_script01_3_M,neutral,"Well, uh- would you want to?"
47,20,Ses03F_script01_3_M,happiness,"I, I guess that's why I asked you to come."
47,21,Ses03F_script01_3_F,happiness,"Well, I mean,"
47,22,Ses03F_script01_3_M,happiness,"Oh, Annie."
47,23,Ses03F_script01_3_F,happiness,"from her opinion, why else would I come here?"
47,24,Ses03F_script01_3_M,happiness,"Annie, I love you."
47,25,Ses03F_script01_3_M,happiness,I love you a great deal.
47,26,Ses03F_script01_3_M,happiness,I-I love you. I have no imagination. That's all I know how to tell it.
47,27,Ses03F_script01_3_F,happiness,"Well, I guess that's why I came."
47,28,Ses03F_script01_3_M,happiness,"I'm embarrassing you. I didn't want to tell you it here. I wanted to go somewhere that would be brand-new to each other. It feels wrong here, don't you? This yard and this chair."
47,29,Ses03F_script01_3_M,happiness,I don't want to win you from anybody. I want you to be ready for me.
47,30,Ses03F_script01_3_F,happiness,"I've been ready for a long, long time."
47,31,Ses03F_script01_3_M,neutral,Then he's gone forever. You're sure?
47,32,Ses03F_script01_3_F,neutral,Look
47,33,Ses03F_script01_3_F,neutral,I was almost married two years ago.
47,34,Ses03F_script01_3_M,neutral,Why didn't you?
47,35,Ses03F_script01_3_F,neutral,'Cause you started to write me.
47,36,Ses03F_script01_3_M,happiness,You felt something that far back?
47,37,Ses03F_script01_3_F,happiness,Every day since.
47,38,Ses03F_script01_3_M,happiness,Why didn't you let me know?
47,39,Ses03F_script01_3_F,neutral,"Well, I don't know, you didn't write until then and then when you did, what'd you say?"
47,40,Ses03F_script01_3_F,neutral,You always can be so ambiguous.
47,41,Ses03F_script01_3_M,happiness,"Give me a kiss, Annie."
47,42,Ses03F_script01_3_M,happiness,Give me-
47,43,Ses03F_script01_3_M,neutral,"[LAUGHTER]. God, I kissed Annie. I kissed Annie. How long, how long I've been waiting to kiss you."
47,44,Ses03F_script01_3_F,happiness,I don't know if I ever can forgive you for that. Why'd you wait so long? I sat in my room wondering if I was crazy for thinking about you.
47,45,Ses03F_script01_3_M,happiness,We're going to live now. I'm going to make you so happy.
47,46,Ses03F_script01_3_F,neutral,"Not like that, you're not."
47,47,Ses03F_script01_3_M,happiness,I kissed you.
47,48,Ses03F_script01_3_F,happiness,"Like Larry's brother. Do it like you, Chris."
47,49,Ses03F_script01_3_F,neutral,What is it?
47,50,Ses03F_script01_3_M,sadness,Let's drive somewhere. I want to be alone with you.
47,51,Ses03F_script01_3_F,sadness,No. What is it? Is it your mother?
47,52,Ses03F_script01_3_M,neutral,"No, no, no, no. Nothing like that."
47,53,Ses03F_script01_3_F,sadness,"Well then tell me what's wrong. I mean, even in your letters there's something ashamed."
47,54,Ses03F_script01_3_M,sadness,"Yeah. I guess there is. I guess I was, but uh- it's going from me now."
47,55,Ses03F_script01_3_F,sadness,You should tell me.
47,56,Ses03F_script01_3_M,sadness,I don't know where to start.
47,57,Ses03F_script01_3_F,sadness,"But, Chris, it wouldn't work like this."
47,58,Ses03F_script01_3_M,sadness,You know when I went overseas. I said I was in command of a company.
47,59,Ses03F_script01_3_F,sadness,"Yeah, sure."
47,60,Ses03F_script01_3_M,sadness,"Well, I lost them."
47,61,Ses03F_script01_3_F,sadness,How many?
47,62,Ses03F_script01_3_M,sadness,Just about all.
47,63,Ses03F_script01_3_F,sadness,Geez.
47,64,Ses03F_script01_3_M,sadness,It takes a little while to toss that off. Because they weren't just men.
47,65,Ses03F_script01_3_M,sadness,"For instance, one time, it had to have been raining several days. There was this one kid, he came up to me and he gave me his last pair of dry socks. Put them in my pocket."
47,66,Ses03F_script01_3_M,sadness,"I mean, that's-that's only a little thing, but that's the kind of guys I had. They didn't just die. They killed themselves for each other. And I mean that exactly. A little more selfish and they'd still be here today."
47,67,Ses03F_script01_3_M,sadness,"And I, and I thought something watching them go down."
47,68,Ses03F_script01_3_M,sadness,"Everything was being destroyed, see, but there was one new thing that was being created. A kind of responsibility, man for man. You understand me?"
47,69,Ses03F_script01_3_M,sadness,And to show that-to bring that onto the earth like some sort of monument standing right behind us where everyone could feel it and it would make a difference to him.
47,70,Ses03F_script01_3_M,sadness,And I came back here and it was incredible. There was no meaning in that here. The whole thing to them was a bus accident.
47,71,Ses03F_script01_3_M,sadness,And I went to work with dad and that rat race again. And I felt what you said-ashamed somehow. Because nobody was changed at all. It seemed to make a sucker out of a lot of guys.
47,72,Ses03F_script01_3_M,sadness,"And I felt wrong to be alive. To drive the car, to see the new checkbook, to see the new refrigerator. I mean, you can take those things out of the war. But you got to know that when you drive that car that that came out of the love a man can have for another man. And you got to be a little bit better because of that."
47,73,Ses03F_script01_3_M,sadness,"Otherwise, what you have here is loot; and there's blood on it."
47,74,Ses03F_script01_3_M,sadness,And I didn't want to take any of it.
47,75,Ses03F_script01_3_M,sadness,And I guess that included you.
47,76,Ses03F_script01_3_F,sadness,And you still feel that way?
47,77,Ses03F_script01_3_M,neutral,"I want you now, Annie."
47,78,Ses03F_script01_3_F,sadness,"Because you can't feel that way, never again, Chris. You hear me? Never. I mean, the money and me too."
47,79,Ses03F_script01_3_F,neutral,"I mean, there's nothing wrong in that money, and your father put good planes up in the air and you should be proud of that. A man should be paid for that."
47,80,Ses03F_script01_3_M,happiness,"Annie,"
47,81,Ses03F_script01_3_M,happiness,"Annie, I'm going to make a fortune for you."
47,82,Ses03F_script01_3_F,happiness,What am I going to do with a fortune?
48,0,Ses04M_impro03_M,neutral,"So, um, well, I just -- I kind of wanted to, you know, tell you that I'm actually -- I proposed to Kate and we're going to get married."
48,1,Ses04M_impro03_F,neutral,"Wait, what?"
48,2,Ses04M_impro03_M,neutral,"Yeah. Yeah, I proposed to her yesterday. We're getting -- we're engaged now and we're going to -- we're going to get married in about eight months."
48,3,Ses04M_impro03_F,neutral,"Oh, my God.  Congratulations."
48,4,Ses04M_impro03_M,neutral,"Yeah, it's pretty amazing, huh?"
48,5,Ses04M_impro03_F,neutral,I can't -- how did you do it?  What happened?
48,6,Ses04M_impro03_M,neutral,Well I decided to take her sailing
48,7,Ses04M_impro03_M,neutral,"and we were just out on the water and, you know, I just -- I had the ring with me.  And I was like let's do this.  And she was like okay and then we're getting married."
48,8,Ses04M_impro03_F,neutral,[LAUGHTER] Well you paint a romantic picture.
48,9,Ses04M_impro03_M,happiness,"Well I didn't want it to be like cheesy, you know."
48,10,Ses04M_impro03_F,neutral,Did she cry?
48,11,Ses04M_impro03_M,happiness,"She didn't cry, but she was laughing a lot and it was very exciting, so..."
48,12,Ses04M_impro03_F,neutral,"Oh, my God.  How long have you been planning on doing this?"
48,13,Ses04M_impro03_M,happiness,"Honestly, it was kind of quickly.  It was actually only in the past couple months."
48,14,Ses04M_impro03_F,neutral,I can't believe this.  You're getting married. It's crazy!
48,15,Ses04M_impro03_M,happiness,"Yeah. Yeah. So- I know.  I know. I know.  It's weird 'cause it's like the beginning of the rest of my life, you know."
48,16,Ses04M_impro03_F,neutral,"Yeah, it is."
48,17,Ses04M_impro03_M,happiness,"But uh- no, I mean, you know.  You know, I really want you to like, you know, sort of"
48,18,Ses04M_impro03_M,neutral,"help Kate out with like planning stuff. I mean, if you want to.  I mean, you guys are good friends anyway so I figured, you know, if you guys want to like -- I mean, you know, I'm sure you enjoy that kind of thing."
48,19,Ses04M_impro03_F,neutral,"Yeah, I would love to. Thanks. [LAUGHTER]"
48,20,Ses04M_impro03_M,neutral,Okay. Well there you go.
48,21,Ses04M_impro03_F,neutral,"Oh, my God, where -- have you guys talked about where you're going to get married or--"
48,22,Ses04M_impro03_M,neutral,I think we're going to -- we're going to -- we want to do it in Hawaii and just fly everybody in.
48,23,Ses04M_impro03_F,neutral,"Oh, my God."
48,24,Ses04M_impro03_M,neutral,"I just -- 'cause, I mean, Hawaii just has like the best fruit buffets.  And so I'm just going to say forget, you know, all like kind of meats and all that stuff."
48,25,Ses04M_impro03_M,neutral,"It's just going to be like a all fruit--fruit buffet wedding, plus a cake."
48,26,Ses04M_impro03_F,neutral,Are you going to get married like on the beach barefoot or like fancier?  Like in a church.
48,27,Ses04M_impro03_M,neutral,Barefoot?
48,28,Ses04M_impro03_F,neutral,Well I don't know.  Throwing it out there.
48,29,Ses04M_impro03_M,neutral,"Um, no, no, no.  It'll be in like a park near the beach."
48,30,Ses04M_impro03_F,neutral,Okay.
48,31,Ses04M_impro03_M,neutral,Yeah.  But I'm really excited.  So and everybody's going to come out and it'll be a great time.  And--
48,32,Ses04M_impro03_F,neutral,"Are you going to have a big wedding or like keep it really small like just, you know, family and really close friends?  Or, I mean--"
48,33,Ses04M_impro03_M,neutral,"It'll be kind of small, but not, you know, not tiny, you know.  I want to have, you know, as many people as we can afford to fly out to Hawaii and put up there for--"
48,34,Ses04M_impro03_F,neutral,It's so exciting.  What's the ring look like?
48,35,Ses04M_impro03_M,neutral,It's big and shiny.  I don't know.  It's silver and--
48,36,Ses04M_impro03_F,neutral,Big and shiny.  You're such a guy. [LAUGHTER]
48,37,Ses04M_impro03_M,happiness,"Yeah, I don't know. [LAUGHTER] But, yeah, so anyway -- well I wanted to tell you that, you know, 'cause you're one of my good friends and you're Kate's- one of her best friends and-"
48,38,Ses04M_impro03_F,neutral,I'm so excited for you. That's great. I'm so-
48,39,Ses04M_impro03_M,happiness,"Yeah, yeah. She was actually -- she was going to tell you but I told her that I wanted to tell you and she had to work today anyway, so I decided to-"
48,40,Ses04M_impro03_F,neutral,Well I'm glad you told me.
48,41,Ses04M_impro03_M,happiness,"Yeah, yeah."
48,42,Ses04M_impro03_F,neutral,It's fantastic.  I -- congratulations. It's amazing.
48,43,Ses04M_impro03_M,neutral,"Thank you.  I'm really -- I'm really excited.  And it's -- I don't know, it's like a little -- it's like a little scary, 'cause I'm like, ah, you know, it's the first time I've ever done anything like this."
48,44,Ses04M_impro03_M,happiness,"But, you know, it's like I really love her and I really just -- I can't imagine spending my life with anybody else but her.  So, you know, it's like I know that's the right thing.  And if you have to, you know, if you have to question that, you know, don't- don't do it.  So we're going to do it."
48,45,Ses04M_impro03_M,happiness,"And it's going to -- the -- you know, I told her that I just -- I want the color brown to be as an integral in the wedding.  And, um, maybe some greens and blues."
48,46,Ses04M_impro03_F,neutral,And how did she feel about that?
48,47,Ses04M_impro03_M,happiness,She's okay with it.
48,48,Ses04M_impro03_F,neutral,Well that's good.  It'll be a great wedding.  You're willing to compromise on things.
48,49,Ses04M_impro03_M,neutral,"Exactly, exactly, exactly.  So--"
48,50,Ses04M_impro03_F,neutral,She's going to let you have say in the wedding choices?  That's pretty impressive. Very forward-thinking woman. [LAUGHTER]
48,51,Ses04M_impro03_M,happiness,"Well, I mean I just told her--Well I just said, you know, hey, these are my suggestions."
48,52,Ses04M_impro03_F,neutral,And brown.
48,53,Ses04M_impro03_M,happiness,All fruit and the color brown. Just that. That's all- that's my only request.
48,54,Ses04M_impro03_F,happiness,This is why men don't plan weddings. [LAUGHTER]
48,55,Ses04M_impro03_M,happiness,Yeah.  Well maybe--maybe you're right. Maybe there's something to that.
48,56,Ses04M_impro03_F,neutral,All fruit and brown. [LAUGHTER]
48,57,Ses04M_impro03_M,neutral,"So, um, anyway, do you want to order now?   So, um I mean--"
49,0,Ses01F_impro07_M,neutral,Did you get the letter?
49,1,Ses01F_impro07_F,neutral,"Yes.  There's a big envelope it says, you're in. I know."
49,2,Ses01F_impro07_M,neutral,Yeah. That is so awesome.
49,3,Ses01F_impro07_M,neutral,Oh my God. What are you going to do? [LAUGHTER]
49,4,Ses01F_impro07_F,neutral,So I have to move back to the ghetto but...I know.
49,5,Ses01F_impro07_M,neutral,"Oh-Yeah, I bet you're really excited. Oh.  That's what loans are for?  Right? Exactly."
49,6,Ses01F_impro07_F,neutral,"I'm really excited.  Yeah. I don't know how I'm going to pay for anything, but... I also- Yeah.  Loans, too, yeah. I applied, though, for a bunch of grants and scholarships so I'm still waiting to hear on that."
49,7,Ses01F_impro07_M,neutral,"Oh.  Good, good.  That's awesome. Are you going to stay around here?  Or are you going to like get a different neighborhood- you going to move to a different neighborhood?"
49,8,Ses01F_impro07_F,neutral,"Oh- I know, I know, I know, I know."
49,9,Ses01F_impro07_F,neutral,"I don't know.  I spend so much time commuting as it is, I'd rather."
49,10,Ses01F_impro07_M,neutral,This is so- I am so happy that you're going to stay.  You're not going to...We should totally throw a party.
49,11,Ses01F_impro07_F,neutral,I know. We should throw a party.
49,12,Ses01F_impro07_F,neutral,"At Arapaho we could afford that. [GARBAGE]. Yeah.  So what are you doing this summer, though?  You're staying around, too, yeah?"
49,13,Ses01F_impro07_M,neutral,A rapper party ho. Yeah. Okay.
49,14,Ses01F_impro07_M,neutral,"I am just- Yeah.  I'm sticking around, I'm just doing my thing.  I'm living here.  I'm so glad you're going to stay, I'm so glad you're going to be here. Yeah. Woo."
49,15,Ses01F_impro07_F,neutral,It's a relief too. I mean I was thinking I was going to have to pack up all of my stuff but yeah. Hooray for U.S.C.
49,16,Ses01F_impro07_M,neutral,Yeah.  Big time.
49,17,Ses01F_impro07_M,neutral,Mmhmm. Mmhmm. Yay. So what major?  What are you doing?
49,18,Ses01F_impro07_F,neutral,"Umm. It's...It's uhh...It's Critical Studies. It's a really prestigious program, so they say."
49,19,Ses01F_impro07_M,neutral,"Oh, okay."
49,20,Ses01F_impro07_M,neutral,Ooh. Fancy.
49,21,Ses01F_impro07_F,neutral,Yeah.  I'm not sure.
49,22,Ses01F_impro07_M,neutral,Is this a Masters or a P.h.D.?  Or can you...? Nice
49,23,Ses01F_impro07_F,neutral,Umm...P.h.D. [LAUGHTER]
49,24,Ses01F_impro07_M,neutral,"That's good.  Don't you have to like teach a class, too, when you do that?"
49,25,Ses01F_impro07_F,neutral,"Um, yeah, yeah.  I'm a TA for two sessions. Mmhmm."
49,26,Ses01F_impro07_M,neutral,"Teacher. Mrs. Nash, I have a question."
49,27,Ses01F_impro07_F,neutral,So I get to mold young minds. Mrs.?  That's my mother.
49,28,Ses01F_impro07_M,neutral,You have to get married.  Well you are married to Chuck.  You're Mrs. Nash.  Not to be confused with Mrs. Dash which is the popular seasoning.
49,29,Ses01F_impro07_F,neutral,"I would be like- Oh. Right, right, right."
49,30,Ses01F_impro07_M,neutral,"Mrs. Nash.  That's so awesome, though."
49,31,Ses01F_impro07_F,neutral,"Yeah. Yeah I'm excited. Hooray.  And then I'll be a millionaire once I graduate, you understand? Because that's the way it works."
49,32,Ses01F_impro07_M,neutral,Yay...School's fun.
49,33,Ses01F_impro07_M,neutral,"Of course, right.  That's where the real money is, being a student."
49,34,Ses01F_impro07_F,neutral,Yeah.  Totally. [LAUGHTER]
49,35,Ses01F_impro07_M,happiness,That's how you get the big bucks.  Are you messing with the chair? Don't ruin it.
49,36,Ses01F_impro07_F,neutral,"I know. I made such a mess of it, the entire time.  The last three things I've done, I've ruined everything, I think. Mm-hmm.  Yeah."
50,0,Ses04F_script02_2_M,neutral,"Well, so what do you think?"
50,1,Ses04F_script02_2_F,neutral,About what?
50,2,Ses04F_script02_2_M,neutral,What I said.
50,3,Ses04F_script02_2_F,neutral,It's ridiculous.
50,4,Ses04F_script02_2_M,neutral,It certainly is not.  It's slightly exaggerated scientific fact.
50,5,Ses04F_script02_2_F,anger,It's PR.  Somebody sold you a bill of goods that this wonderful event is going to take place on the beach.
50,6,Ses04F_script02_2_M,neutral,I'm not the only one.  Look at these people.
50,7,Ses04F_script02_2_F,neutral,"Well sure everybody's told the same story.  It keeps us all coming back for more.  It keeps us all excited, keeps us thinking that life is going to start any minute now if we can just find the right spot and get in on the action."
50,8,Ses04F_script02_2_M,neutral,Are we talking about the same thing?
50,9,Ses04F_script02_2_F,neutral,Well I'm sorry but it's still just fish to me.
50,10,Ses04F_script02_2_M,neutral,"Carla, can I ask you something?  Don't take this the wrong way but are you having your period?"
50,11,Ses04F_script02_2_F,anger,Goddamn it Augie don't ask me that.  You always ask me that.  I hate it when you ask me that.  It's insulting.
50,12,Ses04F_script02_2_M,frustration,Well then what's bugging you?
50,13,Ses04F_script02_2_F,anger,We just have different ideas about what this evening is supposed to look like.
50,14,Ses04F_script02_2_M,frustration,"There's nothing to it.  We come down here.  The grunions arrive.  They do their little fish business.  We go oh, ah look at the fish.  They go home.  We go home."
50,15,Ses04F_script02_2_F,anger,"For heaven's sake, this is not about fish."
50,16,Ses04F_script02_2_M,frustration,Why not?
50,17,Ses04F_script02_2_F,neutral,We totally skipped. Right.
50,18,Ses04F_script02_2_M,neutral,"There's nothing to it.  We come down here.  The grunions arrive.  They do the little fish business.  We go oh, ah look at the fish.  They go home.  We go home."
50,19,Ses04F_script02_2_F,anger,"For heaven's sake, grow up we are not going to see the Grunions."
50,20,Ses04F_script02_2_M,frustration,Why not?
50,21,Ses04F_script02_2_F,anger,We never do.  Do we have we ever?
50,22,Ses04F_script02_2_M,frustration,We've missed them twice that's not ever.
50,23,Ses04F_script02_2_F,anger,Twice is every time we've tried that's ever.
50,24,Ses04F_script02_2_M,frustration,We'll see them this year.
50,25,Ses04F_script02_2_F,neutral,"No, we won't.  It's pointless.  It's like waiting up to see Santa Clause."
50,26,Ses04F_script02_2_F,neutral,"God I feel as though my entire life is going to be spent standing on the beach with my eyes wide open and my hands clasped expectantly waiting for the fish to show up,"
50,27,Ses04F_script02_2_F,anger,and the fish won't show up.
50,28,Ses04F_script02_2_M,frustration,I thought you wanted to see it.
50,29,Ses04F_script02_2_F,frustration,You don't understand anything I'm saying.
50,30,Ses04F_script02_2_M,frustration,"No, of course not."
50,31,Ses04F_script02_2_F,frustration,I did want to see it.  I always do.  I keep thinking that this time will be the time but it never is.
50,32,Ses04F_script02_2_M,frustration,It's just a fish.  Nothing to get traumatized over.
50,33,Ses04F_script02_2_F,neutral,"For heaven's sake, this is not about fish."
50,34,Ses04F_script02_2_M,frustration,I've been trying to work this backwards but I can't seem to pinpoint the moment when we took a turn for the worse.  You were fine during the phone call from Marge.  Dinner was okay.  Doing the dishes was no problem.
50,35,Ses04F_script02_2_M,neutral,Let's see I took a shower.  You watched the news.  You said the Grunions are running tonight. I said great let's go.  I feel lucky tonight.
50,36,Ses04F_script02_2_M,neutral,"Okay.  Uh, so I'm putting on my jacket, putting out the animals.  We're getting the car out of the garage."
50,37,Ses04F_script02_2_F,neutral,Do you remember the first time we came to see it?  It was about four years ago right after we got married.
50,38,Ses04F_script02_2_F,sadness,We thought I was pregnant and we had a bottle of champagne but no glasses.  You asked me to dance.  So we took off our shoes
50,39,Ses04F_script02_2_F,sadness,"and you popped the cork and while we were dancing, you said the softest most intimate things to me"
50,40,Ses04F_script02_2_F,sadness,right into my ear so that I could hear them as much as- so that I could feel them as much as hear them.
50,41,Ses04F_script02_2_F,sadness,"And I remember thinking this is it.  At last, at last I'm as happy as I'm supposed to be."
50,42,Ses04F_script02_2_M,neutral,Wait a minute.  I've got it.
50,43,Ses04F_script02_2_F,sadness,"Dancing barefoot in the sand, drinking champagne from the bottle."
50,44,Ses04F_script02_2_M,neutral,"It was in the car right.  Driving past the Knickerbocker Liquor Locker, you said let's get some champagne and I said times a wasting or something like that.  Right?"
50,45,Ses04F_script02_2_M,neutral,"That's it, right?  You want this to be like the other time, right.  That's it."
50,46,Ses04F_script02_2_F,sadness,I would rather not remember some things.  I would rather not hope for some things.
50,47,Ses04F_script02_2_M,neutral,Okay.  Right.  I got it.  Sure.  Of course.  Listen you want to dance?
50,48,Ses04F_script02_2_F,neutral,No.
50,49,Ses04F_script02_2_M,neutral,You want me to get some champagne?
50,50,Ses04F_script02_2_F,sadness,No.
50,51,Ses04F_script02_2_M,neutral,Take off our shoes?
50,52,Ses04F_script02_2_F,frustration,No.  No.
50,53,Ses04F_script02_2_M,frustration,Well what?  Want me to breath in your ear?
50,54,Ses04F_script02_2_F,frustration,No.
50,55,Ses04F_script02_2_M,frustration,Want to get married again?
50,56,Ses04F_script02_2_F,frustration,No.
50,57,Ses04F_script02_2_M,frustration,What?  What do you want a divorce?
50,58,Ses04F_script02_2_F,frustration,No.
50,59,Ses04F_script02_2_M,frustration,A vacation?
50,60,Ses04F_script02_2_F,anger,No.
50,61,Ses04F_script02_2_M,frustration,"A new carpet, a poodle, a backrub, ice cream, a suicide pact.  What?  What?  Carla what the hell do you want?"
50,62,Ses04F_script02_2_F,neutral,I want something to turn out the way it's supposed to.
50,63,Ses04F_script02_2_M,neutral,Well welcome to the human race.  You think this is what I had in mind.
50,64,Ses04F_script02_2_M,frustration,"Do you think that when I proposed, I had this great fantasy going that four years down the line we'd come to the beach and yell at each other over fish."
50,65,Ses04F_script02_2_M,frustration,Do you think that I knew that there'd be times when you'd look at me like I'm a used Kleenex and times I would look at you and think holy hell when's the next flight to Alaska.
50,66,Ses04F_script02_2_M,frustration,"No, no I'm just like you.  I thought it was going to be all peaches and roses and sand in our hair and wind in our"
50,67,Ses04F_script02_2_M,frustration,"Sand in our toes and wind in our hair and the fish will always come and the bills will always pay themselves and ha, ha baby the jokes on us.  Because you know what you get,"
50,68,Ses04F_script02_2_M,neutral,"you know what you get Carla, this."
50,69,Ses04F_script02_2_F,anger,"This what, what is this?  This isn't even anything."
50,70,Ses04F_script02_2_M,neutral,Yes it is.
50,71,Ses04F_script02_2_F,anger,"Oh, right, sure this is standing on the beach.  This is waiting.  This is fighting."
50,72,Ses04F_script02_2_M,neutral,Right.
50,73,Ses04F_script02_2_F,neutral,But this isn't anything like I thought anything would be like.
50,74,Ses04F_script02_2_M,neutral,"No, I know me either."
50,75,Ses04F_script02_2_F,neutral,"This is just this.  I mean it includes a lot in everything but it's just not, you know, something else.  Do you have any idea what I'm trying to say?"
50,76,Ses04F_script02_2_M,frustration,I'm doing the best I can.
50,77,Ses04F_script02_2_F,sadness,"I know you are, Augie.  Really I do.  I know you wanted this to be special and nice and it's the full moon and the sand and all but I just couldn't help thinking about being somewhere else."
50,78,Ses04F_script02_2_M,sadness,Maybe if you were with somebody else too.
50,79,Ses04F_script02_2_F,frustration,I didn't say that.
50,80,Ses04F_script02_2_M,sadness,"No, I know but still.  I know I don't make you happy."
50,81,Ses04F_script02_2_F,frustration,"For heaven's sake, whatever I'm doing I'd rather be doing it with you."
50,82,Ses04F_script02_2_M,neutral,Yeah?
50,83,Ses04F_script02_2_F,frustration,Well don't be ridiculous.  Don't you know that?  You're the one who probably wishes you were with somebody else
50,84,Ses04F_script02_2_F,sadness,somebody who knew how to enjoy herself and didn't take everything so hard.
50,85,Ses04F_script02_2_M,neutral,"Actually now that you mention it, no I don't."
50,86,Ses04F_script02_2_F,neutral,Okay.  Fine.  So we're in the wrong spot but we're with the right person.
50,87,Ses04F_script02_2_M,neutral,I don't know.  It seemed like a good spot to me.
50,88,Ses04F_script02_2_M,neutral,I mean look at the view you've got of the moon from here.
50,89,Ses04F_script02_2_F,happiness,"Yeah, I noticed that.  Looks pretty on the water doesn't it, big old white moon."
50,90,Ses04F_script02_2_M,neutral,Well look at what we got here.
50,91,Ses04F_script02_2_F,happiness,"Oh, Augie you brought refreshments."
50,92,Ses04F_script02_2_M,neutral,It's not champagne.
50,93,Ses04F_script02_2_F,happiness,Well then I guess we don't need glasses.
50,94,Ses04F_script02_2_M,neutral,You still cold?  Do you want to go home?
50,95,Ses04F_script02_2_F,happiness,I'm beginning to think you might be right.  I think this may be the spot after all.  Augie I'm sorry.
50,96,Ses04F_script02_2_M,neutral,"Shh.  If we're very quiet, the fish might come."
50,97,Ses04F_script02_2_F,neutral,Or not.
50,98,Ses04F_script02_2_M,neutral,Or not.
51,0,Ses02F_impro07_M,neutral,"So, how's it going?"
51,1,Ses02F_impro07_F,neutral,"It's going really well.  Um, I received something in the mail today."
51,2,Ses02F_impro07_M,neutral,"Oh, you got what?  Where?"
51,3,Ses02F_impro07_F,neutral,I got into U.S.C.
51,4,Ses02F_impro07_M,neutral,"Oh, no way."
51,5,Ses02F_impro07_F,neutral,"Yeah, I'm so excited.  So I'm gonna say--"
51,6,Ses02F_impro07_M,neutral,Are you gonna go? you gonna-
51,7,Ses02F_impro07_F,neutral,"Yeah, I think, I mean because where else would I gonna go?  Like the other places that I applied to I really didn't like that much anyway."
51,8,Ses02F_impro07_F,neutral,So--
51,9,Ses02F_impro07_M,neutral,"Wow, that's..."
51,10,Ses02F_impro07_M,neutral,"...that's first choice, huh? That's so awesome and now look you're gonna be--you're gonna be here. you know"
51,11,Ses02F_impro07_F,neutral,"Yeah, I know."
51,12,Ses02F_impro07_F,neutral,Absolutely. I'm so excited.
51,13,Ses02F_impro07_F,neutral,"I know.  I know. And we'll all get to hang out.  And I'm--even though we'll be at like at different parts of the city, we can still, like..."
51,14,Ses02F_impro07_F,neutral,"...hang out and, like, have our different lives--And meet each other's friends and stuff.  So, I'm just so glad 'cause they have such a good school"
51,15,Ses02F_impro07_M,neutral,"Yeah, no, definitely--It's gonna.."
51,16,Ses02F_impro07_M,neutral,Yeah.
51,17,Ses02F_impro07_F,neutral,"and like-- The football team--And like all the-...you- what I mean, like..."
51,18,Ses02F_impro07_M,neutral,Yeah
51,19,Ses02F_impro07_M,neutral,Fight on.
51,20,Ses02F_impro07_F,neutral,"You can walk somewhere and be anywhere in the country and be like, oh, yeah, I am at U.S.C."
51,21,Ses02F_impro07_F,neutral,"And you know what, you know what I mean, like it's recognizable rather than just being like I went some random school. It's like people really know what you..."
51,22,Ses02F_impro07_M,neutral,[LAUGHTER]
51,23,Ses02F_impro07_M,neutral,Wow. That's cool.
51,24,Ses02F_impro07_F,neutral,"...like, they feel like--I feel like it's going to be so like accomplished.  Do you know what I mean?"
51,25,Ses02F_impro07_F,neutral,Like it has some prestige. so
51,26,Ses02F_impro07_M,neutral,Yeah. Hey. Prestigious school.
51,27,Ses02F_impro07_M,neutral,"So, what, do you have to send in your deposit now?  Or what you-?"
51,28,Ses02F_impro07_F,neutral,"Yeah, I mean there's all the money stuff and my mom's helping me with the financial aid and stuff.  But, it'll be fine--"
51,29,Ses02F_impro07_F,neutral,"Like, now that I'm accepted, it's just, like, such a huge load off my mind."
51,30,Ses02F_impro07_M,neutral,That's great.
51,31,Ses02F_impro07_F,neutral,I don't mind worrying about all the paperwork.  You know--
51,32,Ses02F_impro07_M,neutral,Yeah.
51,33,Ses02F_impro07_M,neutral,So...
51,34,Ses02F_impro07_F,neutral,"Because, I don't have to like make that decision anymore.  I don't have to try and decide, like, what the bad school I'm going to go to is. you know"
51,35,Ses02F_impro07_M,neutral,"Right.  Right.  Right. Oh, man, then you're going to have to do orientation, I guess."
51,36,Ses02F_impro07_F,neutral,"I know. I know.  I think you go and you like stay for a couple of days and you meet people and--And they'll give you like a tour--And show you everything.  Oh, man, I'm just so--I'm so excited."
51,37,Ses02F_impro07_M,happiness,That'll be awesome.
51,38,Ses02F_impro07_M,happiness,"I mean because you went to the campus before, right?"
51,39,Ses02F_impro07_F,neutral,"Yeah, oh totally.  It's a beautiful campus.  It's gonna be really nice.  Um, and everyone is friendly and like there's ivy on all the walls.  Oh, it's just so--it's so like collegiate."
51,40,Ses02F_impro07_F,neutral,"You know what I mean?  Like, it's like exactly what I want."
51,41,Ses02F_impro07_M,neutral,So what're you--what're you gonna do there?  Have you decided?  Thought about it?
51,42,Ses02F_impro07_F,neutral,"Well, you know, I've thought about it but they have so many things that I might--Like try some things out first..."
51,43,Ses02F_impro07_M,neutral,"I know.  I mean, it's good all around."
51,44,Ses02F_impro07_F,neutral,"...because also on the list of their, um, like G.E.'s or whatever, you have a lot of choices within every single one.  So you can, like, try things out and not just be like, oh, I have to take math, oh, I have to take this.  You know what I mean?"
51,45,Ses02F_impro07_F,neutral,"So, um, so I don't know."
51,46,Ses02F_impro07_M,neutral,[LAUGHTER]
51,47,Ses02F_impro07_F,neutral,I mean I'm gonna take a bunch of stuff and see.
51,48,Ses02F_impro07_M,neutral,Oh man.
51,49,Ses02F_impro07_F,neutral,"I- They have like--they just have so many like prestigious like this school is top ten and like the departments within it, you know what I mean."
51,50,Ses02F_impro07_M,neutral,I always see people walking around with like U.S.C stuff on--
51,51,Ses02F_impro07_F,neutral,"I know, I get to be one of those now--I'll like walk around and be like a U.S.C..  You know what I mean."
51,52,Ses02F_impro07_M,neutral,You know is like.
51,53,Ses02F_impro07_M,neutral,I know.
51,54,Ses02F_impro07_M,neutral,Ahh. Yeah. [GARBAGE]
51,55,Ses02F_impro07_M,neutral,"You'll be like are you a fan or a student you know? Student. [LAUGHTER] Oh man, that's awesome."
51,56,Ses02F_impro07_F,neutral,And you'll be like...
51,57,Ses02F_impro07_F,neutral,"Student. I'm a student. Yes I am, Thank you very much."
51,58,Ses02F_impro07_F,neutral,[BREATHING]
51,59,Ses02F_impro07_M,neutral,A U.S.C. graduate now. You're set.
51,60,Ses02F_impro07_F,neutral,I know.  I'm excited.
51,61,Ses02F_impro07_F,neutral,"Well, that'll take a while. [GARBAGE]"
51,62,Ses02F_impro07_M,neutral,"I know, that's a ways down the road. That's cool."
51,63,Ses02F_impro07_F,neutral,That's going to be a lot of work.
51,64,Ses02F_impro07_F,neutral,"But, it'll be fine, I mean.  I'm so excited. It's going to be so fun."
51,65,Ses02F_impro07_M,neutral,In LA. Oh man.
51,66,Ses02F_impro07_F,neutral,"I know, and I mean the area's not great, but like the school makes up for it. It'll be fine. It'll be good."
51,67,Ses02F_impro07_M,neutral,So much.
51,68,Ses02F_impro07_M,neutral,"But it's LA, you know, everything."
51,69,Ses02F_impro07_M,neutral,You're getting close to the beach.  I mean geez.
51,70,Ses02F_impro07_F,neutral,I know. I know. So fun.  I can't wait.
51,71,Ses02F_impro07_M,neutral,"Cool.  Well give me a call, you know when--You get in town. definitely Awesome."
51,72,Ses02F_impro07_F,neutral,I will. I will. Thank you.
51,73,Ses02F_impro07_F,neutral,Thanks.
52,0,Ses02M_script03_2_M,neutral,"As a matter of fact, the real cause of that row was Peter Burden."
52,1,Ses02M_script03_2_F,neutral,You knew there was nothing in that.
52,2,Ses02M_script03_2_M,anger,I knew nothing of the sort. You took presents from him.
52,3,Ses02M_script03_2_F,neutral,"Presents, just a trivial little broach."
52,4,Ses02M_script03_2_M,neutral,"Yes, I remember it well, bristling with diamonds in the worst possible taste."
52,5,Ses02M_script03_2_F,neutral,No it wasn't. It was very pretty I still have it and I wear it often.
52,6,Ses02M_script03_2_M,anger,You went out of your way to torture me over Peter Burden.
52,7,Ses02M_script03_2_F,neutral,"No I didn't, you worked the whole thing up in your jealous imagination."
52,8,Ses02M_script03_2_M,neutral,"You must admit he was in love with you, wasn't he?"
52,9,Ses02M_script03_2_F,neutral,"Just a little perhaps, nothing serious."
52,10,Ses02M_script03_2_M,anger,You let him kiss you; you said you did.
52,11,Ses02M_script03_2_F,neutral,What of it?
52,12,Ses02M_script03_2_M,neutral,What of it?
52,13,Ses02M_script03_2_F,neutral,"It gave him a lot of pleasure, it didn't hurt me any."
52,14,Ses02M_script03_2_M,anger,What about me?
52,15,Ses02M_script03_2_F,neutral,"Well, if you hadn't been so nosey and suspicious you never wouldn't have known anything about it."
52,16,Ses02M_script03_2_M,neutral,That's a nice point of view I must say.
52,17,Ses02M_script03_2_F,frustration,I'm bored of this conversation.
52,18,Ses02M_script03_2_M,neutral,"Yes, me too, bored stiff. You want some Brandy?"
52,19,Ses02M_script03_2_F,neutral,No thanks.
52,20,Ses02M_script03_2_M,neutral,I have a little I think.
52,21,Ses02M_script03_2_F,neutral,I don't see why you want any you've already had two glasses.
52,22,Ses02M_script03_2_M,neutral,"No particular reason. Anyhow, they are very small ones."
52,23,Ses02M_script03_2_F,neutral,It just seems so silly to go on and on and on with such a thing.
52,24,Ses02M_script03_2_M,neutral,You can hardly call three liquor glasses in a whole evening going on and on and on.
52,25,Ses02M_script03_2_F,neutral,"Well, it's become a habit with you."
52,26,Ses02M_script03_2_M,neutral,You needn't be so grand just because don't happen want any yourself right now.
52,27,Ses02M_script03_2_F,neutral,Don't be so stupid.
52,28,Ses02M_script03_2_M,neutral,"Really, Amanda."
52,29,Ses02M_script03_2_F,anger,What?
52,30,Ses02M_script03_2_M,frustration,Nothing.
52,31,Ses02M_script03_2_F,neutral,No I'm just making myself fascinating for you.
52,32,Ses02M_script03_2_M,neutral,"Going out somewhere, dear?"
52,33,Ses02M_script03_2_F,neutral,It's a woman's job to allure the man
52,34,Ses02M_script03_2_M,neutral,That reply has broken my heart.
52,35,Ses02M_script03_2_F,neutral,"watch me a minute, will you?"
52,36,Ses02M_script03_2_M,neutral,"As a matter of fact, that's perfectly true."
52,37,Ses02M_script03_2_F,frustration,"Oh, no it isn't."
52,38,Ses02M_script03_2_M,neutral,Yes it is.
52,39,Ses02M_script03_2_F,anger,Be quiet.
52,40,Ses02M_script03_2_M,neutral,It's a pity you didn't have any more Brandy it might have made you a little less disagreeable.
52,41,Ses02M_script03_2_F,neutral,It doesn't seem to work such wonders with you.
52,42,Ses02M_script03_2_M,frustration,"Snap, snap, snap, like a little adder."
52,43,Ses02M_script03_2_F,neutral,Adders don't snap they sting.
52,44,Ses02M_script03_2_M,frustration,Oh nonsense they have a little bag of venom behind their fangs and they snap.
52,45,Ses02M_script03_2_F,neutral,They sting.
52,46,Ses02M_script03_2_M,frustration,They snap.
52,47,Ses02M_script03_2_F,anger,I don't care. Do you understand? I don't care. I don't care if they bark or roll about like hoops.
52,48,Ses02M_script03_2_M,neutral,"Tell me, did you see much of Peter Burden after our divorce?"
52,49,Ses02M_script03_2_F,neutral,"Yes, I did quite a lot."
52,50,Ses02M_script03_2_M,neutral,I imagine you let him kiss you good deal more then.
52,51,Ses02M_script03_2_F,neutral,Mind your own business.
52,52,Ses02M_script03_2_M,anger,What riotous time you must have had.
52,53,Ses02M_script03_2_M,anger,"No restraint at all, very enjoyable, never had much anyhow."
52,54,Ses02M_script03_2_F,neutral,You're quite insufferable. I expect it's because you're drunk.
52,55,Ses02M_script03_2_M,neutral,I am not in the least drunk.
52,56,Ses02M_script03_2_M,neutral,"I imagine, as I may have already mentioned, I've had three minute liquor glasses of Brandy the whole evening long a child of two couldn't get drunk on that."
52,57,Ses02M_script03_2_F,neutral,On the contrary a child of two could get violently drunk on only one glass of Brandy.
52,58,Ses02M_script03_2_M,neutral,"Oh very interesting. How about a child of four, a child of six or a child of nine?"
52,59,Ses02M_script03_2_F,anger,Oh be quiet.
52,60,Ses02M_script03_2_M,anger,"We can get a good little debate going about that, don't you think? Intemperate tots."
52,61,Ses02M_script03_2_F,neutral,"Not very funny my dear, you better have some more Brandy."
52,62,Ses02M_script03_2_M,neutral,All right. I will.
52,63,Ses02M_script03_2_M,neutral,Better turn that off I think.
52,64,Ses02M_script03_2_F,neutral,Why?
52,65,Ses02M_script03_2_M,neutral,Because it's late and it'll annoy the people upstairs.
52,66,Ses02M_script03_2_F,neutral,There aren't any people upstairs it's a photographer's studio.
52,67,Ses02M_script03_2_M,neutral,There are people downstairs I suppose?
52,68,Ses02M_script03_2_F,neutral,They're away in Tunis.
52,69,Ses02M_script03_2_M,neutral,This is no time of the year for Tunis.
52,70,Ses02M_script03_2_F,neutral,"Turn it on again, please."
52,71,Ses02M_script03_2_M,frustration,I'll do no such thing.
52,72,Ses02M_script03_2_F,frustration,"Very well, if you insist on being boorish and idiotic."
52,73,Ses02M_script03_2_M,neutral,Turn it off it's driving me mad.
52,74,Ses02M_script03_2_F,anger,You are far too temperamental. Try to control yourself.
52,75,Ses02M_script03_2_M,anger,Turn it off.
52,76,Ses02M_script03_2_F,anger,Stop it. Stop it. I hate you.
52,77,Ses02M_script03_2_M,anger,"Amanda, listen. Listen."
52,78,Ses02M_script03_2_F,anger,"Listen indeed. I'm sick and tired of listening to you, damn sadistic bully."
52,79,Ses02M_script03_2_M,anger,Very amusing indeed.
52,80,Ses02M_script03_2_F,anger,"Stop it. Stop it. I hate you, do you hear? You're overbearing and conceited and utterly impossible."
52,81,Ses02M_script03_2_M,anger,"You're a vile tempered, loose living, wicked little beast and I hope I never see you again as long as I live."
52,82,Ses02M_script03_2_F,anger,"This is the end, do you hear? The end finally and forever."
52,83,Ses02M_script03_2_M,anger,You're not going like this.
52,84,Ses02M_script03_2_F,anger,Oh yes I am.
52,85,Ses02M_script03_2_M,anger,You're not.
52,86,Ses02M_script03_2_F,anger,"Yes, I am. Let go of me you're cruel fiend and I hate and loathe you. Thank God I realized who you really are before I would ever, ever marry you again. I would never marry you again. I'd rather die in torment."
52,87,Ses02M_script03_2_M,anger,Shut up.
52,88,Ses02M_script03_2_M,anger,Shut up.
52,89,Ses02M_script03_2_M,anger,I wouldn't marry you again if you came to me on your bended knees. You're a evil minded little vampire. I hope to God I never see you again as long as I live.
52,90,Ses02M_script03_2_F,anger,You're a beast. I hate you. Stop it. Stop it.
53,0,Ses05F_impro07_F,neutral,So guess what.
53,1,Ses05F_impro07_M,neutral,what
53,2,Ses05F_impro07_F,neutral,I got into college.
53,3,Ses05F_impro07_M,neutral,"Shut up.  What'd you get, where'd you get accepted to? please"
53,4,Ses05F_impro07_F,neutral,U.S.C..
53,5,Ses05F_impro07_M,neutral,"Oh, sweet."
53,6,Ses05F_impro07_F,neutral,yeah.
53,7,Ses05F_impro07_M,neutral,So you're not going to leave me.
53,8,Ses05F_impro07_F,neutral,No.
53,9,Ses05F_impro07_M,neutral,"oh, good good good good good good."
53,10,Ses05F_impro07_F,neutral,I'll stay in town.
53,11,Ses05F_impro07_M,neutral,Are you going to live on campus?  Where are you going to live?
53,12,Ses05F_impro07_F,happiness,Uh- I don't know.
53,13,Ses05F_impro07_M,neutral,Uh! stay over here.  Like travel to school. because you are so close to me
53,14,Ses05F_impro07_F,neutral,"Well, I don't want to, I don't want to live with my mom."
53,15,Ses05F_impro07_M,happiness,"Okay, you're right, you're right, you're right,  right.  Maybe we should get a place together."
53,16,Ses05F_impro07_F,neutral,Whoa.  What an idea.  Where would you want to live?
53,17,Ses05F_impro07_M,neutral,That'll be awesome.
53,18,Ses05F_impro07_M,neutral,"I don't know.  Well.  I wouldn't mind living by the U.S.C. campus, you know, but I'm not going to go to school right now, so."
53,19,Ses05F_impro07_F,neutral,That's fine.  You don't have to go to school to live near U.S.C..
53,20,Ses05F_impro07_M,neutral,I know.
53,21,Ses05F_impro07_M,neutral,But I'd love to go all the US- all the U.S.C. parties and do all that crazy stuff with you.
53,22,Ses05F_impro07_F,neutral,Fair enough.
53,23,Ses05F_impro07_F,neutral,"Whoa, this is going to be so much fun."
53,24,Ses05F_impro07_M,neutral,it is going to be so much fun. Yes.
53,25,Ses05F_impro07_M,neutral,Uh! I'm so happy that you're not going to go away.
53,26,Ses05F_impro07_F,neutral,"Thank you. I know, I'm really, really, really excited."
53,27,Ses05F_impro07_M,neutral,"Oh, I bet you're going to love it too.  You always wanted to go to U.S.C.."
53,28,Ses05F_impro07_F,neutral,"I know they have a really, really great program for what I want to do."
53,29,Ses05F_impro07_M,neutral,"You're going to have so much fun.  And there's lo- tons of people, you're going to meet so many people, I'm going to meet so many people too, because we're going to be there together."
53,30,Ses05F_impro07_F,neutral,Can we for real live together?
53,31,Ses05F_impro07_M,neutral,"Sure, why not.  I don't know why not, I'm not doing anything I have no plans, I could live anywhere I want."
53,32,Ses05F_impro07_F,neutral,awesome.
53,33,Ses05F_impro07_F,neutral,So should we get a place near campus? or-
53,34,Ses05F_impro07_M,neutral,That'll be great. That'll be great.
53,35,Ses05F_impro07_M,neutral,"We should try to find, like, a party spot though, like you know where there's going to be a lot of parties, where there are cool people, though.  Do you know any people that might be out there?"
53,36,Ses05F_impro07_F,neutral,okay.
53,37,Ses05F_impro07_F,neutral,not yet.
53,38,Ses05F_impro07_M,neutral,"Yeah, me either."
53,39,Ses05F_impro07_M,neutral,"[garbage] I know, I know, I know, we'll figure it out.  Right?  [garbage] it is going to be so much fun."
53,40,Ses05F_impro07_F,neutral,That happens. That happens at time
53,41,Ses05F_impro07_F,neutral,yeah.
53,42,Ses05F_impro07_F,neutral,It's going to be ridiculous.  It's going to be so cool.
53,43,Ses05F_impro07_M,neutral,"You can't make fun of me because I'm not going to school, though, because I'm going to be working though."
53,44,Ses05F_impro07_F,neutral,I'm not going to make fun of you.
53,45,Ses05F_impro07_M,neutral,I'll have to make money and support us.
53,46,Ses05F_impro07_F,neutral,"[LAUGHTER] Oh, I'm going to be working too, I mean."
53,47,Ses05F_impro07_M,neutral,"Well, yeah, of course, but you're going to be working on your school stuff too, and partying that takes up a lot of time, right, especially at U.S.C., I hear it's a big party college."
53,48,Ses05F_impro07_F,neutral,I- I hear the same.
53,49,Ses05F_impro07_M,neutral,Woo- I I do.
53,50,Ses05F_impro07_F,neutral,"I don't know how I feel about that, but-"
53,51,Ses05F_impro07_M,neutral,I know exactly how you feel about that. I think you feel really excited about it.  I know you are. I can tell. I know you.
53,52,Ses05F_impro07_F,neutral,oh yeah.
53,53,Ses05F_impro07_F,neutral,oh yeah.
53,54,Ses05F_impro07_M,neutral,You're a wild and crazy woman.
53,55,Ses05F_impro07_F,neutral,"[LAUGHTER] Oh, it'll be awesome, that's for sure."
53,56,Ses05F_impro07_M,neutral,"Uh huh, it will be awesome."
53,57,Ses05F_impro07_F,neutral,Better than if I'd picked up and moved to Boston.
53,58,Ses05F_impro07_M,neutral,"Oh, man, I'd have been so mad at you.  I'd have been so mad at you, because, what could I have done,"
53,59,Ses05F_impro07_M,neutral,"living near the U.S.C. campus by myself, not going to school there. just really pathetic and sad."
53,60,Ses05F_impro07_F,neutral,[LAUGHTER] by yourself.
53,61,Ses05F_impro07_F,neutral,you'd be that kid
53,62,Ses05F_impro07_F,neutral,"living near campus, and not going to school."
53,63,Ses05F_impro07_M,neutral,"Exactly.  Mooching off of all like the college experiences, that would've been me but you have saved me from that disaster. Thank you. Thank you very much."
53,64,Ses05F_impro07_F,neutral,[LAUGHTER]
53,65,Ses05F_impro07_M,neutral,"Oh, it's going to be so much fun."
53,66,Ses05F_impro07_F,neutral,yeah.
53,67,Ses05F_impro07_M,neutral,"Well, congratulations. and to me too, because now I get to-have-"
53,68,Ses05F_impro07_F,neutral,We should go apartment shop-er-hunting.
53,69,Ses05F_impro07_M,neutral,That's a good idea.
53,70,Ses05F_impro07_F,neutral,Let's go tomorrow.
53,71,Ses05F_impro07_M,neutral,"Tomorrow, tomorrow, tomorrow-"
53,72,Ses05F_impro07_F,neutral,yeah.
53,73,Ses05F_impro07_M,neutral,"Good.  We'll have to have one soon, you're going to have to go to school in a couple of months."
53,74,Ses05F_impro07_F,neutral,Woo-
53,75,Ses05F_impro07_M,neutral,"Oh God, it's awesome... There's going to be tons of places. [garbage]"
53,76,Ses05F_impro07_F,neutral,exciting.
54,0,Ses04F_impro07_M,neutral,"Hey, what's up?"
54,1,Ses04F_impro07_F,neutral,Guess what came today?
54,2,Ses04F_impro07_M,neutral,What?
54,3,Ses04F_impro07_F,neutral,My acceptance letter.
54,4,Ses04F_impro07_M,neutral,Get out.
54,5,Ses04F_impro07_F,neutral,From U.S.C..
54,6,Ses04F_impro07_M,neutral,You serious?
54,7,Ses04F_impro07_F,neutral,"Yes, I am."
54,8,Ses04F_impro07_M,neutral,"Oh, my god what happened.  You got in. Otherwise you wouldn't be so happy. [LAUGHTER]"
54,9,Ses04F_impro07_F,neutral,"Well yeah, that's the general idea. [LAUGHTER]"
54,10,Ses04F_impro07_M,neutral,That's awesome.  Congratulations.
54,11,Ses04F_impro07_F,neutral,Big bad acceptance packet with all the information.  I'm going to U.S.C..
54,12,Ses04F_impro07_M,neutral,That's amazing.  Wow.
54,13,Ses04F_impro07_F,neutral,I know. [LAUGHTER]
54,14,Ses04F_impro07_M,neutral,You're going to have to get like a nine millimeter because U.S.C.'s like in South Central.
54,15,Ses04F_impro07_F,neutral,"[LAUGHTER] Yeah, uh. No."
54,16,Ses04F_impro07_F,neutral,[LAUGHTER] It's safe around there.
54,17,Ses04F_impro07_M,neutral,"No, seriously. No, seriously, you should do it."
54,18,Ses04F_impro07_F,neutral,The campus is beautiful. I'm so excited.
54,19,Ses04F_impro07_M,neutral,I know but you should get like a taser or something.  I mean walking around the campus at night-
54,20,Ses04F_impro07_F,neutral,"Do you want to buy me some mace for my, you know, going away present?"
54,21,Ses04F_impro07_M,neutral,I'll get you- I'll get you a bottle of mace.
54,22,Ses04F_impro07_F,neutral,There we go.  Perfect.
54,23,Ses04F_impro07_M,neutral,And a taser and a knife.
54,24,Ses04F_impro07_F,neutral,And a taser.  Excellent.  Just make sure it's a big knife.
54,25,Ses04F_impro07_M,neutral,And you'll be fully loaded.
54,26,Ses04F_impro07_F,neutral,I don't want any of those little puny ones.
54,27,Ses04F_impro07_M,neutral,"So, um- so what are you going to- what are you going to major in?"
54,28,Ses04F_impro07_F,neutral,Well I was thinking maybe underwater basket weaving.
54,29,Ses04F_impro07_M,neutral,"Underwater basket weaving, my god."
54,30,Ses04F_impro07_F,neutral,"U.S.C. has a major in that, right."
54,31,Ses04F_impro07_M,neutral,They have- they have that
54,32,Ses04F_impro07_F,neutral,They have - U.S.C. has everything because U.S.C. is the best school ever.
54,33,Ses04F_impro07_M,neutral,they have that as a major?
54,34,Ses04F_impro07_M,neutral,That's ridiculous.  I don't believe that.
54,35,Ses04F_impro07_F,neutral,Okay.  Well I'm lying but-
54,36,Ses04F_impro07_M,neutral,"Seriously, what's your major?"
54,37,Ses04F_impro07_F,neutral,"Well, I haven't decided yet.  I want to try some things out."
54,38,Ses04F_impro07_M,neutral,So you're undecided?
54,39,Ses04F_impro07_F,neutral,Yeah.
54,40,Ses04F_impro07_M,neutral,"Hey, that's cool."
54,41,Ses04F_impro07_F,neutral,"I know 'cause then I can do whatever I want, right.  I can try classes in this and then try classes in that and then pick whatever I like best."
54,42,Ses04F_impro07_M,neutral,"No, no.  It's totally cool.  I mean, like, this friend of mine he was- he's been undecided now for, like, the past like eleven years of his life."
54,43,Ses04F_impro07_F,neutral,okay.  Well I'm not going to be undecided forever. [LAUGHTER]
54,44,Ses04F_impro07_M,neutral,"Uh, well-"
54,45,Ses04F_impro07_F,neutral,And it's so close so you can come visit me all the time.
54,46,Ses04F_impro07_M,neutral,You- you- you'll find.
54,47,Ses04F_impro07_M,neutral,"Yeah, I know.  That's right. Yeah, yeah. Because I live in LA."
54,48,Ses04F_impro07_F,neutral,Right.
54,49,Ses04F_impro07_M,neutral,and I like living in LA.
54,50,Ses04F_impro07_F,neutral,"So this works out perfectly.  Because I was worried if I didn't get in to U.S.C., then I would have to go somewhere far away and then-"
54,51,Ses04F_impro07_M,neutral,"You'd have to, like go somewhere else, and, you know, we would be apart, and that would suck."
54,52,Ses04F_impro07_F,neutral,I would miss you.
54,53,Ses04F_impro07_F,neutral,Yeah. But now we don't have to.
54,54,Ses04F_impro07_M,neutral,Right.
54,55,Ses04F_impro07_F,neutral,Everything worked out perfectly.
54,56,Ses04F_impro07_M,neutral,That's awesome.
54,57,Ses04F_impro07_F,neutral,I know.  We should have a party.
54,58,Ses04F_impro07_M,neutral,We should have a party.
54,59,Ses04F_impro07_F,neutral,An I got accepted to U.S.C. party.
54,60,Ses04F_impro07_M,neutral,You got accepted-what?  to a U.S.C. party?
54,61,Ses04F_impro07_F,neutral,No.  An I got accepted to U.S.C. party. [LAUGHTER]
54,62,Ses04F_impro07_M,neutral,"Oh, that's right. Okay, I see. Right, right, right."
54,63,Ses04F_impro07_M,neutral,A party celebrating your acceptance.
54,64,Ses04F_impro07_F,neutral,Right.  Now you're with me.
54,65,Ses04F_impro07_M,neutral,That's cool.
54,66,Ses04F_impro07_F,neutral,That is why I got accepted.
54,67,Ses04F_impro07_M,neutral,"Well, that's really cool that you're going to be staying in the same city and everything. so umm"
54,68,Ses04F_impro07_F,neutral,I know.
54,69,Ses04F_impro07_M,neutral,"I don't know are you, like, I don't know.  Are you, like, available or anything?"
54,70,Ses04F_impro07_F,neutral,[LAUGHTER] Are you asking me on a date?
54,71,Ses04F_impro07_M,neutral,"Well I mean I don't know.  It's like you know I kind of had a crush on you throughout high school and, like"
54,72,Ses04F_impro07_M,neutral,"I don't know I just thought that, you know, maybe we could, you know, I don't know.  It's like, you know, just test the waters anyway.  I don't see what the problem is."
54,73,Ses04F_impro07_F,neutral,What- what did you have in mind?
54,74,Ses04F_impro07_M,neutral,"Movies- movie, we'll go to a movie and a dinner and- and"
54,75,Ses04F_impro07_M,neutral,"actually, you know, there's this- there's this really cool restaurant, um, I don't know if you-  it's Red Lobster.  It's like down on"
54,76,Ses04F_impro07_F,neutral,[LAUGHTER]
54,77,Ses04F_impro07_M,neutral,Vermont.
54,78,Ses04F_impro07_F,neutral,You just did not ask me on a date to Red Lobster.
54,79,Ses04F_impro07_M,neutral,"Wait, you've been there before?"
54,80,Ses04F_impro07_F,neutral,On occasion I've heard of it.
54,81,Ses04F_impro07_M,neutral,"Oh, so well then you know that it's awesome."
54,82,Ses04F_impro07_F,neutral,Yeah.  Totally.
54,83,Ses04F_impro07_M,neutral,"Right, so we'll go there and then- and then we'll get some ice cream and maybe we'll go putt-putt golfing."
54,84,Ses04F_impro07_F,neutral,I am totally down with the ice cream.
54,85,Ses04F_impro07_M,neutral,Okay.  Putt-putt golfing?
54,86,Ses04F_impro07_F,neutral,"Eh, we can work that part out."
54,87,Ses04F_impro07_M,neutral,"Yeah, you want to go.  No, you want to go. You want to go."
54,88,Ses04F_impro07_F,neutral,Alright.
54,89,Ses04F_impro07_M,neutral,I can see it in your eyes.  You want to go.
54,90,Ses04F_impro07_F,neutral,I think that'd be really fun actually.
54,91,Ses04F_impro07_M,neutral,Yeah.  So we'll do that and then- and then- and then tomorrow we'll have your
54,92,Ses04F_impro07_F,neutral,party.
54,93,Ses04F_impro07_M,neutral,your I got into U.S.C. graduate party. Yeah.
54,94,Ses04F_impro07_F,neutral,Well look at that.  What a great day.  I got into college and I got asked out on a date.
54,95,Ses04F_impro07_M,neutral,Good. Alright we're so happy.
54,96,Ses04F_impro07_F,neutral,Yay for me.
54,97,Ses04F_impro07_M,neutral,"That's right.  Um, so U.S.C. is a really nice school."
54,98,Ses04F_impro07_F,neutral,I know.
54,99,Ses04F_impro07_M,neutral,Are you going to take out loans or-
54,100,Ses04F_impro07_F,neutral,Okay well that's not a happy part.  We don't want to talk about that.
54,101,Ses04F_impro07_M,neutral,"Well hey, it's okay, fine, gees."
54,102,Ses04F_impro07_F,neutral,"Well no.  I mean I have some scholarships and some financial aid and stuff but I'll have to, you know, I'll get a job"
54,103,Ses04F_impro07_F,neutral,while I'm in school.  It'll be good.
54,104,Ses04F_impro07_M,neutral,Sweet.
54,105,Ses04F_impro07_F,neutral,Yeah.  It will work out.  Maybe I could work at Red Lobster.
54,106,Ses04F_impro07_M,neutral,"Well, it's not far."
54,107,Ses04F_impro07_F,neutral,I know.  Right down the street.
54,108,Ses04F_impro07_M,neutral,"That's right.  There's lots of like, there's lots of doughnut shops, like, everywhere."
54,109,Ses04F_impro07_F,neutral,"Right, there's always that option. The doughnut thing."
54,110,Ses04F_impro07_M,neutral,I mean There's pretty much doughnut shops everywhere in LA.
54,111,Ses04F_impro07_F,neutral,Right
54,112,Ses04F_impro07_M,neutral,"But, um-"
54,113,Ses04F_impro07_F,neutral,and like most places really.
54,114,Ses04F_impro07_M,neutral,"I mean, like, I don't know.  I'm just saying if you need to make some extra cash.  You can, you know"
54,115,Ses04F_impro07_F,neutral,Work at a doughnut shop.
54,116,Ses04F_impro07_M,neutral,Or library.
54,117,Ses04F_impro07_F,neutral,"Maybe on campus, I hear they have jobs on campus."
54,118,Ses04F_impro07_M,neutral,I just said the library
54,119,Ses04F_impro07_M,neutral,"or, um, campus cruiser.  You can drive people around."
54,120,Ses04F_impro07_F,neutral,Excellent.  Drive drunk people around because you know that's all campus cruisers for.
54,121,Ses04F_impro07_M,neutral,Right or you can run for student counsel.
54,122,Ses04F_impro07_F,neutral,"Okay.  No, that's dorky."
54,123,Ses04F_impro07_M,neutral,Dorky?
54,124,Ses04F_impro07_F,neutral,Yeah.
54,125,Ses04F_impro07_M,neutral,It's important.
54,126,Ses04F_impro07_F,neutral,Student counsel?
54,127,Ses04F_impro07_M,neutral,Yes.
54,128,Ses04F_impro07_F,neutral,"No, it's dorky."
54,129,Ses04F_impro07_M,neutral,Fine.  It's dorky.
54,130,Ses04F_impro07_F,neutral,Social life.  Hello.
54,131,Ses04F_impro07_M,neutral,But that'll fit you  because you're a dork.
54,132,Ses04F_impro07_F,neutral,[LAUGHTER].
54,133,Ses04F_impro07_M,neutral,[LAUGHTER].
54,134,Ses04F_impro07_M,neutral,[LAUGHTER].
54,135,Ses04F_impro07_F,neutral,[LAUGHTER].
54,136,Ses04F_impro07_M,neutral,I dork.
54,137,Ses04F_impro07_F,neutral,"No.  But I'm thinking I might, you know, like audition for a play or something.  I don't really want to do the sorority thing.  I'm not really feeling that vibe with the"
54,138,Ses04F_impro07_M,neutral,"Yeah, you don't want to do the sorority thing because you'll probably get used and abused by"
54,139,Ses04F_impro07_F,neutral,ditsy valley girls and
54,140,Ses04F_impro07_F,neutral,lots of money and
54,141,Ses04F_impro07_M,neutral,lots of drunk frat boys
54,142,Ses04F_impro07_F,neutral,Right.
54,143,Ses04F_impro07_M,neutral,Yeah.
54,144,Ses04F_impro07_M,neutral,"But, hey. They have- they have- they have free, uh"
54,145,Ses04F_impro07_F,neutral,What have you heard about the Greek system?
54,146,Ses04F_impro07_M,neutral,free buffets and free events.
54,147,Ses04F_impro07_F,neutral,Free nothing. 'Cause you have to pay tons of money anyway.
54,148,Ses04F_impro07_M,neutral,"I mean it's not really free because you have to pay for it, but yeah."
54,149,Ses04F_impro07_M,neutral,Well do you think you're going to live on campus or off campus your first year?
54,150,Ses04F_impro07_F,neutral,"I think I'll live on campus the first year cause you  meet more people that way, right?"
54,151,Ses04F_impro07_M,neutral,"Oh, yeah? In a dorm?"
54,152,Ses04F_impro07_F,neutral,"Well, yeah.  I mean that's where you meet people, right.  Everybody lives in the dorms, right."
54,153,Ses04F_impro07_M,neutral,"I hate to break this to you but you meet people by being cool, so-"
54,154,Ses04F_impro07_F,neutral,"Oh, oh, I'm sorry, my bad.  I'll have to, like, sign up for summer lessons from you before I go.  You can teach me how to be cool before I go to college."
54,155,Ses04F_impro07_M,neutral,"No, no, no.  You're right though.  I mean, you know, dorms are definitely the way to meet people.  I know that I was in an apartment off campus"
54,156,Ses04F_impro07_M,neutral,"and I mean, you know, I knew my roommates and stuff but I there wasn't really that sense of community-"
54,157,Ses04F_impro07_F,neutral,Right.
54,158,Ses04F_impro07_M,neutral,"that happened, you know, that was going on."
54,159,Ses04F_impro07_F,neutral,So basically what you're saying is that I was right
54,160,Ses04F_impro07_M,neutral,I was just joking.  Gosh.  You don't have to take everything so- so seriously.
54,161,Ses04F_impro07_F,neutral,"I'm- I'm right, right."
54,162,Ses04F_impro07_M,neutral,"Yes, you're right."
54,163,Ses04F_impro07_F,neutral,That's what you're saying. I'm right. [LAUGHTER]
54,164,Ses04F_impro07_M,neutral,All hail to the
54,165,Ses04F_impro07_F,neutral,me.
54,166,Ses04F_impro07_M,neutral,"to you, yes."
55,0,Ses02F_script01_2_F,neutral,Why did he invite her here?
55,1,Ses02F_script01_2_M,neutral,Why does that bother you?
55,2,Ses02F_script01_2_F,neutral,She's been in New York for three and half years.  Why all of a sudden?
55,3,Ses02F_script01_2_M,neutral,"Well, maybe he just wanted to see her again."
55,4,Ses02F_script01_2_F,neutral,Nobody comes seven hundred miles just to see.
55,5,Ses02F_script01_2_M,neutral,What do you mean?  He lived next door to the girl all his life.  Why wouldn't he want to see her again?
55,6,Ses02F_script01_2_M,neutral,Don't look at me like that.  He didn't tell me anymore than he told you.
55,7,Ses02F_script01_2_F,neutral,She's not-
55,8,Ses02F_script01_2_M,neutral,How do you know he's even thinking of it?
55,9,Ses02F_script01_2_F,neutral,-he's not gonna marry her.
55,10,Ses02F_script01_2_F,anger,It's got that all about it.
55,11,Ses02F_script01_2_M,neutral,"Well, so what?"
55,12,Ses02F_script01_2_F,neutral,"What's going on here, Joe?"
55,13,Ses02F_script01_2_M,neutral,"Now, listen Kate."
55,14,Ses02F_script01_2_F,neutral,"She's not his girl, Joe.  She knows she's not."
55,15,Ses02F_script01_2_M,neutral,You can't read her mind.
55,16,Ses02F_script01_2_F,frustration,"Well then why is she still single?  I mean, New York is full of men.  Why isn't she married?  Probably a hundred people told her she's crazy, but she's waited."
55,17,Ses02F_script01_2_M,neutral,How do you know why she's waited?
55,18,Ses02F_script01_2_F,frustration,"She knows what I know, that's why.  She's faithful as a rock.  In my worst moments I think of her waiting and I know again that I'm right."
55,19,Ses02F_script01_2_M,frustration,"Look, it's a nice day.  What are we arguing for?"
55,20,Ses02F_script01_2_F,neutral,"Nobody in this house dares take her faith away, Joe?  Strangers might, but not his father, not his brother."
55,21,Ses02F_script01_2_M,frustration,"Well, what do you want me to do about it?"
55,22,Ses02F_script01_2_F,frustration,I want you to act like he's coming back.  Both of you.  Don't you think I haven't noticed since she got here.  I won't stand for any nonsense.
55,23,Ses02F_script01_2_M,frustration,But Kate--
55,24,Ses02F_script01_2_F,anger,"Because if he's not coming back, I'll kill myself.  I mean, laugh--laugh at me, but..."
55,25,Ses02F_script01_2_F,anger,But why did that happen the very night she came here?  She sleeps in his room and his memorial breaks to pieces.  Just look.  Look at it.
55,26,Ses02F_script01_2_M,frustration,Calm yourself.
55,27,Ses02F_script01_2_F,frustration,"Believe with me, Joe.  I can't stand all alone."
55,28,Ses02F_script01_2_M,frustration,Calm yourself.
55,29,Ses02F_script01_2_F,frustration,"Last week, a man turned up in Detroit missing longer than Larry.  I mean, you read it yourself."
55,30,Ses02F_script01_2_M,frustration,All right.  All right.  Calm yourself.
55,31,Ses02F_script01_2_F,frustration,"You, above all, have to believe."
55,32,Ses02F_script01_2_M,neutral,What?- Why- Why me above all?
55,33,Ses02F_script01_2_F,frustration,Just--just don't stop believing.
55,34,Ses02F_script01_2_M,anger,What does that mean?  Me above all?
55,35,Ses02F_script01_2_M,anger,Look at you.  Look at you shaking.
55,36,Ses02F_script01_2_F,frustration,I can't help it.
55,37,Ses02F_script01_2_M,anger,What have I got to hide?  What the hell is the matter with you Kate?
56,0,Ses03F_script01_2_F,anger,Why did you invite her here?
56,1,Ses03F_script01_2_M,neutral,Why? Does that bother you?
56,2,Ses03F_script01_2_F,anger,She's been in New York for three-and-a-half years. She don't just suddenly come and-
56,3,Ses03F_script01_2_M,neutral,"Well, maybe, maybe he just wanted to see her."
56,4,Ses03F_script01_2_F,anger,You don't travel seven hundred miles just to see.
56,5,Ses03F_script01_2_M,neutral,"What do you mean? They lived next door to each other their entire lives. Why shouldn't he want to see her? Hey, don't look at me like that. I don't know anymore than you do."
56,6,Ses03F_script01_2_F,neutral,He's not going to marry her.
56,7,Ses03F_script01_2_M,neutral,How do you know he's even thinking about it?
56,8,Ses03F_script01_2_F,anger,It's got that about it.
56,9,Ses03F_script01_2_M,neutral,"Well, so what?"
56,10,Ses03F_script01_2_F,neutral,"What's going on here, Joe?"
56,11,Ses03F_script01_2_M,frustration,"Listen, kid-"
56,12,Ses03F_script01_2_F,anger,She's not Larry's girl. She knows that.
56,13,Ses03F_script01_2_M,neutral,You can't read her mind.
56,14,Ses03F_script01_2_F,neutral,Then why is she married? Then why isn't she married? She's been in New York and there's hundreds of single men there.
56,15,Ses03F_script01_2_F,neutral,"I'm sure hundreds of them asked her and told her that she's foolish, but no."
56,16,Ses03F_script01_2_F,neutral,She's waited.
56,17,Ses03F_script01_2_M,neutral,How do you know why she's waited?
56,18,Ses03F_script01_2_F,neutral,"Because she thinks like me, that's why."
56,19,Ses03F_script01_2_F,sadness,"She's faithful as a rock, don't you know. In my worst moments I can think of her-"
56,20,Ses03F_script01_2_F,neutral,"I think again, that I'm-I'm right."
56,21,Ses03F_script01_2_M,neutral,"Look, it's a nice day. What are we arguing for?"
56,22,Ses03F_script01_2_F,anger,"Nobody in my house better ever dare-dare to challenge her faith. Maybe strangers, but not his father, not his brother."
56,23,Ses03F_script01_2_M,neutral,Calm yourself.
56,24,Ses03F_script01_2_F,neutral,Because he's not coming back. Then what do I got to live for? I'll kill myself.
56,25,Ses03F_script01_2_M,frustration,Calm yourself.
56,26,Ses03F_script01_2_F,anger,"Don't, don't laugh at me, don't laugh at me."
56,27,Ses03F_script01_2_F,anger,"Look at it. Because why, when she came here and she slept in his room, the memorial broke into pieces. Look at it, look at it, Joe."
56,28,Ses03F_script01_2_M,anger,All right. All right. Calm yourself.
56,29,Ses03F_script01_2_F,neutral,"You got to believe, believe with me because I can't stand all alone."
56,30,Ses03F_script01_2_M,frustration,Okay. Just calm yourself.
56,31,Ses03F_script01_2_F,sadness,"No, you've got to believe."
56,32,Ses03F_script01_2_F,neutral,"Believe, Joe. You above all people have got to believe."
56,33,Ses03F_script01_2_M,anger,"Why me, above all?"
56,34,Ses03F_script01_2_M,anger,Huh?
56,35,Ses03F_script01_2_M,anger,Why me above all?
56,36,Ses03F_script01_2_F,sadness,You got to keep believing.
56,37,Ses03F_script01_2_M,anger,"Look at you, you're shaking."
56,38,Ses03F_script01_2_F,sadness,I can't help it.
56,39,Ses03F_script01_2_M,anger,What have I got to hide?
56,40,Ses03F_script01_2_M,anger,"Huh? What the hell's the matter with you, Kate?"
57,0,Ses04F_impro01_F,neutral,"Hi.  Um, excuse me I've been to, like, five of the desks here and nobody seems to be able to tell me what it is I need to do.  I've been here for over an hour.  Can you possibly help me?"
57,1,Ses04F_impro01_M,frustration,"Uh, lets- What do you need exactly?"
57,2,Ses04F_impro01_F,frustration,Well I filled out all the forms and I've given them to everyone and they keep sending me to someone else.
57,3,Ses04F_impro01_M,frustration,"You need a new license, is that what you're telling me?"
57,4,Ses04F_impro01_F,frustration,Yes.  I'm just trying to get a new license.
57,5,Ses04F_impro01_M,frustration,Let me see the form. Just let me see the form. Yeah.  You filled this out wrong.  I can't - I can't - I can't do anything with this.
57,6,Ses04F_impro01_F,frustration,Okay.  I did-
57,7,Ses04F_impro01_M,frustration,Ma'am I cannot help you.  You need to fill out a new form and you need to get in the back of the line.
57,8,Ses04F_impro01_F,anger,I did exactly what they told me to do.
57,9,Ses04F_impro01_F,frustration,I have done everything everyone in this entire place has told me to do.  I've been here for over an hour.  They make me wait in line.  Every single time I start over again.
57,10,Ses04F_impro01_M,frustration,Ma'am I can't help you.  Do you understand?
57,11,Ses04F_impro01_F,frustration,I have a life.  I have things to do.  I have places to go.  Can you not just put this through please?
57,12,Ses04F_impro01_M,anger,I've got a life too ma'am
57,13,Ses04F_impro01_M,frustration,and I got to - i got to work here all day long.  Okay.  I've got to deal with you people all day.
57,14,Ses04F_impro01_M,frustration,So what I need you to do is I need you to fill out this form correctly and go to the back of the line.
57,15,Ses04F_impro01_F,frustration,"Okay, that's nice. That's nice but I have done everything you people have told me to do. I don't understand why you can't just help me get this done.  It's simple, right?  License.  I need it. Can we just do this please?"
57,16,Ses04F_impro01_M,anger,There's nothing I can do for you.  Do you understand that?  Nothing.
57,17,Ses04F_impro01_M,frustration,"What I need you to do is go to the back of the line,"
57,18,Ses04F_impro01_F,anger,I've been to the back of the line five times.
57,19,Ses04F_impro01_M,frustration,fill out this form and wait
57,20,Ses04F_impro01_M,anger,You're going to have to go back again.
57,21,Ses04F_impro01_F,anger,Okay.  What is it that I did wrong on the form that I have to start all over again?
57,22,Ses04F_impro01_M,neutral,This whole area here you didn't initial
57,23,Ses04F_impro01_M,frustration,and you filled out-
57,24,Ses04F_impro01_F,anger,"Okay.  Well, I can do that right here right now without going to the back of the line again.  See look initialed.  All done. Ready to go."
57,25,Ses04F_impro01_M,anger,Ma'am I have other people waiting in line right now.  I have other people waiting in line right now.
57,26,Ses04F_impro01_F,frustration,I have been waiting for over an hour.
57,27,Ses04F_impro01_M,frustration,This whole area of the form was not supposed to be filled out and you put the address in the wrong place
57,28,Ses04F_impro01_M,frustration,"Uhh, and you spelled your own name wrong.  So I need you to take that"
57,29,Ses04F_impro01_F,anger,I'm not starting over again.  No I have done this five times.  I am not starting over again.
57,30,Ses04F_impro01_M,frustration,"and, uh, throw it away. I need you to fill out a new form."
57,31,Ses04F_impro01_M,frustration,Ma'am you're going to have- you- look. You really- you really
57,32,Ses04F_impro01_F,frustration,Look can you not just help me?
57,33,Ses04F_impro01_M,neutral,I can't help you right now.  Do you understand that?
57,34,Ses04F_impro01_F,anger,I mean look she's -she's perfectly nice.  She doesn't mind waiting for a couple of minutes because I've been here all day. I have a job to get back to.  I have kids to pick up from school.  I can't just stay here.
57,35,Ses04F_impro01_M,neutral,Look I'm going on my lunch break right now.  So you're just going to have to take this form and go to the back of the line.
57,36,Ses04F_impro01_F,neutral,No.  No.  No. No. You have to help me.
57,37,Ses04F_impro01_M,anger,like I said before right now.
57,38,Ses04F_impro01_F,anger,This is your job is to help people like me who need to get a new license.
57,39,Ses04F_impro01_F,neutral,That's like the whole purpose of you being here.
57,40,Ses04F_impro01_M,frustration,Ma'am you are testing my patience.  Do you understand me?
57,41,Ses04F_impro01_F,neutral,I- I- I'm testing your patience?
57,42,Ses04F_impro01_M,anger,You're testing my goddamn patience.
57,43,Ses04F_impro01_F,anger,I'm testing your patience?
57,44,Ses04F_impro01_M,anger,"I work in this fucking building all day. And I'm sick of it, okay?"
57,45,Ses04F_impro01_F,neutral,Yeah.  You have to be here all day.
57,46,Ses04F_impro01_F,anger,I don't need to be.  I need to go and do other things with my time.  Okay.
57,47,Ses04F_impro01_F,anger,"Please just put the form in, take the picture, let me get my license and get the hell out of here.  Please."
57,48,Ses04F_impro01_M,neutral,I've walked away already.  I'm not here anymore.
58,0,Ses04M_impro04_M,frustration,"Oh, man, I just -- I don't know what to do.  I don't know what to do.  It's like every job, you know, I go to; every job I apply to,"
58,1,Ses04M_impro04_M,frustration,"it's just like nobody- nobody wants to hire me. It's been years, I mean, do you understand, years?  Like, I'm -- you know what I mean, it's like I've been collecting unemployment for so long now, it's just like I just -- I can't take it.  I don't know what to do.  I mean, I'm just like losing my mind."
58,2,Ses04M_impro04_F,neutral,Well there has to be something you haven't tried.
58,3,Ses04M_impro04_M,frustration,"I-I'm not kidding.  I've tried everything.  Like I've gone to every business and local, you know,"
58,4,Ses04M_impro04_M,frustration,"local business in- in the area and I can't- I can't get anything.  Like, nobody -"
58,5,Ses04M_impro04_F,neutral,What about like a temp agency?
58,6,Ses04M_impro04_F,neutral,"Have you gone, like, signed up with a temp agency?  Maybe they can help."
58,7,Ses04M_impro04_M,neutral,"there's just like no jobs available.  I mean, it's just like, God."
58,8,Ses04M_impro04_M,frustration,"Yeah, I tried that.  And there was like, yeah, like I did like one thing once.  But, like, that's not -- it doesn't last very long.  And it's not enough to live on."
58,9,Ses04M_impro04_F,neutral,"Right, but you have -- I mean, you have to keep on them.  You have to keep calling and reminding them that you're still looking and"
58,10,Ses04M_impro04_F,neutral,"I mean, you have to be really aggressive about it."
58,11,Ses04M_impro04_M,frustration,"Yeah, I do.  I do.  You don't understand."
58,12,Ses04M_impro04_M,frustration,I- You don't understand. I don't have a job.  All- My job is to look for a job.  I don't do anything else.
58,13,Ses04M_impro04_M,frustration,"But, like, it's been years now and I just can't seem to get anything that really fits.  It's just it -- I -- it drives me absolutely insane."
58,14,Ses04M_impro04_F,neutral,"Well, I mean, if it's that bad, maybe you're gonna have to take something that doesn't really fit, you know.  Like maybe you'll have to do something else for a while.  Find a new field, new skill."
58,15,Ses04M_impro04_M,frustration,"No, no, no, no, no.  I can't- I can't do that.  I can't, I- because if I'm not- if I'm not- if I'm not doing something that I love, then I can't -- I can't- I mean it's- what's the point?"
58,16,Ses04M_impro04_F,neutral,"Well then you're choosing to be unemployed, really."
58,17,Ses04M_impro04_M,frustration,I'm not choosing. I'm not-
58,18,Ses04M_impro04_F,neutral,"If you're not willing to try and work with it and find something and, you know, I mean, there are things you could do."
58,19,Ses04M_impro04_M,frustration,"No, but I'm try- but like all the things that I-it's like I apply to all these places and none of them"
58,20,Ses04M_impro04_M,frustration,"-- I mean, I don't understand.  It's like -- I mean, I feel like I'm qualified enough.  I just don't understand.  Like, I mean, it's just like a matter of circumstance, but it's been three years, you know, three years."
58,21,Ses04M_impro04_F,neutral,"Well maybe, you know, your luck it is just down and the market for your particular field is down and maybe you just need to look into doing something else for a while."
58,22,Ses04M_impro04_M,frustration,This is stupid.
58,23,Ses04M_impro04_F,neutral,"I mean, I'm not saying that you should, you know--"
58,24,Ses04M_impro04_M,frustration,"You know what, this is your fault."
58,25,Ses04M_impro04_F,neutral,Excuse me?
58,26,Ses04M_impro04_M,frustration,It's your fault 'cause -cause you always told me to- to do this and I did that instead.  And I didn't take your advice and - and- but you sort of were like were telling--
58,27,Ses04M_impro04_F,neutral,It's my fault 'cause you didn't do what I told you to?
58,28,Ses04M_impro04_M,frustration,"Yeah, exactly."
58,29,Ses04M_impro04_F,neutral,Well that sounds like your fault.
58,30,Ses04M_impro04_M,frustration,Yeah.
58,31,Ses04M_impro04_F,neutral,You didn't do what I told you to do.
58,32,Ses04M_impro04_M,frustration,That's 'cause you always tell me to do the wrong thing.  And I thought this time it was -- I was gonna be right by going with the opposite thing. So it's your fault because
58,33,Ses04M_impro04_M,frustration,"-because you were always wrong and-and-and this time you were right. And-and I didn't -- yeah, that's why."
58,34,Ses04M_impro04_F,neutral,That's amazing logic that you managed to turn that around and make it my fault.
58,35,Ses04M_impro04_M,neutral,"Well, I mean, it makes sense, doesn't it, hmm?"
58,36,Ses04M_impro04_F,neutral,I think maybe you can't get employed because you aren't willing to take responsibility for your own actions.
58,37,Ses04M_impro04_M,neutral,That's not true.  I take responsibility for my own actions.
58,38,Ses04M_impro04_F,neutral,Really?  Whose fault is it you don't have a job?
58,39,Ses04M_impro04_M,neutral,Yours.  I don't--
58,40,Ses04M_impro04_F,neutral,[LAUGHTER]
58,41,Ses04M_impro04_F,neutral,"You see what you just did there, though?"
58,42,Ses04M_impro04_M,neutral,"I had- No, I don't.  I'm sorry.  I just totally screwed this one up.  You can stop it I guess."
59,0,Ses03M_impro06_F,sadness,How's it going?  How are you feeling?
59,1,Ses03M_impro06_M,sadness,I ah--
59,2,Ses03M_impro06_M,sadness,alright.
59,3,Ses03M_impro06_F,sadness,Hanging in there?
59,4,Ses03M_impro06_M,sadness,Yeah.
59,5,Ses03M_impro06_F,sadness,So sad.
59,6,Ses03M_impro06_M,sadness,It just feels like I was talking to him yesterday.
59,7,Ses03M_impro06_F,sadness,Yeah.
59,8,Ses03M_impro06_F,sadness,You guys were real close huh?
59,9,Ses03M_impro06_M,sadness,He was my only friend growing up.
59,10,Ses03M_impro06_M,sadness,no one else would talk to me but he would.
59,11,Ses03M_impro06_M,sadness,He was supposed to be the best man at my wedding.
59,12,Ses03M_impro06_F,sadness,I'm so sorry.
59,13,Ses03M_impro06_M,sadness,Yeah.
59,14,Ses03M_impro06_M,sadness,You know I was always the one to tell him to be more wild you know?
59,15,Ses03M_impro06_F,neutral,Yeah.
59,16,Ses03M_impro06_M,sadness,And he just took it overboard.
59,17,Ses03M_impro06_F,sadness,What happened?  What went wrong?
59,18,Ses03M_impro06_M,sadness,You know a stupid case of drunk driving it's just...
59,19,Ses03M_impro06_M,sadness,"and the worst part of it is that he was in the car with his girlfriend,"
59,20,Ses03M_impro06_M,sadness,his girlfriend got killed too.
59,21,Ses03M_impro06_F,sadness,Oh man.
59,22,Ses03M_impro06_M,sadness,And the car that he hit was his family.
59,23,Ses03M_impro06_F,sadness,How are they?
59,24,Ses03M_impro06_M,sadness,The mother and father died--
59,25,Ses03M_impro06_M,sadness,and the kids are paralyzed in a coma right now.
59,26,Ses03M_impro06_M,sadness,and just going to the funeral it's-
59,27,Ses03M_impro06_M,sadness,"-do I miss him or do I hate him, you know?"
59,28,Ses03M_impro06_F,sadness,Yeah.  Like I mean if you need anyone to talk to or anything I'm here for you okay?
59,29,Ses03M_impro06_M,neutral,Thanks.
59,30,Ses03M_impro06_F,sadness,We're all here for you.
59,31,Ses03M_impro06_M,sadness,I was supposed to see him last summer
59,32,Ses03M_impro06_M,sadness,then I got busy with work and stuff and three years go by
59,33,Ses03M_impro06_M,sadness,and then something like this happens you know?
59,34,Ses03M_impro06_M,sadness,I mean I haven't even talked to him on the phone for the past three months.
59,35,Ses03M_impro06_M,sadness,He's supposed to be my best friend.
59,36,Ses03M_impro06_F,sadness,I know.
59,37,Ses03M_impro06_F,sadness,just things happen in life and you just...there's just no explanation you know?  We just don't...
59,38,Ses03M_impro06_M,sadness,It's so fucked up.
59,39,Ses03M_impro06_F,sadness,Yeah.
59,40,Ses03M_impro06_F,sadness,I'm so sorry.
59,41,Ses03M_impro06_M,sadness,Why is that?
59,42,Ses03M_impro06_M,sadness,He was studying to be a doctor.
59,43,Ses03M_impro06_M,sadness,"I mean he was...he wanted to help people in poor countries, that is his goal.  He didn't care about the money.  He just wanted to go and help people."
59,44,Ses03M_impro06_M,sadness,What the...what am I doing?
59,45,Ses03M_impro06_M,sadness,Working for corporate America?  Wow.
59,46,Ses03M_impro06_M,sadness,He actually wanted to do something.
59,47,Ses03M_impro06_F,sadness,"Well now you can follow his footsteps, you know?  Carry out what he wanted to do."
59,48,Ses03M_impro06_M,sadness,I can't do that.
59,49,Ses03M_impro06_F,sadness,Well sure you could.
59,50,Ses03M_impro06_M,sadness,You should've met him.
59,51,Ses03M_impro06_M,sadness,He is the greatest...everyone liked him.
59,52,Ses03M_impro06_F,sadness,Yeah.
59,53,Ses03M_impro06_F,sadness,I would've loved to.
59,54,Ses03M_impro06_F,sadness,Now I can't.
60,0,Ses04M_impro06_F,sadness,"Hey, how you doing?"
60,1,Ses04M_impro06_F,sadness,I'm sorry.
60,2,Ses04M_impro06_M,sadness,Thanks.
60,3,Ses04M_impro06_F,sadness,"I know- I know there's nothing I can say that will really help, but--"
60,4,Ses04M_impro06_M,sadness,"I know.  I just -- I don't know.  It's just weird because you have somebody who's, you know,"
60,5,Ses04M_impro06_M,sadness,a major part of your life and then they're gone.  And I don't know.  That's not really -- it's never really happened to me before.
60,6,Ses04M_impro06_F,sadness,I'm sorry.  It's never easy.
60,7,Ses04M_impro06_M,sadness,Yeah.
60,8,Ses04M_impro06_F,sadness,"But, I'm here if there's anything you need.  I mean, you just have to ask.  I know --"
60,9,Ses04M_impro06_M,sadness,Thanks.
60,10,Ses04M_impro06_F,sadness,--it doesn't really do anything.  But--
60,11,Ses04M_impro06_M,sadness,I just -- it's just not fair.
60,12,Ses04M_impro06_F,sadness,I know.  It never is.
60,13,Ses04M_impro06_F,sadness,"How's, um -- how's his parents doing?"
60,14,Ses04M_impro06_M,sadness,"I mean, they're, you know, they're upset.  It's like you know, they"
60,15,Ses04M_impro06_M,sadness,feel the same way everybody else does.
60,16,Ses04M_impro06_F,sadness,"I mean, what do you want to do?  Do you want to- do you want to talk about it?  Do you-"
60,17,Ses04M_impro06_M,sadness,"[BREATHING] I mean, there's nothing really to talk about.  He's gone and I'll never see him again."
60,18,Ses04M_impro06_F,sadness,"Well I know it's not a lot of help or anything, but at least you got to know him.  I mean, at least you had the time with him that you did."
60,19,Ses04M_impro06_M,sadness,Yeah.
60,20,Ses04M_impro06_F,sadness,"I mean, we can be grateful for that."
60,21,Ses04M_impro06_M,sadness,"Yeah, I don't know.  Sometimes I wish I didn't know him.  So I wouldn't--"
60,22,Ses04M_impro06_F,sadness,You feel that way now because you're upset.  But you don't really think that.
60,23,Ses04M_impro06_F,sadness,"It'll get better.  I know it doesn't help, but it will get better and you will remember all of the good things that you guys had; all of the memories that you have with him that were happy and you'll be grateful for those."
60,24,Ses04M_impro06_M,sadness,This is just -- this is a terrible life.  I just don't understand.
60,25,Ses04M_impro06_F,neutral,"Just life, in general?"
60,26,Ses04M_impro06_M,sadness,"I mean, it's just not fair.  Like, I don't know.  Why people -"
60,27,Ses04M_impro06_M,sadness,"there should just be some sort of rule that people don't die until they're older, 'cause then, at least, it's expected."
60,28,Ses04M_impro06_F,sadness,"I agree.  If I knew how to make that happen, I would certainly help you."
60,29,Ses04M_impro06_M,sadness,I don't know what to do.
60,30,Ses04M_impro06_F,sadness,"When's the service? Can- can we help?  Is there anything, I mean--"
60,31,Ses04M_impro06_M,sadness,"I mean, you- you can go.  I don't know.  I don't know what else."
60,32,Ses04M_impro06_M,sadness,I hope it rains.  Somehow that'll make me feel more comfortable.
60,33,Ses04M_impro06_F,sadness,"Seems like if the whole world's sad, then it's okay for you to be."
60,34,Ses04M_impro06_M,sadness,Yeah.
60,35,Ses04M_impro06_M,sadness,I just wish there was some way to just bring him back to life magically.
60,36,Ses04M_impro06_F,sadness,I know.
60,37,Ses04M_impro06_M,sadness,"Just, you know, some thing; some genie. I need to find a genie bottle."
60,38,Ses04M_impro06_F,sadness,"I don't have any magic answers.  But,"
60,39,Ses04M_impro06_F,sadness,"I mean, as- as cliche as it is, as long as people who loved him remember him, then it's not a waste, you know."
60,40,Ses04M_impro06_M,sadness,I know.
61,0,Ses04F_script03_1_M,neutral,Good God.
61,1,Ses04F_script03_1_F,neutral,Do you think it's them?
61,2,Ses04F_script03_1_M,neutral,I wonder.
61,3,Ses04F_script03_1_F,neutral,Nobody knows we're here except Freda and she wouldn't ring up.
61,4,Ses04F_script03_1_M,neutral,It must be them then.
61,5,Ses04F_script03_1_F,neutral,Well what are we going to do?
61,6,Ses04F_script03_1_M,neutral,"We'll be alright, darling.  Whatever happens, aren't we?"
61,7,Ses04F_script03_1_F,neutral,Now and always sweet.
61,8,Ses04F_script03_1_M,neutral,I don't care then.
61,9,Ses04F_script03_1_F,neutral,It was bound to come sooner or later.
61,10,Ses04F_script03_1_M,neutral,Hello.  Hello.  What?  Wrong number.
61,11,Ses04F_script03_1_F,neutral,Ahh.  It sent shivers up my spine.
61,12,Ses04F_script03_1_M,neutral,What shall we do if they suddenly walk in on us?
61,13,Ses04F_script03_1_F,neutral,Behave exquisitely.
61,14,Ses04F_script03_1_M,neutral,With the most perfect poise.
61,15,Ses04F_script03_1_F,neutral,Certainly I shall probably do a court curtsy.
61,16,Ses04F_script03_1_M,neutral,"Things that ought to matter dreadfully don't matter at all when one's happy, do they?"
61,17,Ses04F_script03_1_F,neutral,What is so horrible is that one can't stay happy.
61,18,Ses04F_script03_1_M,neutral,"Don't say that, my darling."
61,19,Ses04F_script03_1_F,neutral,It's true the whole business is very poor joke.
61,20,Ses04F_script03_1_M,neutral,Meaning that sacred and beautiful thing love.
61,21,Ses04F_script03_1_F,neutral,"Yes, meaning just that."
61,22,Ses04F_script03_1_M,neutral,What does it all mean?  That's what I asked myself in my ceaseless quest for ultimate truth.  Dear God what does it all mean?
61,23,Ses04F_script03_1_F,neutral,Don't laugh at me.  I'm serious.
61,24,Ses04F_script03_1_M,neutral,"You mustn't be serious, my darling.  It's just what they want."
61,25,Ses04F_script03_1_F,neutral,Who's they?
61,26,Ses04F_script03_1_M,neutral,All the futile moralists who try to make life unbearable.
61,27,Ses04F_script03_1_M,neutral,"Laugh at them, be flippant, laugh at everything, all their sacred shibboleths"
61,28,Ses04F_script03_1_M,neutral,flippancy brings out the acid in their damn sweetness and light.
61,29,Ses04F_script03_1_F,neutral,"If I must laugh at everything, I must laugh at us too."
61,30,Ses04F_script03_1_M,neutral,Certainly you must.  We are figures of fun alright.
61,31,Ses04F_script03_1_F,neutral,"Oh, how long will it last, this ludicrous, over-bearing love of ours?"
61,32,Ses04F_script03_1_M,neutral,Well who knows?
61,33,Ses04F_script03_1_F,neutral,We always want to bicker and fight.
61,34,Ses04F_script03_1_M,neutral,No that fire will fade long with our passion.
61,35,Ses04F_script03_1_F,neutral,"Oh, dear shall we like that?"
61,36,Ses04F_script03_1_M,neutral,It all depends on how well we've played.
61,37,Ses04F_script03_1_F,neutral,What happens if one of us dies?  Does the one that's left still laugh?
61,38,Ses04F_script03_1_M,neutral,Yes.  Yes.  with all his might.
61,39,Ses04F_script03_1_F,neutral,"Well that's serious enough, isn't it?"
61,40,Ses04F_script03_1_M,neutral,"No, no it isn't.  Death is very laughable such a cunning little mystery.  All done with mirrors."
61,41,Ses04F_script03_1_F,neutral,"Darling, I believe you're talking nonsense."
61,42,Ses04F_script03_1_M,neutral,So is everyone else in the long run.  Let's be superficial and pity the poor philosophers.
61,43,Ses04F_script03_1_M,neutral,Let's blow trumpets and squeakers and enjoy the party as much as we can like small quite idiotic little school children.
61,44,Ses04F_script03_1_M,neutral,Let's savor the delight of the moment.  Come and kiss me darling before your body rots and worms pop in and out of your eye sockets.
61,45,Ses04F_script03_1_F,neutral,"Elliott, worms don't pop."
61,46,Ses04F_script03_1_M,neutral,"I don't mind what you do, see. you can paint yourself green all over"
61,47,Ses04F_script03_1_M,neutral,and dance naked in the place Place Vendome and rush away with all the men in the world and I shan't say a word as long as you love me best.
61,48,Ses04F_script03_1_F,neutral,"Thank you, dear.  The same applies to you except that if I catch you so much as looking at another woman, I'll kill you."
61,49,Ses04F_script03_1_M,neutral,Do you remember that awful scene in Venice?
61,50,Ses04F_script03_1_F,neutral,Which particular one?
61,51,Ses04F_script03_1_M,neutral,The one where you bought that little painted wooden snake and put it on my bed.
61,52,Ses04F_script03_1_F,neutral,"Oh, Charles.  That was his name.  Charles he did wriggle so beautifully."
61,53,Ses04F_script03_1_M,neutral,Horrible thing.  I hated it.
61,54,Ses04F_script03_1_F,neutral,"Yes, I know you did.  You threw him out of the window into the Grand Canal.  I don't think I'll ever forgive you for that."
61,55,Ses04F_script03_1_M,neutral,How long did that row last?
61,56,Ses04F_script03_1_F,neutral,It went on intermittently for days.
61,57,Ses04F_script03_1_M,neutral,The worst one was in Cannes when your curling irons burnt holes in my dressing gown.
61,58,Ses04F_script03_1_F,neutral,It burnt my comb too and all the towels in the bathroom.
61,59,Ses04F_script03_1_M,neutral,"Ah, we were much younger then.  That was a rouser wasn't it?"
61,60,Ses04F_script03_1_F,neutral,That was the first time you ever hit me.
61,61,Ses04F_script03_1_M,neutral,You didn't hit me- I didn't hit you very hard.
61,62,Ses04F_script03_1_F,neutral,Then the manager came in and found us rolling about on the floor biting and scratching like panthers.
61,63,Ses04F_script03_1_M,neutral,I shall never forget his face.
61,64,Ses04F_script03_1_F,neutral,"How ridiculous.  How utterly, utterly ridiculous."
61,65,Ses04F_script03_1_M,neutral,We were very much younger then.
61,66,Ses04F_script03_1_F,neutral,And very much sillier.
61,67,Ses04F_script03_1_M,neutral,"As a matter of fact, the real cause of that row was Peter Burden."
62,0,Ses02M_script01_1_F,neutral,"What's he going to say, maybe we ought to tell him before he sees it."
62,1,Ses02M_script01_1_M,neutral,He saw it.
62,2,Ses02M_script01_1_F,neutral,How could he see it? I was the first one up he was still in bed.
62,3,Ses02M_script01_1_M,neutral,He was out here when it broke.
62,4,Ses02M_script01_1_F,neutral,When?
62,5,Ses02M_script01_1_M,neutral,About four this morning. I heard it cracking and I woke up and looked out. He was standing right here when it cracked.
62,6,Ses02M_script01_1_F,neutral,What was he doing out here at four in the morning?
62,7,Ses02M_script01_1_M,sadness,I don't know. When it cracked he ran into the house and cried in the kitchen.
62,8,Ses02M_script01_1_F,neutral,So you talked to him?
62,9,Ses02M_script01_1_M,sadness,No. I figured it was best to leave him alone.
62,10,Ses02M_script01_1_F,neutral,He cried hard?
62,11,Ses02M_script01_1_M,sadness,I could hear him right through the floor in my room.
62,12,Ses02M_script01_1_F,neutral,"What was he doing out here at that hour? He's dreaming about him again, he's walking around at night."
62,13,Ses02M_script01_1_M,neutral,I guess he is.
62,14,Ses02M_script01_1_F,neutral,He's getting just like after he died. What is the meaning of that?
62,15,Ses02M_script01_1_M,neutral,"I don't know the meaning of it, but I know one thing mom, we've made a terrible mistake with dad."
62,16,Ses02M_script01_1_F,neutral,What?
62,17,Ses02M_script01_1_M,neutral,Being dishonest with him. I mean that sort of thing always pays off and now it's paying off.
62,18,Ses02M_script01_1_F,neutral,What do you mean dishonest?
62,19,Ses02M_script01_1_M,frustration,You know that Larry is not coming back and I know it. Why do we allow him to go on thinking that we believe with him?
62,20,Ses02M_script01_1_F,frustration,"What do you want to do, argue with him?"
62,21,Ses02M_script01_1_M,frustration,"No I don't want to argue with him, but it's about time he realized that nobody believes Larry is alive anymore."
62,22,Ses02M_script01_1_M,frustration,"Why -- why shouldn't he dream of him? Walk around, waiting for him at night I mean do we contradict him, do we say straight out that we don't have any hope anymore that we haven't had hope for years now?"
62,23,Ses02M_script01_1_F,frustration,You can't say that to him.
62,24,Ses02M_script01_1_M,anger,We've got to say it to him.
62,25,Ses02M_script01_1_F,frustration,"Can you prove it, how can you prove it?"
62,26,Ses02M_script01_1_M,anger,"For God sakes it's been three years, nobody comes back after three years, that's insane."
62,27,Ses02M_script01_1_F,frustration,To you it is and to me. You can talk yourself blue in the face but there is no body and no grave so where are you?
62,28,Ses02M_script01_1_M,neutral,Sit down mom; I want to talk to you.
62,29,Ses02M_script01_1_F,neutral,"The trouble is the god damned newspapers, every month or so a boy turns up out of nowhere, so the next one is going to be Larry."
62,30,Ses02M_script01_1_M,frustration,All right. All right. Listen to me.
62,31,Ses02M_script01_1_M,neutral,You know why I brought Annie here don't you?
62,32,Ses02M_script01_1_M,neutral,You know.
62,33,Ses02M_script01_1_F,neutral,I got an idea but what's the story?
62,34,Ses02M_script01_1_M,neutral,I'm going to ask her to marry me.
62,35,Ses02M_script01_1_F,neutral,"Well that's only your business, Chris."
62,36,Ses02M_script01_1_M,frustration,No it's not only my business.
62,37,Ses02M_script01_1_F,frustration,What do you want me to do; you're old enough to know your own mind.
62,38,Ses02M_script01_1_M,frustration,So it's all right then I'll go ahead with it?
62,39,Ses02M_script01_1_F,neutral,"Well, you want to make sure that your father isn't-"
62,40,Ses02M_script01_1_M,anger,See it isn't just my business-
62,41,Ses02M_script01_1_F,frustration,I'm just saying
62,42,Ses02M_script01_1_M,neutral,Sometimes you infuriate me you know that. Isn't it your business to if I tell dad and he throws a fit about it? You have such a talent for ignoring things.
62,43,Ses02M_script01_1_F,neutral,I ignore what I got to ignore. The girl is Larry's girl.
62,44,Ses02M_script01_1_M,frustration,She's not Larry's girl.
62,45,Ses02M_script01_1_F,neutral,From father's point of you he isn't dead and you have no right to take his girl.
62,46,Ses02M_script01_1_F,frustration,"You can go on from there if you know where to go but I don't know where to go, see I don't know. So what can I do for you?"
62,47,Ses02M_script01_1_M,anger,"I don't know why but every time I reach out for something that I really want, I have to pull back 'cause someone else will suffer. My whole bloody life, time after time after time."
62,48,Ses02M_script01_1_F,neutral,You're a considerate fellow.  There's nothing wrong with that.
62,49,Ses02M_script01_1_M,anger,To hell with that.
62,50,Ses02M_script01_1_F,frustration,Have you asked Annie yet?
62,51,Ses02M_script01_1_M,neutral,I wanted to get this settled first.
62,52,Ses02M_script01_1_F,neutral,How do you know she'll marry you? Maybe she feels the same way your father does.
62,53,Ses02M_script01_1_M,neutral,"Well, if she does then that's the end of it. From her letters I think she's forgotten him."
62,54,Ses02M_script01_1_M,sadness,"I don't know, I'll find out. Then we'll trash it out with dad, right? Mom, don't avoid me."
62,55,Ses02M_script01_1_F,anger,"Trouble is you don't see enough women, you never did."
62,56,Ses02M_script01_1_M,frustration,So what I'm not fast with women.
62,57,Ses02M_script01_1_F,anger,I just don't see why it has to be Annie.
62,58,Ses02M_script01_1_M,frustration,Because it is.
62,59,Ses02M_script01_1_F,frustration,That's a good answer but it doesn't answer anything. I mean you haven't seen her since you went away to war it's five years.
62,60,Ses02M_script01_1_M,frustration,"I can't help it I know her best. I mean lived next door to her my whole life. These years when I think of a wife, I think of Annie."
62,61,Ses02M_script01_1_M,neutral,"What do you want, a diagram?"
62,62,Ses02M_script01_1_F,frustration,"I don't want a diagram. He thinks he's coming back. Chris, you marry this girl you're pronouncing him dead."
62,63,Ses02M_script01_1_F,frustration,"Do you know what's going to happen to your father because I don't, see?"
62,64,Ses02M_script01_1_M,neutral,All right. All right. Mom.
62,65,Ses02M_script01_1_F,neutral,Just give it some more thought.
62,66,Ses02M_script01_1_M,neutral,"I've given it three years of thought. I thought that if I waited, dad would forget about Larry and we could have a regular wedding and everything happy."
62,67,Ses02M_script01_1_M,sadness,"If I can't do that here well, then I'll have to get out."
62,68,Ses02M_script01_1_F,anger,What the hell is this?
62,69,Ses02M_script01_1_M,sadness,"I'll get out. I'll get married and go live some place else, maybe New York."
62,70,Ses02M_script01_1_F,anger,"What the hell is this, are you crazy?"
62,71,Ses02M_script01_1_M,anger,"I've been a good son too long a good sucker, I'm through with it."
62,72,Ses02M_script01_1_F,anger,What about the business? What is this?
62,73,Ses02M_script01_1_M,anger,The business?  The business doesn't inspire me.
62,74,Ses02M_script01_1_F,anger,Must you be inspired?
62,75,Ses02M_script01_1_M,anger,"Yes, I like it and hour a day. If I'm going to grub for money all day long, at least in the evening I want it beautiful."
62,76,Ses02M_script01_1_M,neutral,I want a family; I want kids; I want something I can give myself to. Annie is in the middle of that. Now where do I find it?
62,77,Ses02M_script01_1_F,anger,"Tell me, you'd leave the business?"
62,78,Ses02M_script01_1_M,sadness,"Yes, on this I would."
62,79,Ses02M_script01_1_F,anger,"Well, you don't want to think like that."
62,80,Ses02M_script01_1_M,frustration,Then help me stay here.
62,81,Ses02M_script01_1_F,neutral,"All right. But you don't want to be thinking like that 'cause otherwise what did we work for, I mean the whole thing is for you, Chris, the whole shooting match is for you."
62,82,Ses02M_script01_1_M,frustration,I know I know mom. All right. Just help me stay here.
62,83,Ses02M_script01_1_F,frustration,Just don't go thinking that way.
62,84,Ses02M_script01_1_M,frustration,"Well, I am thinking that way."
62,85,Ses02M_script01_1_F,frustration,"I don't understand you, do I?"
62,86,Ses02M_script01_1_M,neutral,"No, you don't. I'm a pretty tough guy."
62,87,Ses02M_script01_1_F,sadness,"Yea, I can see that."
63,0,Ses03F_impro05_F,frustration,"Look sir, I've been waiting for about an hour and my luggage still hasn't come. What's going on?"
63,1,Ses03F_impro05_M,frustration,"I'm sorry, Mrs. Rosenkrantz, but uh- I don't know what to tell you."
63,2,Ses03F_impro05_F,frustration,"What do you mean, you don't know what to tell me? I have two luggage that I've been coming--they're coming--from France and I need them here. I'm home now. I need to go start working."
63,3,Ses03F_impro05_M,frustration,Did you- Did you check with the lost and found?
63,4,Ses03F_impro05_F,anger,"Where? I don't know. The lost and found. What do you mean, lost and found?"
63,5,Ses03F_impro05_F,frustration,I had my luggage transferred here from Paris to L.A. and now I'm here and I need to be working and I have all my stuff in there.
63,6,Ses03F_impro05_M,frustration,"Maybe it got lost. Did you think about that, mom?"
63,7,Ses03F_impro05_F,frustration,"Well, that's what I'm asking you. What--I don't know what happened to it."
63,8,Ses03F_impro05_M,neutral,"Oh, not--we didn't lose it; maybe the airport lost it. Maybe someone stole it."
63,9,Ses03F_impro05_F,anger,"Wait, sir. You're- You're completely not--what do you mean, stole it? How can they just steal it from an airplane? It was up in the air?"
63,10,Ses03F_impro05_M,frustration,"No, I mean, maybe in the little--going around thingy thing where bopper stole it from there."
63,11,Ses03F_impro05_F,frustration,Okay. All I know is that I am supposed to have my language here right now. Right now. And it's not there. And you're supposed to help me because you work at the airport. So give me my luggage or tell me where the hell it is.
63,12,Ses03F_impro05_M,frustration,Okay. What can we do is we can get your name and information and if it shows up we can send it to you so-- Wherever you stay
63,13,Ses03F_impro05_F,anger,"What do you mean, if it shows up? No, I need it now. I have my keys, I have my wallet, I have my money. I have thousands and thousands of dollars worth of stuff in there."
63,14,Ses03F_impro05_F,anger,Not to mention I have my work in there.
63,15,Ses03F_impro05_M,frustration,"Well, I'll have you fill out some paperwork and see if you can get started on something."
63,16,Ses03F_impro05_F,anger,"And what if- what if it is lost? Well, what are you guys going to do for me?"
63,17,Ses03F_impro05_M,neutral,"You know, we'll file a complaint and we could possibly, you know, replace some of the things. I think-"
63,18,Ses03F_impro05_M,neutral,and when you sign your ticket we could replace about fifteen percent of what's in the bag.
63,19,Ses03F_impro05_F,anger,Fifteen percent?
63,20,Ses03F_impro05_M,neutral,Up to a limit of twenty five dollars.
63,21,Ses03F_impro05_F,anger,What? There- There's hundreds of thousands of dollars worth of stuff in there.
63,22,Ses03F_impro05_M,frustration,"Whoa, maybe you should uh- have thought of a better way to send it than just in a bag, hmm? Did you think about that?"
63,23,Ses03F_impro05_F,frustration,"No, no, no. You don't understand. This is--these are my belongings in the luggage. And I went to Paris."
63,24,Ses03F_impro05_F,frustration,"Sir, why are you laughing at me? This isn't funny."
63,25,Ses03F_impro05_M,neutral,"I think that's kind of stupid, that you put a hundred thousands of dollars in the bag."
63,26,Ses03F_impro05_F,neutral,"Well I'm sorry, if I--no, it's not stupid. You are supposed to have my luggage."
63,27,Ses03F_impro05_M,frustration,Did you lock- Did you lock it even? You probably didn't even lock it.
63,28,Ses03F_impro05_F,anger,"No, they said I couldn't lock it."
63,29,Ses03F_impro05_M,neutral,"[LAUGHTER], That's what they say."
63,30,Ses03F_impro05_F,anger,Give me--I'm going to talk to your supervisor. Give me your supervisor. I want to talk to your supervisor right now.
63,31,Ses03F_impro05_M,neutral,"Okay, let me get him.Oh, guess who the supervisor is? It's me."
63,32,Ses03F_impro05_M,neutral,"What, do you have questions?"
63,33,Ses03F_impro05_F,anger,"Well, get- I want the C.E.O. then."
64,0,Ses01M_impro03_M,neutral,The craziest thing just happened to me.
64,1,Ses01M_impro03_F,neutral,What?
64,2,Ses01M_impro03_M,neutral,This girl; she just offered me fifty thousand dollars to marry her.
64,3,Ses01M_impro03_F,neutral,[BREATHING]
64,4,Ses01M_impro03_M,neutral,Yeah.
64,5,Ses01M_impro03_F,neutral,Why?
64,6,Ses01M_impro03_M,neutral,"Well, she's not a citizen so she wants to get a visa."
64,7,Ses01M_impro03_F,neutral,Is she on the run?
64,8,Ses01M_impro03_M,neutral,"No, no, no, no, no, no she just... she's not a citizen but she wants her visa, yeah. She's going to pay me fifty thousand dollars to marry her and stay married to her for two years."
64,9,Ses01M_impro03_F,neutral,"Oh, she just needs to marry you."
64,10,Ses01M_impro03_F,neutral,That's incredible. That's awesome. Where's she from?  Maybe you can get a dual citizenship.
64,11,Ses01M_impro03_M,neutral,That's like twenty five thousand dollar a year for doing nothing. Isn't that awesome?
64,12,Ses01M_impro03_M,neutral,"She's actually from England, I think.  Well she- she spoke English but she had an accent. I didn't even ask."
64,13,Ses01M_impro03_F,neutral,That's so cool. Uh huh.
64,14,Ses01M_impro03_F,neutral,[LAUGHTER] Why did she pick you? Where were you?
64,15,Ses01M_impro03_M,neutral,"Fifty thousand dollars. Fifty thousand dollars. I was just out... I just... she's - well, she's a friend of friend but like..."
64,16,Ses01M_impro03_F,neutral,You were at a party? And she's like hey. You seem unattached she's like.
64,17,Ses01M_impro03_M,neutral,"Yeah.  Can you believe that? Yeah, she's like hey, I'm like sure I'll do it, I don't care. Yeah. I'm like fifty thousand dollars, I'd totally do it for fifty thousand dollars. But the only thing is that's kind of like illegal. So like I could go to jail probably for a long if I get caught, but..."
64,18,Ses01M_impro03_F,neutral,That's unbelievable... Yeah.
64,19,Ses01M_impro03_F,neutral,Well I've known people who have done this before. Yeah.  You just- it's really fun actually 'cause you have like a fake engagement party and all your friends come over and like...
64,20,Ses01M_impro03_M,neutral,Have you?
64,21,Ses01M_impro03_M,neutral,It's like I'm really going to get married. We'll have like the whole thing.
64,22,Ses01M_impro03_M,neutral,"Oh, good. [LAUGHTER]"
64,23,Ses01M_impro03_F,neutral,"Yeah. Yeah. And then yeah, and then you know like you could like you could do like like sock her for a lot of money"
64,24,Ses01M_impro03_M,neutral,I know. What do you think I should-
64,25,Ses01M_impro03_F,neutral,"Like make her rent the apartment that you two have to live together in, you know. And you won't pay any rent or you pay like, a hundred bucks a month or something."
64,26,Ses01M_impro03_M,neutral,Oh good idea.
64,27,Ses01M_impro03_M,neutral,Yeah.  Make her like open the bank account and stuff too.
64,28,Ses01M_impro03_F,neutral,Yeah.
64,29,Ses01M_impro03_M,neutral,It's a good idea.
64,30,Ses01M_impro03_F,neutral,"Dude, you lucked out."
64,31,Ses01M_impro03_M,neutral,I know.  Also I get to like plan the wedding now too. That will be fun.
64,32,Ses01M_impro03_F,neutral,"Yeah.  My colors are blush and beige what is it, do you know?"
64,33,Ses01M_impro03_M,neutral,"Something blue, something new, something... no I don't know. [LAUGHTER] So yeah, wonder if she's going to pay me up front but do you think it's bad though, do you think they're going to like track the money or something?"
64,34,Ses01M_impro03_F,neutral,Oh I don't know. [LAUGHTER]
64,35,Ses01M_impro03_F,neutral,I don't know get it in cash.
64,36,Ses01M_impro03_M,neutral,Just cash hardcore.
64,37,Ses01M_impro03_F,neutral,Yeah.
64,38,Ses01M_impro03_M,neutral,What should we do?  Where should we get married? We should have party.
64,39,Ses01M_impro03_F,neutral,How exciting. You should have a wedding on the beach.
64,40,Ses01M_impro03_M,neutral,"Yeah, like a big like- A wedding on the beach, that would be nice."
64,41,Ses01M_impro03_F,neutral,"Yeah, at night."
64,42,Ses01M_impro03_M,neutral,And then we can honeymoon.  I want to go tropical though like Bahamas- --or like Tahiti or something. I just want to like beach and like drink.
64,43,Ses01M_impro03_F,neutral,"Oh yeah, absolutely, absolutely."
64,44,Ses01M_impro03_F,neutral,How exciting.  You should make her bring all your friends too.
64,45,Ses01M_impro03_M,neutral,I'll make her pay for that.  I hear she's like totally wealthy. She's like royalty- --or something like and- --whatever like removed or something but yeah.
64,46,Ses01M_impro03_F,neutral,[GARBAGE] She's got to be loaded.  fifty thousand dollars.  That's incredible.
64,47,Ses01M_impro03_F,neutral,Incredible.
64,48,Ses01M_impro03_M,neutral,I'm going to marry a blue blood. [LAUGHTER]
64,49,Ses01M_impro03_F,neutral,"you're a lucky, lucky, lucky man."
64,50,Ses01M_impro03_M,neutral,Will you help me plan?
64,51,Ses01M_impro03_F,neutral,"Oh, totally. Yeah."
64,52,Ses01M_impro03_M,neutral,Good.
65,0,Ses03M_impro05a_F,neutral,Can I help you sir?
65,1,Ses03M_impro05a_M,anger,Yes you can help me.  Where is my luggage?
65,2,Ses03M_impro05a_F,neutral,"Well, let me just check on that for you.  Where are you coming--?"
65,3,Ses03M_impro05a_M,anger,Yeah.  You do that.  I'm coming from Baltimore.  You know where that is?
65,4,Ses03M_impro05a_F,neutral,"Sir, yes it's in Maryland.  It's okay...well, I'm...just let me check here."
65,5,Ses03M_impro05a_M,anger,I had eight hundred pounds of luggage.
65,6,Ses03M_impro05a_F,frustration,Okay.  Sir?  Can you...if you just give me one moment and let me just check okay?
65,7,Ses03M_impro05a_M,anger,Okay.  Check.
65,8,Ses03M_impro05a_F,frustration,"Alright.  And you're coming-- Wait, hold on sir.  You're coming from Baltimore into LAX right?"
65,9,Ses03M_impro05a_M,anger,Is it there?
65,10,Ses03M_impro05a_M,anger,Yes.
65,11,Ses03M_impro05a_F,neutral,Okay and this is direct flight?
65,12,Ses03M_impro05a_M,anger,You don't know where we're at?
65,13,Ses03M_impro05a_M,anger,God.
65,14,Ses03M_impro05a_F,frustration,I'm asking you if this is direct flight from Baltimore to LAX or if you have to stop--
65,15,Ses03M_impro05a_M,neutral,You know I've been waiting here for four hours for my luggage
65,16,Ses03M_impro05a_M,neutral,"and it's not here, they told me to go to this person, go to this person.  Now I'm at this person."
65,17,Ses03M_impro05a_F,neutral,You're at me and I'm going to try to help you out sir but you just have to cooperate with me--
65,18,Ses03M_impro05a_M,anger,Okay.  What do you want?
65,19,Ses03M_impro05a_F,neutral,How many pieces of luggage do you have checked in?
65,20,Ses03M_impro05a_M,anger,Eight.  And they're all gone.
65,21,Ses03M_impro05a_F,neutral,Eight pieces of luggage.  Okay.
65,22,Ses03M_impro05a_M,anger,And what are you going to do about it?  You going to call someone?  You going to send me somewhere else?
65,23,Ses03M_impro05a_F,frustration,No.  I'm just going to check--
65,24,Ses03M_impro05a_M,anger,It's my mother's funeral tomorrow and the urn is in the suitcase.
65,25,Ses03M_impro05a_F,neutral,I'm sorry sir.
65,26,Ses03M_impro05a_M,anger,Yeah.
65,27,Ses03M_impro05a_F,neutral,I'm very sorry but let's check on this immediately.  This is definitely an emergency.  It seems--
65,28,Ses03M_impro05a_M,neutral,What am I going to do tomorrow without the urn?
65,29,Ses03M_impro05a_F,neutral,Sir it seems to me that your luggage is um- is not here
65,30,Ses03M_impro05a_M,anger,"Oh, oh, that's a good deduction."
65,31,Ses03M_impro05a_F,neutral,Yes--it is
65,32,Ses03M_impro05a_M,anger,"Sherlock Holmes.  God, where's my luggage?"
65,33,Ses03M_impro05a_F,frustration,"Sir, Please please, I would ask you to just calm down for a second--"
65,34,Ses03M_impro05a_M,anger,Calm down?  It's my mother's funeral tomorrow.  I'm the one responsible for this.
65,35,Ses03M_impro05a_F,neutral,"Okay.  We will find your luggage.  Apparently because it somehow...what flight you were taking, you were on Delta?"
65,36,Ses03M_impro05a_M,neutral,Yes.  You are a Delta representative.
65,37,Ses03M_impro05a_F,neutral,"Yes, I am."
65,38,Ses03M_impro05a_M,anger,What is the matter with you?
65,39,Ses03M_impro05a_F,anger,"Sir, I just...you need to calm down is what needs to happen right now."
65,40,Ses03M_impro05a_M,anger,Don't yell at me.
65,41,Ses03M_impro05a_F,frustration,"Okay.  I'm not.  I'm sorry, I am being--"
65,42,Ses03M_impro05a_F,frustration,"calm.  Sir, okay basically what- what's going to happen here is you're going to give me your contact information and we will contact you--"
65,43,Ses03M_impro05a_M,anger,Oh my God.  I think a blood vessel burst in my head.
65,44,Ses03M_impro05a_F,neutral,"Please, please"
65,45,Ses03M_impro05a_F,neutral,"sir, listen to me.  Your luggage is still in Baltimore."
65,46,Ses03M_impro05a_M,anger,What?
65,47,Ses03M_impro05a_F,neutral,Okay.  We can get it here in about seven to ten business days.
65,48,Ses03M_impro05a_M,anger,What?  Are you kidding me?
65,49,Ses03M_impro05a_F,neutral,"Yes.  Well, because--"
65,50,Ses03M_impro05a_M,anger,Give- Give me your manager right now.
65,51,Ses03M_impro05a_F,neutral,I am the manager sir.
65,52,Ses03M_impro05a_M,anger,"You're the manager? You don't know where you work for, you don't know where you're at and you're the manager?"
65,53,Ses03M_impro05a_F,neutral,Sir I know where I work for but I was checking because you cannot--
65,54,Ses03M_impro05a_M,anger,Whose daughter are you?
65,55,Ses03M_impro05a_F,frustration,Sir?
65,56,Ses03M_impro05a_M,anger,Sir. Sir. Sir. Sir
65,57,Ses03M_impro05a_F,anger,What is your name?
65,58,Ses03M_impro05a_M,anger,My name is Brent Caption.
65,59,Ses03M_impro05a_M,neutral,Now what are you going to do about it?
66,0,Ses03M_script01_3_F,neutral,You're the only one I know that still loves his parents.
66,1,Ses03M_script01_3_M,neutral,I know.  It sort of went out of style didn't it?
66,2,Ses03M_script01_3_F,neutral,"No.  It's alright.  It's a good thing, you know?"
66,3,Ses03M_script01_3_F,neutral,It's lovely here.
66,4,Ses03M_script01_3_F,neutral,The air is so sweet.
66,5,Ses03M_script01_3_M,neutral,You're not sorry you came?
66,6,Ses03M_script01_3_F,sadness,No.  I'm not sorry.  But I'm not going to stay.
66,7,Ses03M_script01_3_M,neutral,Why?
66,8,Ses03M_script01_3_F,neutral,First of all your mother so much as told me to go.
66,9,Ses03M_script01_3_M,neutral,Well...
66,10,Ses03M_script01_3_F,sadness,"Look,"
66,11,Ses03M_script01_3_F,sadness,"you saw the way that she acted and then well, I mean, you, you were acting kind of..."
66,12,Ses03M_script01_3_M,neutral,What?
66,13,Ses03M_script01_3_F,sadness,"Well, I don't know, embarrassed of her since I came."
66,14,Ses03M_script01_3_M,neutral,Well the trouble is I was planning on sneaking up on you over a week or so and they take it for granted that we're all set.
66,15,Ses03M_script01_3_F,neutral,"Yeah.  I know they would, especially your mother."
66,16,Ses03M_script01_3_M,neutral,How did you know?
66,17,Ses03M_script01_3_F,neutral,"Well what other reason, from her point of view, would I be coming here?"
66,18,Ses03M_script01_3_M,neutral,"So, would you want to?"
66,19,Ses03M_script01_3_M,happiness,"I mean, that's the reason why I asked you here."
66,20,Ses03M_script01_3_F,happiness,"Well,"
66,21,Ses03M_script01_3_M,neutral,Oh Annie.  I love you.  I love you a great deal.
66,22,Ses03M_script01_3_M,happiness,I love you.
66,23,Ses03M_script01_3_F,happiness,I guess that's why I came.
66,24,Ses03M_script01_3_M,neutral,I don't...I have no imagination that's the only way I know how to tell it.
66,25,Ses03M_script01_3_M,neutral,I'm embarrassing you.  I didn't want to tell you this here.  I wanted to drive someplace brand new where we'd be brand new to each other.  It feels wrong here don't you?
66,26,Ses03M_script01_3_M,neutral,"This yard and this chair.  I don't want to win you from anything, I want you to be ready for me."
66,27,Ses03M_script01_3_F,happiness,"Look, I've been ready for a long, long time now."
66,28,Ses03M_script01_3_M,neutral,"Then he's gone forever, you sure?"
66,29,Ses03M_script01_3_F,happiness,"Look, I almost got married two years ago."
66,30,Ses03M_script01_3_M,neutral,Why didn't you?
66,31,Ses03M_script01_3_F,happiness,You started to write me.
66,32,Ses03M_script01_3_M,happiness,You felt something that far back.
66,33,Ses03M_script01_3_F,happiness,Every day since.
66,34,Ses03M_script01_3_M,neutral,Why didn't you let me know?
66,35,Ses03M_script01_3_F,happiness,"I was waiting for you Chris, I mean, till then you never wrote and then when you did what did you say?"
66,36,Ses03M_script01_3_F,happiness,You'd always be so ambiguous.
66,37,Ses03M_script01_3_M,happiness,"Give me a kiss Ann, just give me..."
66,38,Ses03M_script01_3_M,neutral,"Oh God.  Annie, I kissed Annie.  I kissed Annie."
66,39,Ses03M_script01_3_F,happiness,I'll never forgive you for that.
66,40,Ses03M_script01_3_M,neutral,"How long, how long I've been waiting to do that."
66,41,Ses03M_script01_3_F,happiness,"I mean,  Why did you wait all these years?  There I was sitting around and wondering if I was crazy for thinking about you."
66,42,Ses03M_script01_3_M,happiness,We're going to live now.  I'm going to make you so happy.
66,43,Ses03M_script01_3_F,happiness,Not like that you're not.
66,44,Ses03M_script01_3_M,neutral,I kissed you.
66,45,Ses03M_script01_3_F,neutral,Like Larry's brother.  Do it like you Chris.
66,46,Ses03M_script01_3_M,sadness,"Nothing.  Hey, let's drive somewhere.  I want to be alone with you."
66,47,Ses03M_script01_3_F,neutral,What is it?
66,48,Ses03M_script01_3_F,neutral,"No, what is it?  Your mother?"
66,49,Ses03M_script01_3_M,neutral,"No, nothing, nothing like that."
66,50,Ses03M_script01_3_F,neutral,"Tell me what's wrong.  I mean, even in your letters you seemed ashamed."
66,51,Ses03M_script01_3_M,neutral,"Well, yes I guess I've been ashamed but, it's going from me."
66,52,Ses03M_script01_3_F,neutral,You got to tell me.
66,53,Ses03M_script01_3_M,neutral,I don't know where to start.
66,54,Ses03M_script01_3_F,neutral,Okay.  It wouldn't work like this?
66,55,Ses03M_script01_3_M,sadness,You remember overseas I was in command of a company?
66,56,Ses03M_script01_3_F,neutral,"Yeah, sure."
66,57,Ses03M_script01_3_M,sadness,Well I lost them.
66,58,Ses03M_script01_3_F,sadness,How many?
66,59,Ses03M_script01_3_M,sadness,Just about all.
66,60,Ses03M_script01_3_F,sadness,Geez.
66,61,Ses03M_script01_3_M,sadness,Takes a little while to toss that off cause they weren't just men.
66,62,Ses03M_script01_3_M,sadness,"For instance, one time this...it had been raining several days and this one kid, he came up to me, he gave me his last pair of dry socks, put them in my pocket."
66,63,Ses03M_script01_3_M,sadness,"That's just a little thing but that's the kind of guys I had.  They didn't just die, they killed themselves for each other and I mean that exactly."
66,64,Ses03M_script01_3_M,sadness,A little more selfish and they'd still be here today.  And I got this idea watching them go down.  See everything was being destroyed but there was one new thing that was being created.
66,65,Ses03M_script01_3_M,sadness,"It was a kind of responsibility, man for man.  You understand me?"
66,66,Ses03M_script01_3_M,sadness,And to show that and to bring that onto the earth again like some sort of monument standing right behind all of us and we could feel it and it would make a difference to him.
66,67,Ses03M_script01_3_M,sadness,And then I came here and it was incredible.  There was no meaning in it here.  The whole thing to them was a kind of bus accident.
66,68,Ses03M_script01_3_M,sadness,"And I went to work with dad and that rat race again and I felt what you said, ashamed.  Somehow because nobody was changed at all."
66,69,Ses03M_script01_3_M,sadness,"It seemed to make a sucker out of a lot of guys.  I felt wrong to be alive.  I felt wrong to have that new checkbook,"
66,70,Ses03M_script01_3_M,sadness,"open that new bank account, drive the new car and see the new refrigerator"
66,71,Ses03M_script01_3_M,sadness,"cause you can take those things out of the war.  But you got to know, when you drive that car that it came out of the love that a man can have for a man and you got to be a little bit better because of that."
66,72,Ses03M_script01_3_M,sadness,Otherwise what you have is loot and there's blood on it.
66,73,Ses03M_script01_3_M,sadness,And I didn't want to take any of it and I guess that included you.
66,74,Ses03M_script01_3_F,sadness,And you still feel that way?
66,75,Ses03M_script01_3_M,neutral,I want you now Annie.
66,76,Ses03M_script01_3_F,neutral,Cause you must not feel that way again.  You hear me?  You can't.  You deserve everything you have Chris.
66,77,Ses03M_script01_3_F,sadness,"that includes me too, I mean and the money, you have right to that money.  Your father put planes up in the air, good planes and he deserves it, you should be proud of that.  A man should be paid for that."
66,78,Ses03M_script01_3_M,neutral,[GARBAGE] Annie
66,79,Ses03M_script01_3_M,happiness,Annie I'm going to make a fortune for you.
66,80,Ses03M_script01_3_F,happiness,What am I going to do with a fortune?
66,81,Ses03M_script01_3_M,happiness,Buy some hats?
67,0,Ses04F_impro02_M,sadness,So you're leaving tomorrow.
67,1,Ses04F_impro02_F,sadness,Yeah.  They just called.
67,2,Ses04F_impro02_M,sadness,This is really-this is unfair.
67,3,Ses04F_impro02_F,sadness,I know.
67,4,Ses04F_impro02_M,frustration,I don't see [BREATHING]
67,5,Ses04F_impro02_F,sadness,I don't know what to say.  I don't want to go but I don't have a lot of choice.
67,6,Ses04F_impro02_M,frustration,"I mean we both knew that this was going to happen.  It's just that I feel that, you know, I don't want Susie growing up without a mother."
67,7,Ses04F_impro02_M,sadness,"And, uh, I'm afraid that if you, you know, when you leave, you won't come back."
67,8,Ses04F_impro02_F,sadness,I'm going to come back.  I need you to believe that.
67,9,Ses04F_impro02_M,frustration,You don't know that.
67,10,Ses04F_impro02_F,neutral,I need you to believe that too.  How am I supposed to believe everything's going to be okay if you don't?
67,11,Ses04F_impro02_M,frustration,"I'll believe it, but- I'll believe it but it- I don't know that that's going to happen."
67,12,Ses04F_impro02_F,sadness,Well you have to have faith because I don't have a choice and I have to go.
67,13,Ses04F_impro02_M,neutral,You do have a choice.  You don't have to go.
67,14,Ses04F_impro02_F,sadness,Do you think I want to leave you?
67,15,Ses04F_impro02_M,frustration,You have a choice.
67,16,Ses04F_impro02_F,sadness,I have to do this.  I don't want to leave.  Do you think I want to miss seeing her grow up?
67,17,Ses04F_impro02_M,frustration,I know.  It's just you don't have to do this for a living you know.
67,18,Ses04F_impro02_M,frustration,You're a smart person.  There are other things you can do.
67,19,Ses04F_impro02_F,frustration,Look we both knew what this meant when I signed on
67,20,Ses04F_impro02_F,sadness,And now- and now it's really shitty timing but now I have to go.
67,21,Ses04F_impro02_F,frustration,I mean I'm the one who has to leave here.  I'm the one who has to leave the two of you.  At least you get to be together.
67,22,Ses04F_impro02_M,neutral,It's just not going to work out without you here.
67,23,Ses04F_impro02_F,sadness,What's that supposed to mean?
67,24,Ses04F_impro02_M,sadness,I mean we can't-we're not a complete family without you here.
67,25,Ses04F_impro02_F,anger,Well I'll come back.  What is that supposed to mean?  You're not willing to wait for me to come back?
67,26,Ses04F_impro02_M,frustration,Of course I'm going to wait.  I just- I just don't like the idea of this happening because this isn't the last time this is going to happen. You're going to go on more tours and stuff.  I just- I can't-
67,27,Ses04F_impro02_M,frustration,I can't deal with this emotionally.
67,28,Ses04F_impro02_F,frustration,What do you want me to do?
67,29,Ses04F_impro02_M,frustration,I want you to leave.  I want you to leave the service.
67,30,Ses04F_impro02_F,frustration,Well I can't very well do it today.  I still have to leave tomorrow.
67,31,Ses04F_impro02_M,frustration,You can do it today.  You don't have to do anything.  You don't have to do anything you don't want to do.
67,32,Ses04F_impro02_F,frustration,"You're not making this any easier for me, you know.  I'm the one who has to go and you're really not helping."
67,33,Ses04F_impro02_M,frustration,Look I'm just telling you that you don't have to go.
67,34,Ses04F_impro02_F,frustration,I do have to go. And I need to know that you're here waiting for me and that you believe that I'm coming back.
67,35,Ses04F_impro02_M,anger,That's all I'm saying... No you don't.
67,36,Ses04F_impro02_F,anger,Thanks that helps.
67,37,Ses04F_impro02_M,frustration,It's just really unfair.  This is- this is bullshit.
67,38,Ses04F_impro02_F,anger,I feel much better now.
67,39,Ses04F_impro02_M,anger,"You're acting like, you know, you're the one who's going all through, you know, all this shit and it's really- it's really not."
67,40,Ses04F_impro02_F,frustration,I know I'm leaving you here with all the responsibility but at least you get to be with her.
67,41,Ses04F_impro02_M,anger,Yeah.  Of course I do because I didn't enlist in this stupid thing.  Why don't you just get out now and then-
67,42,Ses04F_impro02_F,frustration,I will but I can't right now.
67,43,Ses04F_impro02_M,neutral,Yes- You don't have to go.  What are they going to do?  Huh?  Put a gun to your head?
67,44,Ses04F_impro02_F,neutral,You know- you know how this works.  I have to go.
67,45,Ses04F_impro02_M,frustration,Then go.  We'll be here when you get back.
67,46,Ses04F_impro02_F,anger,That's how you want to leave it?
67,47,Ses04F_impro02_M,sadness,"I don't know how else to leave it.  What, do you want me to lie to you?"
67,48,Ses04F_impro02_M,sadness,You want me tell you that I'm okay with it?
67,49,Ses04F_impro02_F,sadness,I want you to be okay with it as much as you can be.  I mean it's not a great situation but we don't have an option here.
67,50,Ses04F_impro02_M,sadness,Well I can't be okay with it the same way you can't not go.  It just doesn't work that way.
67,51,Ses04F_impro02_F,sadness,Fine.
68,0,Ses02F_impro05_F,neutral,"Hi, um, excuse me, I believe that the airline lost my baggage."
68,1,Ses02F_impro05_M,neutral,"Um, okay, it didn't--didn't come out on the carrousel--"
68,2,Ses02F_impro05_F,neutral,"No, it didn't. um It didn't come out and I don't see it anywhere around here, so what can you do about that?"
68,3,Ses02F_impro05_M,neutral,"Okay.  Um, well, unfortunately yeah there was a some- some problems with the--"
68,4,Ses02F_impro05_F,neutral,Some problems?  What is that supposed to mean?
68,5,Ses02F_impro05_M,neutral,"Uh, well some-some of the bags were--were lost on the way over here. uh-"
68,6,Ses02F_impro05_F,neutral,How do you lose a suitcase?  A huge suitcase?
68,7,Ses02F_impro05_M,neutral,"You know, I mean, there's a lot of things that go on under the plane and sometimes, you know, that kind of things happen."
68,8,Ses02F_impro05_M,neutral,"Uh, But, we are willing to reimburse you for the bag and and for the contents--"
68,9,Ses02F_impro05_F,neutral,How much?
68,10,Ses02F_impro05_M,neutral,"Um, we'd be willing to give you uh fifty dollars for--"
68,11,Ses02F_impro05_F,neutral,"Fifty dollars?  For my suitcase?  I mean, the suitcase itself was like a hundred and fifty dollar just for the suitcase, but all the things inside, all my clothes, all my personal belongings, the sentimental value, not to mention, which is more-more than all of that together."
68,12,Ses02F_impro05_M,neutral,"Right.  Uh We realize, you know, that that it's a bad situation, but I'm sorry, there's nothing that we can really do."
68,13,Ses02F_impro05_F,anger,"That's all, that's all, that's all you're going to do is just give me fifty dollars and say go have fun on your vacation without any of your stuff?"
68,14,Ses02F_impro05_M,neutral,"I think, um, maybe you can file a claim if you want and turn it in to our main office--"
68,15,Ses02F_impro05_F,frustration,"Yes, yes, I would like to file a claim, but what are you gonna--I mean, is it just gonna show up magically out of nowhere?"
68,16,Ses02F_impro05_M,neutral,"Right.  No.  I mean they- they might--they might--if you-if you are argue the case more, maybe they'll reimburse you more, but, right now--"
68,17,Ses02F_impro05_F,neutral,"I need my stuff.  It's--I need my stuff.  I mean, uh..."
68,18,Ses02F_impro05_F,neutral,Haven't you ever lost baggage?  I mean isn't there anything else you do?
68,19,Ses02F_impro05_M,neutral,"Yes, I know. I know-. It's It's frustrating.  Unfortunately though-- um"
68,20,Ses02F_impro05_F,anger,"Because you don't seem to care very much, you know."
68,21,Ses02F_impro05_M,neutral,"By checking your bags, you--you, you know- admit to the liability that's- that's at risk--"
68,22,Ses02F_impro05_F,frustration,I didn't sign anything.
68,23,Ses02F_impro05_M,neutral,"Right, well, by checking in your bags, you agreed to, you know, at the will of the--"
68,24,Ses02F_impro05_F,neutral,"I didn't agree.  [GARBAGE] I paid the airline to take care of things for me.  When you pay for something, there should be some sort of guarantee that it's gonna come through."
68,25,Ses02F_impro05_M,neutral,"You paid for the flight and then your bags were checked at--it's a service that the airline provides for us.  So so, really, it's really the risk was taken and, I'm sorry, but there's really nothing else we can do.  So do you want--do you want the reimbursement?"
68,26,Ses02F_impro05_F,frustration,"[BREATHING] Well, sure, yeah, I guess I'll go buy dinner and then be--have nothing for the rest of my entire vacation.  I'm supposed to be here for three weeks.  What am I gonna do without anything for three weeks?"
68,27,Ses02F_impro05_M,neutral,"Well, there are-there are some shops here in- in the airport--"
68,28,Ses02F_impro05_F,frustration,But fifty dollars isn't going to get me anything.
68,29,Ses02F_impro05_M,neutral,"No, um, like I said you can file a claim and, uh, maybe get reimbursed for more-- you"
68,30,Ses02F_impro05_F,frustration,Isn't there anything else you can do?
68,31,Ses02F_impro05_M,neutral,probably even talk to--
68,32,Ses02F_impro05_F,frustration,"I mean, is there somebody you can call?  Or the guy that put the stuff on the--on the plane.  I mean, are they--they must be really irresponsible to have just disappeared my baggage.  I mean, did it get stolen?"
68,33,Ses02F_impro05_M,neutral,"Right, that--that gets taken care of-- That gets taken care of.  We get we do, you know, we investigate those and just make sure that um- they're not doing their own thing with them so--uh"
68,34,Ses02F_impro05_F,frustration,"Yeah, I'm sure you -- You're like, hmm, do you take baggage?  No.  Oh, okay, thanks.  Great.  I mean how--"
68,35,Ses02F_impro05_M,neutral,but Unfortunately sometimes is--
68,36,Ses02F_impro05_M,neutral,"Well, that's--that's what I'm saying--"
68,37,Ses02F_impro05_F,frustration,There needs to be better security here.
68,38,Ses02F_impro05_M,neutral,"Okay.  Well that that could be something that you put on on the claim--on on the complaint form if you want.  And provide us with your information while you're here and then, maybe, if it turns up, then we'll send it right over."
68,39,Ses02F_impro05_F,anger,It sounds like it's such a little like oh well no big deal whatever.  It's a big deal to me.
68,40,Ses02F_impro05_M,neutral,"All right, Miss, I-I know.  I realize this. But Like I said, there are several people that are in your same situation, so, um, it's not--it's not totally uncommon and I'm actually gonna have to ask you to move so I can help the next person."
68,41,Ses02F_impro05_F,frustration,"Well, can I at least have my fifty dollars, please?"
68,42,Ses02F_impro05_M,neutral,"Yes, all right.  There you go, now you can file a claim over to the left--And they'll help you out."
68,43,Ses02F_impro05_F,neutral,Thank you.
68,44,Ses02F_impro05_F,frustration,Thank you very much.
69,0,Ses03M_script01_1_F,neutral,What's he going to say?  Maybe we ought to talk to him before he sees it.
69,1,Ses03M_script01_1_M,sadness,He saw it.
69,2,Ses03M_script01_1_F,neutral,"What do you mean. He couldn't have seen it. I was the first one up, he was still in bed."
69,3,Ses03M_script01_1_M,sadness,He was out there when it happened.
69,4,Ses03M_script01_1_F,neutral,When?
69,5,Ses03M_script01_1_M,sadness,About four in the morning.  I heard a crack and I looked out and he was standing right there when it happened.
69,6,Ses03M_script01_1_F,neutral,Well what was he doing out at four in the morning?
69,7,Ses03M_script01_1_M,sadness,I don't know. But after it cracked he ran back into the house and he cried in the kitchen.
69,8,Ses03M_script01_1_F,sadness,Did you talk to him?
69,9,Ses03M_script01_1_M,sadness,No.  I figured the best thing to do was leave him alone.
69,10,Ses03M_script01_1_F,sadness,He cried hard?
69,11,Ses03M_script01_1_M,sadness,I could hear it right through the floor.
69,12,Ses03M_script01_1_F,neutral,"God, what was he doing out there anyway?"
69,13,Ses03M_script01_1_F,frustration,Starting to dream about him again.  He's walking around at night again.
69,14,Ses03M_script01_1_M,sadness,I guess he is.
69,15,Ses03M_script01_1_F,sadness,"He's getting just like he did after he died, you know?  What, what, what's the meaning of this?"
69,16,Ses03M_script01_1_M,sadness,"I don't know.  But I know one thing mom, we made a terrible mistake with dad."
69,17,Ses03M_script01_1_F,neutral,What?
69,18,Ses03M_script01_1_M,frustration,Being dishonest with him.  That kind of thing always pays off and now it's paying off.
69,19,Ses03M_script01_1_F,neutral,What do you mean dishonest?
69,20,Ses03M_script01_1_M,anger,You know that Larry's not coming back and I know that too.  Why we both go on letting him think that we both believe with him.
69,21,Ses03M_script01_1_F,neutral,What are you going to do?  You want to argue with him?
69,22,Ses03M_script01_1_M,frustration,"No I don't want to argue with him but, it's time that he realizes that nobody believes Larry's coming back anymore."
69,23,Ses03M_script01_1_M,anger,"Why shouldn't he walk around and dream at him at night.  Walk around.  Why shouldn't he walk around?  Why shouldn't he dream of him, walk around at night waiting for him?  Do we contradict him?  Do we say flat out that we don't have anymore hope?"
69,24,Ses03M_script01_1_M,anger,That we haven't had any hope for years now?
69,25,Ses03M_script01_1_F,neutral,You can't say that to him.
69,26,Ses03M_script01_1_M,neutral,We got to say it to him.
69,27,Ses03M_script01_1_F,frustration,How are you going to prove it?  Can you prove it?
69,28,Ses03M_script01_1_M,frustration,Larry's been gone for three years.  For god sakes no one comes back after three years.  It's insane.
69,29,Ses03M_script01_1_F,neutral,"To you maybe, to me, but not to your father.  I mean,"
69,30,Ses03M_script01_1_F,frustration,he still thinks he's alive still.  I mean you could talk yourself blue in the face and there's no body and there's no grave so where are you?
69,31,Ses03M_script01_1_M,frustration,"Listen mom, just, sit down.  I want to talk to you."
69,32,Ses03M_script01_1_F,anger,No.  It's his god damned newspapers is what it is.  Now every month there's a new boy comes home and Larry's going to be the next one.
69,33,Ses03M_script01_1_M,frustration,Alright. Alright. Alright just listen.
69,34,Ses03M_script01_1_M,neutral,"You know why I asked Annie here, right?"
69,35,Ses03M_script01_1_F,anger,Why?
69,36,Ses03M_script01_1_M,neutral,You know.
69,37,Ses03M_script01_1_F,neutral,Well I have an idea but I don't know.  What's the story?
69,38,Ses03M_script01_1_M,neutral,I want to ask her to marry me.
69,39,Ses03M_script01_1_F,neutral,Well that's your business Chris.
69,40,Ses03M_script01_1_M,frustration,You know it's not just my business.
69,41,Ses03M_script01_1_F,anger,"Well what do you want me to do?  I mean, you're old enough to know your own mind."
69,42,Ses03M_script01_1_M,neutral,Okay.  So then it's alright.  I'll go ahead with it.
69,43,Ses03M_script01_1_F,neutral,"Well, I mean, you got to make sure your dad's not going--"
69,44,Ses03M_script01_1_M,anger,Oh see then it's just not my business. God you infuriate me sometimes.  Isn't my business too if dad throws a fit?  Huh?  God you have such a talent for ignoring things.
69,45,Ses03M_script01_1_F,frustration,Well I'm just saying--
69,46,Ses03M_script01_1_F,neutral,You know I ignore what I got to ignore.
69,47,Ses03M_script01_1_F,neutral,She's not...she's Larry's girl.
69,48,Ses03M_script01_1_M,frustration,She's not Larry's girl.
69,49,Ses03M_script01_1_F,frustration,From your father's point of view he is still alive and if you try and take her that's just not fair.  You can't do that.
69,50,Ses03M_script01_1_M,frustration,I don't know why it is but every time I reach out for something I want I have to pull back
69,51,Ses03M_script01_1_F,frustration,"And-And-And if you go on from there if you know already to go on from there, then you can.  But I'm telling you something that I don't know where to go.  You got it?  I mean, do you?"
69,52,Ses03M_script01_1_M,neutral,Because other people will suffer.
69,53,Ses03M_script01_1_M,frustration,"My whole entire, bloody life time and time again."
69,54,Ses03M_script01_1_F,neutral,You're a considerate fellow.  There is nothing wrong in that.
69,55,Ses03M_script01_1_M,anger,Well to hell with that.
69,56,Ses03M_script01_1_F,neutral,Did you ask Annie yet?
69,57,Ses03M_script01_1_M,neutral,I wanted to get this settled first.
69,58,Ses03M_script01_1_F,neutral,And what if she doesn't marry you huh?  What if she feels the same way your father does?
69,59,Ses03M_script01_1_M,neutral,Then I guess that's the end of it.
69,60,Ses03M_script01_1_M,sadness,But from her letters I think she's forgotten him.  I'll find out.
69,61,Ses03M_script01_1_M,neutral,"And then we'll thrash it out with dad right?  Mom, don't avoid me."
69,62,Ses03M_script01_1_F,neutral,"Look, you never had seen many, many women.  You know?  I mean..."
69,63,Ses03M_script01_1_M,neutral,Well so what?  I'm just not fast with women.
69,64,Ses03M_script01_1_F,frustration,Well I just don't see why it has to be Annie.
69,65,Ses03M_script01_1_M,frustration,Because it is.
69,66,Ses03M_script01_1_F,neutral,"Well that's a good answer but, it doesn't answer anything.  You haven't seen her since you left to go to the war and it's been five years."
69,67,Ses03M_script01_1_M,frustration,It's just...that's just the way it is.  That's how I feel.  You know these years when I think of someone I want to marry I think of Annie.  What do you want a diagram?
69,68,Ses03M_script01_1_F,frustration,No I don't want a diagram.
69,69,Ses03M_script01_1_F,frustration,"He thinks he's coming back. And you go off and marry that girl and you're just pronouncing him dead and what's going to happen to him?  I don't know.  Do you?  I mean, I don't know."
69,70,Ses03M_script01_1_M,frustration,Alright then.
69,71,Ses03M_script01_1_F,neutral,"Look, just give it some thought okay?"
69,72,Ses03M_script01_1_M,sadness,I've given it three years of thought and I thought that if I waited then dad would forget about Larry and then we could have a regular wedding and everything happy.
69,73,Ses03M_script01_1_M,neutral,But if I can't have that here I'll get out.
69,74,Ses03M_script01_1_F,neutral,What the hell is this?
69,75,Ses03M_script01_1_M,neutral,I'll get out.  I'll marry her somewhere else.  Maybe New York.
69,76,Ses03M_script01_1_F,neutral,Are you crazy?
69,77,Ses03M_script01_1_M,anger,I've been a good son too long.  A good sucker and I'm through with it.
69,78,Ses03M_script01_1_F,anger,You're just going to leave the business?  You have a business here.  You can't do that.
69,79,Ses03M_script01_1_M,anger,The business doesn't inspire me.
69,80,Ses03M_script01_1_F,neutral,"Oh, you have to be inspired."
69,81,Ses03M_script01_1_M,anger,Yes.  I like it an hour out of the day.  If I have to grub for money all day long at least at evening I want it beautiful.  I want a family.  I want a wife.  I want some kids.  I want to build something I can give myself to.
69,82,Ses03M_script01_1_M,frustration,Now Annie is in the middle of all that.  Where do I find it?
69,83,Ses03M_script01_1_F,sadness,Tell me something.  You can leave this business?
69,84,Ses03M_script01_1_M,neutral,Yes.  On this I would.
69,85,Ses03M_script01_1_F,neutral,You can't talk like that.
69,86,Ses03M_script01_1_M,neutral,Then help me stay here.
69,87,Ses03M_script01_1_F,frustration,Alright but you can't talk like that you hear?
69,88,Ses03M_script01_1_F,anger,"I mean what the hell have we worked for then?  I mean, it's all for you Chris.  The whole shooting match is for you."
69,89,Ses03M_script01_1_M,sadness,I know.  Just you help me stay here.
69,90,Ses03M_script01_1_F,frustration,Alright but you don't talk like that you hear?  You don't.
69,91,Ses03M_script01_1_M,sadness,I am thinking like that.
69,92,Ses03M_script01_1_F,sadness,I don't understand you do I?
69,93,Ses03M_script01_1_M,sadness,No you don't.  I'm a pretty tough guy.
69,94,Ses03M_script01_1_F,sadness,Yeah.  I can see that.
70,0,Ses05F_impro03_F,neutral,"Okay, so big news."
70,1,Ses05F_impro03_M,neutral,What?
70,2,Ses05F_impro03_M,neutral,"Come on, what?"
70,3,Ses05F_impro03_F,neutral,I'm getting married.
70,4,Ses05F_impro03_M,neutral,Shut up.
70,5,Ses05F_impro03_F,neutral,Yeah.
70,6,Ses05F_impro03_M,neutral,No way.
70,7,Ses05F_impro03_F,neutral,Yeah.
70,8,Ses05F_impro03_M,neutral,He asked you?
70,9,Ses05F_impro03_F,neutral,Uh-huh.
70,10,Ses05F_impro03_M,neutral,"No way, when? when,when, When did it happen?"
70,11,Ses05F_impro03_F,neutral,Just a couple days ago.
70,12,Ses05F_impro03_M,neutral,Oh my gosh.
70,13,Ses05F_impro03_F,neutral,[LAUGHTER]
70,14,Ses05F_impro03_M,neutral,And you actually said yes.  I can't believe it.  I never thought you would get married.
70,15,Ses05F_impro03_F,neutral,I know me neither.
70,16,Ses05F_impro03_M,neutral,Oh my gosh.
70,17,Ses05F_impro03_F,neutral,"Right, I thought I would be way older too. I thought I would be I be at least thirty something."
70,18,Ses05F_impro03_M,neutral,Oh absolutely.
70,19,Ses05F_impro03_M,neutral,"Well, we always said we'd be in our thirtieth when we got married. And we were going to get married to each other if we didn't by then"
70,20,Ses05F_impro03_F,neutral,Yeah.
70,21,Ses05F_impro03_F,neutral,"I know, right. What'd we say, when we were thirty nine?"
70,22,Ses05F_impro03_M,neutral,"Thirty nine, yeah.  I can't believe it.  So you broke our pact. Thanks a lot."
70,23,Ses05F_impro03_F,neutral,Sorry.
70,24,Ses05F_impro03_M,neutral,"Thanks a lot.  Well, okay, you've got to tell me the details.  What did he say?  Where was it?  What happened?"
70,25,Ses05F_impro03_F,neutral,"Um, Well, uh, I don't-I don't know how much planning he had done."
70,26,Ses05F_impro03_M,neutral,"Okay.  That's okay, spontaneous is great.  Spontaneous is awesome."
70,27,Ses05F_impro03_F,neutral,"Actually, but--"
70,28,Ses05F_impro03_F,neutral,It was really beautiful.
70,29,Ses05F_impro03_M,neutral,You've got to love that.
70,30,Ses05F_impro03_F,neutral,"Yeah, we went to a really great jazz show, and um-"
70,31,Ses05F_impro03_M,neutral,"Nice, you love the jazz."
70,32,Ses05F_impro03_F,neutral,"Yeah, and after, we went up to this um, this place like a restaurant on the roof kind of thing."
70,33,Ses05F_impro03_M,neutral,"Oh, okay, yeah."
70,34,Ses05F_impro03_F,neutral,So you know like late dinner and champagne and what not.
70,35,Ses05F_impro03_M,neutral,Were you in Chicago?
70,36,Ses05F_impro03_F,neutral,Mm-hmm.
70,37,Ses05F_impro03_M,neutral,"Downtown, was it beautiful? of course it was beautiful"
70,38,Ses05F_impro03_F,neutral,yeah--
70,39,Ses05F_impro03_F,neutral,"so beautiful, full moon."
70,40,Ses05F_impro03_M,neutral,"What a guy.  I can't believe it.  So okay, so do you know any details?  When's it going to be?  Anything?"
70,41,Ses05F_impro03_F,neutral,I don't know.  I guess next summer.
70,42,Ses05F_impro03_M,neutral,Am I in it?
70,43,Ses05F_impro03_F,neutral,"Yeah.  Yeah, of course."
70,44,Ses05F_impro03_M,neutral,"Okay, I certainly hope so, of course."
70,45,Ses05F_impro03_F,neutral,So next fall I guess.
70,46,Ses05F_impro03_M,neutral,Next fall.
70,47,Ses05F_impro03_F,neutral,"Yeah, I like the autumn."
70,48,Ses05F_impro03_M,neutral,Are you going to do it in town or are you out of town?
70,49,Ses05F_impro03_F,neutral,"oh, We'll do it in town."
70,50,Ses05F_impro03_M,neutral,"Oh, okay."
70,51,Ses05F_impro03_F,neutral,"Yeah, his family doesn't live too far away, so I think-"
70,52,Ses05F_impro03_M,neutral,"Yeah, where's he from again?"
70,53,Ses05F_impro03_F,neutral,He's from Chicago as well.
70,54,Ses05F_impro03_M,neutral,"Oh he is, okay."
70,55,Ses05F_impro03_F,neutral,Yeah.
70,56,Ses05F_impro03_M,neutral,"Cool, perfect.  Another Chicagoite, got to love it."
70,57,Ses05F_impro03_F,happiness,"It's so weird too, right, that like you can grow up so near somebody and never know them until you travel hundreds of miles away."
70,58,Ses05F_impro03_M,neutral,Yeah.
70,59,Ses05F_impro03_M,neutral,"Exactly, yeah.  I can't believe you met him in Africa."
70,60,Ses05F_impro03_F,happiness,I know
70,61,Ses05F_impro03_M,neutral,"And the chances, what are the chances of meeting somebody in Africa and then coming back to Chicago?"
70,62,Ses05F_impro03_F,happiness,"Right, being like oh, where are you from?  The U.S.  Where in the U.S.?  Chicago.  Where in Chicago?"
70,63,Ses05F_impro03_M,happiness,[LAUGHTER] I am sil
70,64,Ses05F_impro03_F,happiness,"Knowing the neighborhood.  Yeah, it's pretty bizarre."
70,65,Ses05F_impro03_M,neutral,And now you're getting married.
70,66,Ses05F_impro03_F,happiness,Yeah.
70,67,Ses05F_impro03_M,neutral,That is amazing.  You must be so excited.  Did you tell your mom?
70,68,Ses05F_impro03_F,happiness,Mm-hmm.
70,69,Ses05F_impro03_M,neutral,"Oh, did she cry?"
70,70,Ses05F_impro03_F,happiness,"Yeah, she loves him."
70,71,Ses05F_impro03_M,neutral,"I knew it.  I knew it, of course she does.  How could you not love Mr. Peace Corps worker man?  He's the nicest guy ever."
70,72,Ses05F_impro03_F,happiness,"Yeah, she-yeah, that's my type."
70,73,Ses05F_impro03_M,neutral,[BREATHING]
70,74,Ses05F_impro03_M,neutral,you.. I can't believe it.  I'm so happy for you.  This is exactly what you wanted.  It's your dream come true.
70,75,Ses05F_impro03_F,happiness,Thank you.
70,76,Ses05F_impro03_M,neutral,"The exact right guy, I fully approve.  He's a wonderful guy.  We have a great time.  He can drink.  That's awesome."
70,77,Ses05F_impro03_F,happiness,[LAUGHTER]
70,78,Ses05F_impro03_M,happiness,[LAUGHTER]
70,79,Ses05F_impro03_F,neutral,"Yeah, we all have to hang out now."
70,80,Ses05F_impro03_M,neutral,"Of course, of course she will ... of course she will.  Yeah, don't go and disappear like everyone else after they get married and I never see them again.  That'll make me mad.  You don't want to make me mad.  You know how I get when I get mad."
70,81,Ses05F_impro03_F,neutral,No.
70,82,Ses05F_impro03_F,neutral,No.
70,83,Ses05F_impro03_F,neutral,"I mean, I I have I have some duty to the man I was going to marry if nobody else came up."
70,84,Ses05F_impro03_M,happiness,Exactly.
70,85,Ses05F_impro03_M,happiness,"Exactly, ""laugh""."
70,86,Ses05F_impro03_F,happiness,Sorry.
70,87,Ses05F_impro03_M,neutral,"ahh I was always worried you'd be a little bit jealous of me, but I was never quite that lucky."
70,88,Ses05F_impro03_F,happiness,There's still time for that.
70,89,Ses05F_impro03_M,neutral,"Oh, thanks. move here before you get married [LAUGHTER]"
70,90,Ses05F_impro03_F,happiness,[BREATHING]
70,91,Ses05F_impro03_M,neutral,"Perfect, okay, good. ""sigh"""
70,92,Ses05F_impro03_M,neutral,"I don't feel so bad then.  Well, I'm excited for you."
70,93,Ses05F_impro03_F,neutral,I know. I can't believe it.
70,94,Ses05F_impro03_M,neutral,I can't believe it.
70,95,Ses05F_impro03_F,neutral,I am very excited
70,96,Ses05F_impro03_M,neutral,Who else have you told?
70,97,Ses05F_impro03_F,neutral,Just a few people.
70,98,Ses05F_impro03_M,neutral,Really?
70,99,Ses05F_impro03_F,neutral,Just close friends so far.
70,100,Ses05F_impro03_M,happiness,So I was one of the first ones? That makes me feel so important.
70,101,Ses05F_impro03_F,neutral,Yeah.
70,102,Ses05F_impro03_F,happiness,I have to think about moving now.  We're going to move in together
70,103,Ses05F_impro03_M,neutral,"Oh yeah, of course."
70,104,Ses05F_impro03_F,happiness,I think it's a good idea to live together before you get married.
70,105,Ses05F_impro03_M,neutral,"I think so, too.  Are you going to get a house or-"
70,106,Ses05F_impro03_F,happiness,"I don't want a house, I mean just-"
70,107,Ses05F_impro03_M,neutral,No?
70,108,Ses05F_impro03_F,happiness,L.A. apartment is fine.
70,109,Ses05F_impro03_M,neutral,"Oh, nice."
70,110,Ses05F_impro03_F,neutral,yeah.
70,111,Ses05F_impro03_M,neutral,A good apartment. [BREATHING]
70,112,Ses05F_impro03_F,happiness,"Two artists, though.  We're bound to be poor forever."
70,113,Ses05F_impro03_M,neutral,"Yeah, how are you going to survive?"
70,114,Ses05F_impro03_M,neutral,Exactly. Are you going to have kids?
70,115,Ses05F_impro03_F,neutral,"Yeah, I think so.  I mean, not for a while."
70,116,Ses05F_impro03_M,happiness,yeah.
70,117,Ses05F_impro03_M,happiness,yeah.
70,118,Ses05F_impro03_F,happiness,Definitely not for a while
70,119,Ses05F_impro03_F,happiness,yeah.
70,120,Ses05F_impro03_M,neutral,"So now, I'm going to have to find somebody else to bear my children."
70,121,Ses05F_impro03_F,happiness,[LAUGHTER] Good luck.
70,122,Ses05F_impro03_M,happiness,[LAUGHTER]
70,123,Ses05F_impro03_M,happiness,"Oh, thanks.  I'll need it."
70,124,Ses05F_impro03_F,happiness,"You won't have trouble, You won't have trouble."
70,125,Ses05F_impro03_M,happiness,"Oh thanks, you're too nice"
70,126,Ses05F_impro03_M,happiness,just being polite now
70,127,Ses05F_impro03_F,happiness,"You should just approach her like that.  Hey, will you bear my children?"
70,128,Ses05F_impro03_M,happiness,because I am not getting married.
70,129,Ses05F_impro03_M,happiness,"Exactly, [LAUGHTER] I think that'll go over great, don't you?"
70,130,Ses05F_impro03_F,happiness,"Yeah, totally."
70,131,Ses05F_impro03_M,happiness,"That's what girls like, right?"
70,132,Ses05F_impro03_F,happiness,Total turn on.
70,133,Ses05F_impro03_M,happiness,Would you mind popping out a few for me?
70,134,Ses05F_impro03_F,happiness,[LAUGHTER]
70,135,Ses05F_impro03_M,happiness,"That'd be great, thanks."
71,0,Ses05F_impro05_F,neutral,"Hi,um- I think my baggage was lost, and I need to I guess file a claim or I don't know what."
71,1,Ses05F_impro05_M,neutral,"Okay, what flight were you on?"
71,2,Ses05F_impro05_F,neutral,Um-Seventeen. Coming from --
71,3,Ses05F_impro05_M,neutral,On what airline?
71,4,Ses05F_impro05_F,neutral,It was Virgin Atlantic coming from London.
71,5,Ses05F_impro05_M,neutral,"From London, okay. Um- And you went through all your proper checkpoints?"
71,6,Ses05F_impro05_F,frustration,"Yeah, I don't know where it was lost.  I was coming from Africa, so."
71,7,Ses05F_impro05_M,neutral,So you haven't seen your bags since Africa. You flew threw Heath Row to here.
71,8,Ses05F_impro05_F,neutral,Right.
71,9,Ses05F_impro05_F,neutral,Yeah.
71,10,Ses05F_impro05_M,neutral,"Okay.  Well, let me see here. I-"
71,11,Ses05F_impro05_M,neutral,It seems like it went through Heath Row.  I see it here. uh-
71,12,Ses05F_impro05_F,neutral,That's good.
71,13,Ses05F_impro05_M,neutral,But uh- I don't see it here in the airport yet. uh
71,14,Ses05F_impro05_M,neutral,I'm not sure where it is.  We can absolutely keep an eye out for for it for you.
71,15,Ses05F_impro05_F,neutral,"Well, I can't leave without it. I mean, Could you find out?"
71,16,Ses05F_impro05_M,neutral,"Well, I'm not a miracle worker.  I don't know what I can do for you.  I don't have the bag right here."
71,17,Ses05F_impro05_F,frustration,"Right, well can you get on the computer maybe and like track it down and see when it's going to get here?"
71,18,Ses05F_impro05_M,neutral,"Well, as I told you, it left Heath Row and it seems to have arrived here.  But if you can't find it, then-are you sure you know what your bag looks like?"
71,19,Ses05F_impro05_F,frustration,"Yes, sir, I know what my bag looks like."
71,20,Ses05F_impro05_M,neutral,"Okay, and what is that?  What kind of bag is it?"
71,21,Ses05F_impro05_F,neutral,Um- It's a travel backpack.  It's green and gray.  It's got my name on it and my information.
71,22,Ses05F_impro05_M,frustration,And you couldn't find it?
71,23,Ses05F_impro05_F,frustration,"No, it didn't turn up at the baggage claim."
71,24,Ses05F_impro05_M,neutral,Are you sure?
71,25,Ses05F_impro05_F,frustration,I mean we've gone through all of this.  I've been to five people already who--
71,26,Ses05F_impro05_M,frustration,"Well, obviously, that wasn't me, so I'm going to have to ask you the same questions they asked you just so we can get to the same point."
71,27,Ses05F_impro05_F,frustration,Okay.
71,28,Ses05F_impro05_M,neutral,"All right?  Now, um- it's green, travel bag, you couldn't find it.  And was there something important in it that you need it?"
71,29,Ses05F_impro05_F,frustration,"Yes, lots of really like -- sentimental value only, but--"
71,30,Ses05F_impro05_M,neutral,Sentimental value.
71,31,Ses05F_impro05_F,neutral,--really important stuff.
71,32,Ses05F_impro05_M,neutral,"Right.  Well, I don't know what to tell you. Um- What I can offer you is a fifty dollar voucher on your next flight."
71,33,Ses05F_impro05_F,neutral,"That's not going to cut it. Like, Really, I really need to get this bag back."
71,34,Ses05F_impro05_M,neutral,"No, I understand. I mean. It's got to be tough all those sentimental things, but um- this is all I can do for you."
71,35,Ses05F_impro05_F,frustration,Does this happen often?  Do they--you just lose baggage and you just offer people money for it?
71,36,Ses05F_impro05_M,neutral,"Well, you know, sometimes that's--really, I mean what else could we do?"
71,37,Ses05F_impro05_F,anger,Uh- Not lose the baggage in the first place. I mean You're offering a service here. I paid so much money for that ticket.
71,38,Ses05F_impro05_M,neutral,"Well,"
71,39,Ses05F_impro05_M,frustration,Obviously ma'am.
71,40,Ses05F_impro05_M,frustration,"I am sorry, ma'am."
71,41,Ses05F_impro05_M,neutral,"Let's- Let's just relax for a moment, ma'am.  You understand, obviously, we're going to do everything we can to keep all of your luggage here."
71,42,Ses05F_impro05_M,neutral,"Obviously, we're not trying to lose your luggage.  Do you really believe that we're trying to lose your luggage ma'am?"
71,43,Ses05F_impro05_F,anger,"No, but I mean like why can't- why can't you find it?  Where did it go?  Who lost it?"
71,44,Ses05F_impro05_M,neutral,"Well, if I knew that, then I'd know where it was, wouldn't I?"
71,45,Ses05F_impro05_F,anger,"Well, I just-I paid so much money for this ticket.  I feel like you guys should be able to get-to offer me more than a fifty dollar voucher."
71,46,Ses05F_impro05_M,neutral,"Well, we're talking about one bag.  You personally made it here, didn't you?"
71,47,Ses05F_impro05_F,anger,"Yeah, meaning I didn't die in a fiery plane crash.  How convenient, but um- I paid two thousand dollar to ride your airline, and I would really appreciate getting my bags there to my destination in one place."
71,48,Ses05F_impro05_M,frustration,That's what the cost of the ticket was for.
71,49,Ses05F_impro05_M,frustration,"Ma'am, international flights are not cheap and there's many reasons for that.  It does not have solely to do with your baggage or-"
71,50,Ses05F_impro05_F,anger,"Right, but part of the agreement is that I'm paying so that I can take myself and my belongings with me."
71,51,Ses05F_impro05_M,frustration,"Right. Yes, ma'am."
71,52,Ses05F_impro05_F,anger,And that you're going to transport them safely from one place to another.
71,53,Ses05F_impro05_M,frustration,"Right, and also if you'll read the fine print of your agreement you'll see that while we do bear some responsibility for lost luggage, it is a fifty dollar voucher."
71,54,Ses05F_impro05_F,anger,"That's all you can offer me? I mean, my the stuff in there is worth way more than fifty dollar."
71,55,Ses05F_impro05_M,neutral,"Well, I understand that.  Did you buy flight insurance?"
71,56,Ses05F_impro05_F,neutral,No.
71,57,Ses05F_impro05_M,neutral,"Well, my hands are really tied then."
71,58,Ses05F_impro05_F,frustration,Why do I need flight insurance?  Why don't you guys just guarantee that you're going to get the stuff that I leave with to my destination?
71,59,Ses05F_impro05_M,neutral,"Well, it's like any kind of insurance.  You don't-when you get it, then you get more. You know, Like if you--"
71,60,Ses05F_impro05_F,frustration,"Right, but if I'm riding a bus, I don't need to buy luggage insurance that the backpack I take on is going to get to my destination with me."
71,61,Ses05F_impro05_M,neutral,"Well, of course not because you've got your backpack with you the whole time.  Now, if you--you said this was a travel bag.  Why weren't you carrying it on if it was so important?"
71,62,Ses05F_impro05_F,frustration,Because they made me check it.  It's too heavy.
71,63,Ses05F_impro05_M,neutral,"Uh, so it was really heavy."
71,64,Ses05F_impro05_F,neutral,"So I would have carried it on, but they made me check it and then they lost it."
71,65,Ses05F_impro05_M,frustration,"Well, you know what, it could still turn up, but until then I can offer you this fifty dollar voucher."
71,66,Ses05F_impro05_F,frustration,There's nothing else you can do?
71,67,Ses05F_impro05_M,neutral,"I'm sorry, ma'am, there's nothing else I can do.  My hands are really tied here.  I really wish there was something else I could do for you."
71,68,Ses05F_impro05_F,anger,I don't believe that for a second.
71,69,Ses05F_impro05_M,neutral,Well I don't know why you wouldn't believe that.
71,70,Ses05F_impro05_M,frustration,"Obviously, I'm doing everything that I can here."
71,71,Ses05F_impro05_F,neutral,"No, I don't think you are. I mean If you were doing everything you could, you'd either give me more money or you'd figure out where my bag is."
71,72,Ses05F_impro05_M,neutral,"Well, I have no way to give you more money.  I'm giving you as much money as I can, and figuring- as far as figuring out where you bag is-"
71,73,Ses05F_impro05_F,anger,What do you mean as you can?  Who makes up these rules?
71,74,Ses05F_impro05_M,neutral,makes up?
71,75,Ses05F_impro05_F,anger,You're an autono- autonomous human being.  You could- You could go into the com-
71,76,Ses05F_impro05_M,neutral,"The airline makes these rules, mom ma'am."
71,77,Ses05F_impro05_F,neutral,You could go into the computer and- you know- print-
71,78,Ses05F_impro05_M,neutral,I've gone into the computer.  I told you exactly what I can see in the computer that your luggage did arrive here.
71,79,Ses05F_impro05_F,frustration,"So I'm just supposed to oh, well, oops, my luggage is gone and be fine with that and take your stinking fifty dollar voucher?"
71,80,Ses05F_impro05_M,frustration,"Well, you can take my stinking fifty dollar voucher and go home and wait and see if your luggage turns up. And if it does, then we'll deliver it to you."
71,81,Ses05F_impro05_F,frustration,And you have no guarantee.
71,82,Ses05F_impro05_M,frustration,"I have no guarantee, absolutely not."
71,83,Ses05F_impro05_F,frustration,This is ridiculous.
71,84,Ses05F_impro05_M,frustration,How can I guarantee finding your luggage when it's lost?
71,85,Ses05F_impro05_F,frustration,"Uh- Because you guys lost it, so it should be your responsibility to find it, too."
71,86,Ses05F_impro05_M,frustration,"Right, well, when you're at home and you lose something, do you guarantee that you're going to find it later on?"
71,87,Ses05F_impro05_F,frustration,"Oh, come on.  Would you cut it out?  This is ridiculous."
71,88,Ses05F_impro05_M,frustration,"Well, it sounds to me like you're being ridiculous"
71,89,Ses05F_impro05_F,anger,"No, I don't think I am.  I like have a whole bunch of stuff that means a lot to me, and I brought it you know from Africa.  It's not like I can just go back and get it whenever I want."
71,90,Ses05F_impro05_M,neutral,Right.
71,91,Ses05F_impro05_F,anger,It's not like I can go to Kmart and buy another.
71,92,Ses05F_impro05_M,frustration,"I understand that, ma'am, but things get lost.  There's nothing I can do about that.  Things happen.  Accidents happen."
71,93,Ses05F_impro05_M,neutral,"And while I really would love to be able to hand you your bag right now, obviously I can't do that."
71,94,Ses05F_impro05_F,neutral,okay fine.
71,95,Ses05F_impro05_M,neutral,So you'd like the fifty dollar voucher?
71,96,Ses05F_impro05_F,frustration,"Yeah, I'll take your fifty dollar voucher."
71,97,Ses05F_impro05_M,neutral,"Okay, just fill out these three forms, and um- you'll- we'll have that sent to you within the next three weeks and, of course, we'll definitely keep an eye out for your bag."
71,98,Ses05F_impro05_F,frustration,Thanks.
71,99,Ses05F_impro05_M,neutral,You have a wonderful day.
72,0,Ses03F_script01_1_F,neutral,What's he going to say? Maybe we ought to talk to him before he sees it.
72,1,Ses03F_script01_1_M,neutral,He saw it.
72,2,Ses03F_script01_1_F,neutral,"What-how did he see it? I mean, I was the first one up. He was still in bed."
72,3,Ses03F_script01_1_M,neutral,He was out there when it happened.
72,4,Ses03F_script01_1_F,neutral,When?
72,5,Ses03F_script01_1_M,neutral,"Um, about four this morning. Uh- I heard a crack and I looked out and I saw him standing there."
72,6,Ses03F_script01_1_F,neutral,What was he doing out at four in the morning?
72,7,Ses03F_script01_1_M,neutral,I don't know. But after it cracked he went back in the house and he cried in the kitchen.
72,8,Ses03F_script01_1_F,neutral,Did you talk to him?
72,9,Ses03F_script01_1_M,neutral,"No, I uh-, I figured the best thing to do was to leave him alone."
72,10,Ses03F_script01_1_F,neutral,"He cried hard, huh?"
72,11,Ses03F_script01_1_M,neutral,I could hear it right through the floor.
72,12,Ses03F_script01_1_F,neutral,What was he doing out there at that time? He was dreaming about him again. He's walking around at night again.
72,13,Ses03F_script01_1_M,neutral,I guess he is.
72,14,Ses03F_script01_1_F,neutral,"Could he-he's acting just like he did after he died, you know?"
72,15,Ses03F_script01_1_F,neutral,What's the meaning in that?
72,16,Ses03F_script01_1_M,neutral,I don't know.
72,17,Ses03F_script01_1_M,neutral,"But I know one thing, mom. We've made a terrible mistake with dad."
72,18,Ses03F_script01_1_F,neutral,"Well, what do you mean? What?"
72,19,Ses03F_script01_1_M,neutral,Being dishonest with him. That kind of thing always pays off and now it's paying off.
72,20,Ses03F_script01_1_F,neutral,"What do you mean, dishonest?"
72,21,Ses03F_script01_1_M,neutral,You know Larry's not coming back and I know that too. Why do we go on letting him think that we believe with him?
72,22,Ses03F_script01_1_F,frustration,"What, you're going to argue with him?"
72,23,Ses03F_script01_1_M,frustration,"No, I don't want to argue with him, but it's time that he realized that no one believes that Larry's coming back anymore."
72,24,Ses03F_script01_1_F,frustration,You can't tell him that.
72,25,Ses03F_script01_1_M,frustration,We got to tell him that.
72,26,Ses03F_script01_1_F,frustration,We can't. It just won't work.
72,27,Ses03F_script01_1_M,frustration,"You know, for God's sakes it's been three years. No one comes back after three years. It's insane."
72,28,Ses03F_script01_1_F,neutral,They do come back.
72,29,Ses03F_script01_1_F,neutral,"I know, but he doesn't know that."
72,30,Ses03F_script01_1_F,neutral,Three years has been a long time.
72,31,Ses03F_script01_1_M,frustration,"All right. Just- Sit down, mom. I want to talk to you."
72,32,Ses03F_script01_1_F,anger,"It's those Goddamn newspapers, you know? I mean, it's like every day they come out with this new person that comes along. And the next one's going to be Larry."
72,33,Ses03F_script01_1_M,frustration,"All right. All right. Just come on, sit down."
72,34,Ses03F_script01_1_F,frustration,What?
72,35,Ses03F_script01_1_M,neutral,"You know-you know why I asked Annie here, right?"
72,36,Ses03F_script01_1_F,neutral,Why?
72,37,Ses03F_script01_1_M,neutral,You know.
72,38,Ses03F_script01_1_F,neutral,"Well, I have an idea, but go on, tell me, what's the story?"
72,39,Ses03F_script01_1_M,neutral,I want to ask her to marry me.
72,40,Ses03F_script01_1_F,neutral,"Well, that's only your business, Chris."
72,41,Ses03F_script01_1_M,frustration,"Come on, you know that's not only my business."
72,42,Ses03F_script01_1_F,frustration,"Well, it is. I mean, what do you want me to do? You're grown up; you know what's going on in your mind."
72,43,Ses03F_script01_1_M,neutral,So it's all right. I'll just go ahead with it.
72,44,Ses03F_script01_1_F,frustration,"Well, you better make sure your father's not- No- I'm just saying."
72,45,Ses03F_script01_1_M,anger,"See, then it's not just my business. God, you have"
72,46,Ses03F_script01_1_M,anger,"-Oh, you infuriate me sometimes. You know, it's not just my business too if dad throws a fit."
72,47,Ses03F_script01_1_M,neutral,God. You have such a talent for ignoring things.
72,48,Ses03F_script01_1_F,frustration,"Yeah, well I ignore what I got to ignore."
72,49,Ses03F_script01_1_F,frustration,And she-she's Larry's girl.
72,50,Ses03F_script01_1_M,neutral,"No, she is not Larry's girl."
72,51,Ses03F_script01_1_F,frustration,"Well, from your father's point of view she is. I mean, he's still alive. You've got no right to take her."
72,52,Ses03F_script01_1_F,neutral,"If you go on from that point, I don't know where you go."
72,53,Ses03F_script01_1_F,frustration,"'Cause listen, I'm telling you, I don't know where to go from there. Do you?"
72,54,Ses03F_script01_1_M,neutral,"Oh, I don't know."
72,55,Ses03F_script01_1_F,frustration,What do you want from me?
72,56,Ses03F_script01_1_M,sadness,"Every time I reach out for something I have to pull back because other people will suffer. My whole entire life, time and time after time."
72,57,Ses03F_script01_1_F,neutral,You're a considerate fella and there's nothing wrong in that.
72,58,Ses03F_script01_1_M,anger,To hell with that.
72,59,Ses03F_script01_1_F,neutral,There's nothing wrong with it.
72,60,Ses03F_script01_1_M,neutral,I didn't ask Annie yet.
72,61,Ses03F_script01_1_F,frustration,You didn't ask her yet?
72,62,Ses03F_script01_1_M,neutral,I wanted to get this settled first.
72,63,Ses03F_script01_1_F,neutral,"Well, how do you know she's going to marry you? I mean, what if she feels the same way as your father?"
72,64,Ses03F_script01_1_M,neutral,Well then I guess it's over then. But from her letters I think she's forgotten him.
72,65,Ses03F_script01_1_M,neutral,"I'll find out. But then after it's all over we'll thrash it out with dad, right?"
72,66,Ses03F_script01_1_M,frustration,"Mom, don't avoid me."
72,67,Ses03F_script01_1_F,frustration,"You know, the trouble is you've never had enough women. No, you never did."
72,68,Ses03F_script01_1_M,frustration,So what? I'm not fast with women.
72,69,Ses03F_script01_1_F,frustration,I don't understand why it has to be her.
72,70,Ses03F_script01_1_M,neutral,Because it is.
72,71,Ses03F_script01_1_F,frustration,"That's a good answer, but it doesn't answer anything."
72,72,Ses03F_script01_1_M,frustration,I just-
72,73,Ses03F_script01_1_F,frustration,"I mean, you haven't seen her since the war. I mean, it's been five years."
72,74,Ses03F_script01_1_M,neutral,It just is. I-
72,75,Ses03F_script01_1_M,frustration,"I grew up with her. Okay. All these years, when I think of someone I want to be my wife I think of Annie. What do you want, a diagram?"
72,76,Ses03F_script01_1_F,frustration,"No, I don't want a diagram."
72,77,Ses03F_script01_1_F,frustration,"He thinks he's coming back. You go-go on and marry her, I mean, you're pronouncing her dead. And what's going to happen to your father, huh? I don't know. Do you?"
72,78,Ses03F_script01_1_M,frustration,"Okay. All right, then."
72,79,Ses03F_script01_1_F,frustration,"Just, listen. Give it more thought, is all."
72,80,Ses03F_script01_1_M,frustration,"No, I've given it three years of thought."
72,81,Ses03F_script01_1_M,neutral,And I thought that if I waited then dad would forget about Larry and then we could have a regular wedding and everything happy.
72,82,Ses03F_script01_1_M,neutral,But if I can't have that here then I'll get out.
72,83,Ses03F_script01_1_F,neutral,What the hell is this?
72,84,Ses03F_script01_1_M,neutral,I'll get out. I'll marry her somewhere else. Maybe New York.
72,85,Ses03F_script01_1_F,neutral,You're crazy.
72,86,Ses03F_script01_1_M,neutral,I've been a sucker too long. I'm through with it.
72,87,Ses03F_script01_1_F,frustration,You're what-you're going to leave the business? But you can't do that. What the hell is this?
72,88,Ses03F_script01_1_M,frustration,The business. The business doesn't inspire me.
72,89,Ses03F_script01_1_F,frustration,"Oh, you have to be inspired."
72,90,Ses03F_script01_1_M,anger,Yes. I like it an hour out of the day. If I have to grub for money all day long at least that evening I want it beautiful. I want a wife. I want a family. I want some kids. I want to build something I can give myself to.
72,91,Ses03F_script01_1_M,anger,"Now, Annie's in the middle of all that."
72,92,Ses03F_script01_1_M,neutral,"Now, where do I find it?"
72,93,Ses03F_script01_1_F,neutral,Tell me something.
72,94,Ses03F_script01_1_F,neutral,You'd leave that business.
72,95,Ses03F_script01_1_M,neutral,Yes. On this I would.
72,96,Ses03F_script01_1_F,frustration,You can't do that.
72,97,Ses03F_script01_1_M,neutral,Then help me stay here.
72,98,Ses03F_script01_1_F,frustration,"All right, but you can't do that. You can't talk like that."
72,99,Ses03F_script01_1_M,neutral,Okay. Just-
72,100,Ses03F_script01_1_F,frustration,"We've worked all our lives for you. Only for you, Chris. The whole shootin' match is for you."
72,101,Ses03F_script01_1_M,frustration,"Yeah, I know, I know, just help me stay here, all right?"
72,102,Ses03F_script01_1_F,neutral,I'm going to.
72,103,Ses03F_script01_1_F,neutral,You just can't talk like that.
72,104,Ses03F_script01_1_M,neutral,I am thinking like that.
72,105,Ses03F_script01_1_F,neutral,"I don't know you, do I?"
72,106,Ses03F_script01_1_M,neutral,"No, you don't. I'm a pretty tough guy."
72,107,Ses03F_script01_1_F,neutral,Yeah. I can see that.
73,0,Ses04F_impro03_F,neutral,I have something to tell you.
73,1,Ses04F_impro03_M,neutral,What?  You seem so excited.
73,2,Ses04F_impro03_F,neutral,It's really exciting.  Don't you want to guess?
73,3,Ses04F_impro03_M,neutral,"Uh, you got a new car, a new house. Uh, a dog."
73,4,Ses04F_impro03_F,neutral,Look.
73,5,Ses04F_impro03_M,neutral,Are you serious?  You're getting married.
73,6,Ses04F_impro03_F,neutral,Yes.  He finally proposed.  I'm getting married.
73,7,Ses04F_impro03_M,neutral,Holy shit that's amazing.
73,8,Ses04F_impro03_F,neutral,I know. I'm so-
73,9,Ses04F_impro03_M,neutral,Congratulations.
73,10,Ses04F_impro03_F,neutral,Thank you. [LAUGHTER]
73,11,Ses04F_impro03_M,neutral,"I'm invited, right."
73,12,Ses04F_impro03_F,neutral,You think. [LAUGHTER]
73,13,Ses04F_impro03_M,neutral,"I'll have to, uh, I'll have to get myself a new tux.  My, uh, the old one is a little worn and dirty.  That's awesome.  Where are you guys going to have it?"
73,14,Ses04F_impro03_F,neutral,"Well actually we were just talking about today and I don't really want to do like the traditional church thing, you know.  So we are going to get married in the meadow."
73,15,Ses04F_impro03_F,neutral,Do you remember up by Yosemite? Yeah.
73,16,Ses04F_impro03_M,neutral,"Well, that's- that's- that's beautiful. That's a beautiful place to do it."
73,17,Ses04F_impro03_F,neutral,We're going to get married in the middle of a meadow. [LAUGHTER]
73,18,Ses04F_impro03_F,happiness,"Everybody's going to come up. We're going to stay in all the pretty cabins up there and, um, everybody's going to have, you know, really flowery sort of naturey stuff."
73,19,Ses04F_impro03_F,neutral,So pretty.
73,20,Ses04F_impro03_M,neutral,That's great
73,21,Ses04F_impro03_M,neutral,I hope- they're not like
73,22,Ses04F_impro03_F,happiness,Very Midsummer Night's wedding.
73,23,Ses04F_impro03_M,neutral,"Right.  Nice.  That's great.  I hope while we're up there nobody gets attacked by any, like, bears or wolves or anything."
73,24,Ses04F_impro03_F,neutral,Thanks. Thanks a lot.  You're really helping the Excitement here. I hope no one dies.
73,25,Ses04F_impro03_M,neutral,"Well no, I am- I'm trying to be positive"
73,26,Ses04F_impro03_M,neutral,I'm trying to be positive.  I'm trying to say I hope that doesn't happen.
73,27,Ses04F_impro03_F,neutral,"Okey Well- well-, you know what?  I was hoping that you would help"
73,28,Ses04F_impro03_M,neutral,We're going to be in the middle of the wilderness. These kind of things happen
73,29,Ses04F_impro03_F,neutral,plan everything.  So then you can make sure that no one gets attacked by bears.
73,30,Ses04F_impro03_M,neutral,Yeah.  I'll help plan.
73,31,Ses04F_impro03_F,neutral,Yeah?
73,32,Ses04F_impro03_M,neutral,Yeah.
73,33,Ses04F_impro03_F,neutral,Really?
73,34,Ses04F_impro03_M,neutral,Sure.
73,35,Ses04F_impro03_F,neutral,"Okay.  It's going to be in, like, six months.  So we don't have a really long time."
73,36,Ses04F_impro03_M,neutral,"I'm thinking greens, lots of greens. Greens and browns.  We're nature."
73,37,Ses04F_impro03_F,neutral,Okay.
73,38,Ses04F_impro03_F,neutral,No.  No browns.
73,39,Ses04F_impro03_M,neutral,Why not browns?
73,40,Ses04F_impro03_F,neutral,It's a wedding.
73,41,Ses04F_impro03_M,neutral,"It's a light brown, tanish."
73,42,Ses04F_impro03_F,neutral,Blue for the sky.
73,43,Ses04F_impro03_F,neutral,Come on.
73,44,Ses04F_impro03_M,neutral,I just think browns are really what you want to go with.  I mean I think there's more contrast between brown and green than there is-
73,45,Ses04F_impro03_F,neutral,who- Who's getting married though?
73,46,Ses04F_impro03_M,neutral,I know but you just asked me to-
73,47,Ses04F_impro03_F,neutral,to help plan because I'm getting married. [LAUGHTER]
73,48,Ses04F_impro03_M,neutral,So we're going to go greens and browns.
73,49,Ses04F_impro03_F,neutral,No.
73,50,Ses04F_impro03_M,frustration,"Come on.  Please will you do the greens and browns, just the browns for me?"
73,51,Ses04F_impro03_M,neutral,Just for me.  Come on.  I'm your best friend.
73,52,Ses04F_impro03_F,neutral,It's not your wedding. You can-
73,53,Ses04F_impro03_M,neutral,I'm your best friend
73,54,Ses04F_impro03_F,neutral,You know what? You know what?
73,55,Ses04F_impro03_M,neutral,Give me the browns.
73,56,Ses04F_impro03_F,neutral,"You can't ruin my mood today.  If you want to wear a brown tux, you go ahead and wear a brown tux"
73,57,Ses04F_impro03_M,neutral,Okay.  Fine.  So green and what?
73,58,Ses04F_impro03_F,neutral,but bridesmaids aren't wearing brown and I'm not wearing brown.
73,59,Ses04F_impro03_M,neutral,Blue?
73,60,Ses04F_impro03_F,neutral,Maybe
73,61,Ses04F_impro03_M,neutral,"Okay, fine. Greens and blues."
73,62,Ses04F_impro03_F,neutral,I like blue.
73,63,Ses04F_impro03_M,neutral,Greens and blues and maybe a little light yellow?
73,64,Ses04F_impro03_F,neutral,That would work.
73,65,Ses04F_impro03_M,neutral,Yeah?
73,66,Ses04F_impro03_F,neutral,"Throw in a little- little, uh, trim in yellow.  Maybe some yellow flowers."
73,67,Ses04F_impro03_M,neutral,"Okay.  That sounds good. Um, and, uh, we're going to get like a five, uh, story cake, right?"
73,68,Ses04F_impro03_F,neutral,"Yeah.  I hadn't actually thought about the cake yet, but"
73,69,Ses04F_impro03_M,neutral,"I mean, you know, you're going to have at least, like, two hundred and fifty people come.  So we're going to need, you know, just a huge buffet."
73,70,Ses04F_impro03_F,neutral,Yes.
73,71,Ses04F_impro03_M,neutral,"Fried chicken, mashed potatoes."
73,72,Ses04F_impro03_F,neutral,See this is why you have to help.
73,73,Ses04F_impro03_F,neutral,because you're going to take care of everything.  You're going to think of all the details that I forget.
73,74,Ses04F_impro03_M,neutral,Well I can't be in charge of this.  I mean I got things I got to do.
73,75,Ses04F_impro03_F,neutral,Well right but you can help.
73,76,Ses04F_impro03_M,neutral,Well this is really exciting.  I mean- I just- I couldn't be happier right now.
73,77,Ses04F_impro03_M,neutral,I'm thrilled.  God.
73,78,Ses04F_impro03_F,neutral,Ha ha ha.
73,79,Ses04F_impro03_F,neutral,Ha ha.
73,80,Ses04F_impro03_M,neutral,Just ecstatic.  I can't believe you're my best friend
73,81,Ses04F_impro03_F,neutral,Just couldn't be any cooler.
73,82,Ses04F_impro03_M,neutral,"You're my best friend, we're growing up and now you're getting married. that's amazing"
73,83,Ses04F_impro03_F,neutral,I know.  I've been waiting forever.  I can't believe it's finally happening.
73,84,Ses04F_impro03_M,neutral,Wow.  I just- I- I- I feel like I'm going to faint.
73,85,Ses04F_impro03_M,neutral,I'm so- all the blood
73,86,Ses04F_impro03_F,neutral,You don't look like you're going to faint.
73,87,Ses04F_impro03_M,neutral,"has just rushed to my head, and I, and I mean honestly."
73,88,Ses04F_impro03_M,neutral,I'm getting a little weak in the knees.
73,89,Ses04F_impro03_F,neutral,So- So when are you getting married Mr. Excited?
73,90,Ses04F_impro03_M,neutral,"You know that I've never-I- I have a long run of bad relationships but, you know, I mean, you got to work through it.  It's fine."
73,91,Ses04F_impro03_F,neutral,What about Kathy?  I mean you guys have been dating for a while.
73,92,Ses04F_impro03_M,neutral,"Yeah, but"
73,93,Ses04F_impro03_F,neutral,You haven't ruined it yet.
73,94,Ses04F_impro03_M,neutral,"Yeah.  I know but it's, you know, maybe we'll get married.  I don't know.  Should be pretty-"
73,95,Ses04F_impro03_F,neutral,You really like
73,96,Ses04F_impro03_M,neutral,"I don't know.  Okay.  I mean gosh.  There's just- look there's a lot of pressure in getting married, okay."
73,97,Ses04F_impro03_F,neutral,What?  She could be just as excited as I am right now.
73,98,Ses04F_impro03_F,neutral,You could make her that excited.  You really like her.  You guys have been together for a really long time now.
73,99,Ses04F_impro03_M,neutral,"Oh, I've made her that excited."
73,100,Ses04F_impro03_F,neutral,[LAUGHTER] That's more than I needed to know.
73,101,Ses04F_impro03_M,neutral,What?  You've heard me talk about it before.
73,102,Ses04F_impro03_F,neutral,[laughter]
73,103,Ses04F_impro03_M,neutral,I'm a monster in bed.
74,0,Ses05M_impro03_M,neutral,Guess what?
74,1,Ses05M_impro03_F,neutral,what?
74,2,Ses05M_impro03_M,neutral,"I did it, I asked her to marry me."
74,3,Ses05M_impro03_F,neutral,What? you did?
74,4,Ses05M_impro03_M,neutral,"Yes, I did it."
74,5,Ses05M_impro03_F,neutral,When?
74,6,Ses05M_impro03_M,neutral,"Oh my god, it was just last weekend."
74,7,Ses05M_impro03_F,neutral,"Oh, what, how- where how did you do it?"
74,8,Ses05M_impro03_M,happiness,"She--,well, she said yes, first of all, let me say that right off the bat. Well, I would like to assume, too.  But you never know these things, right?"
74,9,Ses05M_impro03_F,neutral,Okay good. I I assumed.
74,10,Ses05M_impro03_M,neutral,"Um-, but no- It was It was great.  It was really great.  I think she was really surprised and she was really happy. um-"
74,11,Ses05M_impro03_F,happiness,oh-
74,12,Ses05M_impro03_M,happiness,"I did it up at Yosemite.  We went camping right like we usually do.  You know we go camping up there all the time.  But, um- the waterfalls had died down a little bit, you know. And so uh- we-I had her climb up."
74,13,Ses05M_impro03_M,happiness,"You know- we did some- you know some rock climbing up the waterfalls and went up to this little pool that was up there.  And then, I- it's great. Um- You have to climb this little rock-"
74,14,Ses05M_impro03_F,neutral,uh-huh
74,15,Ses05M_impro03_M,happiness,"and you can climb it and it's covered in algae you know. So, I wanted her to climb it to go take a picture, like, back in this little waterfall area, and she got back there and she took her picture. And then, I had her come back.  And I was going to do the same thing."
74,16,Ses05M_impro03_M,happiness,"Well, instead I climb up on the rock and like I- I didn't do it -- well, I did it on purpose. I made it look like I accidentally did it.  I slipped down into this pool of water, right?  And she freaks out because I slide all the way down this rock.  And um-"
74,17,Ses05M_impro03_F,neutral,uh-huh
74,18,Ses05M_impro03_M,happiness,"And I pop up out of the water -- and I had planned it already, you know? I pop up out of the water and I [BREATHING] and I like, grab her hand, you know.  and that In my hand, I've got the ring."
74,19,Ses05M_impro03_M,happiness,"And she's like- she feels it you know and she doesn't know what it is.  And she you know helps me get out and I won't let go of her hand.  And she's like, what are you doing?  I and said, You saved my life, now will you marry me?"
74,20,Ses05M_impro03_F,neutral,"Oh, my God.  That's so dramatic."
74,21,Ses05M_impro03_M,happiness,Wasn't that great? I didn't want it to be too hokey.but- but- She liked it.She liked it.
74,22,Ses05M_impro03_F,happiness,so cute.
74,23,Ses05M_impro03_F,happiness,"No, it's totally original, though."
74,24,Ses05M_impro03_F,happiness,oh.
74,25,Ses05M_impro03_M,happiness,"Yeah.  And she said yes.  And she cried, of course."
74,26,Ses05M_impro03_F,happiness,"Oh, Then you had a whole weekend of camping?"
74,27,Ses05M_impro03_M,happiness,"Yes.  We did that in the beginning, exactly.  So we had, so we just had, you know, good times the rest of the weekend, yeah."
74,28,Ses05M_impro03_F,happiness,"Oh, right. sure [LAUGHTER]"
74,29,Ses05M_impro03_M,happiness,It was a lot of fun- It was a lot of fun.  She's great.  And I'm so happy.
74,30,Ses05M_impro03_F,happiness,So where are you going to have your wedding?
74,31,Ses05M_impro03_M,happiness,"We're going to do it back in the Midwest where her family all is.  They're all out there. you know so, Um  And so, just gonna have a small, small wedding. But, um- you know, of course, you're going to come, right?"
74,32,Ses05M_impro03_F,neutral,Yeah. of course.
74,33,Ses05M_impro03_M,neutral,Okay good. And uh- I want you to be in it actually.
74,34,Ses05M_impro03_F,neutral,Okay Okay.
74,35,Ses05M_impro03_M,happiness,"Um- And she wants you to be in it, too.  She loves you so much. She thinks you're the sweetest.  Of course, you are.  You're You're my best friend so-"
74,36,Ses05M_impro03_F,neutral,Awe.
74,37,Ses05M_impro03_F,happiness,Where is she right now?
74,38,Ses05M_impro03_M,neutral,"oh, She's back at work. yeah."
74,39,Ses05M_impro03_F,happiness,"Yeah,I'll hang out with the both of you."
74,40,Ses05M_impro03_M,neutral,Of course.  We'll go out to dinner later this week.
74,41,Ses05M_impro03_F,neutral,yes.
74,42,Ses05M_impro03_M,neutral,It will be perfect.
74,43,Ses05M_impro03_F,neutral,Oh I'm so excited for you.
74,44,Ses05M_impro03_M,neutral,"Yes, me too. Oh I am so in love."
74,45,Ses05M_impro03_F,happiness,oh.
74,46,Ses05M_impro03_M,happiness,She's the one.
74,47,Ses05M_impro03_F,happiness,"Oh, my gosh.  You told your parents already? and everything"
74,48,Ses05M_impro03_M,happiness,Of course.  I told them right away.  We called them all right them.
74,49,Ses05M_impro03_F,happiness,Are they so excited?
74,50,Ses05M_impro03_M,happiness,"Oh, yeah.  My mom's freaking out. Oh yeah, She's so happy. this is you know  It's her dream come true.  She always wanted her little boy -- she wants kids, you know."
74,51,Ses05M_impro03_M,happiness,She wants grandkids. So we'll be working on that right away.
74,52,Ses05M_impro03_F,neutral,right right.
74,53,Ses05M_impro03_F,neutral,Are you guys gonna have kids?
74,54,Ses05M_impro03_M,happiness,"Of course, we're gonna have kids, like three at least."
74,55,Ses05M_impro03_F,neutral,Yeah?
74,56,Ses05M_impro03_F,neutral,"Whoa, right away?."
74,57,Ses05M_impro03_M,happiness,"She wants like eight- She wants like eight kids and I'm like, no, no, no, no, no.  I am like what Let's do maybe three and we'll go with that."
74,58,Ses05M_impro03_F,neutral,Are you going to start right away?
74,59,Ses05M_impro03_M,neutral,"Well, we're going to take a little bit of time, you know, we need to get acclimated and you know start our lives, make money, you know be comfortable."
74,60,Ses05M_impro03_F,neutral,"Yeah, have you ever like lived with someone else before?"
74,61,Ses05M_impro03_M,happiness,"Oh, yeah, yeah, yeah, yeah I mean, actually we lived together awhile back when we -- Yeah, back in college for a little while. yeah."
74,62,Ses05M_impro03_F,neutral,"Oh, did you?  I didn't know that."
74,63,Ses05M_impro03_F,neutral,oh.
74,64,Ses05M_impro03_M,happiness,But that- so we are really used to each other. We took the time apart and now we're going to get back together.  We're going to move in soon.
74,65,Ses05M_impro03_F,neutral,Oooh
74,66,Ses05M_impro03_M,happiness,it's great. I'm a lucky man.
74,67,Ses05M_impro03_F,happiness,"That's incredible yeah ,Congratulations."
74,68,Ses05M_impro03_M,happiness,Thank you.
75,0,Ses04M_script02_1_M,neutral,"What time is it?  They're supposed to run around midnight.  This is great, isn't it?  Look at this night we've got here; couldn't be better."
75,1,Ses04M_script02_1_M,neutral,"Actually, I wanted to go a little farther up the coast, get away from the lights and the people, but I was afraid we'd miss it.  How you doing?"
75,2,Ses04M_script02_1_F,neutral,Fine.
75,3,Ses04M_script02_1_M,neutral,"Is that, is that - is that just foam?  I can't even tell.  Although, if you can't tell, it's probably isn't them.  It'll probably be unmistakable, don't you think?"
75,4,Ses04M_script02_1_M,neutral,"How you doing?  Oh, no, you know what I did?  I forgot to bring my flashlight.  How could I be so stupid?  I should have brought my flashlight."
75,5,Ses04M_script02_1_F,neutral,What flashlight?
75,6,Ses04M_script02_1_M,neutral,"The flashlight; the silver one.  There's only one, isn't there?"
75,7,Ses04M_script02_1_F,anger,It's not yours.
75,8,Ses04M_script02_1_M,neutral,Whose is it?
75,9,Ses04M_script02_1_F,anger,"It's ours.  It's mine, too."
75,10,Ses04M_script02_1_M,frustration,"Well, sure."
75,11,Ses04M_script02_1_F,anger,You kept saying my flashlight as if it's somehow just yours.  How is that supposed to make me feel?
75,12,Ses04M_script02_1_M,neutral,"No, of course, our flashlight; yours and mine.  Me flashlight es su flashlight, naturally.  How could we not think to bring it?  I hope the moon stays out."
75,13,Ses04M_script02_1_M,neutral,"I wonder, do they always run during a full moon? I can't remember if it was full last year.  Remember?"
75,14,Ses04M_script02_1_F,anger,Yes.
75,15,Ses04M_script02_1_M,neutral,"Are you cold?  Do you want my jacket?  We should have brought the blanket, our blanket."
75,16,Ses04M_script02_1_M,neutral,"Oh, man.  This is great.  I didn't even think to bring a six pack.  Six pack would be just the ticket right about now.  I can't believe I forgot.  I'm like a kid.  It's amazing I got out of the house with my fly zipped.  Oh."
75,17,Ses04M_script02_1_M,neutral,I wonder if they can hear me talk or feel the vibrations in the sand when we move around.
75,18,Ses04M_script02_1_F,neutral,I'm cold.
75,19,Ses04M_script02_1_M,neutral,You want my jacket?
75,20,Ses04M_script02_1_F,anger,It's after eleven; let's go home.
75,21,Ses04M_script02_1_M,frustration,Are you kidding?  We'd miss it.  We just got here.  What's the point of coming down here if we just turn around and go home?
75,22,Ses04M_script02_1_F,anger,There is no point in coming down here.
75,23,Ses04M_script02_1_M,neutral,Right.
75,24,Ses04M_script02_1_F,frustration,That's my point.
75,25,Ses04M_script02_1_M,neutral,"That's my point, too."
75,26,Ses04M_script02_1_F,anger,So let's go home.
75,27,Ses04M_script02_1_M,frustration,"No, no, no.  That's not my point.  My point is is that there's no point in coming down here if we just leave.  Don't you want to see it?"
75,28,Ses04M_script02_1_F,frustration,Not particularly.
75,29,Ses04M_script02_1_M,neutral,Why not?
75,30,Ses04M_script02_1_F,anger,I just don't.  It's stupid.
75,31,Ses04M_script02_1_M,neutral,"Honey, this is a natural phenomenon.  I mean, this only happens once a year.  It's a great opportunity.  Think about the people in Kansas.  They'd have to get plane tickets and hotel reservations to come see this.  We're just forty minutes away.  It's too good to pass up."
75,32,Ses04M_script02_1_F,anger,"Pass up what?  These little fish swim onto the beach, flop around and then they swim away.  And then they die."
75,33,Ses04M_script02_1_M,frustration,"Yeah, but that moment on the beach is the highlight of their little lives.  I mean, all that flopping around is laying eggs or what do you -- spawning or mating, something like that."
75,34,Ses04M_script02_1_M,neutral,There's mystery here and magic.
75,35,Ses04M_script02_1_F,neutral,What are you so excited about?
75,36,Ses04M_script02_1_M,neutral,"Oh, it's a big night for these guys.  Uh, life's last orgy."
75,37,Ses04M_script02_1_F,frustration,This isn't a moon landing we're talking about.  It's fish.  It's fish nobody even eats.
75,38,Ses04M_script02_1_M,neutral,"Yeah, they do. Okay.  But it's fish who do something none of the other fish do; like the swallows are returning to Capistrano; or the lemmings throwing themselves off the cliffs, like that."
75,39,Ses04M_script02_1_M,neutral,There's mystery here and magic; a little bit of the unexplainable.  I don't see how you can not be interested.
75,40,Ses04M_script02_1_F,frustration,I'm just not.
75,41,Ses04M_script02_1_M,neutral,For real?
75,42,Ses04M_script02_1_F,anger,Yes.
75,43,Ses04M_script02_1_M,neutral,"I don't get it.  First time we came here to see it, you said it was the best night of your life.  And last year, I remember distinctly you were so excited to get here, you stubbed your toe rushing me out the door and didn't even notice until we were in the car."
75,44,Ses04M_script02_1_F,anger,"Last year, you will also remember, our shoes got wet.  I got sand in my panties.  We got into a big fight over nothing.  You got a sore throat and we did not see the grunions."
75,45,Ses04M_script02_1_M,neutral,We weren't in a good spot.
75,46,Ses04M_script02_1_F,frustration,We didn't see them the first time either.
75,47,Ses04M_script02_1_M,neutral,We just weren't in a good spot.  This is a much better spot.  I've got good instincts for these things.  Look there.  What's that?  Is that -
75,48,Ses04M_script02_1_M,neutral,"no, it's just seaweed, isn't it?  Oh, man, this is great.  I wouldn't miss this for anything.  I mean, think about this.  I know you're not interested, but just think about this for a minute."
75,49,Ses04M_script02_1_M,neutral,Out there someplace is this huge mass of silver fish heading this way.  They don't know why.  We don't know why.  It wasn't a decision.  They didn't take a vote.  No one sent them an invitation or a map;
75,50,Ses04M_script02_1_M,neutral,"just some little instinctual time release firecracker went off in their little bodies and all as one, they turned and formed a line as long as the California coast and started swimming."
75,51,Ses04M_script02_1_M,neutral,They're swimming right now as if that's the only thing that matters.  It's single mindedness with no mind.  Urgency that's pure urge.
75,52,Ses04M_script02_1_M,neutral,"They don't know what drives them.  They don't give it a name or ask a question.  They just turn, as one, and start the swim that brings them here; to this place, where we stand, for a massive celebration of sex and death.  Oh, man, I'm giving myself goose bumps.  All my hairs are popping up."
75,53,Ses04M_script02_1_F,frustration,That's the wind.
75,54,Ses04M_script02_1_M,neutral,Well so what did you think?
75,55,Ses04M_script02_1_F,frustration,About what?
76,0,Ses05M_impro07_M,neutral,Guess what?
76,1,Ses05M_impro07_F,neutral,What?
76,2,Ses05M_impro07_M,neutral,I got it.  I got accepted to U.S.C..
76,3,Ses05M_impro07_F,neutral,"Oh, for real?"
76,4,Ses05M_impro07_M,neutral,Yes! I just found out today.  I just got the letter.
76,5,Ses05M_impro07_F,neutral,That's awesome!
76,6,Ses05M_impro07_F,neutral,"oh,I'm so glad."
76,7,Ses05M_impro07_M,neutral,I know. I know.  I'm so excited.
76,8,Ses05M_impro07_F,happiness,What are you gonna study?
76,9,Ses05M_impro07_M,neutral,"oh, Theater. yeah, yeah."
76,10,Ses05M_impro07_F,happiness,Really? Are you doing the M.F.A. program?
76,11,Ses05M_impro07_M,neutral,yes.
76,12,Ses05M_impro07_F,neutral,"Oh, my gosh."
76,13,Ses05M_impro07_M,neutral,oh-
76,14,Ses05M_impro07_F,happiness,I heard it's so tough to get into.
76,15,Ses05M_impro07_M,neutral,It's exactly what I wanted.
76,16,Ses05M_impro07_M,neutral,"Oh, of course.  No.  I didn't know it was that tough.  I'm just happy that I made it."
76,17,Ses05M_impro07_F,happiness,That's awesome.
76,18,Ses05M_impro07_M,happiness,"I worked really hard, I'll say, I worked really hard. You know, I I'm not bragging or anything like that. But-"
76,19,Ses05M_impro07_F,neutral,"Yeah, that's awesome."
76,20,Ses05M_impro07_F,neutral,No.
76,21,Ses05M_impro07_M,neutral,"No, No, I'm really looking forward to it.  You know how long -- I have been talking about this forever, right? right?"
76,22,Ses05M_impro07_F,neutral,"Uh huh.  Yes, seriously, for years."
76,23,Ses05M_impro07_M,neutral,"Finally.  I'm so excited.  We're gonna -- well, I'll be here.  We're still gonna be able to see each other."
76,24,Ses05M_impro07_F,neutral,I know.  I know.  I'm- I'm definitely -- I realize [LAUGHTER].
76,25,Ses05M_impro07_M,neutral,"We're gonna hang out, right?"
76,26,Ses05M_impro07_M,neutral,"What are you, wait, what are you doing?"
76,27,Ses05M_impro07_F,happiness,"Um- I'm gonna be studying at U.S.C., too."
76,28,Ses05M_impro07_M,neutral,"Perfect!  Oh, my God.  Are you staying, are you going to live on campus?"
76,29,Ses05M_impro07_F,neutral,"Not on campus, but um- I probably won't live too far.  Maybe, I don't know, I might go to Silver Lake or something."
76,30,Ses05M_impro07_M,neutral,We are gonna party all the time.
76,31,Ses05M_impro07_F,neutral,Yeah.  Totally- Well where are you going to live?
76,32,Ses05M_impro07_M,neutral,We are gonna have a great time.
76,33,Ses05M_impro07_M,neutral,"[garbage] I'm going to live on campus.  I mean, well, around campus, anyway.  Yeah, housing around campus."
76,34,Ses05M_impro07_F,neutral,Oh yeah.
76,35,Ses05M_impro07_F,neutral,Good tradeoff
76,36,Ses05M_impro07_M,neutral,"I just want to be really close to things, you know.  I know it's not exactly the best neighborhood in the entire world. But uh-"
76,37,Ses05M_impro07_F,neutral,I don't- I don't think it's that bad.
76,38,Ses05M_impro07_M,neutral,"I don't- you know ,I feel the same way, you know what I mean.  And everybody says a lot of other crap you know, they don't know what they are talking about anyway."
76,39,Ses05M_impro07_F,neutral,yeah.
76,40,Ses05M_impro07_M,neutral,"They don't live here.  They don't know, right?"
76,41,Ses05M_impro07_F,neutral,"Yeah. I think it's really also if you- if you consider yourself like, us and them, kind of thing- If you think you're part of your community then --you going to like it more"
76,42,Ses05M_impro07_M,neutral,yeah.
76,43,Ses05M_impro07_M,neutral,Exactly.  You make it what you make it. You know? Right? And I'm gonna make it so freaking awesome.
76,44,Ses05M_impro07_F,neutral,"Right, Exactly."
76,45,Ses05M_impro07_F,neutral,Oh I'm so glad.
76,46,Ses05M_impro07_M,neutral,yeah.
76,47,Ses05M_impro07_F,happiness,"So when do you know, like, where you're gonna live? and-"
76,48,Ses05M_impro07_M,neutral,"Well, I don't know.  I've got to go look for a place."
76,49,Ses05M_impro07_F,neutral,"Oh, wow."
76,50,Ses05M_impro07_M,neutral,"Yeah, yeah.  I- I don't- I don't know.  Do you have any suggestions?"
76,51,Ses05M_impro07_F,neutral,Um-
76,52,Ses05M_impro07_M,neutral,You know the area better than I do.
76,53,Ses05M_impro07_F,neutral,"Yeah.  I mean, I know, I know, like the- the housing surrounding the campus pretty well."
76,54,Ses05M_impro07_M,neutral,"yeah, yeah?"
76,55,Ses05M_impro07_F,neutral,Um- How many people do you want to live with?
76,56,Ses05M_impro07_M,neutral,"Not a lot.  I mean, I wouldn't want to live with more than three other people.  So, like four of us total, right?"
76,57,Ses05M_impro07_F,neutral,All dudes?
76,58,Ses05M_impro07_M,neutral,I don't care. I don't care.
76,59,Ses05M_impro07_F,neutral,Um- I think I have some friends.
76,60,Ses05M_impro07_M,neutral,yeah?
76,61,Ses05M_impro07_F,neutral,yeah.
76,62,Ses05M_impro07_M,neutral,That would be perfect.
76,63,Ses05M_impro07_F,happiness,"There's actually, a friend of mine is um- moving out of her place and her place is amazing-- And it's really cheap."
76,64,Ses05M_impro07_M,neutral,Really?
76,65,Ses05M_impro07_M,neutral,Really?
76,66,Ses05M_impro07_F,neutral,yeah.
76,67,Ses05M_impro07_M,neutral,Cheap is exactly what I need- Because I have no money at all.
76,68,Ses05M_impro07_F,neutral,Okay.
76,69,Ses05M_impro07_F,neutral,Okay.
76,70,Ses05M_impro07_M,neutral,"But, uh--"
76,71,Ses05M_impro07_F,neutral,How are you going to pay for school? Did- did you--?
76,72,Ses05M_impro07_M,neutral,"Loans, scholarships, I've got a lot of scholarships-- Yeah, yeah. I'm- I'm half Native American so I get all those scholarships, too. yeah."
76,73,Ses05M_impro07_F,happiness,"You've got a lot- oh, awesome."
76,74,Ses05M_impro07_F,happiness,Oh cool.
76,75,Ses05M_impro07_M,neutral,"So it comes Indian like. And you know I'm kind of smart, so."
76,76,Ses05M_impro07_F,neutral,Yeah.
76,77,Ses05M_impro07_M,neutral,"That helps, right?  Get some academic scholarships. And uh-"
76,78,Ses05M_impro07_F,neutral,totally.
76,79,Ses05M_impro07_F,happiness,good for you.
76,80,Ses05M_impro07_M,happiness,"And yeah, well, I mean, basically I just applied for any and every possible scholarship and grant that could come by, so I can go."
76,81,Ses05M_impro07_F,neutral,the way to do it.
76,82,Ses05M_impro07_M,neutral,"Yeah, yeah, yeah.  And it's gonna work out.  I'm gonna be able to pay for it, I'm gonna go, I mean, I'll have a little debt in the end.  But I don't care."
76,83,Ses05M_impro07_F,neutral,"Wow, are you so excited?"
76,84,Ses05M_impro07_F,neutral,Right.
76,85,Ses05M_impro07_M,neutral,It's just you know a dream come true.  How could you not be excited about a dream come true?
76,86,Ses05M_impro07_F,neutral,"You're gonna be so busy, too. You're going to have to work so hard."
76,87,Ses05M_impro07_M,neutral,"Oh I know, I know."
76,88,Ses05M_impro07_M,neutral,"But I'm so looking forward to being so busy. You know what I mean?  It's the kind of busy you've got to love, right?"
76,89,Ses05M_impro07_F,neutral,Oh good.
76,90,Ses05M_impro07_F,neutral,Oh totally.
76,91,Ses05M_impro07_M,neutral,Because you're doing something you love.  That's the kind of busy you want.  I want to be able to do that for the rest of my life.  Be that kind of busy.
76,92,Ses05M_impro07_F,neutral,All right.  Wow.  So exciting.
76,93,Ses05M_impro07_M,neutral,I had to tell you right away.  I knew you'd be excited.
76,94,Ses05M_impro07_M,happiness,We'll have fun.
76,95,Ses05M_impro07_F,happiness,Yeah.  We'll have so much fun.
76,96,Ses05M_impro07_M,neutral,Great.  Okay.
76,97,Ses05M_impro07_F,neutral,cool
77,0,Ses03M_impro07_M,neutral,Hey.
77,1,Ses03M_impro07_F,happiness,Hey.  How's it going?  I haven't seen you in awhile.
77,2,Ses03M_impro07_M,neutral,Pretty good Susanna.
77,3,Ses03M_impro07_F,happiness,What's going on Joe?
77,4,Ses03M_impro07_M,neutral,Guess who got into U.S.C.?
77,5,Ses03M_impro07_F,neutral,Um--
77,6,Ses03M_impro07_M,neutral,"Me. Yeah, I did."
77,7,Ses03M_impro07_F,neutral,No way. Are you serious? Oh my God.  Congratulations. I'm so excited.
77,8,Ses03M_impro07_M,neutral,Yeah.
77,9,Ses03M_impro07_M,neutral,I got into the...
77,10,Ses03M_impro07_M,neutral,I got into cinema production.
77,11,Ses03M_impro07_F,neutral,No.  You didn't get into production.  There's no way.
77,12,Ses03M_impro07_M,neutral,Yeah.
77,13,Ses03M_impro07_M,neutral,No.  It's like it's harder than getting into Harvard.
77,14,Ses03M_impro07_F,neutral,I know.  Oh my God.  Oh my God Joe I am so happy for you.  Well you know what that means?
77,15,Ses03M_impro07_M,neutral,What does that mean?
77,16,Ses03M_impro07_F,neutral,You're going to be here and I'm going to be in LA so we can be together now.  I mean we can be in the same city.
77,17,Ses03M_impro07_M,neutral,Holy shit...
77,18,Ses03M_impro07_F,neutral,We can party.  We can have fun.
77,19,Ses03M_impro07_M,neutral,This will be like high school but even better.
77,20,Ses03M_impro07_F,happiness,Yeah.  Hopefully it won't be like high school.
77,21,Ses03M_impro07_F,neutral,"Oh man I am so proud of you, that is...how did you get...I mean what did you do?  How did you find out or what...?"
77,22,Ses03M_impro07_M,neutral,I-I came home and my mom was like Joe uh-
77,23,Ses03M_impro07_M,neutral,"I have some bad news.  I was like what?  She's like not really you got into U.S.C. and I was like, I was like oh my God.  I was about to tear my own hair out."
77,24,Ses03M_impro07_F,happiness,Oh man.
77,25,Ses03M_impro07_M,happiness,Yeah.  This is so crazy.  I mean I didn't get into any other school but I got into the school I wanted.
77,26,Ses03M_impro07_F,happiness,Did you say yes yet?  I mean have you sent in your answer?
77,27,Ses03M_impro07_M,neutral,Oh my God the first minute I got it I sent it back in.
77,28,Ses03M_impro07_F,happiness,All right.
77,29,Ses03M_impro07_M,neutral,So...
77,30,Ses03M_impro07_F,happiness,"This is so great, you know, because I gone fit on downtown so I'm going to be like right here.  I think I'm going to be living at City Lights downtown."
77,31,Ses03M_impro07_M,neutral,This is so exciting.  This is like a new chapter in our lives.
77,32,Ses03M_impro07_F,happiness,"Yeah, it really is."
77,33,Ses03M_impro07_M,neutral,"We're doing what we want to do, then four years later we're going to be working professionals, making money, sipping martinis every day."
77,34,Ses03M_impro07_F,neutral,God hopefully.
77,35,Ses03M_impro07_F,neutral,Man I'm just so happy for you.  I just--
77,36,Ses03M_impro07_M,neutral,Thank you
77,37,Ses03M_impro07_F,happiness,"Well, I'm happy for you but I'm happy for me cause that means you're going to stay."
77,38,Ses03M_impro07_M,neutral,And tonight my parents want to take me out to sushi and they said I could bring you.
77,39,Ses03M_impro07_F,neutral,Oh great. I would love to go.
77,40,Ses03M_impro07_M,neutral,Yeah.
77,41,Ses03M_impro07_M,neutral,Yeah and they said get whatever you want and...
77,42,Ses03M_impro07_F,happiness,Mmmm some miso soup.
77,43,Ses03M_impro07_M,neutral,Some miso soup.  You can get whatever.  You can get a vat full of miso soup.  God.
77,44,Ses03M_impro07_F,neutral,Ah man.
77,45,Ses03M_impro07_M,neutral,This is going to be so great.  I have so many great ideas.
77,46,Ses03M_impro07_F,neutral,Yeah. Did you...I mean do send in like how long after you send in your application did you hear?
77,47,Ses03M_impro07_M,neutral,to start off.
77,48,Ses03M_impro07_M,happiness,"It took them, oh man, it took them like, I mean what it's like April now and any letters that come in April are usually the rejection letters so I was just like..."
77,49,Ses03M_impro07_F,neutral,You were like...
77,50,Ses03M_impro07_M,neutral,I was struck.
77,51,Ses03M_impro07_F,neutral,Oh my God.  I am so proud of you.
78,0,Ses05M_script03_2_M,neutral,Come to think of it the real cause of that roue was Peter Burden.
78,1,Ses05M_script03_2_F,neutral,Oh You knew there was nothing in that.
78,2,Ses05M_script03_2_M,neutral,I knew nothing of the sort.  You accepted presents from him.
78,3,Ses05M_script03_2_F,neutral,Only a trivial little broach.
78,4,Ses05M_script03_2_M,neutral,"I remember it well, covered in diamonds and the worst possible taste."
78,5,Ses05M_script03_2_F,neutral,Not at all.  I quite like it.  I wear it often.
78,6,Ses05M_script03_2_M,neutral,You went out of your way to torture me over Peter Burden.
78,7,Ses05M_script03_2_F,frustration,"[garbage], No, I didn't.  You worked the whole thing up in your jealous imagination."
78,8,Ses05M_script03_2_M,frustration,You must admit that he was in love with you. wasn't he?
78,9,Ses05M_script03_2_F,neutral,"Oh, maybe a little.  Nothing serious."
78,10,Ses05M_script03_2_M,frustration,He let him kiss you.  You said you did.
78,11,Ses05M_script03_2_F,neutral,"Well, what of it."
78,12,Ses05M_script03_2_M,neutral,what of it?
78,13,Ses05M_script03_2_F,neutral,Well it gave him a lot of pleasure and it didn't hurt me.
78,14,Ses05M_script03_2_M,neutral,What about me?
78,15,Ses05M_script03_2_F,neutral,"Well, if you hadn't been so nosey and suspicious you never would have known about it."
78,16,Ses05M_script03_2_M,anger,"Well, that's a nice point of view I must say."
78,17,Ses05M_script03_2_F,frustration,I'm getting very bored with this conversation.
78,18,Ses05M_script03_2_M,anger,"Me, too, bored stiff."
78,19,Ses05M_script03_2_M,neutral,Do you want some brandy?
78,20,Ses05M_script03_2_F,neutral,No thanks.
78,21,Ses05M_script03_2_M,neutral,I think I'll have a little.
78,22,Ses05M_script03_2_F,neutral,I don't see why you want it; you've already had two glasses.
78,23,Ses05M_script03_2_M,neutral,"No particular reason.  Besides, they were little ones."
78,24,Ses05M_script03_2_F,neutral,"Well, it seems silly to go on and on with such a thing."
78,25,Ses05M_script03_2_M,neutral,You can hardly say- You can hardly call three little liquor glasses of brandy for the entire evening going on and on.
78,26,Ses05M_script03_2_F,neutral,It's becoming a habit with you.
78,27,Ses05M_script03_2_M,neutral,You needn't be so grand simply because you don't happen to want me at the moment.
78,28,Ses05M_script03_2_F,frustration,Don't be stupid.
78,29,Ses05M_script03_2_M,anger,"Amanda, really."
78,30,Ses05M_script03_2_F,neutral,What?
78,31,Ses05M_script03_2_M,frustration,"Nothing.  Are you going out somewhere, darling?"
78,32,Ses05M_script03_2_F,neutral,Just making myself fascinating for you.
78,33,Ses05M_script03_2_M,frustration,"Um- Well, that reply has just broken my heart."
78,34,Ses05M_script03_2_F,neutral,"It's a woman's job to allure the man.  Watch me a moment, won't you?"
78,35,Ses05M_script03_2_M,neutral,"Oh, as a matter of fact, that's perfectly true."
78,36,Ses05M_script03_2_F,anger,"No, it isn't."
78,37,Ses05M_script03_2_M,neutral,"Yes, it is."
78,38,Ses05M_script03_2_F,anger,"No, it it is not, be quiet."
78,39,Ses05M_script03_2_M,anger,It's a pity you didn't have a little bit more brandy.  It might have made you a little less disagreeable.
78,40,Ses05M_script03_2_F,neutral,"hum, It doesn't seem to have worked such wonders with you."
78,41,Ses05M_script03_2_M,neutral,"oh, Snap, snap, snap.  Like a little Adder."
78,42,Ses05M_script03_2_F,neutral,"Adders don't snap, they sting."
78,43,Ses05M_script03_2_M,frustration,"Nonsense, they've got a little bag of venom behind their fangs and they snap!"
78,44,Ses05M_script03_2_F,frustration,They sting.
78,45,Ses05M_script03_2_M,anger,They snap.
78,46,Ses05M_script03_2_F,neutral,"Okay, I don't care if they roll about like hoops and bark, okay?"
78,47,Ses05M_script03_2_M,neutral,"So, did you see much of Peter Burden after the divorce?"
78,48,Ses05M_script03_2_F,neutral,"Yes, I did quite a lot."
78,49,Ses05M_script03_2_M,anger,"You must have let him kiss you quite a good deal more then, huh?"
78,50,Ses05M_script03_2_F,neutral,[LAUGHTER] Mind your own business.
78,51,Ses05M_script03_2_M,anger,"I'm sure you had a riotous time, no restrain at all, very enjoyable.  You never had much anyway."
78,52,Ses05M_script03_2_F,frustration,You're quite insufferable.  I do imagine it's because you're drunk.
78,53,Ses05M_script03_2_M,anger,I am not the slightest bit drunk.
78,54,Ses05M_script03_2_F,neutral,You always had a weak head.
78,55,Ses05M_script03_2_M,anger,I do believe that I have said already that I had three minuet liquor glasses of brandy in the entire evening.  A child of two couldn't get drunk of that.
78,56,Ses05M_script03_2_F,neutral,"Oh, no on the contrary, a child of two could get violently drunk on only one glass."
78,57,Ses05M_script03_2_M,anger,"Oh, really?  How about a child of three, or child of six, what about a child of nine?"
78,58,Ses05M_script03_2_F,anger,Not- Would you shut up.
78,59,Ses05M_script03_2_M,anger,"You know, we could get a really good debate going on about this.  You know intemperate tots."
78,60,Ses05M_script03_2_F,frustration,"You're not very funny, dear.  You better have some more brandy."
78,61,Ses05M_script03_2_M,anger,You know what?  That's a very good idea.  I think I will.
78,62,Ses05M_script03_2_M,anger,"You better turn that off, I think."
78,63,Ses05M_script03_2_F,neutral,Why?
78,64,Ses05M_script03_2_M,anger,Because it's very late and you'll disturb the people upstairs.
78,65,Ses05M_script03_2_F,neutral,There aren't any people upstairs.  It's a photography studio.
78,66,Ses05M_script03_2_M,anger,"Well, there are people downstairs, I suppose."
78,67,Ses05M_script03_2_F,neutral,They're away in Tunis.
78,68,Ses05M_script03_2_M,anger,This is no time of the year for Tunis.
78,69,Ses05M_script03_2_F,neutral,"Turn it on again, please."
78,70,Ses05M_script03_2_M,anger,I do I shall do no such thing.
78,71,Ses05M_script03_2_F,anger,Very well.  If you have to be boorish and idiotic.
78,72,Ses05M_script03_2_M,anger,Turn it off.  It's driving me mad.
78,73,Ses05M_script03_2_F,anger,You are far too temperamental.  Try to control yourself.
78,74,Ses05M_script03_2_M,anger,Turn it off!
78,75,Ses05M_script03_2_F,anger,Go away!  Go away!  I- I hate you.
78,76,Ses05M_script03_2_M,anger,Very amusing indeed.
78,77,Ses05M_script03_2_F,anger,"You know what, I'm sick and tire of listening to you.  You're a-- You're a total sadistic bully."
78,78,Ses05M_script03_2_M,anger,Ja! Very funny.
78,79,Ses05M_script03_2_F,anger,"Stop.  Would you just go away?  I mean, you're conceited, and overbearing, and utterly impossible."
78,80,Ses05M_script03_2_M,anger,"You are a vile tempered, wicked living, evil little beast.  And I hope I never set eyes on you ever again."
78,81,Ses05M_script03_2_F,anger,This is the end! Do you understand me? This is the end.
78,82,Ses05M_script03_2_M,anger,"Oh, you're not going like this."
78,83,Ses05M_script03_2_F,anger,"Yes, I am. Let go with me"
78,84,Ses05M_script03_2_M,anger,"[GARBAGE] No, you're not."
78,85,Ses05M_script03_2_F,anger,"You are a cruel fiend and I-I loath you.  I thank God I realized who you are before I decided to marry you again.  Oh my God, never!"
78,86,Ses05M_script03_2_M,anger,oh! Marry you again? I wouldn't marry you again if you came crawling to me on bended knee.
78,87,Ses05M_script03_2_F,anger,Beast
78,88,Ses05M_script03_2_M,anger,You're a wicked little vampire.  And I pray to God I never set eyes on you again as long as I live.
78,89,Ses05M_script03_2_F,anger,Brute
78,90,Ses05M_script03_2_F,anger,pig
79,0,Ses01M_script03_2_M,neutral,[LAUGHTER]
79,1,Ses01M_script03_2_F,neutral,"[LAUGHTER] Utterly, utterly ridiculous."
79,2,Ses01M_script03_2_M,neutral,We were very much younger then.
79,3,Ses01M_script03_2_F,neutral,Very much sillier.
79,4,Ses01M_script03_2_M,neutral,Mmhmm.
79,5,Ses01M_script03_2_M,neutral,"However, I do believe the real cause of that row was Peter Burden."
79,6,Ses01M_script03_2_F,neutral,Oh you knew there was nothing in that.
79,7,Ses01M_script03_2_M,neutral,I knew nothing of the sort. You took presents from him.
79,8,Ses01M_script03_2_F,neutral,Presents? It was a trivial little broach.
79,9,Ses01M_script03_2_M,neutral,It was bristling with diamonds in the worst possible taste.
79,10,Ses01M_script03_2_F,neutral,Not at all. It was very pretty. I still wear it often.
79,11,Ses01M_script03_2_M,neutral,You sent out of your way to torture me over Peter Burden.
79,12,Ses01M_script03_2_F,neutral,I did not you worked whole thing up in your jealous imagination.
79,13,Ses01M_script03_2_M,neutral,"Well, you let him kiss you.  You said you did."
79,14,Ses01M_script03_2_F,neutral,"Well, what of it?"
79,15,Ses01M_script03_2_M,neutral,What of it?
79,16,Ses01M_script03_2_F,neutral,"It gave him a lot, a great deal of pleasure and it didn't hurt me."
79,17,Ses01M_script03_2_M,neutral,And what about me?
79,18,Ses01M_script03_2_F,neutral,If you hadn't been so suspicious and nosey you'd never known a thing about it.
79,19,Ses01M_script03_2_M,neutral,That's a nice point of view I must say.
79,20,Ses01M_script03_2_F,neutral,I'm bored with this conversation.
79,21,Ses01M_script03_2_M,neutral,So am I.  I'm bored stiff.  You want some brandy?
79,22,Ses01M_script03_2_F,neutral,"No, thank you."
79,23,Ses01M_script03_2_M,neutral,"I'll have a little, I think."
79,24,Ses01M_script03_2_F,anger,I don't see why you want any you already had two glasses.
79,25,Ses01M_script03_2_M,neutral,"Oh, you know no particular reason besides they are very small glasses."
79,26,Ses01M_script03_2_F,neutral,I just think it's silly you know to go on and on and on about such a thing.
79,27,Ses01M_script03_2_M,neutral,You can hardly call three glasses of liquor in a whole evening going on and on and on.
79,28,Ses01M_script03_2_F,neutral,"I just, I just think it's becoming a habit with you."
79,29,Ses01M_script03_2_M,neutral,"Hmm.  Well, you needn't be so grand just because you don't happen to want any at the moment, okay?"
79,30,Ses01M_script03_2_F,neutral,Do be quiet.
79,31,Ses01M_script03_2_M,frustration,"Really, Amanda."
79,32,Ses01M_script03_2_F,anger,"Don't be stupid, what?"
79,33,Ses01M_script03_2_M,frustration,Nothing.
79,34,Ses01M_script03_2_M,neutral,Are you going out somewhere dear?
79,35,Ses01M_script03_2_F,neutral,"No, darling I'm just making myself fascinating for you."
79,36,Ses01M_script03_2_M,neutral,That reply has broken my heart.
79,37,Ses01M_script03_2_F,anger,Well it's a woman's duty to allure the man. Watch me a minute will you?
79,38,Ses01M_script03_2_M,neutral,As matter the fact that's perfectly true.
79,39,Ses01M_script03_2_F,neutral,"Oh no, it isn't."
79,40,Ses01M_script03_2_M,neutral,"Yes, it is."
79,41,Ses01M_script03_2_F,neutral,"Don't be stupid, shut up."
79,42,Ses01M_script03_2_M,anger,"You know, it's a pity you didn't have any more brandy. It would have made you just a little less disagreeable."
79,43,Ses01M_script03_2_F,neutral,"Oh, well that's funny.  It doesn't seem to have worked such wonders with you."
79,44,Ses01M_script03_2_M,anger,"You know what?  You snap, you snap, you snap you're like a little adder."
79,45,Ses01M_script03_2_F,neutral,"Adders don't snap, they sting."
79,46,Ses01M_script03_2_M,anger,Nonsense.  They have a bag of venom behind of fangs and they snap.
79,47,Ses01M_script03_2_F,anger,They sting.
79,48,Ses01M_script03_2_F,anger,"I don't care.  I don't care, do you understand?  I don't mind if they bark and they roll about like hoops."
79,49,Ses01M_script03_2_M,anger,Did you see much of Peter Burden after our divorce?
79,50,Ses01M_script03_2_F,anger,"Yes, I did quite a lot."
79,51,Ses01M_script03_2_M,anger,I suppose you let him just kiss you or good deal more than too.
79,52,Ses01M_script03_2_F,anger,"Oh, mind you own business."
79,53,Ses01M_script03_2_M,anger,"I suppose you two had a riotous time, huh?  No restrain at all, very enjoyable, he never had much any how."
79,54,Ses01M_script03_2_F,anger,"You're quite insufferable, I expect it's because you're drunk."
79,55,Ses01M_script03_2_M,anger,I am not in the least bit drunk.
79,56,Ses01M_script03_2_F,anger,You always had a weak head.
79,57,Ses01M_script03_2_M,anger,I think I told you once before that I had three minute liquor glasses the whole evening long.  A Child of two cannot get drunk on that.
79,58,Ses01M_script03_2_F,anger,"On the contrary, a child two could get violently drunk on only one glass of brandy."
79,59,Ses01M_script03_2_M,anger,"Oh very, very interesting Amanda.  How about the child of uh... four, six or maybe nine---you know, we could work up a splendid little debate about it, you know?  Intemperate tots."
79,60,Ses01M_script03_2_F,anger,Shut up.
79,61,Ses01M_script03_2_F,anger,Not very funny darling.  Why don't you have some more brandy?
79,62,Ses01M_script03_2_M,anger,That's a very good idea I think I will.
79,63,Ses01M_script03_2_M,anger,Would you uh...turn that off please? You're going to wake the people upstairs.
79,64,Ses01M_script03_2_F,anger,Why?
79,65,Ses01M_script03_2_F,neutral,There are no people upstairs. It's a photographer's studio.
79,66,Ses01M_script03_2_M,anger,Well then you'll wake the people downstairs.
79,67,Ses01M_script03_2_F,anger,They are away in Tunis.
79,68,Ses01M_script03_2_M,anger,This is no time a year for Tunis.
79,69,Ses01M_script03_2_F,anger,"Turn it on again, please."
79,70,Ses01M_script03_2_M,anger,I will do no such thing.
79,71,Ses01M_script03_2_F,anger,Very well if you insist on being boorish and idiotic.
79,72,Ses01M_script03_2_M,anger,Turn it off. It's driving me mad.
79,73,Ses01M_script03_2_F,anger,I won't.
79,74,Ses01M_script03_2_M,anger,Turn it off.
79,75,Ses01M_script03_2_F,anger,Stop it. No. Go away.
79,76,Ses01M_script03_2_M,anger,Amanda listen. Listen.
79,77,Ses01M_script03_2_F,anger,"listen Oh I'm sick and tired of listening to you, you damn sadistic bully."
79,78,Ses01M_script03_2_M,anger,That's very amusing indeed.
79,79,Ses01M_script03_2_F,anger,"Oh you're cruel you're...you're...I hate you, I hate you. Go away. You're conceited. You're overbearing. You're utterly impossible."
79,80,Ses01M_script03_2_M,anger,"You...You're an evil minded, self-centered little wench and I never want to see you again."
79,81,Ses01M_script03_2_F,anger,This is the end do you hear me?  Finally and forever.
79,82,Ses01M_script03_2_M,anger,You're not going like this.
79,83,Ses01M_script03_2_F,anger,"Oh yes I am...Oh yes I am. Let go of me. You let go. You...urgh...You're a cruel friend. I loathe and I hate you. Marry you again...Ha...Never, never, never, never. I hope you die in torment. You beast."
79,84,Ses01M_script03_2_M,anger,No you're not.
79,85,Ses01M_script03_2_M,anger,Shut up. Shut up. I wouldn't marry you again if you came crawling back to me on a bended knee. You are an evil tempered little vampire and I never want to see you again as long as I live.
80,0,Ses04M_script01_3_F,neutral,You're the only one I know who loves his parents.
80,1,Ses04M_script01_3_M,neutral,"I know.  It went out of style, didn't it?"
80,2,Ses04M_script01_3_F,neutral,"It's okay.  It's a good thing.  You know, it's lovely here and the air is sweet."
80,3,Ses04M_script01_3_M,neutral,So you're not sorry you came?
80,4,Ses04M_script01_3_F,neutral,"No, not sorry, but I'm not going to stay."
80,5,Ses04M_script01_3_M,neutral,Why?
80,6,Ses04M_script01_3_F,neutral,"In the first place, your mother as much as told me to go."
80,7,Ses04M_script01_3_F,neutral,You saw that and then you've been kind of--
80,8,Ses04M_script01_3_M,neutral,What?
80,9,Ses04M_script01_3_F,neutral,"Well, kind of embarrassed ever since I got here."
80,10,Ses04M_script01_3_M,neutral,The trouble is I planned on sneaking up on you over a period of a week or so.  But they take it for granted that we're all set.
80,11,Ses04M_script01_3_F,neutral,"I knew they would, your mother, anyway."
80,12,Ses04M_script01_3_M,neutral,How did you know?
80,13,Ses04M_script01_3_F,neutral,"From her point of view, why else would I come?"
80,14,Ses04M_script01_3_M,neutral,Well wouldn't you want to?
80,15,Ses04M_script01_3_M,neutral,I guess you know this is why I asked you to come.
80,16,Ses04M_script01_3_F,neutral,I guess this is why I came.
80,17,Ses04M_script01_3_M,neutral,"Ann, I love you.  I love you a great deal.  I love you."
80,18,Ses04M_script01_3_M,neutral,I have no imagination.  That's all I know to tell you.  I'm embarrassing you.
80,19,Ses04M_script01_3_M,neutral,I didn't want to tell it to you here.  I wanted someplace we'd never been; someplace where we'd be brand new to each other.
80,20,Ses04M_script01_3_M,neutral,"You think this is wrong, don't you; this yard, this chair?  I want you to be ready for me.  I don't want to win you away from anything."
80,21,Ses04M_script01_3_F,neutral,"Chris, I've been ready a long, long time."
80,22,Ses04M_script01_3_M,neutral,Then he's gone forever?  You're sure?
80,23,Ses04M_script01_3_F,neutral,I almost got married two years ago.
80,24,Ses04M_script01_3_M,neutral,Why didn't you?
80,25,Ses04M_script01_3_F,neutral,You started to write me.
80,26,Ses04M_script01_3_M,neutral,You felt something that far back?
80,27,Ses04M_script01_3_F,happiness,Every day since.
80,28,Ses04M_script01_3_M,neutral,"Anne, why didn't you let me know?"
80,29,Ses04M_script01_3_F,happiness,"I was waiting for you, Chris.  'Til then, you never wrote and when you did, what did you say?  You sure can be ambiguous, you know."
80,30,Ses04M_script01_3_M,neutral,"Anne, give me a kiss.  Give me a -"
80,31,Ses04M_script01_3_M,neutral,"I kissed you.  I kissed Annie.  How long, how long I've waited to kiss you."
80,32,Ses04M_script01_3_F,happiness,I'll never forgive you.  Why did you wait all these years?  All I've done is sit around and wonder if I was crazy for thinking of you.
80,33,Ses04M_script01_3_M,neutral,"Anne, we're going to live now.  I'm going to make you so happy."
80,34,Ses04M_script01_3_F,neutral,Not like that you're not.
80,35,Ses04M_script01_3_M,neutral,I kissed you.
80,36,Ses04M_script01_3_F,neutral,"Like Larry's brother.  Do it like you, Chris.  What is it, Chris?"
80,37,Ses04M_script01_3_M,neutral,Let's drive somewhere.  I want to be alone with you.
80,38,Ses04M_script01_3_F,neutral,"No, what is it, Chris?  Your mother?"
80,39,Ses04M_script01_3_M,neutral,"No, no, nothing like that."
80,40,Ses04M_script01_3_F,neutral,"Then what's wrong.  Even in your letters, there was something ashamed."
80,41,Ses04M_script01_3_M,sadness,"Yes, I suppose there has been.  But it's going from me."
80,42,Ses04M_script01_3_F,neutral,You've got to tell me.
80,43,Ses04M_script01_3_M,sadness,I don't know where to start.
80,44,Ses04M_script01_3_F,neutral,It wouldn't work this way.
80,45,Ses04M_script01_3_M,sadness,"It's all mixed up with so many other things.  You remember overseas, I was in command of a company?"
80,46,Ses04M_script01_3_F,neutral,"Yeah, sure."
80,47,Ses04M_script01_3_M,sadness,Well I lost them.
80,48,Ses04M_script01_3_F,sadness,How many?
80,49,Ses04M_script01_3_M,sadness,Just about all.
80,50,Ses04M_script01_3_F,sadness,"Oh, gees."
80,51,Ses04M_script01_3_M,sadness,It takes a little time to toss that off because they weren't just men.
80,52,Ses04M_script01_3_M,sadness,"For instance, one time it'd been raining several days.  And this kid came to me and gave me his last pair of dry socks; put them in my pocket.  That's only a little thing, but that's the kind of guys I had."
80,53,Ses04M_script01_3_M,neutral,They didn't die.  They killed themselves for each other.  I mean that exactly.  A little more selfish and they'd have been here today.
80,54,Ses04M_script01_3_M,sadness,"And I got this idea watching them go down, everything was being destroyed, see?  But, to me, it seemed there was one new thing that was made,"
80,55,Ses04M_script01_3_M,sadness,a kind of responsibility.  Man for man.  You understand me?  And then I went home and it was incredible.
80,56,Ses04M_script01_3_M,sadness,"There was no meaning in it here.  The whole thing to them was some sort of bus accident.  Then I went to work for dad and that whole rat race again.  I felt, what you said, ashamed somehow"
80,57,Ses04M_script01_3_M,sadness,because nobody was changed.  It seemed to make suckers out of a lot of guys.  I felt wrong to be alive;
80,58,Ses04M_script01_3_M,sadness,"to open that bank book; to drive the new car; to see the new refrigerator.  I mean, you can take these things out of a war, but when you drive the new car, you have to know that it came out of the love a man can have for a man."
80,59,Ses04M_script01_3_M,sadness,"You have to be a little better because of that.  Otherwise, we have is really loot and there's blood on it.  I don't want to take any of it.  I guess that included you."
80,60,Ses04M_script01_3_F,neutral,And do you still feel that way?
80,61,Ses04M_script01_3_M,neutral,"I want you now, Annie."
80,62,Ses04M_script01_3_F,neutral,"Because you mustn't feel that way anymore, Chris.  Because you have a right to everything you have, everything, Chris; to me, too."
80,63,Ses04M_script01_3_F,neutral,"And your money, there's nothing wrong in your money.  Your father put hundreds of planes in the air.  You should be proud.  A man should be paid for that."
80,64,Ses04M_script01_3_M,happiness,"Annie, Annie, I'm going to make you a fortune."
80,65,Ses04M_script01_3_F,happiness,What'll I do with a fortune?
81,0,Ses03M_script01_2_F,anger,Why did he invite her here?
81,1,Ses03M_script01_2_M,frustration,Why does that bother you?
81,2,Ses03M_script01_2_F,anger,Well she's been away for three and a half years in New York and suddenly she just shows up.
81,3,Ses03M_script01_2_M,neutral,"Well maybe, maybe he just wanted to see her."
81,4,Ses03M_script01_2_F,neutral,Nobody travels seven hundred miles just see.
81,5,Ses03M_script01_2_M,frustration,uh-uh What do you mean?  They grew up next to each other their entire lives.  Why shouldn't he want to see her?
81,6,Ses03M_script01_2_M,frustration,Hey don't look at me like that.  I don't know anymore than you.
81,7,Ses03M_script01_2_F,neutral,He's not going to marry her.
81,8,Ses03M_script01_2_M,neutral,Who said he even thought about that?
81,9,Ses03M_script01_2_F,neutral,I see it.  It has the appearance of it.
81,10,Ses03M_script01_2_M,neutral,"Well, so what?"
81,11,Ses03M_script01_2_F,neutral,What's going on here Joe?
81,12,Ses03M_script01_2_M,frustration,Now listen kid...
81,13,Ses03M_script01_2_F,anger,No.  She's not his girl Joe and she knows that.
81,14,Ses03M_script01_2_M,neutral,You can't read her mind.
81,15,Ses03M_script01_2_F,neutral,"Then why is still single?  I mean there's plenty of single men in New York.  Why isn't she married by now?  Probably a hundred men has told her that she's foolish but, she's waiting."
81,16,Ses03M_script01_2_M,neutral,How do you know why she's waited?  Hmmm?
81,17,Ses03M_script01_2_F,neutral,"Because she knows what I know, that's why."
81,18,Ses03M_script01_2_F,anger,"I mean, her faith is stronger than a rock."
81,19,Ses03M_script01_2_F,sadness,"My worst times I think about her, you know, and I"
81,20,Ses03M_script01_2_F,sadness,it's like I know as long as she's waiting I'm right again.
81,21,Ses03M_script01_2_M,frustration,Look at how nice the day is.  What are we arguing for?
81,22,Ses03M_script01_2_F,anger,"No.  Nobody in my house better dare and challenge her faith.  You know and maybe strangers but not his father, not his brother."
81,23,Ses03M_script01_2_M,frustration,What do you want me to do?  What do you want?
81,24,Ses03M_script01_2_F,neutral,I want-I want you to act like he's still alive.  I mean don't think I haven't seen the way that you've been since he invited her here.
81,25,Ses03M_script01_2_M,frustration,But Kate...
81,26,Ses03M_script01_2_F,neutral,But I won't have any of this nonsense because you know what happens?  If he doesn't come back I'll kill myself.
81,27,Ses03M_script01_2_F,anger,"Laugh, laugh at me but I will.  Because you know what happened when she came here?  When she came back she slept in his room, the memorial broke into pieces. Joe, look. Look at it. You got to believe with me."
81,28,Ses03M_script01_2_M,frustration,Okay. Calm yourself. Just calm yourself.
81,29,Ses03M_script01_2_F,neutral,I can't do it all alone.
81,30,Ses03M_script01_2_M,neutral,"Calm yourself, alright?"
81,31,Ses03M_script01_2_F,sadness,"Look, it was just last week that Detroit, some boy came back he had been away longer than Larry, you can read it for yourself. You above all people have got to believe."
81,32,Ses03M_script01_2_M,anger,"Alright, alright, calm yourself okay?  Calm yourself. Wait, wait.  What do you mean, me above all?"
81,33,Ses03M_script01_2_F,neutral,"Look, just keep believing okay?"
81,34,Ses03M_script01_2_M,anger,"Wait, what does that mean?  Me above all?"
81,35,Ses03M_script01_2_M,anger,"Look at you, you're shaking."
81,36,Ses03M_script01_2_F,sadness,I can't help it.
81,37,Ses03M_script01_2_M,anger,What do I got to hide?  Huh?  What the hell's the matter with you Kate?
82,0,Ses03M_impro04_F,neutral,What's going on man?  What's wrong?
82,1,Ses03M_impro04_M,sadness,I'm just so tired all the time.
82,2,Ses03M_impro04_F,neutral,"Well have you been trying to get a job, look for a job or...?"
82,3,Ses03M_impro04_M,frustration,I've been looking for like eight months.
82,4,Ses03M_impro04_F,frustration,I know.  It- It's really tough out there.  It's really hard to find a job.
82,5,Ses03M_impro04_M,frustration,"I'm tired of the same excuses.  No, no you're not qualified enough, wish you had more education."
82,6,Ses03M_impro04_F,neutral,Well what are you looking for?  I mean--
82,7,Ses03M_impro04_M,neutral,Last time someone told me I was too qualified.
82,8,Ses03M_impro04_F,neutral,"Well, okay. Well that's--"
82,9,Ses03M_impro04_M,anger,Cause I went to Harvard.
82,10,Ses03M_impro04_F,neutral,"Well, that's what?  For what job?  Who...what jobs are you looking for?"
82,11,Ses03M_impro04_M,frustration,I applied as restaurant manager at P.F. Chang.  I applied at----Macy's store manager. Tried to get investment banking job with Deloitte and Touche.  I'm trying everywhere.
82,12,Ses03M_impro04_F,neutral,"But, Listen--"
82,13,Ses03M_impro04_F,neutral,"Yeah.  Well it seems to me, you know, you just got to keep going out there, you know, pushing through.  You got a Harvard degree.  I mean, you can get a job anywhere."
82,14,Ses03M_impro04_M,frustration,You know what?  I've been working at temp jobs for the past six months.  You know how degrading it is?
82,15,Ses03M_impro04_F,sadness,Yeah.
82,16,Ses03M_impro04_M,neutral,To be a receptionist?  Oh I spent forty thousand dollar a year for my college degree and I'm a receptionist.  God.
82,17,Ses03M_impro04_F,sadness,Yeah.
82,18,Ses03M_impro04_M,anger,I'm smarter than half the people I work for.
82,19,Ses03M_impro04_F,neutral,"Well, what do you...what would ideally like to do, you know?"
82,20,Ses03M_impro04_M,frustration,I don't know astronaut?  I don't know something crazy like that.
82,21,Ses03M_impro04_F,neutral,Well what'd you major in?
82,22,Ses03M_impro04_M,frustration,Biomedical Engineering.
82,23,Ses03M_impro04_F,neutral,"You-You can't be working as a restaurant manager, I mean, come on."
82,24,Ses03M_impro04_M,frustration,"I don't want to do engineering though.  It's so...I had the internship what, last summer,"
82,25,Ses03M_impro04_M,frustration,"and I was pulling my hair out and it was like, oh my God.  So I just had to finish the major so now they're like, why are you an engineering major, and why are you working, trying to work at a restaurant.  And it's like I don't know just give me the damn job."
82,26,Ses03M_impro04_F,neutral,Look I'm sorry-
82,27,Ses03M_impro04_M,frustration,Why all these questions?
82,28,Ses03M_impro04_F,neutral,"You know if you need any help finding a place I can, I can talk to my work you know I work at that law firm downtown and I can ask if they're looking for anybody."
82,29,Ses03M_impro04_M,neutral,Oh yeah?  What kind of jobs they got?
82,30,Ses03M_impro04_F,neutral,I am...just like a law clerk.
82,31,Ses03M_impro04_M,neutral,I don't want to be a law clerk.
82,32,Ses03M_impro04_F,neutral,Yeah.
82,33,Ses03M_impro04_F,neutral,"Well, I'm moving up.  I mean it could be..."
82,34,Ses03M_impro04_M,frustration,"To be a lawyer?  You go to law school now?  God this is, all these dead ends."
82,35,Ses03M_impro04_M,frustration,And plus my car is breaking down-
82,36,Ses03M_impro04_M,frustration,-they're evicting me from my apartment.
82,37,Ses03M_impro04_F,neutral,"Well it doesn't make any sense though.  Like, with a Harvard degree you should be able to--"
82,38,Ses03M_impro04_M,neutral,Yeah.  I know.  You'd think I would be able to be C.E.O. of a company right?
82,39,Ses03M_impro04_F,neutral,"Just, you got to hang in there.  Can you ask your parents for help or anybody?"
82,40,Ses03M_impro04_M,frustration,"No.  I'm not going to...yeah, they'd laugh in my face."
82,41,Ses03M_impro04_F,neutral,"Just for a little bit, you know?  Cause I-I guarantee you're going to find something.  When you find something it's just going to be huge and you're going to get money."
82,42,Ses03M_impro04_M,frustration,No. I got a sixteen hundred on my S.A.T..
82,43,Ses03M_impro04_F,neutral,Something-- How are you going...?
82,44,Ses03M_impro04_M,frustration,I'm freaking----typing sixty words a minute.
82,45,Ses03M_impro04_F,neutral,How many words a minute?
82,46,Ses03M_impro04_M,frustration,"Sixty words.  Sixty words a minute.  Hey how are you doing Mr. Smith?  Oh, you know, it's just like God, I just want to shoot you Mr. Smith."
82,47,Ses03M_impro04_F,neutral,Sixty words a minute.  That's a min...a word per min uh second.
82,48,Ses03M_impro04_M,neutral,Yeah.  It's alright.  But--
82,49,Ses03M_impro04_F,neutral,You could be an amazing receptionist.
82,50,Ses03M_impro04_M,frustration,I'm not cut to be a receptionist.
82,51,Ses03M_impro04_M,sadness,No.
82,52,Ses03M_impro04_M,frustration,"Oh yeah.  I will be a full time receptionist.  Harvard degree, sixteen hundred on my S.A.T.--"
82,53,Ses03M_impro04_F,neutral,"Well... If you need something, I mean, you're just going to---can get a temporary thing right now and then look for something--"
82,54,Ses03M_impro04_M,frustration,--you know? Head of the Science Club.
82,55,Ses03M_impro04_M,frustration,"That's what I've been doing, temporary things"
82,56,Ses03M_impro04_F,frustration,Oh I know.  But--
82,57,Ses03M_impro04_F,neutral,"-it's going to get better I promise you. You just got to hang in there. Everyone, I mean, you know?"
82,58,Ses03M_impro04_M,neutral,Yeah.
82,59,Ses03M_impro04_M,sadness,Maybe I'll just kill myself.
82,60,Ses03M_impro04_F,neutral,What?  You can't...what?  Now come on.  Stop it.  Don't be talking like that.
82,61,Ses03M_impro04_M,sadness,I was just joking...
82,62,Ses03M_impro04_M,neutral,I don't know.
82,63,Ses03M_impro04_F,neutral,"My, what I would do was just, you know, what about can you call Harvard and see...don't they have connections?  Don't they have like career center and you can find some stuff that's going on?"
82,64,Ses03M_impro04_M,frustration,Yeah.  I--they said Brian you're too smart.  You don't need us.
82,65,Ses03M_impro04_M,frustration,Go out and take over the world by yourself and I'm like what?
82,66,Ses03M_impro04_F,frustration,Well obviously it's not working.  Just cause you got sixteen hundred on your S.A.T. doesn't guarantee you a job.  I mean it should really but--
82,67,Ses03M_impro04_M,frustration,"I don't know.  I don't know.  I know I'm just going to have to keep on looking, keep on searching-"
82,68,Ses03M_impro04_M,frustration,"and I'm never going to find anything probably but I'll just keep working hard at it-- Yeah. Okay.  Positive, I'm going to do good, find that job."
82,69,Ses03M_impro04_F,neutral,You got to be positive man.  You got to try to just--
82,70,Ses03M_impro04_F,neutral,But you got to be real about it.  You have to...
82,71,Ses03M_impro04_M,frustration,Yeah.  I got eighteen hundred on my S.A.T..
82,72,Ses03M_impro04_F,neutral,Sixteen hundred.
82,73,Ses03M_impro04_M,neutral,Same difference.
82,74,Ses03M_impro04_M,neutral,Twenty-one hundred on my S.A.T..
82,75,Ses03M_impro04_F,neutral,Twenty-one hundred?
82,76,Ses03M_impro04_M,frustration,But I'm doomed.  Yeah I got so good I was over twenty one hundred.  Now what am I doing?
82,77,Ses03M_impro04_M,happiness,"Like, wow you're really smart we're going to give you an extra [GARBAGE]."
83,0,Ses01F_script03_1_M,neutral,Good God.
83,1,Ses01F_script03_1_F,neutral,Is it them?
83,2,Ses01F_script03_1_M,neutral,I wonder.
83,3,Ses01F_script03_1_F,neutral,Freda is the only one who knows we are here.  She wouldn't ring up.
83,4,Ses01F_script03_1_M,neutral,It must be them then.
83,5,Ses01F_script03_1_F,neutral,It had to happen sooner or later.  What are we going to do?
83,6,Ses01F_script03_1_M,neutral,[BREATHING]
83,7,Ses01F_script03_1_M,neutral,"We are okay, aren't we darling?"
83,8,Ses01F_script03_1_F,neutral,"Now and always, sweet."
83,9,Ses01F_script03_1_M,neutral,I don't care then.
83,10,Ses01F_script03_1_F,neutral,It had to happen sooner or later.
83,11,Ses01F_script03_1_M,neutral,"Hello?  Hello?  I'm sorry, what's that?"
83,12,Ses01F_script03_1_M,happiness,No.  Wrong number. [LAUGHTER]
83,13,Ses01F_script03_1_F,happiness,[LAUGHTER] That sent shivers up my spine.
83,14,Ses01F_script03_1_M,happiness,What shall we do if they suddenly walk in on us.[LAUGHTER]
83,15,Ses01F_script03_1_F,neutral,We'll behave exquisitely.
83,16,Ses01F_script03_1_M,happiness,With perfect poise.
83,17,Ses01F_script03_1_F,neutral,I think I shall do a curtsy.
83,18,Ses01F_script03_1_M,happiness,"It's strange; things that ought to matter dreadfully, they just don't matter at all when one's happy.  Do they?"
83,19,Ses01F_script03_1_F,neutral,Hmm.  The pity is that one can't stay happy.
83,20,Ses01F_script03_1_M,neutral,"Darling, don't say that."
83,21,Ses01F_script03_1_F,neutral,It's true.  I think the whole thing's a cruel joke.
83,22,Ses01F_script03_1_M,neutral,What?  This beautiful and sacred thing - love?
83,23,Ses01F_script03_1_F,happiness,Yes.  Meaning just that.
83,24,Ses01F_script03_1_M,happiness,"Well what does it all mean?  That's what I ask myself in my quest for ultimate truth.  Dear God, what does it all mean?"
83,25,Ses01F_script03_1_F,happiness,Don't laugh at me.  I'm being serious.
83,26,Ses01F_script03_1_M,neutral,"Oh darling, you mustn't be serious.  It's just what they want."
83,27,Ses01F_script03_1_F,neutral,Who's they?
83,28,Ses01F_script03_1_M,neutral,"All of those futile moralists who make life unbearable.  You have to laugh at them, be flippant."
83,29,Ses01F_script03_1_M,neutral,"You know, flippancy brings out the acid in their darned, light and sweetness."
83,30,Ses01F_script03_1_F,neutral,"you know if I laugh at everything then I must laugh at us, too."
83,31,Ses01F_script03_1_M,neutral,Oh of course.  We are figures of fun.  All right.
83,32,Ses01F_script03_1_F,neutral,"How long with it last, this ludicrous overbearing love of ours?"
83,33,Ses01F_script03_1_M,happiness,Who knows?
83,34,Ses01F_script03_1_F,neutral,Shall we always want to bicker and fight?
83,35,Ses01F_script03_1_M,neutral,Oh no.  That fire will fade along with our passion.
83,36,Ses01F_script03_1_F,neutral,"Oh dear, should we like that?"
83,37,Ses01F_script03_1_M,neutral,Well it depends on how well we've played.
83,38,Ses01F_script03_1_F,neutral,What happens if one of us dies?  Does the other one still laugh?
83,39,Ses01F_script03_1_M,neutral,Yes.  Yes with all of his might.
83,40,Ses01F_script03_1_F,neutral,"Well that's serious enough, isn't it?"
83,41,Ses01F_script03_1_M,neutral,"No, no, no, no. no.  Death is a very laughable thing.  It's a cunning little mystery, it's all done with mirrors."
83,42,Ses01F_script03_1_F,neutral,I think you are talking nonsense.
83,43,Ses01F_script03_1_M,neutral,"Oh.  So is everyone, in the long run."
83,44,Ses01F_script03_1_M,neutral,"Let's be superficial, and just pity those poor philosophers, huh?  Let's blow trumpets and squeakers and enjoy the party for as long as we can, you know, like small, idiotic school children."
83,45,Ses01F_script03_1_F,happiness,[LAUGHTER]
83,46,Ses01F_script03_1_M,happiness,Oh Come and kiss me darling before your body rots and worms pop out of your eye sockets.
83,47,Ses01F_script03_1_F,happiness,"Oh Elliott, worms don't pop."
83,48,Ses01F_script03_1_M,happiness,"Oh See, I don't care what you do, see.  You can paint yourself green and run naked through the Place Vendome and run off with all of the men of the world.  I shan't say a word, just as long as you love me best."
83,49,Ses01F_script03_1_F,happiness,"Aw.  Thank you, darling.  The same applies to you too, except that if you so much as look at another woman I'll kill you."
83,50,Ses01F_script03_1_M,neutral,Do you remember that awful scene we had in Venice?
83,51,Ses01F_script03_1_F,neutral,Which particular one?
83,52,Ses01F_script03_1_M,neutral,The one where you put that tiny painted wooden snake in my bed.
83,53,Ses01F_script03_1_F,neutral,"Oh Charles, that was his name.  He did wiggle so beautifully."
83,54,Ses01F_script03_1_M,neutral,[GARBAGE]
83,55,Ses01F_script03_1_M,neutral,It was a terrible thing.  I hated it.
83,56,Ses01F_script03_1_F,neutral,I know you did.  You threw him out the window into the Grand Canal.  I'll never forgive you for that.
83,57,Ses01F_script03_1_M,neutral,How long did that row last?
83,58,Ses01F_script03_1_F,neutral,It went on intermittently for days.
83,59,Ses01F_script03_1_M,neutral,Uh huh.
83,60,Ses01F_script03_1_M,neutral,But the worst one was in Cannes when your curling irons burnt a hole in my new dressing gown.
83,61,Ses01F_script03_1_F,neutral,"Oh And it burnt my comb, too, and all of those towels in the bathroom."
83,62,Ses01F_script03_1_M,happiness,"That was a rouser, wasn't it?"
83,63,Ses01F_script03_1_F,neutral,[LAUGHTER] That was the first time you hit me.
83,64,Ses01F_script03_1_M,neutral,I did not hit you very hard.
83,65,Ses01F_script03_1_F,happiness,"The manager came in, he found us rolling about the floor, biting and scratching like panthers. [LAUGHTER]  How utterly, utterly ridiculous."
83,66,Ses01F_script03_1_M,happiness,[LAUGHTER] I'll never forget his face. [LAUGHTER]
83,67,Ses01F_script03_1_M,happiness,[LAUGHTER] We were very much younger then.
83,68,Ses01F_script03_1_F,happiness,[LAUGHTER] And very much sillier.
83,69,Ses01F_script03_1_M,neutral,However I believe the real cause of that row was Peter Burden.
83,70,Ses01F_script03_1_F,neutral,Oh.  You knew there was nothing in that.
84,0,Ses04M_impro08_M,frustration,Thank you for calling Sprint.  We care about everybody.  How can I help you?
84,1,Ses04M_impro08_F,frustration,Hi.  I've been on the phone for an hour trying to get a little discrepancy on my bill fixed.  I was charged for two hundred dollars worth of calls that I didn't make.
84,2,Ses04M_impro08_M,neutral,Are you sure you didn't make them?
84,3,Ses04M_impro08_F,frustration,I'm positive.  They came from like another state.
84,4,Ses04M_impro08_M,frustration,"Can I get your phone number, please?"
84,5,Ses04M_impro08_F,frustration,"Uh. Yeah, I just gave it to the automated thing like five times."
84,6,Ses04M_impro08_M,frustration,I'm going to need it again.  I need to look at your file.  If you want me to look at your file--
84,7,Ses04M_impro08_F,frustration,Okay.  three two three six nine seven five zero six six.  Can we move on?
84,8,Ses04M_impro08_M,neutral,Okay.
84,9,Ses04M_impro08_F,neutral,"Okay, cool."
84,10,Ses04M_impro08_M,neutral,"Umm, Miss Aruckman"
84,11,Ses04M_impro08_F,neutral,Yes.
84,12,Ses04M_impro08_M,neutral,I am seeing the two hundred dollar charge.
84,13,Ses04M_impro08_F,frustration,"Yes, and I've been through all of the menus, pushed one and star and pound and all of that stuff and I'm just trying to get through to a person who can"
84,14,Ses04M_impro08_M,frustration,Well I'm looking at these.
84,15,Ses04M_impro08_F,frustration,"take off the charges that came from like Nebraska or wherever because, obviously, I didn't make those."
84,16,Ses04M_impro08_F,frustration,So can you please refund the mischarged charges
84,17,Ses04M_impro08_M,neutral,So you're saying that you didn't make these calls.
84,18,Ses04M_impro08_F,frustration,I did not make the calls from B.F.E. Nebraska.
84,19,Ses04M_impro08_M,frustration,"Well I mean, I'm supposed to use discretion in the situation and, um--"
84,20,Ses04M_impro08_F,frustration,So could you discretion it back?
84,21,Ses04M_impro08_M,neutral,All I can do for you right now is give you a hundred dollars.
84,22,Ses04M_impro08_F,frustration,"Okay, but that's like half"
84,23,Ses04M_impro08_M,neutral,What I can
84,24,Ses04M_impro08_F,frustration,of the money that I was charged that I didn't make those calls.
84,25,Ses04M_impro08_M,neutral,What I can do for you is give you a hundred dollars right now and fill out complaint form
84,26,Ses04M_impro08_M,neutral,which you- which you'll have to go into a local Verizon dealer--  or Sprint.
84,27,Ses04M_impro08_F,frustration,"Okay, no, look, I- I- I- I'm really -- I'm trying to be patient.  I know this isn't your fault.  I know that you didn't do it"
84,28,Ses04M_impro08_F,frustration,"but, at the same time, I have been through an hour of little robot voices telling me what I needed to do."
84,29,Ses04M_impro08_M,frustration,"Ma'am, I understand that."
84,30,Ses04M_impro08_F,neutral,And I did everything they said.  And now i'm talking to you and you're supposed to put the money back on my account because I didn't make the calls and I'm really tired of dealing with this because I didn't even
84,31,Ses04M_impro08_M,frustration,"Ma'am, I - I - I understand that. I understand that. What I can do for you right now is what I'm telling you is that I can do- I can give you a hundred dollars back and then you'll have to fill out a complaint form and then you'll get -- there'll be some investigation. Some men will show up at your house and go through your things."
84,32,Ses04M_impro08_F,frustration,Excuse me?
84,33,Ses04M_impro08_M,frustration,And then then you'll get some money back.
84,34,Ses04M_impro08_F,frustration,How long does that take?
84,35,Ses04M_impro08_M,neutral,A few weeks.  You won't even know that they were there.
84,36,Ses04M_impro08_F,frustration,I have to wait a few weeks for people come go through my things to get the money back that I didn't spend?
84,37,Ses04M_impro08_M,frustration,"Okay.  You know what?  I just don't feel like doing this anymore.  Um, you can have all the money back, two hundred dollar, right now."
84,38,Ses04M_impro08_F,neutral,Really?
84,39,Ses04M_impro08_M,neutral,"Yeah.  That's fine.  I just -- that's fine. Yeah, I mean, it doesn't make any difference to me.  I mean, it's not like it's going to cost my job or anything."
84,40,Ses04M_impro08_F,neutral,You're just going to put it back on my account.
84,41,Ses04M_impro08_M,neutral,"I mean, technically, that's policy.  But, like, I mean, I don't really care about -- nobody really cares about policy here."
84,42,Ses04M_impro08_F,neutral,So you're just going to take care of this for me?
84,43,Ses04M_impro08_M,neutral,Sure.
84,44,Ses04M_impro08_F,happiness,"Oh, my God, thank you so much."
84,45,Ses04M_impro08_M,neutral,You're welcome.
84,46,Ses04M_impro08_F,happiness,"I really appreciate this. I know it's not policy or whatever but, seriously"
84,47,Ses04M_impro08_M,neutral,"No, no, no, it's cool.  It's cool.  It's cool.  So, um"
84,48,Ses04M_impro08_F,happiness,make my life a lot easier.
84,49,Ses04M_impro08_M,neutral,"You know, so- I mean, are you doing anything later?  Or um"
84,50,Ses04M_impro08_F,neutral,Really?
84,51,Ses04M_impro08_M,neutral,"Oh, I don't know.  I mean, I don't know.  I just thought, you know, maybe you want to get some co--I mean, I'm actually -- wait, where do you live?  Oh, you're in Los Angeles, I see.  Oh, no, that sucks 'cause I'm in, actually in Alabama."
84,52,Ses04M_impro08_F,neutral,"Right. Um, Thanks for asking, though. I mean, you sound nice, you know."
84,53,Ses04M_impro08_M,neutral,"God, that's like a whole problem with like-- But, no, I mean, hey-- if you ever"
84,54,Ses04M_impro08_M,neutral,"if you ever come out to Montgomery, I mean, you know, just -- just call up, you know, call up the operator and I'll-- I'll be here. So, um."
84,55,Ses04M_impro08_F,neutral,I'll
84,56,Ses04M_impro08_F,neutral,"call up the Sprint call center and, uh, you know. cool"
84,57,Ses04M_impro08_F,neutral,"Wow, alright. Well, thanks. And, uh, you- you have a good one."
84,58,Ses04M_impro08_M,neutral,Alright. Take Care.
84,59,Ses04M_impro08_F,neutral,You too.
85,0,Ses01F_script01_2_F,neutral,Why did he invite her here?
85,1,Ses01F_script01_2_M,neutral,Why does that bother you?
85,2,Ses01F_script01_2_F,neutral,"She's been in New York three and an half years, why all of a sudden?"
85,3,Ses01F_script01_2_M,neutral,Well maybe...maybe he just wanted to see her.
85,4,Ses01F_script01_2_F,neutral,Nobody comes seven hundred miles just to see.
85,5,Ses01F_script01_2_M,neutral,"What do you mean?  You know he lived next door to the girl his whole life, why wouldn't he want to see her?"
85,6,Ses01F_script01_2_M,frustration,[BREATHING] You don't look at me like that.  He didn't tell me anything more than he told you.
85,7,Ses01F_script01_2_F,anger,He's not going to marry her.
85,8,Ses01F_script01_2_M,neutral,How do you know he's even thinking about it?
85,9,Ses01F_script01_2_F,anger,It's got that about it.
85,10,Ses01F_script01_2_M,neutral,Oh.  So what.
85,11,Ses01F_script01_2_F,anger,"What is going on here, Joe?"
85,12,Ses01F_script01_2_M,frustration,Now listen.
85,13,Ses01F_script01_2_F,anger,She is not his girl.  She knows she's not.
85,14,Ses01F_script01_2_M,frustration,You can't read her mind.
85,15,Ses01F_script01_2_F,anger,"Then why is she still single?  New York is full of men, why is she still single?  Probably a hundred people told her she's foolish, but she waited."
85,16,Ses01F_script01_2_M,neutral,How do you know why she waited?
85,17,Ses01F_script01_2_F,anger,"Because she knows what I know, that's why.  She's faithful as a rock.  In my darkest moments, I think of her waiting and I know that I'm right."
85,18,Ses01F_script01_2_M,frustration,"Hey look, it's a nice day, huh?  Why are we arguing?"
85,19,Ses01F_script01_2_F,anger,"Nobody in this house dares take away her faith, Joe.  You know strangers might, but not his father, not his brother."
85,20,Ses01F_script01_2_M,frustration,What do you want me to do? What do you want?
85,21,Ses01F_script01_2_F,anger,"I want you to-- I want you to act like he is coming back, both of you.  Don't think I haven't noticed you since Chris invited her here."
85,22,Ses01F_script01_2_F,anger,I won't stand for any nonsense.
85,23,Ses01F_script01_2_M,frustration,Kate.
85,24,Ses01F_script01_2_F,anger,"Because if he's not coming back, I'll kill myself.  Oh laugh, laugh all you like but why does this happen the very night he comes back.  She goes to sleep in his room and his memorial breaks in pieces.  Look at it, Joe, look."
85,25,Ses01F_script01_2_M,frustration,[BREATHING]
85,26,Ses01F_script01_2_M,frustration,Calm yourself.
85,27,Ses01F_script01_2_F,anger,"Just believe with me, Joe. Only last week a man came back in Detroit missing longer than Larry.  Believe with me. You, above all, have got to believe. Just believe."
85,28,Ses01F_script01_2_M,frustration,Okay. Calm yourself.
85,29,Ses01F_script01_2_M,frustration,"I know. All right, all right. All right. Okay.  Calm yourself. What does that mean, me above all?"
85,30,Ses01F_script01_2_M,neutral,"Look at you, you're shaking."
85,31,Ses01F_script01_2_F,frustration,I can't help it.
85,32,Ses01F_script01_2_M,anger,"What have I got to hide?  What the hell is the matter with you, Kate?"
86,0,Ses01F_script01_1_F,frustration,What's he going to say?
86,1,Ses01F_script01_1_F,neutral,Maybe we should tell him before he sees it.
86,2,Ses01F_script01_1_M,neutral,He saw it.
86,3,Ses01F_script01_1_F,neutral,How could he see it?  I was the first one up; he was still in bed.
86,4,Ses01F_script01_1_M,neutral,He was out here when it broke.
86,5,Ses01F_script01_1_F,neutral,When?
86,6,Ses01F_script01_1_M,neutral,Four o clock this morning.  I heard a crack and I woke up and looked out.  He was standing right over there when it cracked.
86,7,Ses01F_script01_1_F,neutral,What was he doing out here at four o clock in the morning?
86,8,Ses01F_script01_1_M,neutral,I don't know.
86,9,Ses01F_script01_1_F,neutral,"He's dreaming of him again, walking around."
86,10,Ses01F_script01_1_M,neutral,I guess he is.
86,11,Ses01F_script01_1_F,neutral,It's getting to be just like after he died.  What's the meaning of that?
86,12,Ses01F_script01_1_M,frustration,"I don't know the meaning of it.  But I know one thing, Mom, you've made a terrible mistake with father."
86,13,Ses01F_script01_1_F,neutral,What?
86,14,Ses01F_script01_1_M,neutral,"Being dishonest with him, you know.  This kind of thing always pays off and it's paying off."
86,15,Ses01F_script01_1_F,neutral,What do you mean dishonest?
86,16,Ses01F_script01_1_M,neutral,You know Larry is not coming back and I know it.  Why do we allow him to go on thinking that we believe with him?
86,17,Ses01F_script01_1_F,frustration,What do you want to do?  Argue with him?
86,18,Ses01F_script01_1_M,frustration,I don't want to argue but it's time he realized that nobody believes Larry is alive.
86,19,Ses01F_script01_1_M,frustration,"You know?  Why shouldn't he walk the nights thinking of him, dreaming of him?   Do we contradict him?  Do we say, we don't have any hope anymore?  That we haven't had any hope for years now?"
86,20,Ses01F_script01_1_F,frustration,You can't say that to him.
86,21,Ses01F_script01_1_M,neutral,We've got to say it to him.
86,22,Ses01F_script01_1_F,frustration,Where's the proof?  Do you have any proof?
86,23,Ses01F_script01_1_M,frustration,"For God's sake, three years?  Nobody comes back after three years; that's insane."
86,24,Ses01F_script01_1_F,frustration,"To you it is, to me it is, but to your father, you can talk yourself until you are blue in the face.  But there is no grave and there is no body, so where are you?"
86,25,Ses01F_script01_1_M,neutral,"Sit down, Mom.  I want to talk to you."
86,26,Ses01F_script01_1_F,neutral,"It's that the trouble is those God damn newspapers.  Every month some new boy comes back and so the next one is going to be Larry, they just--"
86,27,Ses01F_script01_1_M,frustration,"All right, all right, all right.  You know why I asked Annie here, right?"
86,28,Ses01F_script01_1_F,frustration,Why?
86,29,Ses01F_script01_1_M,neutral,You know.
86,30,Ses01F_script01_1_F,neutral,"Well I got an idea, but what's your story?"
86,31,Ses01F_script01_1_M,neutral,I'm going to ask her to marry me.
86,32,Ses01F_script01_1_F,neutral,"Well that's only your business, Chris."
86,33,Ses01F_script01_1_M,neutral,You know it's not just my business.
86,34,Ses01F_script01_1_F,neutral,Well what do you want me to do?  You're old enough to know your own mind.
86,35,Ses01F_script01_1_M,neutral,"So all right then, I'll just go ahead with it?"
86,36,Ses01F_script01_1_F,neutral,Well you want to make sure that your father is not going to --
86,37,Ses01F_script01_1_M,frustration,Then it's not just my business.
86,38,Ses01F_script01_1_F,neutral,I'm just saying.
86,39,Ses01F_script01_1_M,anger,"You know sometimes you infuriate me.  you know that?  Isn't it your business if I tell father and he throws a fit about it?  God, you have such a talent for ignoring things."
86,40,Ses01F_script01_1_F,neutral,Oh.  I ignore what I got to ignore.  That girl is Larry's girl.
86,41,Ses01F_script01_1_M,frustration,She's not Larry's girl.
86,42,Ses01F_script01_1_F,frustration,"From your father's point of view, he is not dead and- Chris he still thinks he's still alive.  The girl is Larry's girl."
86,43,Ses01F_script01_1_F,frustration,"Now you can go on from there if you know where to go, but I'm telling you, I don't know where to go."
86,44,Ses01F_script01_1_M,frustration,"I don't know why it is, but every time I reach out for something I have to pull back because I am afraid other people will suffer. My whole bloody life, time after time."
86,45,Ses01F_script01_1_F,frustration,"You're a considerate fellow, there's nothing wrong in that."
86,46,Ses01F_script01_1_M,frustration,To hell with that.
86,47,Ses01F_script01_1_F,frustration,I just don't see why.  Have you asked Annie yet?
86,48,Ses01F_script01_1_M,neutral,I wanted to get this settled first.
86,49,Ses01F_script01_1_F,frustration,Well how do you know she's going to marry you?  Maybe she feels the same way your father does.
86,50,Ses01F_script01_1_M,neutral,"Well if she does, then that's it.  That's the end of it.  From her letters, though, I think she's pretty much forgotten him."
86,51,Ses01F_script01_1_M,neutral,And then we'll thrash it out with father.  Okay Mom?  Don't avoid me.
86,52,Ses01F_script01_1_F,frustration,The trouble is you don't see enough women.  You never did.
86,53,Ses01F_script01_1_M,frustration,So what.  I'm not fast with women.
86,54,Ses01F_script01_1_F,frustration,Why does it have to be Annie?
86,55,Ses01F_script01_1_M,frustration,Because it is.
86,56,Ses01F_script01_1_F,frustration,Oh that's a great reason.  It's no reason at all.
86,57,Ses01F_script01_1_M,frustration,I don't know.
86,58,Ses01F_script01_1_F,frustration,"You haven't seen her since you went away to war, it's been five years."
86,59,Ses01F_script01_1_M,frustration,"I can't help it, I know her best.  I was brought up next door to her, you know?  These years when I think of someone for my wife, I think of Annie."
86,60,Ses01F_script01_1_M,frustration,"Mom, what do you want?  A diagram?"
86,61,Ses01F_script01_1_F,frustration,I don't want a diagram.
86,62,Ses01F_script01_1_F,frustration,He thinks he's coming back Chris.
86,63,Ses01F_script01_1_F,frustration,"You marry that girl, you are pronouncing him dead..."
86,64,Ses01F_script01_1_F,frustration,...and then what's that going to do to your father?  Do you know?  I don't.
86,65,Ses01F_script01_1_M,frustration,"All right, then, Mom. [BREATHING]"
86,66,Ses01F_script01_1_F,neutral,Just give it some more thought.
86,67,Ses01F_script01_1_M,frustration,"I've given it three years of thought.  And I'd hope that if I waited, father would forget about Larry and then we could just have a regular wedding and everyone would be happy."
86,68,Ses01F_script01_1_M,frustration,"But if I can't do that here, I may have to go somewhere else."
86,69,Ses01F_script01_1_F,anger,What the hell is this?
86,70,Ses01F_script01_1_M,neutral,"I'll get out.  I'll get married and I'll move somewhere else, maybe New York."
86,71,Ses01F_script01_1_F,neutral,Are you crazy?
86,72,Ses01F_script01_1_M,frustration,"I've been a good son for too long, a good sucker."
86,73,Ses01F_script01_1_F,anger,You have a business here.  What the hell is this?
86,74,Ses01F_script01_1_M,frustration,The business?  The business doesn't inspire me.
86,75,Ses01F_script01_1_F,anger,Oh.  Must you be inspired?
86,76,Ses01F_script01_1_M,frustration,"Yes.  I like it for an hour a day.  I don't care if I have to grub for money all day long, when I come home I want it happy."
86,77,Ses01F_script01_1_M,frustration,"I want some kids, I want a family, I want somebody that I can give myself to and Annie is in the center of that.  Now it's just where to find it."
86,78,Ses01F_script01_1_F,frustration,You mean to tell me that you would leave the business over this?
86,79,Ses01F_script01_1_M,neutral,"On this, I would."
86,80,Ses01F_script01_1_F,frustration,Well you don't want to think like that.
86,81,Ses01F_script01_1_M,neutral,Then help me stay here.
86,82,Ses01F_script01_1_F,anger,"All right.  But you don't want to think like that because what the hell are we working for, Chris?  It's all for you.  This whole shooting match is for you."
86,83,Ses01F_script01_1_M,frustration,I know that.  Then just help me stay here.
86,84,Ses01F_script01_1_F,anger,Just don't think like that.
86,85,Ses01F_script01_1_M,frustration,Well I am thinking like that.
86,86,Ses01F_script01_1_F,frustration,"I don't understand you, do I?"
86,87,Ses01F_script01_1_M,frustration,No.  You don't.  I'm a pretty tough guy.
86,88,Ses01F_script01_1_F,frustration,I can see that.
87,0,Ses02M_script02_1_M,neutral,What time is it? They're supposed to run around midnight.
87,1,Ses02M_script02_1_M,neutral,"God, this great, isn't it? Like look at the night we go here, it couldn't be better."
87,2,Ses02M_script02_1_M,neutral,"I would have wanted to go a little further up the coast, get away from the lights and the people but I was afraid we'd miss it."
87,3,Ses02M_script02_1_M,neutral,How you doing?
87,4,Ses02M_script02_1_F,neutral,Fine.
87,5,Ses02M_script02_1_M,neutral,"Is that -- is that, no? Was that just foam? I can't even tell."
87,6,Ses02M_script02_1_M,neutral,"Although, I guess you can't tell it probably isn't them. Probably be unmistakable don't you think?"
87,7,Ses02M_script02_1_M,neutral,How you doing? You know what I forgot? I forgot to bring my flashlight. How - how could I forget to bring my flashlight? How could I be so stupid?
87,8,Ses02M_script02_1_F,neutral,What flashlight?
87,9,Ses02M_script02_1_M,frustration,"You know the flashlight, the silver one, there is only one, isn't there?"
87,10,Ses02M_script02_1_F,frustration,That's not your flashlight.
87,11,Ses02M_script02_1_M,frustration,Who's is it?
87,12,Ses02M_script02_1_F,frustration,It's ours; it's mine too.
87,13,Ses02M_script02_1_M,neutral,"Oh well, sure, yes."
87,14,Ses02M_script02_1_F,frustration,But you kept saying my flashlight as if somehow it's just yours. I mean how is it supposed to make me feel?
87,15,Ses02M_script02_1_M,neutral,"No. No. Of course our flashlight yours and mine. Mi flashlight, es su flashlight, naturally."
87,16,Ses02M_script02_1_M,neutral,How could we forget to bring it?  I hope the moon stays out.
87,17,Ses02M_script02_1_M,neutral,"I wonder do they always run during a full moon? I can't remember if it was full last year, do you remember?"
87,18,Ses02M_script02_1_F,neutral,Yea.
87,19,Ses02M_script02_1_M,neutral,"You cold, you want my jacket? We should've - we should've brought our blanket, our blanket, how could we forget to bring the blanket?"
87,20,Ses02M_script02_1_M,neutral,"Oh, a six-pack, that's, should've brought a -- a six-pack be just the ticket right now. How could I forget,"
87,21,Ses02M_script02_1_M,neutral,"oh man. Like a kid, it's amazing I got out of the house with my fly zipped."
87,22,Ses02M_script02_1_M,neutral,You think they can hear us talk or feel the vibrations in the sand when we move around?
87,23,Ses02M_script02_1_F,neutral,I'm cold.
87,24,Ses02M_script02_1_M,neutral,What you want my jacket?
87,25,Ses02M_script02_1_F,frustration,It's after eleven. Let's just go home.
87,26,Ses02M_script02_1_M,frustration,"Are you kidding, we'd miss it. We, we just got here. What's the point in coming down here if we just turn around and go home?"
87,27,Ses02M_script02_1_F,frustration,There is no point in coming down here.
87,28,Ses02M_script02_1_M,neutral,Right.
87,29,Ses02M_script02_1_F,frustration,That's my point.
87,30,Ses02M_script02_1_M,neutral,That's my point too.
87,31,Ses02M_script02_1_F,frustration,So let's go.
87,32,Ses02M_script02_1_M,neutral,No. No. That's not my point. The point is there is no point in coming down here if we just leave. Don't you want to see it?
87,33,Ses02M_script02_1_F,neutral,Not particularly.
87,34,Ses02M_script02_1_M,neutral,Why not?
87,35,Ses02M_script02_1_F,frustration,"I don't, it's just stupid."
87,36,Ses02M_script02_1_M,neutral,"Honey, this is a natural phenomenon. I mean it only happens once a year."
87,37,Ses02M_script02_1_M,neutral,"Think about the people in Kansas, they- they'd have to get a plane ticket and hotel reservations to see this. We live forty minutes away it's too good to pass up."
87,38,Ses02M_script02_1_F,frustration,"Pass up what? These little fish swim onto the beach flop around and swim away, and then they die."
87,39,Ses02M_script02_1_M,neutral,"Yea, but that moment on the beach is the highlight of their little lives. I mean all that flopping is laying eggs or what do you, mating or spotting or something like that."
87,40,Ses02M_script02_1_M,neutral,"This is a big night for these guys, life's last orgy."
87,41,Ses02M_script02_1_F,frustration,What are you so excited about? I mean it's not a moon landing we're talking about here it's fish. It's a fish nobody even eats.
87,42,Ses02M_script02_1_M,frustration,Yes they do.
87,43,Ses02M_script02_1_F,frustration,Augie
87,44,Ses02M_script02_1_M,neutral,"Okay. But it's fish that do something none of the other fish do. Like the swallows returning to Capistrano, or the Lemmings throwing themselves off the cliffs"
87,45,Ses02M_script02_1_M,neutral,"you know there is like, there is a certain mystery here, a magic, a bit of the unexplainable. I don't see how you cannot be interested."
87,46,Ses02M_script02_1_F,sadness,I'm just not.
87,47,Ses02M_script02_1_M,neutral,For real?
87,48,Ses02M_script02_1_F,neutral,Yes.
87,49,Ses02M_script02_1_M,neutral,I don't get it. The first time we came here you said it was the best night of your life.
87,50,Ses02M_script02_1_M,frustration,"And then last year I remember specifically you were so excited that you stubbed your toe on the way pushing me out of the house, and you didn't even notice until we got in the car."
87,51,Ses02M_script02_1_F,anger,"Last year you'll also remember our shoes got wet, I got sand in my panties, you got a sore throat, we got into a big fight over nothing, and we didn't see the Grunions."
87,52,Ses02M_script02_1_M,neutral,We weren't in a good spot.
87,53,Ses02M_script02_1_F,frustration,We didn't see them the first time either.
87,54,Ses02M_script02_1_M,frustration,We just weren't in a good spot; this is a much better spot. I've got good instincts for these things.
87,55,Ses02M_script02_1_M,neutral,"There is that, oh no that's just seaweed, isn't it?"
87,56,Ses02M_script02_1_M,neutral,"This is, this is great, isn't it? I wouldn't miss this for anything. Now listen to this, I know you're not interested but just listen."
87,57,Ses02M_script02_1_M,neutral,"Out there somewhere there is this huge mass of silver fish headed this way,"
87,58,Ses02M_script02_1_M,neutral,"they don't why, we don't know why. They didn't take a vote or anything; they didn't get a map or an invitation."
87,59,Ses02M_script02_1_M,neutral,"Just all as one. This little time sensitive firecracker, instinctual firecracker in their body just went off and all as one they turned and formed a line as long the California coast and started swimming. They're swimming right now as if that's the only thing that matters."
87,60,Ses02M_script02_1_M,neutral,"It's single mindedness, with no mind, it's urgency that's pure urge, they don't know what drives them. They don't ask it a name or ask it a question,"
87,61,Ses02M_script02_1_M,neutral,"they just turn as one and start the swim and brings them right here to this spot where we stand, for a massive celebration of sex and death."
87,62,Ses02M_script02_1_M,neutral,Look at me; I'm giving myself goose bumps all my hairs are popping up.
87,63,Ses02M_script02_1_F,neutral,That's the wind.
87,64,Ses02M_script02_1_M,neutral,"Well, so what do you think?"
87,65,Ses02M_script02_1_F,neutral,About what?
87,66,Ses02M_script02_1_M,neutral,What I was saying.
87,67,Ses02M_script02_1_F,frustration,It's ridiculous.
88,0,Ses05F_script02_2_M,neutral,"Well, so?  What do you think?"
88,1,Ses05F_script02_2_F,neutral,About what?
88,2,Ses05F_script02_2_M,frustration,What I was just saying.
88,3,Ses05F_script02_2_F,neutral,It's ridiculous.
88,4,Ses05F_script02_2_M,neutral,It certainly is not. It's slightly exaggerated scientific fact.
88,5,Ses05F_script02_2_F,neutral,"It's PR, somebody sold you a bill of goods that this wonderful event is going to occur on the beach."
88,6,Ses05F_script02_2_M,neutral,"I am not the only one, look at all these people."
88,7,Ses05F_script02_2_F,neutral,"Yeah, they are all told the same thing.  They are all told that you know.  Gets them excited and they can't wait and that if they just get in on the right spot, than you than maybe life will start"
88,8,Ses05F_script02_2_M,neutral,Are we talking about the same thing?
88,9,Ses05F_script02_2_F,frustration,I am sorry.  It's just fish to me.
88,10,Ses05F_script02_2_M,neutral,"Carla, can I ask you a question?  Now don't be upset, are you having a period?"
88,11,Ses05F_script02_2_F,anger,"God damn it, Augie.  Why do you always ask things like that?  It's so insulting."
88,12,Ses05F_script02_2_M,frustration,What's bugging you?
88,13,Ses05F_script02_2_F,frustration,I just had a different idea of what this evening is going to look like.
88,14,Ses05F_script02_2_M,frustration,"There's nothing to it.  We come down here.  The grunion arrives and they do their little fish thing.  And we say, Oh, wow.  Look at the little fish.  They go home, we go home."
88,15,Ses05F_script02_2_F,frustration,"For heaven's sake Augie, grow up we are not going to see the grunions."
88,16,Ses05F_script02_2_M,frustration,Why not?
88,17,Ses05F_script02_2_F,frustration,We never do.  Have we ever?  We never have.
88,18,Ses05F_script02_2_M,frustration,"We miss them twice, it's not ever."
88,19,Ses05F_script02_2_F,frustration,"Twice is every time we tried, that's ever."
88,20,Ses05F_script02_2_M,neutral,Well We will see them this year.
88,21,Ses05F_script02_2_F,frustration,"No, we won't.  Augie it's like waiting for Santa Claus to come.  I feel like I am going to spend my entire life standing on the beach with my eyes wide open and my hands clasp expectantly in front of me waiting for the fish to show up and the fish will not show up."
88,22,Ses05F_script02_2_M,frustration,I thought you wanted to see it.
88,23,Ses05F_script02_2_F,frustration,"I did, I do want to see it.  I always want to see it, Augie."
88,24,Ses05F_script02_2_M,frustration,"It's just fish, it's nothing to get traumatize over."
88,25,Ses05F_script02_2_F,frustration,"For heaven's sake, this is not about fish."
88,26,Ses05F_script02_2_M,frustration,"Okay, I been trying to work this backwards but I can't seem to pinpoint a moment when we took a turn for the worst here."
88,27,Ses05F_script02_2_M,neutral,"When you are on the phone with Marge, everything was fine.  Dinner was okay.  Doing the dishes was no problem. Let's see, I took a shower and you were watching the news and you said the grunions are running tonight and I said, great, let's go I am feeling lucky."
88,28,Ses05F_script02_2_M,neutral,"Right, so I am putting on my jacket and putting up the animals and pulling the car out of the garage."
88,29,Ses05F_script02_2_F,sadness,"Augie, do you remember the first time we came to see it?  It was about four years ago right after we got married and we thought I was pregnant."
88,30,Ses05F_script02_2_F,sadness,"We had a bottle of champagne but no glasses and you ask me to dance so we took off our shoes and while we were dancing, you said the most intimate things right in my ears so I could feel them as much as hear them."
88,31,Ses05F_script02_2_F,happiness,"And I remember thinking, Finally, finally.  I am as happy as I am supposed to be."
88,32,Ses05F_script02_2_M,neutral,"Wait a minute, I got it."
88,33,Ses05F_script02_2_F,sadness,"Dancing barefoot in the sand, drinking champagne from the bottle."
88,34,Ses05F_script02_2_M,neutral,"It was in the car, right?  When we were passing Knickerbocker Liquor Locker, you said, Let's get some champagne.  And I said time wasting or something like that.  Right? of course."
88,35,Ses05F_script02_2_F,sadness,I rather not remember some things.  I rather not hope for some things.
88,36,Ses05F_script02_2_M,neutral,"Okay, all right I got it.  You wanted it to be like the other time, okay no problem. Listen, You want to dance?"
88,37,Ses05F_script02_2_F,sadness,No.
88,38,Ses05F_script02_2_M,neutral,You want me to go get some champagne?
88,39,Ses05F_script02_2_F,sadness,No.
88,40,Ses05F_script02_2_M,neutral,Take off our shoes?
88,41,Ses05F_script02_2_F,frustration,No.
88,42,Ses05F_script02_2_M,neutral,"What, you want me to whisper in your ear?"
88,43,Ses05F_script02_2_F,neutral,No.
88,44,Ses05F_script02_2_M,frustration,You want to get married again?
88,45,Ses05F_script02_2_F,neutral,No.
88,46,Ses05F_script02_2_M,frustration,What? What You want a divorce?
88,47,Ses05F_script02_2_F,frustration,No no.
88,48,Ses05F_script02_2_M,frustration,"A vacation? A new carpet, a poodle?  A bag of ice cream, a suicide pack, what what Carla?  What the hell do you want?"
88,49,Ses05F_script02_2_F,neutral,No.
88,50,Ses05F_script02_2_F,frustration,I want something to turn out the way it is suppose to turn out.
88,51,Ses05F_script02_2_M,anger,What.  Welcome to the human race.
88,52,Ses05F_script02_2_M,neutral,"You think this is what I had in mind?  You think that when I propose I had this great fantasy going that four years down the road, we will end up on a beach arguing over fish. You think that I knew that there would be times when you will look at me like I am used Kleenex?  Or that I will look at you and think, holy hell what's the next flight to Alaska."
88,53,Ses05F_script02_2_M,frustration,"No, no I was just like you, I thought it will be all peaches and roses and- and sand in our toes and wind in our hair and the fish will always come. And the bills will always magically pay themselves and we will have three fat rosy kids and we will be, HAHA baby the joke is on us."
88,54,Ses05F_script02_2_M,neutral,Because you know what Carla?  You know what you get?  This.
88,55,Ses05F_script02_2_F,sadness,This what?  What is this?  This isn't even anything.
88,56,Ses05F_script02_2_M,neutral,Yes it is.
88,57,Ses05F_script02_2_F,sadness,"Sure, this is standing.  This is waiting.  This is fighting."
88,58,Ses05F_script02_2_M,neutral,Right.
88,59,Ses05F_script02_2_F,sadness,But this isn't anything like I thought it would be.
88,60,Ses05F_script02_2_M,sadness,"No, I know me either."
88,61,Ses05F_script02_2_F,sadness,"I mean it is just this , I mean it includes a lot and everything and you know it's the sand and it's the full moon and I just-I am sorry but I couldn't help wishing I was somewhere else."
88,62,Ses05F_script02_2_M,sadness,Maybe if you are with somebody else too?
88,63,Ses05F_script02_2_F,sadness,I didn't say that.
88,64,Ses05F_script02_2_M,sadness,"No, I know, but.  I know I don't make you happy."
88,65,Ses05F_script02_2_F,sadness,"For heaven's sake Augie, wherever I am I always wanted to be with you."
88,66,Ses05F_script02_2_M,neutral,Yeah?
88,67,Ses05F_script02_2_F,neutral,"For heaven's sake, don't you know that?"
88,68,Ses05F_script02_2_F,sadness,"Whatever I am doing, I wanted to be with you.  I mean you are probably the one who wishes you were with somebody else, somebody who didn't take everything so hard and who knows how to enjoy herself."
88,69,Ses05F_script02_2_M,happiness,"Actually, now that you mention it.  No, I don't."
88,70,Ses05F_script02_2_F,happiness,Good.  So maybe we are on the wrong spot but we are with the right person.
88,71,Ses05F_script02_2_M,happiness,I don't know.  Seems like a pretty good spot to me I mean look at the view of the moon you got from here.
88,72,Ses05F_script02_2_F,happiness,"Yes, I did notice that.  It does look really beautiful on the water.  The gold white moon."
88,73,Ses05F_script02_2_M,happiness,"Well, look what we have got here."
88,74,Ses05F_script02_2_F,neutral,"Augie, you bought refreshments."
88,75,Ses05F_script02_2_M,neutral,"Well, it's not champagne."
88,76,Ses05F_script02_2_F,neutral,Well than we don't need glasses.
88,77,Ses05F_script02_2_M,neutral,Are you still cold?  You still want to go home?
88,78,Ses05F_script02_2_F,happiness,"No, I am beginning to think that maybe this is the spot after all."
88,79,Ses05F_script02_2_M,happiness,"Shh, If we're very quiet, the fish might come."
88,80,Ses05F_script02_2_F,neutral,Or not.
88,81,Ses05F_script02_2_M,happiness,Or not.
89,0,Ses03F_script02_2_M,neutral,So what do you think?
89,1,Ses03F_script02_2_F,neutral,About what?
89,2,Ses03F_script02_2_M,neutral,About what I was just saying.
89,3,Ses03F_script02_2_F,neutral,It's ridiculous.
89,4,Ses03F_script02_2_M,frustration,It certainly is not. It is slightly exaggerated scientific fact.
89,5,Ses03F_script02_2_F,neutral,"It's so P.R. I mean, somebody's giving you a good bill about this wonderful event that's going to happen on the beach."
89,6,Ses03F_script02_2_M,frustration,"Well, I'm not the only one. Look at all these people."
89,7,Ses03F_script02_2_F,neutral,Exactly. Everyone else is told the same thing. It keeps them feeling excited. Keeps them coming back. Keeps them thinking life's going to start at any minute now.
89,8,Ses03F_script02_2_M,frustration,Are we talking about the same thing?
89,9,Ses03F_script02_2_F,neutral,I don't care. It's still fish to me.
89,10,Ses03F_script02_2_M,neutral,"Carla, can I ask you something? Don't take this wrong, but are you having your period?"
89,11,Ses03F_script02_2_F,anger,"Augie, Goddamn it, don't ask me that. You always ask me that. Why do you ask me that? I hate it. It's insulting."
89,12,Ses03F_script02_2_M,frustration,"Okay, then what's bugging you?"
89,13,Ses03F_script02_2_F,frustration,"Look, it's-we just-we're looking at this evening in a different way, both of us. We both have different ideas of it."
89,14,Ses03F_script02_2_M,frustration,"There's nothing to it, alright? We come down here, the grunion arrive, they do their little fish business, we go ooh, ah, look at the fish, and then they go home and we go home."
89,15,Ses03F_script02_2_F,neutral,It's not like that.
89,16,Ses03F_script02_2_M,neutral,We're not seeing the grunions?
89,17,Ses03F_script02_2_F,frustration,"Look, Augie, we've never seen them. They're never going to come."
89,18,Ses03F_script02_2_M,frustration,We missed them twice. That's not ever.
89,19,Ses03F_script02_2_F,neutral,Twice is as many times as we've tried. That's ever.
89,20,Ses03F_script02_2_M,frustration,We'll see them this time.
89,21,Ses03F_script02_2_F,neutral,"No, we won't."
89,22,Ses03F_script02_2_F,neutral,"It's impossible. It's like waiting around. Waiting to see Santa Claus, you know?"
89,23,Ses03F_script02_2_F,anger,Like I feel like my whole life I've been just standing on this beach with my hands clasped waiting for these fish to show up and these fish never show up.
89,24,Ses03F_script02_2_M,frustration,"God, I thought you wanted to see it."
89,25,Ses03F_script02_2_F,frustration,I do.
89,26,Ses03F_script02_2_F,frustration,"Look, I did. I always do. But it's like every time I try nothing ever happens."
89,27,Ses03F_script02_2_M,frustration,It's just fish. Nothing to get traumatized over.
89,28,Ses03F_script02_2_F,frustration,"For God's sake, Augie, this is not about fish."
89,29,Ses03F_script02_2_M,frustration,"I've been turning this thing over in my head trying to figure out when the point was when we took a turn for the worse, and I can't seem to pinpoint it."
89,30,Ses03F_script02_2_M,frustration,"You were fine during the phone call from Marge. Dinner was okay. Doing the dishes was no problem. Let's see. I took a shower. You were watching the news. You said Augie, I think the grunion are running. I said great, let's go. I feel lucky tonight."
89,31,Ses03F_script02_2_M,frustration,"And so I'm getting the animals, putting the animals out in the yard. I'm putting on my jacket, getting the car out of the garage-"
89,32,Ses03F_script02_2_F,sadness,Do you remember the last time we came here?
89,33,Ses03F_script02_2_F,sadness,We thought I was pregnant.
89,34,Ses03F_script02_2_F,sadness,You brought a bottle of champagne.
89,35,Ses03F_script02_2_F,happiness,We took off our shoes and we danced barefoot in the sand. Under the moon.
89,36,Ses03F_script02_2_F,happiness,And you whispered so intimately in my ear so I could feel your words.
89,37,Ses03F_script02_2_F,happiness,"Oh, that moment-that was it."
89,38,Ses03F_script02_2_F,sadness,"I told myself finally, this is how happy I'm supposed to be."
89,39,Ses03F_script02_2_M,neutral,Wait a minute. I got it.
89,40,Ses03F_script02_2_F,happiness,Dancing barefoot in the sand. Drinking out of a bottle of champagne.
89,41,Ses03F_script02_2_M,neutral,"It was driving past the Knickerbocker Liquor Locker, right? You said let's get some champagne, and I said time's-a-wasting or something like that."
89,42,Ses03F_script02_2_M,neutral,"You want this to be like the other time, right? That's it. Right?"
89,43,Ses03F_script02_2_F,sadness,I don't want to remember something.
89,44,Ses03F_script02_2_F,sadness,Hope for some things.
89,45,Ses03F_script02_2_M,neutral,"Right. I got it. Of course. Listen, do you want to dance?"
89,46,Ses03F_script02_2_F,sadness,No.
89,47,Ses03F_script02_2_M,neutral,Do you want me to get some champagne?
89,48,Ses03F_script02_2_F,sadness,No.
89,49,Ses03F_script02_2_M,neutral,Take off our shoes?
89,50,Ses03F_script02_2_F,sadness,"No, no."
89,51,Ses03F_script02_2_M,frustration,What? What? Do you want me to breathe in your ear?
89,52,Ses03F_script02_2_F,frustration,No.
89,53,Ses03F_script02_2_M,frustration,Do you want to get married again? What? What? Do you want to get a divorce?
89,54,Ses03F_script02_2_F,frustration,No.
89,55,Ses03F_script02_2_F,anger,No.
89,56,Ses03F_script02_2_M,frustration,A vacation?
89,57,Ses03F_script02_2_F,frustration,No.
89,58,Ses03F_script02_2_M,frustration,A new carpet? A poodle?
89,59,Ses03F_script02_2_M,anger,"A-a back rub, some ice cream, a suicide pact. What the hell do you want, Carla?"
89,60,Ses03F_script02_2_F,frustration,I want things to turn out the way that they're supposed to be.
89,61,Ses03F_script02_2_M,frustration,"Jesus, welcome to the human race."
89,62,Ses03F_script02_2_M,neutral,Did you think this is how I thought it was going to turn out? Do you think I had some great fantasy down the line? That four years down the line that we'd come to the beach and argue with each other over fish?
89,63,Ses03F_script02_2_M,frustration,"No, I was just like you. I thought it was going to be all peaches and roses and everything great. And the wind in our hair and the sand in our toes, and the fish will always come and the bills will pay themselves, and we'll have three big fat rosy kids. And oh God."
89,64,Ses03F_script02_2_M,frustration,"You know what you get? The jokes on us, baby. Because do you know what you get? Huh? Carla? Do you know what you get? You get this."
89,65,Ses03F_script02_2_F,frustration,This what? What is this? This is nothing.
89,66,Ses03F_script02_2_M,frustration,"Yes, it is."
89,67,Ses03F_script02_2_F,anger,"No, it's not. It's standing on the beach waiting and fighting."
89,68,Ses03F_script02_2_M,frustration,Right.
89,69,Ses03F_script02_2_F,sadness,Things have never turned out anything the way that I thought they would be.
89,70,Ses03F_script02_2_M,frustration,"No, I know. Me neither."
89,71,Ses03F_script02_2_F,neutral,"I mean, this is, this is everything, and it's a lot, but"
89,72,Ses03F_script02_2_F,sadness,it's not something else. Do you know what I'm trying to say?
89,73,Ses03F_script02_2_M,frustration,"Well, I'm doing the best I can."
89,74,Ses03F_script02_2_F,sadness,"I know you are, Augie, and I know you wanted this evening to be nice, but I can't help thinking of being somewhere else."
89,75,Ses03F_script02_2_M,frustration,"Yeah, maybe if you were with someone else too."
89,76,Ses03F_script02_2_F,sadness,I didn't say that.
89,77,Ses03F_script02_2_M,neutral,"No, I know. But I know I don't make you happy."
89,78,Ses03F_script02_2_F,frustration,"Augie, anything I do I'd rather be doing with you."
89,79,Ses03F_script02_2_M,neutral,Yeah?
89,80,Ses03F_script02_2_F,frustration,"God, don't you know that? I mean, you're the one that probably wants to be with somebody else. Somebody that didn't take herself so seriously, could enjoy herself more."
89,81,Ses03F_script02_2_M,happiness,"Actually now that you mention it, no, I don't."
89,82,Ses03F_script02_2_F,happiness,"Well, I guess we're just in the wrong spart-spot with the right person."
89,83,Ses03F_script02_2_M,happiness,"Seemed like a pretty good spot to me. I mean, look at the view of the moon we've got from here."
89,84,Ses03F_script02_2_F,happiness,I noticed that. It's beautiful.
89,85,Ses03F_script02_2_F,happiness,You can see right over the water.
89,86,Ses03F_script02_2_F,neutral,"God, big old white moon."
89,87,Ses03F_script02_2_M,happiness,Look what we got here.
89,88,Ses03F_script02_2_F,neutral,You brought refreshments?
89,89,Ses03F_script02_2_M,happiness,It's not champagne.
89,90,Ses03F_script02_2_F,happiness,At least we won't need glasses.
89,91,Ses03F_script02_2_M,neutral,Are you still cold? Do you want to go home?
89,92,Ses03F_script02_2_F,neutral,So I was thinking you might be right.
89,93,Ses03F_script02_2_F,happiness,Maybe this is the right place after all.
89,94,Ses03F_script02_2_F,sadness,"I'm sorry, Augie."
89,95,Ses03F_script02_2_M,neutral,Shh.
89,96,Ses03F_script02_2_M,happiness,If we're very quiet the fish might come.
89,97,Ses03F_script02_2_F,neutral,Or not.
89,98,Ses03F_script02_2_M,happiness,Or not.
90,0,Ses05F_script01_2_F,neutral,Why did you invite her here?
90,1,Ses05F_script01_2_M,neutral,Why does that bother you?
90,2,Ses05F_script01_2_F,neutral,She's been in New York three and a half years.  Why all of the sudden?
90,3,Ses05F_script01_2_M,neutral,Well maybe.  Maybe she just wanted to see her again.
90,4,Ses05F_script01_2_F,neutral,Nobody comes seven hundred miles just to see.
90,5,Ses05F_script01_2_M,neutral,"What did you mean? He lived next door to the girl all of his life, why wouldn't he want to see her again? Don't look at me like that, he didn't tell me any more than he told you."
90,6,Ses05F_script01_2_F,neutral,He's not going to marry her.
90,7,Ses05F_script01_2_M,frustration,How do you know he is even thinking about it?
90,8,Ses05F_script01_2_F,neutral,It's got that about it.
90,9,Ses05F_script01_2_M,frustration,"Well, so what."
90,10,Ses05F_script01_2_F,frustration,"What's going on here, Joe?"
90,11,Ses05F_script01_2_M,frustration,"Now, listen, Kate, just-"
90,12,Ses05F_script01_2_F,anger,She's not his girl.  She knows she's not.
90,13,Ses05F_script01_2_M,neutral,You can't read her mind.
90,14,Ses05F_script01_2_F,frustration,"She's . . . Then why is she still single.  New York is full of men, why isn't she married?  Probably a hundred people told her she's foolish, but she's waited."
90,15,Ses05F_script01_2_M,frustration,How do you know why she's waited?
90,16,Ses05F_script01_2_F,frustration,Because she knows what I know - she's faithful as a rock and my worst moments I think of her waiting and I know again that I'm right.
90,17,Ses05F_script01_2_M,frustration,Look.  It's a nice day.  Why are we arguing?
90,18,Ses05F_script01_2_F,frustration,"Nobody in her- this house dares shake her faith.  Strangers might, but not his father, and not his brother."
90,19,Ses05F_script01_2_M,frustration,What do you want me to do? What do you want--
90,20,Ses05F_script01_2_F,anger,I want you to pretend like he's coming back!
90,21,Ses05F_script01_2_M,frustration,"But, Kate..."
90,22,Ses05F_script01_2_F,anger,"Because if he's not coming back, then I'll kill myself."
90,23,Ses05F_script01_2_M,frustration,[LAUGHTER]
90,24,Ses05F_script01_2_F,anger,"Laugh.  Laugh at me, but what happens the night that she goes to sleep in his bed, and his memorial breaks in pieces?"
90,25,Ses05F_script01_2_M,frustration,Calm yourself.
90,26,Ses05F_script01_2_F,neutral,"Believe with me, Joe.  I can't stand alone."
90,27,Ses05F_script01_2_M,frustration,Calm yourself!
90,28,Ses05F_script01_2_F,anger,"Only last week, another boy turned up in Detroit, been missing longer than Larry, you read it yourself."
90,29,Ses05F_script01_2_M,frustration,"All right, all right.  Calm yourself."
90,30,Ses05F_script01_2_F,neutral,"You above all, have got to believe, Joe."
90,31,Ses05F_script01_2_M,neutral,"Why me, above all?"
90,32,Ses05F_script01_2_F,sadness,You've got to believe. You've got to--
90,33,Ses05F_script01_2_M,anger,What do you mean me above all?  Look at you.  You're shaking!
90,34,Ses05F_script01_2_F,anger,I can't help it!
90,35,Ses05F_script01_2_M,anger,"What have I got to hide?  What the hell is the matter with you, Kate?"
91,0,Ses03M_impro05b_F,neutral,Can I help you sir?
91,1,Ses03M_impro05b_M,neutral,Yeah.
91,2,Ses03M_impro05b_M,frustration,I've been here for four hours and I don't know where one piece of my luggage is
91,3,Ses03M_impro05b_F,neutral,Okay.  Well let's...well I'm going to go ahead and check on that for you.  You're coming from...where are you coming from?
91,4,Ses03M_impro05b_M,frustration,Baltimore.
91,5,Ses03M_impro05b_F,neutral,Baltimore and this is a direct flight to LAX
91,6,Ses03M_impro05b_M,frustration,Yes.
91,7,Ses03M_impro05b_F,neutral,Okay.  Let's look up here
91,8,Ses03M_impro05b_M,frustration,You know and they've looked it up before and it's not there.
91,9,Ses03M_impro05b_F,neutral,Okay.  Well you um-...
91,10,Ses03M_impro05b_M,frustration,Now what are you going to do for me different? Hmm?
91,11,Ses03M_impro05b_F,neutral,"What I can do for you is uh we can uh report lost, lost property."
91,12,Ses03M_impro05b_M,frustration,You can report lost property?
91,13,Ses03M_impro05b_F,neutral,Yes.
91,14,Ses03M_impro05b_M,frustration,"Okay.  I'm leaving LA tomorrow for San Diego, driving there.  So, I'm going to leave without all my lost property?  That's what you want me to do? um"
91,15,Ses03M_impro05b_F,neutral,"Well sir, if if...what I believe has happened is most of the flight was left--"
91,16,Ses03M_impro05b_F,neutral,the luggage was left in Baltimore.  Therefore--
91,17,Ses03M_impro05b_M,anger,Most of the...
91,18,Ses03M_impro05b_F,neutral,"Like the luggage, the luggage on the flight."
91,19,Ses03M_impro05b_M,neutral,Wow.  This is an incompetent airline isn't it?  Are you--?
91,20,Ses03M_impro05b_F,neutral,No actually it was...this is the first time this has ever happened.  I don't know what happened--
91,21,Ses03M_impro05b_M,frustration,"Are you going to refund us for our luggage, refund us for our tickets for this?"
91,22,Ses03M_impro05b_F,neutral,We- I mean-
91,23,Ses03M_impro05b_F,neutral,"Well, we can give you um- hotel lodging for a night if that--"
91,24,Ses03M_impro05b_M,anger,I'm going to San Diego tomorrow to stay with my family.  What do I need hotel lodging for hmmm?  Can you tell me that?
91,25,Ses03M_impro05b_F,neutral,For tonight- For tonight sir.  Would you need to stay somewhere tonight?
91,26,Ses03M_impro05b_M,neutral,Tonight no.  I'm driving tomorrow.  Tonight I'm staying with a friend alright?  I don't need hotel reservations...where?  What hotel?
91,27,Ses03M_impro05b_F,neutral,We can do Holiday Inn or...?
91,28,Ses03M_impro05b_M,anger,Wow.  Thank you.  Holiday Inn.  Wow.  Thank...the flight cost five hundred dollars.
91,29,Ses03M_impro05b_F,neutral,Sir I understand that but just--
91,30,Ses03M_impro05b_M,anger,"Okay, so you can put me in Holiday Inn for twenty dollar a night?"
91,31,Ses03M_impro05b_F,neutral,Did you have your name tags on the luggage?
91,32,Ses03M_impro05b_M,anger,Of course I had my name tags on the luggage.
91,33,Ses03M_impro05b_F,neutral,"Okay.  So if you can just give me your name, your name and your address and your phone number I can contact you as soon as we find out more information."
91,34,Ses03M_impro05b_M,anger,Soon as you...that's not good enough okay?
91,35,Ses03M_impro05b_F,frustration,"Sir, please calm down."
91,36,Ses03M_impro05b_M,frustration,I need you to help me out here.  Can you get on the phone and get the luggage over on the fastest flight you can and then maybe I won't get you fired.
91,37,Ses03M_impro05b_M,frustration,"If not, I'm going to get your name, I'm going to talk to your boss, whoever...I'm never going to fly...my business is never going to fly Delta again."
91,38,Ses03M_impro05b_F,neutral,Okay.
91,39,Ses03M_impro05b_F,neutral,What is your business?
91,40,Ses03M_impro05b_M,neutral,I work for IBM.
91,41,Ses03M_impro05b_F,neutral,"Okay.  Sir?  I am sorry to tell you this but this does happen. Uh- This is not uh- really,"
91,42,Ses03M_impro05b_F,neutral,"I mean, our airline's fault.  I don't know what happened, misplaced, something happened but we will get you--"
91,43,Ses03M_impro05b_M,anger,"You misplace a lot of, eight pieces of luggage."
91,44,Ses03M_impro05b_F,neutral,"Well, the entire flight, sir, the luggage was placed on another plane that never actually left Baltimore."
91,45,Ses03M_impro05b_F,neutral,Uh no I'm not.
91,46,Ses03M_impro05b_M,anger,Are you kidding me?
91,47,Ses03M_impro05b_M,anger,Who are you going to fire because of that?
91,48,Ses03M_impro05b_F,neutral,"Well we have some people back there that need some firing so, but I would just really appreciate--"
91,49,Ses03M_impro05b_M,anger,"Wow.  This has never happened before.  I've not lost,"
91,50,Ses03M_impro05b_M,anger,in all thousand flights I've been on probably I can't even count how many flights I've been on.  This has never happened before.
91,51,Ses03M_impro05b_M,anger,This is the worst customer service I've ever gotten before.
91,52,Ses03M_impro05b_F,neutral,Yeah.
91,53,Ses03M_impro05b_F,frustration,Okay sir.  I'm sorry you can--um-
91,54,Ses03M_impro05b_M,anger,Okay.  Get on the phone and figure out where my luggage is and tell me when it's going to get there alright?
91,55,Ses03M_impro05b_F,frustration,We already have been confirmed that it will be arriving in--uh--in about two days.
91,56,Ses03M_impro05b_M,anger,"And and, in about..."
91,57,Ses03M_impro05b_M,frustration,Two days I'll be in San Diego and how's it going to get to me in San Diego?  You going to make sure it gets to the San Diego airport?
91,58,Ses03M_impro05b_F,frustration,"Uh, we can't--"
91,59,Ses03M_impro05b_M,anger,Can you get it to the San Diego airport?  You get someone to drive it to my place alright? Then I get a refund for some...I get a free flight alright? I get free whatever.
91,60,Ses03M_impro05b_F,neutral,"Yes sir, Yes."
91,61,Ses03M_impro05b_F,neutral,We can have them direct your luggage to San Diego.
91,62,Ses03M_impro05b_M,frustration,Okay.  And you're going to give me what for my inconvenience?
91,63,Ses03M_impro05b_F,neutral,Uh--
91,64,Ses03M_impro05b_F,neutral,Some refreshments in the lobby?
91,65,Ses03M_impro05b_M,anger,Some peanuts?  Wow.  That helps a lot.
91,66,Ses03M_impro05b_M,anger,"Thanks you, thank you I don't have my luggage so you gave me a Holiday Inn stay and peanuts.  Wow.  You know what?"
91,67,Ses03M_impro05b_F,frustration,eh- we actually--
91,68,Ses03M_impro05b_M,anger,I will never do business with Delta again.
92,0,Ses03F_impro02_F,neutral,"How's it going, babe?"
92,1,Ses03F_impro02_F,neutral,Yeah?
92,2,Ses03F_impro02_M,neutral,All right.
92,3,Ses03F_impro02_F,neutral,Good.
92,4,Ses03F_impro02_F,neutral,"Hey listen,eh- I've been wanting to talk to you. I have something to tell you. How's Amy doing?"
92,5,Ses03F_impro02_M,happiness,She's doing fine. She just took her first steps today actually. I videotaped it for you so you can watch it.
92,6,Ses03F_impro02_F,neutral,yeah.
92,7,Ses03F_impro02_F,neutral,oh.
92,8,Ses03F_impro02_F,neutral,"I really want to say that. Well I, so, you know, at the center department they called me in and I talked to-"
92,9,Ses03F_impro02_M,neutral,"Oh, yeah? What did they say?"
92,10,Ses03F_impro02_F,neutral,Well umm- actually they--I was promoted.
92,11,Ses03F_impro02_M,neutral,"Oh, wow. That's great."
92,12,Ses03F_impro02_F,sadness,And Uh- Yeah. Uh- They're going to need um- more nurses on call for uh- to go overseas to help out with the war.
92,13,Ses03F_impro02_F,neutral,"And uh - seeing as I was uh- promoted and head of the department now, and so- well, they asked me to go."
92,14,Ses03F_impro02_F,sadness,yeah.
92,15,Ses03F_impro02_M,neutral,when?
92,16,Ses03F_impro02_F,sadness,It's going- It's going to be probably in about three weeks.
92,17,Ses03F_impro02_M,neutral,What? You can't do that. Three weeks?
92,18,Ses03F_impro02_F,sadness,yeah
92,19,Ses03F_impro02_F,neutral,"Well, I'm leaving in three weeks, but-- Yeah."
92,20,Ses03F_impro02_M,frustration,"God, we're supposed to take a look at a house next week."
92,21,Ses03F_impro02_F,frustration,Maybe we can still do that
92,22,Ses03F_impro02_M,anger,"I can't- No, I can't do this alone."
92,23,Ses03F_impro02_F,sadness,"Yeah, and uh--"
92,24,Ses03F_impro02_M,neutral,Amy's starting school in a month.
92,25,Ses03F_impro02_F,frustration,"I know, but look, I have to take this. I mean, if I don't, I mean, I could get fired."
92,26,Ses03F_impro02_F,frustration,And we know you need-we need the money. We couldn't even- purchase a house if I didn't take this.
92,27,Ses03F_impro02_M,frustration,God.
92,28,Ses03F_impro02_M,frustration,You know what happened to my cousin. She went and she never came back.
92,29,Ses03F_impro02_F,sadness,"Honey, I'm going to come back. It's not like that."
92,30,Ses03F_impro02_F,sadness,But it- it is for a year.
92,31,Ses03F_impro02_M,frustration,Oh
92,32,Ses03F_impro02_F,sadness,"Babe, I'm sorry. But I don't want to do."
92,33,Ses03F_impro02_M,frustration,I can't-
92,34,Ses03F_impro02_F,sadness,"You know as much as -as much as me that I-I want to stay here with you and Amy so bad, but I can't."
92,35,Ses03F_impro02_M,neutral,You remember the last time you went? You know how hard it was for me? Now we have a kid.
92,36,Ses03F_impro02_F,frustration,"But you're so good with her. You know, she knows you better than she knows me 'cause I'm at work every day."
92,37,Ses03F_impro02_M,sadness,I have to work.
92,38,Ses03F_impro02_M,frustration,[BREATHING]
92,39,Ses03F_impro02_F,sadness,"Babe, I love you."
92,40,Ses03F_impro02_M,sadness,You can't leave your daughter alone like this.
92,41,Ses03F_impro02_F,sadness,"But she has you. I mean, that's what you're there for. You're my right-hand man."
92,42,Ses03F_impro02_F,sadness,It's going to be okay.
92,43,Ses03F_impro02_M,sadness,You can't postpone it?
92,44,Ses03F_impro02_F,sadness,"No, I have to go."
92,45,Ses03F_impro02_F,sadness,"Wait, you can write me and as you know, send me pictures."
92,46,Ses03F_impro02_M,sadness,I don't know if I can handle you going another year.
92,47,Ses03F_impro02_F,sadness,What do you mean?
92,48,Ses03F_impro02_M,sadness,I don't know if I- if I could take it.
92,49,Ses03F_impro02_F,sadness,"Look, I need you to be strong for me. 'Cause I can't be the only one that's strong right now, really, I--"
92,50,Ses03F_impro02_M,sadness,I can't be that strong. A whole year.
92,51,Ses03F_impro02_M,sadness,"me, oh my god."
92,52,Ses03F_impro02_F,neutral,"But we can work, you know, we--you can write me and we could see pictures"
92,53,Ses03F_impro02_M,frustration,What if you don't come back?
92,54,Ses03F_impro02_F,sadness,"and if we survive, if we survive that then babe, you know you know we could survive any--"
92,55,Ses03F_impro02_F,sadness,I will come back.
92,56,Ses03F_impro02_M,neutral,"What am I supposed--oh, one out of five people aren't coming back."
92,57,Ses03F_impro02_M,sadness,It doesn't look very good.
92,58,Ses03F_impro02_F,neutral,I can do it. I'm going to do it. And I'll be back safe and sound and-
92,59,Ses03F_impro02_F,sadness,we'll have all the money that we ever needed.
92,60,Ses03F_impro02_F,sadness,And- And then I'll stop working and- I'll stay home with the baby.
92,61,Ses03F_impro02_M,sadness,I don't want the money. I want-you here
92,62,Ses03F_impro02_M,neutral,"we'll get money, all right? You don't need the job, all right?"
92,63,Ses03F_impro02_M,anger,If your life is going to be in danger and this family is going to be in danger we don't need the job. We'll find the money.
92,64,Ses03F_impro02_F,sadness,It's all I ever knew how to do. I can't quit now.
92,65,Ses03F_impro02_M,sadness,How are we supposed to tell Amy? How's she supposed to understand that?
92,66,Ses03F_impro02_F,sadness,"Well, we- we tell her mommy's going on va- on a trip for for- a while."
92,67,Ses03F_impro02_M,sadness,"How is she going to feel the first year in school, no mom."
92,68,Ses03F_impro02_F,sadness,Don't do that to me.
92,69,Ses03F_impro02_F,sadness,"It's hard enough already, Brian, I can't."
92,70,Ses03F_impro02_M,neutral,I'm not thinking about just me; I'm thinking about our child.
92,71,Ses03F_impro02_F,sadness,I know.
92,72,Ses03F_impro02_F,sadness,"I didn't expect this to happen. I never planned for this. Some things you just don't plan for, you know."
92,73,Ses03F_impro02_F,sadness,"I'm sorry, babe."
92,74,Ses03F_impro02_F,sadness,I'm so sorry.
92,75,Ses03F_impro02_M,sadness,"All right, then."
93,0,Ses02M_impro02_F,sadness,I don't want you to go.
93,1,Ses02M_impro02_M,sadness,"I know, I know. I don't want to go either baby. I love you know. And I'm going to miss you a lot."
93,2,Ses02M_impro02_F,sadness,"I'm going to miss you too; I don't know what I'm going to do here without you. It's going to be so lonely, and so hard."
93,3,Ses02M_impro02_F,sadness,I don't want to be a single mom.
93,4,Ses02M_impro02_M,sadness,"You won't be. I'll be back; I'll be back before you know it. All right, and"
93,5,Ses02M_impro02_F,sadness,but
93,6,Ses02M_impro02_M,sadness,and
93,7,Ses02M_impro02_F,sadness,It's dangerous; I mean how can you make sure that you'll
93,8,Ses02M_impro02_M,frustration,"It's- It's dangerous anywhere, honey. I mean this is -this- I'm just going to go and we'll get it over with,"
93,9,Ses02M_impro02_M,neutral,"I'll come back we'll have, you know, some good benefits from being in the service and then we'll live - we'll live a happy life, then the rest of us, like the three of us."
93,10,Ses02M_impro02_F,sadness,I hope so.
93,11,Ses02M_impro02_M,neutral,A little family.
93,12,Ses02M_impro02_F,sadness,I hope so.
93,13,Ses02M_impro02_M,neutral,You gotta
93,14,Ses02M_impro02_F,sadness,It's going to be really rough.
93,15,Ses02M_impro02_M,sadness,"You gotta take care of our baby for me, alright?"
93,16,Ses02M_impro02_F,sadness,I'll send you lots of pictures.
93,17,Ses02M_impro02_M,sadness,"I hope so, because I'm not going to be able to survive without all that. I don't know what I'm going to do."
93,18,Ses02M_impro02_M,sadness,I've never been - I've never been away from you for two weeks let alone a year.
93,19,Ses02M_impro02_F,sadness,"Well, just promise me that you going to be safe."
93,20,Ses02M_impro02_F,sadness,"I mean can't they put you in like, you know kitchen work or something where you won't get"
93,21,Ses02M_impro02_M,neutral,"No, it doesn't work that way"
93,22,Ses02M_impro02_M,neutral,"but, I mean, I'm going to do whatever I can and get back here as fast as I can."
93,23,Ses02M_impro02_F,frustration,It doesn't make any sense; I don't know why we have to be at war in the first place.
93,24,Ses02M_impro02_M,neutral,"I know, but it's not our decision, I guess, you know, I mean"
93,25,Ses02M_impro02_M,sadness,there's people that thought it was the right thing to do so now we have to- we have to do what we have to do for our country
93,26,Ses02M_impro02_M,neutral,"and it'll work out you know, go there and do that. Yeah, I'll be back"
93,27,Ses02M_impro02_F,sadness,"Will you write me letters, paper ones?"
93,28,Ses02M_impro02_M,neutral,"Yeah, of course. I don't know if we'll have computers or anything like that you know, so probably my only option then."
93,29,Ses02M_impro02_M,neutral,"Yeah, I'll write you every day 'cause you're the only thing that's going to be on my mind."
93,30,Ses02M_impro02_F,sadness,"Our baby needs a dad; you can't leave. Okay, you can't disappear."
93,31,Ses02M_impro02_M,sadness,"Our baby has a dad, alright. Daddy is going to be back soon."
93,32,Ses02M_impro02_M,sadness,"I want you to, you know, take lots of video; pictures and I can see you when I get back or while I'm there. I'm going to miss you."
93,33,Ses02M_impro02_F,sadness,I'll miss you too.
94,0,Ses05F_impro01_F,neutral,"Hi, I need an ID."
94,1,Ses05F_impro01_M,neutral,"ahh Yeah, this is the wrong line.  I'm sorry.  You need to go back over to line two B.  That's where you should have started from."
94,2,Ses05F_impro01_F,neutral,No.
94,3,Ses05F_impro01_F,frustration,"Okay, I'm sorry, but I just stood in this line for an hour.  can I Is there any way I can-"
94,4,Ses05F_impro01_M,neutral,"I mean, there's really nothing I can do for you in this line.  This is not the line for new I.D.  This is the line for registration."
94,5,Ses05F_impro01_F,frustration,"No, they told me-I'm sorry, but they told me to be in this line."
94,6,Ses05F_impro01_M,neutral,"Yeah, I understand that ma'am.  I don't know what they said to you, but you need to be in a different line."
94,7,Ses05F_impro01_F,frustration,"What, I mean what... what's the difference?  What do I need to do there that I can't do here?"
94,8,Ses05F_impro01_M,neutral,"Well, I have no camera here.  I can't help you at all here, ma'am.  I have forms for something completely different.  You need to go to a different place."
94,9,Ses05F_impro01_F,frustration,Can you just-can I just get the right-
94,10,Ses05F_impro01_M,frustration,"Simply step to line two A, ma'am, I'm sorry."
94,11,Ses05F_impro01_F,frustration,Would you be able to put me at the front of that line?
94,12,Ses05F_impro01_M,frustration,There is a large line of people behind you waiting to be--
94,13,Ses05F_impro01_F,frustration,I know.  I've been in line with these people.  I understand.  I understand what it's like.  Could you please like call over and-
94,14,Ses05F_impro01_M,frustration,"I don't want to be rude here, ma'am, but line two B is where you need to be.  This is the line for registration."
94,15,Ses05F_impro01_F,frustration,"I hear that.  I hear that.  Thank you, but I've waited in line for so long, and I don't want to have to be here all day."
94,16,Ses05F_impro01_M,frustration,I don't have those-
94,17,Ses05F_impro01_F,neutral,"So could I maybe get the form from you, fill it out here- and maybe you could-"
94,18,Ses05F_impro01_M,frustration,"I don't have those forms, ma'am.  I can't help you.  That's why you need to go to line two A."
94,19,Ses05F_impro01_F,frustration,And how long is that going to take?
94,20,Ses05F_impro01_M,frustration,"Ma'am, obviously I have no idea how long it's taking.  There seems to be a bit of a line there.  It looks like thirty forty people.  It could take four to five hours.  I'm sorry."
94,21,Ses05F_impro01_F,frustration,I don't-
94,22,Ses05F_impro01_M,frustration,"There's nothing I can do for you, ma'am."
94,23,Ses05F_impro01_F,frustration,"I don't have time for this today, and-"
94,24,Ses05F_impro01_M,frustration,"But, obviously I don't have time for you to stand here and waste my time in this line.  There are other people who need service behind you who are waiting for the right things."
94,25,Ses05F_impro01_F,frustration,"Is there anything you can do?  Please, have some compassion.  Is there something you can do?"
94,26,Ses05F_impro01_M,frustration,"I am a very compassionate person, and I'm offended that you imply that I'm not.  Of course, I'm compassionate.  Look, I work in the D.M.V..  What do you think I am?  Go wait in line two A."
94,27,Ses05F_impro01_M,frustration,Don't ask me to have somebody else come over here and move you myself.  I can't come back over there.  I'll get security if you need me to.
94,28,Ses05F_impro01_F,frustration,"Please, I don't think that's necessary.  I'm just asking, maybe you could call over and say that somebody miss informed her because I didn't pick to stand in this line.  I asked them where to stand, and they told me here."
94,29,Ses05F_impro01_M,frustration,"what, no, I'm sure they did not tell you here."
94,30,Ses05F_impro01_F,frustration,"No, they did.  The lady over there told me to stand in this line and I've been here for an hour."
94,31,Ses05F_impro01_M,frustration,"what The lady, what? the janitor?"
94,32,Ses05F_impro01_F,frustration,No.
94,33,Ses05F_impro01_M,neutral,"You asked the janitor what line to stand in?  Obviously, that's not going to be the right thing."
94,34,Ses05F_impro01_F,frustration,"No, I'm not, I'm sorry.I'm not stupid."
94,35,Ses05F_impro01_M,frustration,"I'm not saying that you're stupid, ma'am.  I think you just said that you were stupid."
94,36,Ses05F_impro01_F,anger,Isn't there anything you can do?  Just call over and ask them if I can go to the front of the line in the other line.
94,37,Ses05F_impro01_M,frustration,"It doesn't work that way here, ma'am."
94,38,Ses05F_impro01_F,anger,Why not?
94,39,Ses05F_impro01_M,frustration,There is a strict system here.  You need to wait in the right line for the right thing.  This is the line for registration.
94,40,Ses05F_impro01_F,frustration,"Except they're going tell, are you going to tell me the right line to stand in this time at least?"
94,41,Ses05F_impro01_M,frustration,I told you it was line two A.
94,42,Ses05F_impro01_F,anger,"Right, well, last time they told me, it was this line, and obviously, it's not true."
94,43,Ses05F_impro01_M,frustration,I don't know who told you that but they were wrong.  I'm sorry.
94,44,Ses05F_impro01_F,frustration,Do you have a manager I could speak with?
94,45,Ses05F_impro01_M,neutral,I am the manager.
94,46,Ses05F_impro01_F,frustration,Are you being straight with me?
94,47,Ses05F_impro01_M,frustration,"I'm being very straight with you, ma'am.  There is nothing I can do for you.  You need to stand in line two A."
94,48,Ses05F_impro01_F,frustration,Fine.
94,49,Ses05F_impro01_M,neutral,Thank you very much.  You have a wonderful day.
95,0,Ses01M_impro06_F,neutral,You okay?
95,1,Ses01M_impro06_M,sadness,"Yeah, I'm just-- yeah"
95,2,Ses01M_impro06_M,sadness,"Just kind of feel numb, you know."
95,3,Ses01M_impro06_F,neutral,What's happened?
95,4,Ses01M_impro06_M,sadness,You didn't even hear?
95,5,Ses01M_impro06_M,sadness,[BREATHING] Umm.
95,6,Ses01M_impro06_M,sadness,God I've told this story so many times. Umm.
95,7,Ses01M_impro06_F,neutral,You don't have to if you don't want to.
95,8,Ses01M_impro06_M,sadness,I just...I just basically lost someone that was really close to me.
95,9,Ses01M_impro06_M,sadness,"And I've kind of been dealing with all of the...the stuff, you know the hospital and people work because..."
95,10,Ses01M_impro06_F,sadness,I'm sorry to hear that.
95,11,Ses01M_impro06_M,sadness,"He kind of didn't have anyone to take care of that for him, so--"
95,12,Ses01M_impro06_F,sadness,You've been taking care of it all?
95,13,Ses01M_impro06_F,sadness,Oh Jesus.
95,14,Ses01M_impro06_M,sadness,It's just really...really messed up.
95,15,Ses01M_impro06_F,sadness,He sick for awhile?
95,16,Ses01M_impro06_M,sadness,No.
95,17,Ses01M_impro06_M,sadness,Just like it.
95,18,Ses01M_impro06_F,neutral,Was it an accident?
95,19,Ses01M_impro06_M,sadness,"No, I mean it just came on really quick, you know I mean it was a [GARBAGE] it was a sickness but it just --"
95,20,Ses01M_impro06_F,neutral,how was sick?
95,21,Ses01M_impro06_M,sadness,What?
95,22,Ses01M_impro06_F,neutral,"Well, I'm confused.  He was sick or it was an accident?"
95,23,Ses01M_impro06_M,sadness,"He was sick. He got sick. He got sick but it happened really, really fast, you know."
95,24,Ses01M_impro06_F,neutral,Oh. Really fast? Oh.
95,25,Ses01M_impro06_M,sadness,It was kind of like boom... done
95,26,Ses01M_impro06_F,neutral,Yeah.
95,27,Ses01M_impro06_M,sadness,It's just really weird because he was really young you know and it kind of like...
95,28,Ses01M_impro06_F,neutral,Yeah.
95,29,Ses01M_impro06_M,sadness,--it just kind of freaks you out.
95,30,Ses01M_impro06_F,neutral,"Totally, yeah."
95,31,Ses01M_impro06_M,sadness,So weird you know that like one days it's like you know sounds so stupid but like one day someone's here. And like next day you know they're not here and it just kind of makes you like think about like life and mortality and like that kind of stuff.  You just like used to take for granted--you know.
95,32,Ses01M_impro06_F,neutral,Mmhmm.
95,33,Ses01M_impro06_F,neutral,Lock
95,34,Ses01M_impro06_F,neutral,Mmhmm.
95,35,Ses01M_impro06_F,neutral,The plans you make [GARBAGE].
95,36,Ses01M_impro06_M,sadness,"Exactly, you know, and like he had so many plans and he was going to do..."
95,37,Ses01M_impro06_F,neutral,It leaves a hole for you too.
95,38,Ses01M_impro06_M,sadness,"so many things, you know?"
95,39,Ses01M_impro06_F,neutral,"It leaves a hole for you too, in your plans together."
95,40,Ses01M_impro06_M,sadness,What?
95,41,Ses01M_impro06_M,sadness,Yeah.
95,42,Ses01M_impro06_F,neutral,It gets better.
95,43,Ses01M_impro06_M,sadness,"He was a really, really good guy."
95,44,Ses01M_impro06_F,neutral,Mmhmm.
95,45,Ses01M_impro06_M,sadness,A lot of people loved him.
95,46,Ses01M_impro06_F,neutral,MMhmm.
95,47,Ses01M_impro06_M,sadness,"You know, it's like affecting a lot of people it's not just me, you know?"
95,48,Ses01M_impro06_F,neutral,Mmhmm.
95,49,Ses01M_impro06_F,neutral,How long did you know each other?
95,50,Ses01M_impro06_M,sadness,Umm...
95,51,Ses01M_impro06_M,sadness,For like eight years.
95,52,Ses01M_impro06_F,neutral,That's a long time.
95,53,Ses01M_impro06_M,sadness,Yeah.
95,54,Ses01M_impro06_F,neutral,It's good that you were there.
95,55,Ses01M_impro06_M,sadness,"Yeah, I'm glad I was there. Glad I- glad I got to be there."
95,56,Ses01M_impro06_M,sadness,"So weird,"
95,57,Ses01M_impro06_F,neutral,Yeah.
95,58,Ses01M_impro06_M,sadness,"like I can't...it's like you know it's like ""pinch me"" it's like I can't believe like I'm dealing with this, you know."
95,59,Ses01M_impro06_F,neutral,Are there things you wish you'd done differently?
96,0,Ses02F_impro04_M,neutral,"So, uh, so how's it been going?  I mean, you have any needs or anything?"
96,1,Ses02F_impro04_F,frustration,I'm--every lead that I get ends up just being a dead end.  You know what I mean.  People are sick of me calling--
96,2,Ses02F_impro04_M,neutral,"No.  You can't think that way.  I mean it's good--it's good that you're--that you're calling, you know. you can't"
96,3,Ses02F_impro04_F,frustration,"Yeah, but it--I mean it's the same response you get over and over again.  Like--"
96,4,Ses02F_impro04_F,frustration,"Oh, we're not hiring at this time or thank you, we already have your information on file--We'll call you when we're ready."
96,5,Ses02F_impro04_M,neutral,"Yeah--I know what you mean.  I've gone through like similar stuff, but--"
96,6,Ses02F_impro04_F,frustration,"But, it's been so long, like--I mine as well just take a job at McDonald's.  Like, I don't--"
96,7,Ses02F_impro04_M,neutral,"No, come on.  Don't [GARBAGE]"
96,8,Ses02F_impro04_F,frustration,"I just--I can't do it anymore.  Like, it just takes it out of you--"
96,9,Ses02F_impro04_M,neutral,"I know.  I know. It's hard, but you just--you gotta keep going.  I mean, you've been going at it for so long, you know.  Something is definitely going to come up.  I-I know it will, because you're a good worker--"
96,10,Ses02F_impro04_F,frustration,I just keep getting rejected.  I just keep getting rejected over and over and over again and it starts to make you feel like there must be something wrong with you that you can't get a job.
96,11,Ses02F_impro04_M,neutral,"No.  It's--I mean, it's competitive, you know.  That's-That's what it is.  that's what you gotta be is competitive."
96,12,Ses02F_impro04_F,frustration,"Yeah, but maybe--if just because it's competitive, like maybe I'm just not good enough.  Maybe the level is here and I'm here and there's just no way I'm ever gonna do that--"
96,13,Ses02F_impro04_M,neutral,"There...There are plenty of people out there with--with like, good jobs, you know, that are a lot..."
96,14,Ses02F_impro04_M,neutral,...dumber than you.  I mean they're a lot worse off than you.  You are much better off than like a lot of those people in there. I know
96,15,Ses02F_impro04_F,frustration,"I didn't have like one of those starts, you know, like a family member who was already in the business or something you know that could like give me a helping hand."
96,16,Ses02F_impro04_M,neutral,"I know.  It makes it harder.  I mean it's definitely who you know in a lot of cases, but--"
96,17,Ses02F_impro04_F,frustration,"It's just so frustrating.  Like, I just--I just don't wanna do it anymore.  You know?  I just don't wanna like hit the pavement every single day with my resumes and going out there all the time.  You know, it's just like--"
96,18,Ses02F_impro04_M,neutral,"But you gotta.  Otherwise, what is--what's your other option?"
96,19,Ses02F_impro04_F,sadness,I feel so worthless.
96,20,Ses02F_impro04_M,neutral,"It's not worthless 'cause it's definitely gonna--it's definitely gonna pay off.  I know it.  I mean, I can--I've just--I've seen your work etiquette.  You know, you're a good worker and..."
96,21,Ses02F_impro04_M,neutral,... and there's no reason that--that something won't come up like really soon.  All right?  So you just gotta--
96,22,Ses02F_impro04_F,frustration,And what would make you say that?  There doesn't seem to be any indicators that anything's going to get better.
96,23,Ses02F_impro04_M,neutral,"Because I know you.  You know, and maybe once you get to know some more people, like talking to them and everything, they'll get to know you too and they'll realize they should've hired you three years ago.  You know? but  And- and they'll finally come around and believe me--it'll--you gotta-"
96,24,Ses02F_impro04_F,frustration,"It's just really hard.  I feel like their starting to get like a personal prejudice against me.  You know what I mean?  Like it's like suddenly it starts to feel like it's just you that they say no to and it's not that they're not taking applications and it's not that they're not hiring people, it's just you particularly they have some particular reason for just hating you.  You know?"
96,25,Ses02F_impro04_M,neutral,"Well maybe yeah, but maybe you get to that point where it's like you bug 'em and then they just don't wanna hear from you anymore, but you keep bugging them and bugging them and then it's gonna annoy them so much that they're gonna be like all right fine. you know"
96,26,Ses02F_impro04_F,frustration,Or they'll never talk to me again.
96,27,Ses02F_impro04_M,frustration,"Or, well, no.  Okay. you -[GARBAGE]"
96,28,Ses02F_impro04_F,frustration,"I-I just I think maybe I should try something else.  I mean, I-I don't know.  All growing up this is the only thing that I ever wanted to do and yet I can't.  I'm not physically able apparently.  I mean--"
96,29,Ses02F_impro04_M,neutral,"That obviously that's not true though.  I mean, you've done this before.  You've done all the work like this before, you know, and and you've gotten people saying oh, you're so good and like you know--"
96,30,Ses02F_impro04_F,frustration,"I guess the money shouldn't matter to me, but--Somehow it does.  You know? It's not like I do it for the money, but"
96,31,Ses02F_impro04_M,neutral,Right.
96,32,Ses02F_impro04_M,neutral,"Well, you've gotta live."
96,33,Ses02F_impro04_F,frustration,"you have to--I mean, if you're hired by somebody, then you're not a professional, you're an amateur and that means that you're not good enough."
96,34,Ses02F_impro04_M,neutral,"I mean, it's just, it's really--I don't know, yeah, it's about their opinions and it's about, I don't know, just getting yourself out there and--"
96,35,Ses02F_impro04_F,sadness,"I just wanna crawl in a hole, you know.  Like it just makes you not wanna even open your eyes in the morning."
96,36,Ses02F_impro04_M,neutral,"Well, come on, come on.  Thinking about it like this is definitely not gonna help either though."
96,37,Ses02F_impro04_F,neutral,I don't know how to get out of it.  I don't know how to dig myself out of it.  It's the same hole that I've been digging and digging and digging.  I can't--
96,38,Ses02F_impro04_M,neutral,I don't know.
97,0,Ses05F_impro06_M,neutral,What's wrong Melissa?
97,1,Ses05F_impro06_F,sadness,A good friend of mine passed away the other day.
97,2,Ses05F_impro06_M,sadness,"Oh no, I'm so sorry. What happened?"
97,3,Ses05F_impro06_F,sadness,"Oh they had some pretty progressive cancer,"
97,4,Ses05F_impro06_F,sadness,"metastasized and it was old and they knew that it wasn't looking good, but-"
97,5,Ses05F_impro06_M,sadness,That's the worst.  I'm so sorry.  Did you know him well?
97,6,Ses05F_impro06_F,sadness,Yeah.  We were.  Pretty close.
97,7,Ses05F_impro06_F,sadness,[BREATHING]
97,8,Ses05F_impro06_M,sadness,"I am so sorry,  It's-"
97,9,Ses05F_impro06_M,sadness,It's the worst when they go like that. [GARBAGE] Was he young?
97,10,Ses05F_impro06_F,sadness,Kind of.
97,11,Ses05F_impro06_F,sadness,"It's hard to watch when it's painful for them, you know."
97,12,Ses05F_impro06_M,sadness,"Absolutely, absolutely."
97,13,Ses05F_impro06_M,sadness,It's the think
97,14,Ses05F_impro06_F,sadness,"I just, I don't know."
97,15,Ses05F_impro06_M,sadness,There's no reason for it.
97,16,Ses05F_impro06_F,sadness,I know.
97,17,Ses05F_impro06_F,sadness,And he could of...  He was pretty awesome
97,18,Ses05F_impro06_M,sadness,Yeah?  What'd he do?  What did they do?  How'd you know him?
97,19,Ses05F_impro06_F,sadness,"Uh,  We grew up together."
97,20,Ses05F_impro06_M,sadness,yeah.
97,21,Ses05F_impro06_M,neutral,"Is he an actor too, or-?"
97,22,Ses05F_impro06_F,sadness,"Yeah, he kind of did a lot of things, but we acted together, sometimes."
97,23,Ses05F_impro06_F,sadness,"I feel really bad for his family, you know."
97,24,Ses05F_impro06_M,sadness,"Yes of course, of course."
97,25,Ses05F_impro06_F,sadness,"It must be really, really hard to lose a child."
97,26,Ses05F_impro06_M,neutral,Was he very close to his family?
97,27,Ses05F_impro06_F,sadness,"Yeah.  And they were really supportive, like through the whole process, but-"
97,28,Ses05F_impro06_M,neutral,yeah.
97,29,Ses05F_impro06_F,sadness,[BREATHING]
97,30,Ses05F_impro06_F,sadness,I can't imagine what his- what his parents are going through.
97,31,Ses05F_impro06_M,sadness,Of course not.  You have no idea what it's like to lose a kid.
97,32,Ses05F_impro06_F,sadness,"Yeah, I'm just going to miss him."
97,33,Ses05F_impro06_M,neutral,"Of course. If there's anything I can do, you just let me know.  Okay?"
97,34,Ses05F_impro06_F,sadness,Thank you.
97,35,Ses05F_impro06_M,neutral,Of course.
97,36,Ses05F_impro06_M,neutral,Is there a funeral planned? or-
97,37,Ses05F_impro06_F,sadness,"Yeah, they're going to do some sort of memorial service or something."
97,38,Ses05F_impro06_M,neutral,"Cool, Well, If you want me to go with you, I will."
97,39,Ses05F_impro06_F,sadness,Thanks.
97,40,Ses05F_impro06_M,neutral,No problem.
97,41,Ses05F_impro06_F,sadness,"It's really bizarre, you know, when you know somebody really well, and then..."
97,42,Ses05F_impro06_F,sadness,something happens and they die and it's like-
97,43,Ses05F_impro06_F,sadness,"really hard to imagine that like you're going to continue to live, and that person's just going to have stopped."
97,44,Ses05F_impro06_M,sadness,"Right, it just doesn't make any sense, it's not real.  It doesn't feel real."
97,45,Ses05F_impro06_M,neutral,yeah.
97,46,Ses05F_impro06_F,sadness,[BREATHING]
97,47,Ses05F_impro06_M,neutral,"Do you know what, it's going to pass,eventually, I mean it'll never pass, it'll always be there, and you'll always remember and everything like that, but you know.  It'll get easier I guess."
97,48,Ses05F_impro06_F,sadness,yeah.
97,49,Ses05F_impro06_M,neutral,That's the best way to put it.
97,50,Ses05F_impro06_F,sadness,It's hard to say good-bye.
97,51,Ses05F_impro06_M,neutral,Absolutely.
97,52,Ses05F_impro06_F,sadness,[BREATHING]
97,53,Ses05F_impro06_M,neutral,"Do you know what, if it was me that died, I'd really want you to be crying and being really upset too any way. So, I think you should definitely do this, because it's trying what it's supposed to be."
97,54,Ses05F_impro06_F,neutral,[LAUGHTER]
97,55,Ses05F_impro06_F,sadness,yeah yeah.
98,0,Ses01F_impro03_M,neutral,So what's up?  What's new?
98,1,Ses01F_impro03_F,happiness,Well Vegas was awesome.
98,2,Ses01F_impro03_M,neutral,Yeah.  I heard.
98,3,Ses01F_impro03_F,happiness,"And, um, I got married."
98,4,Ses01F_impro03_M,neutral,Shut up.  No- in Vegas?
98,5,Ses01F_impro03_F,happiness,Yeah.  In the old town part.
98,6,Ses01F_impro03_M,neutral,Who did you marry?
98,7,Ses01F_impro03_F,neutral,Chuck. [LAUGHTER]
98,8,Ses01F_impro03_M,neutral,Did you propose to you?
98,9,Ses01F_impro03_F,happiness,Um- Yes.  It was very romantic.
98,10,Ses01F_impro03_F,happiness,It was at the slot machines.
98,11,Ses01F_impro03_M,neutral,Oh.  The Wheel of Fortune slots?
98,12,Ses01F_impro03_F,happiness,"Uhuh, uhuh.  He won big and he-and he realized that the only thing that would make it better was me as his bride."
98,13,Ses01F_impro03_M,neutral,He turned to you and was like...
98,14,Ses01F_impro03_F,neutral,Hey.  Let's get married and I said okay.
98,15,Ses01F_impro03_M,happiness,[LAUGHTER] That's really romantic.
98,16,Ses01F_impro03_F,happiness,"Yeah.  Well.  You know, because he's leaving the next day."
98,17,Ses01F_impro03_M,neutral,Yeah.
98,18,Ses01F_impro03_F,happiness,But we're going to have a honeymoon cruise.
98,19,Ses01F_impro03_M,neutral,"Does that mean that you're going to get citizenship, too, in- in England or whatever?"
98,20,Ses01F_impro03_F,happiness,Oh.  I hadn't even thought about that.
98,21,Ses01F_impro03_M,neutral,Yeah.  Think about that.
98,22,Ses01F_impro03_F,neutral,"He's not going to be a citizen, though."
98,23,Ses01F_impro03_M,neutral,Yeah.  But he'll have like a long visa.  Can you go visit then for a long time?
98,24,Ses01F_impro03_F,happiness,Oh.  Totally.
98,25,Ses01F_impro03_M,neutral,"Oh, how are you going to do the long distance thing?  So wait, are you going to move there?"
98,26,Ses01F_impro03_F,happiness,I guess I'll-  I guess I'll have an internet husband.[LAUGHTER]
98,27,Ses01F_impro03_M,happiness,Like you need another one of those.[LAUGHTER]
98,28,Ses01F_impro03_F,neutral,I have an internet boyfriend.  I guess I'll have to juggle the two.  Is that cheating?  I don't know. Hmm.
98,29,Ses01F_impro03_M,happiness,Is that your phone?
98,30,Ses01F_impro03_F,neutral,"Yeah, so [LAUGHTER] He's calling me now"
98,31,Ses01F_impro03_M,happiness,He loves you.
98,32,Ses01F_impro03_F,happiness,"He likes to keep tabs, you know."
98,33,Ses01F_impro03_M,neutral,How much did he win at the slot?
98,34,Ses01F_impro03_F,neutral,"Uh, I think seven hundred and fifty dollars."
98,35,Ses01F_impro03_M,neutral,Really? Penny slots?
98,36,Ses01F_impro03_F,neutral,Penny slots. That's what he plays.
98,37,Ses01F_impro03_M,neutral,Wow.
98,38,Ses01F_impro03_F,neutral,Yeah.
98,39,Ses01F_impro03_M,neutral,I'm a big fan of the Wheel of Fortune quarters. But it just costs so much.  I don't know.
98,40,Ses01F_impro03_F,neutral,Oh.
98,41,Ses01F_impro03_F,happiness,Yeah.  We played Wheel of Fortune pennies.  It's like a giant thing with like-
98,42,Ses01F_impro03_M,neutral,"But the pennies always get you because you end up spending like, you know, fifty bucks."
98,43,Ses01F_impro03_F,neutral,Fifty bucks. Mmhmm.
98,44,Ses01F_impro03_M,neutral,"like, wait, but it's just pennies.  You're like, wait a minute I'm on to you."
98,45,Ses01F_impro03_F,neutral,Yeah.
98,46,Ses01F_impro03_F,happiness,Well so now we're married. We have cat children.
98,47,Ses01F_impro03_M,neutral,Awesome.
98,48,Ses01F_impro03_M,happiness,[LAUGHTER] Cat babies.
98,49,Ses01F_impro03_F,happiness,"We renamed Brenda, Lumber Janet."
98,50,Ses01F_impro03_M,neutral,That's fair enough.
98,51,Ses01F_impro03_F,happiness,She needs a new name each state that we go into. [LAUGHTER]
99,0,Ses02M_script01_2_F,anger,Why did he invite her here?
99,1,Ses02M_script01_2_M,neutral,Why does that bother you?
99,2,Ses02M_script01_2_F,anger,She's been in New York three and half years why all of a sudden-
99,3,Ses02M_script01_2_M,neutral,"Well, maybe he just wanted to see her again."
99,4,Ses02M_script01_2_F,anger,Nobody comes seven hundred miles just to see.
99,5,Ses02M_script01_2_M,frustration,"What do you mean? He lived next door to the girl all his life, why wouldn't he want to see her again?"
99,6,Ses02M_script01_2_M,frustration,"Don't look at me like that, he didn't tell me any more than he told you."
99,7,Ses02M_script01_2_F,anger,He's not going to marry her.
99,8,Ses02M_script01_2_M,neutral,How do you know he's even thinking of it?
99,9,Ses02M_script01_2_F,neutral,It's got that all about it.
99,10,Ses02M_script01_2_M,neutral,"Well, so what?"
99,11,Ses02M_script01_2_F,anger,What's going on here Joe?
99,12,Ses02M_script01_2_M,neutral,"All right. Now, listen kid-"
99,13,Ses02M_script01_2_F,anger,-She's not his girl Joe; she knows she's not.
99,14,Ses02M_script01_2_M,neutral,You can't read her mind.
99,15,Ses02M_script01_2_F,frustration,"Then why is she still single, I mean New York is full of men, why isn't she married? Probably a hundred people told her she's crazy but she's waited."
99,16,Ses02M_script01_2_M,frustration,How do you know why she has waited?
99,17,Ses02M_script01_2_F,frustration,"She knows what I know, that's why. She's faithful as a rock. In my worst moments I think of her waiting and I know again that I'm right."
99,18,Ses02M_script01_2_M,frustration,"Look it's a nice day, what are we arguing for?"
99,19,Ses02M_script01_2_F,frustration,"Nobody in this house dares take her faith away Joe. Strangers might, but not his father, not his brother."
99,20,Ses02M_script01_2_M,frustration,What do you want me to do about it?
99,21,Ses02M_script01_2_F,anger,"I want you to act like he's coming back, both of you. Don't you think I haven't noticed since he invited her, I won't stand for any nonsense"
99,22,Ses02M_script01_2_M,frustration,But Kate
99,23,Ses02M_script01_2_F,frustration,"Because if he's not coming back, I'll kill myself. And laugh -- laugh at me but"
99,24,Ses02M_script01_2_F,neutral,"why did that happen the very night she came back she sleeps in his room and suddenly his memorial breaks to pieces, just look at it, look."
99,25,Ses02M_script01_2_M,frustration,Calm yourself.
99,26,Ses02M_script01_2_F,sadness,I need you to believe with me; I can't stand all alone.
99,27,Ses02M_script01_2_M,frustration,Calm yourself.
99,28,Ses02M_script01_2_F,frustration,"Even last week there was a man who showed up in Detroit missing longer than Larry, you read it yourself."
99,29,Ses02M_script01_2_M,frustration,All right. All right. Calm yourself.
99,30,Ses02M_script01_2_F,frustration,Just you above all need to believe.
99,31,Ses02M_script01_2_M,neutral,"Wait, why my above all?"
99,32,Ses02M_script01_2_F,frustration,Don't stop believing.
99,33,Ses02M_script01_2_M,anger,"What does that mean, me above all?"
99,34,Ses02M_script01_2_M,anger,Look at you -- look at you shaking.
99,35,Ses02M_script01_2_F,frustration,I can't help it.
99,36,Ses02M_script01_2_M,frustration,"What have I got to hide? What the hell is the matter with you, Kate?"
100,0,Ses03M_script03_2_M,neutral,Yes.  The real cause of that rile was Peter Burden.
100,1,Ses03M_script03_2_F,neutral,"Oh, come on, you knew there was nothing in that."
100,2,Ses03M_script03_2_M,neutral,I knew nothing of the sort.  You took presents from him.
100,3,Ses03M_script03_2_F,anger,Presents?  A trivial little broach.
100,4,Ses03M_script03_2_M,neutral,Mmm Hmm.  I remember it well.  Bristling with diamonds in the worst possible taste.
100,5,Ses03M_script03_2_F,neutral,Not at all.  It was very pretty.  I still have it and I wear it often.
100,6,Ses03M_script03_2_M,anger,You went out of your way to torture me over Peter Burden.
100,7,Ses03M_script03_2_F,neutral,No I didn't.  You made up the whole thing in your jealous imagination.
100,8,Ses03M_script03_2_M,anger,You must admit he was in love with you.
100,9,Ses03M_script03_2_F,neutral,Just a little perhaps but nothing serious.
100,10,Ses03M_script03_2_M,anger,You let him kiss you. You said so.  What of it?
100,11,Ses03M_script03_2_F,neutral,Well what of it?
100,12,Ses03M_script03_2_F,neutral,"Well it didn't harm him, in fact, it pleasured him a lot and it didn't hurt me."
100,13,Ses03M_script03_2_M,anger,And what about me?
100,14,Ses03M_script03_2_F,neutral,"Well, if you hadn't been so suspicious and nosey you would've never known anything."
100,15,Ses03M_script03_2_M,anger,"Oh, that's a nice point of view I must say."
100,16,Ses03M_script03_2_F,neutral,"Look, I'm bored with this conversation."
100,17,Ses03M_script03_2_M,anger,"Yeah, so am I.  Bored stiff."
100,18,Ses03M_script03_2_M,neutral,You want some brandy?
100,19,Ses03M_script03_2_F,neutral,No thanks.
100,20,Ses03M_script03_2_M,neutral,I'll have a little I think.
100,21,Ses03M_script03_2_F,anger,I don't know why you want it.  You've already had two glasses.
100,22,Ses03M_script03_2_M,anger,No particular reason.  Anyhow they were very small ones.
100,23,Ses03M_script03_2_F,anger,I don't see what you have to go on and on with this kind of thing.
100,24,Ses03M_script03_2_M,anger,Oh my...just because I just...okay...
100,25,Ses03M_script03_2_M,neutral,...having three small minute liquor glasses in the evening is hardly going on and on and on.
100,26,Ses03M_script03_2_F,neutral,It's become a habit with you.
100,27,Ses03M_script03_2_M,anger,You needn't be so grand just because you don't happen to want any yourself at the moment.
100,28,Ses03M_script03_2_F,neutral,Don't be so stupid.
100,29,Ses03M_script03_2_M,frustration,Really Amanda.
100,30,Ses03M_script03_2_F,anger,What?
100,31,Ses03M_script03_2_M,frustration,Nothing.
100,32,Ses03M_script03_2_F,neutral,[BREATHING]
100,33,Ses03M_script03_2_M,frustration,Going out somewhere dear?
100,34,Ses03M_script03_2_F,neutral,"No, just making myself beautiful for you."
100,35,Ses03M_script03_2_M,neutral,That reply has broken my heart.
100,36,Ses03M_script03_2_F,neutral,That's the woman's job to lure the man.  Watch me a moment won't you?
100,37,Ses03M_script03_2_M,neutral,Actually that's perfectly true.
100,38,Ses03M_script03_2_F,neutral,No it isn't.
100,39,Ses03M_script03_2_M,neutral,Yes it is.
100,40,Ses03M_script03_2_F,neutral,"Oh, be quiet."
100,41,Ses03M_script03_2_F,neutral,I think you should have some more brandy...
100,42,Ses03M_script03_2_M,neutral,I think that
100,43,Ses03M_script03_2_F,neutral,...cause really
100,44,Ses03M_script03_2_F,neutral,it doesn't seem to be working on you.
100,45,Ses03M_script03_2_M,neutral,"perhaps maybe you should've had more brandy, it might've made you a little less disagreeable."
100,46,Ses03M_script03_2_F,neutral,Well it really hasn't worked wonders with you.
100,47,Ses03M_script03_2_M,neutral,"Hmm, snap, snap, snap like a little adder."
100,48,Ses03M_script03_2_F,anger,"Adders don't snap, they sting."
100,49,Ses03M_script03_2_M,neutral,Yes they do.  They have a bag of venom behind their fangs and they snap.
100,50,Ses03M_script03_2_F,anger,They sting.
100,51,Ses03M_script03_2_M,frustration,They snap.
100,52,Ses03M_script03_2_F,neutral,I don't care.  I don't care.  Do you understand?  I don't care if they roll around and bark like hoops.
100,53,Ses03M_script03_2_M,neutral,Did you see much of Peter Burden after our divorce?
100,54,Ses03M_script03_2_F,neutral,"Yes, I did.  Quite a lot."
100,55,Ses03M_script03_2_M,neutral,I suppose you let him kiss you a great deal more then?
100,56,Ses03M_script03_2_F,anger,Mind your business.
100,57,Ses03M_script03_2_M,neutral,"Mmm, you must've had a riotous time.  No restraint at all, very enjoyable.  You never had much anyhow."
100,58,Ses03M_script03_2_F,anger,You're quite insufferable.  I expect it's because you're drunk.
100,59,Ses03M_script03_2_M,anger,I'm not in the least bit drunk.
100,60,Ses03M_script03_2_F,anger,You've always had a weak head.
100,61,Ses03M_script03_2_M,anger,"Okay, like I mentioned before I had three very small, minute liquor glasses of brandy.  That's not even enough to get a child of two drunk."
100,62,Ses03M_script03_2_F,anger,"On the contrary, a child of two can get violently drunk off just one glass of brandy."
100,63,Ses03M_script03_2_M,anger,"Oh, what an interesting topic.  What about a child of four and a child of six?  A child of nine?"
100,64,Ses03M_script03_2_F,anger,Shut up.
100,65,Ses03M_script03_2_M,anger,We might be able to bring up a splendid little debate about this intemperate tots.
100,66,Ses03M_script03_2_F,anger,"Not very funny dear.  In fact, maybe you better have some more brandy."
100,67,Ses03M_script03_2_M,anger,"Oh, thanks.  I think I will."
100,68,Ses03M_script03_2_M,anger,You better turn that off.
100,69,Ses03M_script03_2_F,neutral,Why?
100,70,Ses03M_script03_2_M,neutral,Because people upstairs will get annoyed.
100,71,Ses03M_script03_2_F,neutral,There aren't any people upstairs.  This is a photographer's studio.
100,72,Ses03M_script03_2_M,neutral,Well there are people downstairs I suppose.
100,73,Ses03M_script03_2_F,neutral,They are away in Tunis.
100,74,Ses03M_script03_2_M,neutral,"Oh, this is no time to be in here for Tunis."
100,75,Ses03M_script03_2_F,frustration,"Turn it on again, please."
100,76,Ses03M_script03_2_M,anger,No I'll do no such thing.
100,77,Ses03M_script03_2_F,anger,Very well.  If you insist on being a boorish and idiotic.
100,78,Ses03M_script03_2_M,anger,"Come on, turn it off.  It's driving me mad."
100,79,Ses03M_script03_2_F,anger,You are far too temperamental.  Try to control yourself.
100,80,Ses03M_script03_2_M,anger,Turn it--Turn it off.
100,81,Ses03M_script03_2_F,anger,Go away.  Go away.  I hate you.
100,82,Ses03M_script03_2_M,anger,Very amusing indeed.
100,83,Ses03M_script03_2_F,anger,"I hate you.  Listen I'm sick and tired of listening to you, you sadistic bully."
100,84,Ses03M_script03_2_M,anger,"You know what?  You're a vile, little, evil-minded, little, wicked beast and I never want to see you again."
100,85,Ses03M_script03_2_F,anger,"This is the end.  Understand?  This is the end, here and now, forever and always."
100,86,Ses03M_script03_2_M,anger,You're not going nowhere. No you're not.
100,87,Ses03M_script03_2_F,anger,"Oh, yes I am. Yes I am and you can't stop me."
100,88,Ses03M_script03_2_M,anger,Just shut up.
100,89,Ses03M_script03_2_M,anger,shut up. shut up.  I would-I would never marry you again if you came crawling back to me on your hands and knees because you're an evil-minded little vampire and I hope to God I never see you again.
100,90,Ses03M_script03_2_F,anger,"Listen, you're a cruel fiend and I hate, loathe you.  Thank God finally, finally thank God I've realized just how horrible you are--and marry you?  Marry you?  Never. I will never marry you.  I will die die in torment-"
100,91,Ses03M_script03_2_F,anger,Beast. Brute. Cad. Swine. Beast. Beast. Brute. Devil. Sorry.
100,92,Ses03M_script03_2_M,anger,Oh.
101,0,Ses01F_impro04_M,neutral,"Have you tried, uh, Craig's List?"
101,1,Ses01F_impro04_F,neutral,"Uh, what?  Craig's List?  Oh the internet thing?"
101,2,Ses01F_impro04_M,neutral,Yeah.
101,3,Ses01F_impro04_F,neutral,I don't know.  Isn't that-- that's all like escort services and things like that.
101,4,Ses01F_impro04_M,neutral,No.  There's regular jobs on there.
101,5,Ses01F_impro04_F,frustration,"I don't know.  I mean I've been looking for so long that I just figured that--  I mean, I think things like Monster are a lot more reliable than just some random free board."
101,6,Ses01F_impro04_M,neutral,Uh huh.
101,7,Ses01F_impro04_M,neutral,I'm just saying I have a friend that got a good job on it so I was just recommending it.
101,8,Ses01F_impro04_F,neutral,What kind of a job?
101,9,Ses01F_impro04_M,neutral,He's like a manager for a theatre.
101,10,Ses01F_impro04_F,neutral,Really?
101,11,Ses01F_impro04_M,neutral,He's like a house manager. Yeah.  It's a good job.
101,12,Ses01F_impro04_F,neutral,He just...
101,13,Ses01F_impro04_F,neutral,you know what?  I heard about that job.  I applied for that.
101,14,Ses01F_impro04_M,neutral,You did?
101,15,Ses01F_impro04_F,frustration,Yeah.  I saw a posting at the theatre.
101,16,Ses01F_impro04_M,neutral,Yeah.
101,17,Ses01F_impro04_F,neutral,He got it?
101,18,Ses01F_impro04_M,neutral,You've been looking for a job for a long time; that was a long time ago.  Right?
101,19,Ses01F_impro04_F,neutral,Yeah.
101,20,Ses01F_impro04_M,neutral,Hmm.
101,21,Ses01F_impro04_F,neutral,What did he do?  What was so great?  I don't understand why they would pick him over me.
101,22,Ses01F_impro04_M,neutral,I don't know.  He had a really good resume I guess and--
101,23,Ses01F_impro04_F,neutral,A resume?
101,24,Ses01F_impro04_M,neutral,Yeah.  Do you have a resume?
101,25,Ses01F_impro04_F,neutral,No.
101,26,Ses01F_impro04_M,neutral,It's kind of helpful when getting a job.
101,27,Ses01F_impro04_F,neutral,I just- I mean I call people up and I tell them what I'm good at.
101,28,Ses01F_impro04_M,neutral,Well maybe we should sit down some time and you can just tell me all the stuff that you have done and I'll write it out.
101,29,Ses01F_impro04_F,neutral,Yeah.
101,30,Ses01F_impro04_F,neutral,I don't like- I don't like sending things in the mail.  I don't want my information out there.
101,31,Ses01F_impro04_M,neutral,"No.  You can- or you can just bring it in person.  But they need, generally, something to see, you know, what kind of what that you've done, what kind of--"
101,32,Ses01F_impro04_F,frustration,I'm there in front of them.  I'm telling them what I'm good at.
101,33,Ses01F_impro04_M,neutral,"Yeah.  But the piece of paper helps, too."
101,34,Ses01F_impro04_F,frustration,Why?  It's a piece of paper.
101,35,Ses01F_impro04_M,neutral,"No.  But it has an outline, you know."
101,36,Ses01F_impro04_F,frustration,"I just don't want this paper trail, you know.  I just don't want things following me around, like-."
101,37,Ses01F_impro04_M,neutral,"I know.  Okay.  Well, um. Maybe--"
101,38,Ses01F_impro04_F,frustration,"It's just-- You know, I've had this problem before.  You're not the first person to tell me that I need a resume but..."
101,39,Ses01F_impro04_M,neutral,Yeah.
101,40,Ses01F_impro04_M,neutral,"Okay, yeah.  I would imagine."
101,41,Ses01F_impro04_F,neutral,..I just-..I just think it's kind of prejudiced and they are really discriminating against people who just aren't that way.
101,42,Ses01F_impro04_M,neutral,"Well, sometimes you have to do things that you don't necessarily like to do to have a job. But the job affords you money, you won't have to be taking the bus right now."
101,43,Ses01F_impro04_F,frustration,"That's baloney, that's baloney."
101,44,Ses01F_impro04_F,frustration,Please.
101,45,Ses01F_impro04_M,neutral,maybe get a car.
101,46,Ses01F_impro04_M,neutral,"I just, you know, think you should try a little harder maybe."
101,47,Ses01F_impro04_F,frustration,you think that you're better than me because I don't have a car?
101,48,Ses01F_impro04_M,neutral,I didn't say that.
101,49,Ses01F_impro04_F,frustration,"You know, you're riding the bus, too."
101,50,Ses01F_impro04_M,neutral,"I am riding the bus, but by choice."
101,51,Ses01F_impro04_F,frustration,Why?  What choice?
101,52,Ses01F_impro04_M,neutral,"To save the environment, carpool."
101,53,Ses01F_impro04_F,frustration,You're saving the environment. mmhmm
101,54,Ses01F_impro04_M,neutral,Yes.  One less car at a time.
101,55,Ses01F_impro04_F,frustration,Interesting.  That's fantastic.
101,56,Ses01F_impro04_M,neutral,Mmhmm.
101,57,Ses01F_impro04_M,frustration,"You know, you don't have to take out your frustration on me, you know, just because..."
101,58,Ses01F_impro04_F,anger,I'm not frustrated.
101,59,Ses01F_impro04_M,frustration,...you can't get a job and refuse to have a resume.
101,60,Ses01F_impro04_F,anger,Who do you think you are?
101,61,Ses01F_impro04_M,neutral,I don't think I'm anyone.
101,62,Ses01F_impro04_F,anger,You are so high and mighty.  I just--
101,63,Ses01F_impro04_M,neutral,I- I-I didn't-- okay.
101,64,Ses01F_impro04_F,anger,Oh.  I'm saving the environment. I'm riding this car because I- I want to.
101,65,Ses01F_impro04_M,neutral,What?  No.
101,66,Ses01F_impro04_M,frustration,What? Oh.  So now you're...
101,67,Ses01F_impro04_F,anger,"The bus, I'm riding the bus because I want to."
101,68,Ses01F_impro04_M,frustration,you know what?  You don't have to take your anger and your hurt out on me.
101,69,Ses01F_impro04_F,anger,I can not-- you are not here by choice.  Nobody would ride this bus by choice.
101,70,Ses01F_impro04_M,neutral,Why not?
102,0,Ses03F_script03_1_M,neutral,Oh.
102,1,Ses03F_script03_1_F,neutral,[BREATHING]
102,2,Ses03F_script03_1_M,neutral,Good God.
102,3,Ses03F_script03_1_F,neutral,Do you think it's them?
102,4,Ses03F_script03_1_M,neutral,I wonder.
102,5,Ses03F_script03_1_F,neutral,"I mean, nobody knows we're here except for Freda and she wouldn't ring up."
102,6,Ses03F_script03_1_M,neutral,It must be them then.
102,7,Ses03F_script03_1_F,neutral,What are we to do?
102,8,Ses03F_script03_1_M,neutral,"We're all right, aren't we darling? Whatever happens."
102,9,Ses03F_script03_1_F,neutral,"Yes. Now and always, sweet."
102,10,Ses03F_script03_1_M,neutral,Then I don't care.
102,11,Ses03F_script03_1_F,neutral,It was bound to come sooner or later.
102,12,Ses03F_script03_1_M,neutral,"Hello? Hello? What? Ugh, wrong number."
102,13,Ses03F_script03_1_F,neutral,"[LAUGHTER] God, it sent shivers up my spine."
102,14,Ses03F_script03_1_M,neutral,"things that should matter dreadfully don't seem to matter at all when one's happy, do they?"
102,15,Ses03F_script03_1_F,neutral,"Um terrible thing is one can't stay happy. Well, it's true. I mean, the whole business is a very poor joke."
102,16,Ses03F_script03_1_M,neutral,"Ooh darling, don't say that."
102,17,Ses03F_script03_1_M,neutral,"You mean that sacred and beautiful thing, love?"
102,18,Ses03F_script03_1_F,neutral,"Yes, meaning just that."
102,19,Ses03F_script03_1_M,neutral,What does it all mean? That's what I ask myself in my quest for ultimate truth. What does it all mean?
102,20,Ses03F_script03_1_F,neutral,Don't laugh at me. I'm serious.
102,21,Ses03F_script03_1_M,neutral,"[LAUGHTER]. You mustn't be serious, my dear one, that's what they want."
102,22,Ses03F_script03_1_F,neutral,Who's they?
102,23,Ses03F_script03_1_M,neutral,All the futile moralists who try to make life unbearable. Laugh at them. Be flippant. Laugh at all the sacred shibboleths. Flippancy brings out the acid in their damn sweetness and light.
102,24,Ses03F_script03_1_F,neutral,"Well, if I laugh at everything I'm going to have to laugh at us too."
102,25,Ses03F_script03_1_M,neutral,"Ooh, certainly you must. We're figures of fun, all right."
102,26,Ses03F_script03_1_F,neutral,"So how long is it going to last? This ludicrous, overbearing love of ours?"
102,27,Ses03F_script03_1_M,neutral,Who knows?
102,28,Ses03F_script03_1_F,neutral,Shall we always want to bicker and fight?
102,29,Ses03F_script03_1_M,neutral,No. The fire will fade along with our passion.
102,30,Ses03F_script03_1_F,sadness,"Oh dear, well, shall we want that?"
102,31,Ses03F_script03_1_M,neutral,Depends on how well we play it.
102,32,Ses03F_script03_1_F,sadness,"Well, what if happens if one of us is to die? Does the one that's left still laugh?"
102,33,Ses03F_script03_1_M,neutral,"Yes, yes. Yes, he must with all his might."
102,34,Ses03F_script03_1_F,neutral,"Well, that's serious enough."
102,35,Ses03F_script03_1_M,neutral,"No. No, it isn't. Death's very laughable. A cunning little mystery. All done with mirrors."
102,36,Ses03F_script03_1_F,neutral,"Darling, I believe you're talking nonsense."
102,37,Ses03F_script03_1_M,neutral,So is everyone else in the long run. Let's be superficial and pity the poor philosophers.
102,38,Ses03F_script03_1_M,neutral,"Let's blow strumpets, blow-blow trumpets and squeakers and party as much as we can like small quite idiotic school children. Let's savor the delight of the moment. Come, kiss me darling, before worms pop in and out of your eye sockets."
102,39,Ses03F_script03_1_F,neutral,"Elliott, worms don't pop."
102,40,Ses03F_script03_1_M,neutral,"I don't care what you do, see? As long-you can paint yourself bright green all over and dance naked in the Place Vendome and rush off madly with all the men in the world and I shan't say a word as long as you love me best."
102,41,Ses03F_script03_1_F,neutral,"Thank you, dear. The same applies to you. Except that if I ever so much as catch you looking at another woman I'll kill you."
102,42,Ses03F_script03_1_M,neutral,Remember that awful scene we had in Venice?
102,43,Ses03F_script03_1_F,neutral,Which particular one?
102,44,Ses03F_script03_1_M,neutral,The one when you bought that little painted wooden snake in the Piazza and put it in my bed.
102,45,Ses03F_script03_1_F,happiness,Oh Charles. That was his name. Charles. He did wiggle so beautifully.
102,46,Ses03F_script03_1_M,neutral,Horrible little thing. I hated it.
102,47,Ses03F_script03_1_F,neutral,I know you did. You threw it out the window and into the Grand Canal. I don't think I'll ever forgive you for that.
102,48,Ses03F_script03_1_M,neutral,How long did that row last?
102,49,Ses03F_script03_1_F,neutral,It went on intermittently for days.
102,50,Ses03F_script03_1_M,neutral,The worst one was in Cannes when your-your curling iron burnt a hole in my dressing gown.
102,51,Ses03F_script03_1_F,neutral,"Well, I burnt a hole in my comb too, and all the towels in the bathroom. [LAUGHTER]."
102,52,Ses03F_script03_1_F,happiness,yeah. And that was the first time you ever hit me.
102,53,Ses03F_script03_1_M,neutral,"That was a rouser, wasn't it?"
102,54,Ses03F_script03_1_F,happiness,The manager came in and found us rolling on the floor and biting and scratching like panthers. [LAUGHTER]
102,55,Ses03F_script03_1_M,neutral,I didn't hit you very hard.
102,56,Ses03F_script03_1_F,neutral,I know. Oh man. Couldn't believe it.
102,57,Ses03F_script03_1_M,neutral,"Oh, I will never forget his face. Ooh-rah [LAUGHTER]."
102,58,Ses03F_script03_1_M,neutral,We were very much younger then.
102,59,Ses03F_script03_1_F,neutral,"Yeah, and very much sillier."
102,60,Ses03F_script03_1_M,neutral,"Oh, the real cause of that row was Peter Burden."
103,0,Ses03M_script02_2_M,neutral,So what do you think?
103,1,Ses03M_script02_2_F,anger,About what?
103,2,Ses03M_script02_2_M,frustration,About what I just said?
103,3,Ses03M_script02_2_F,anger,It's ridiculous.
103,4,Ses03M_script02_2_M,frustration,It certainly is not.  It's a slightly exaggerated scientific fact.
103,5,Ses03M_script02_2_F,anger,"It's PR.  I mean, somebody sold you a good bill about this wonderful event that going to happen on the beach."
103,6,Ses03M_script02_2_M,frustration,I'm not the only one.  Look at all these people.
103,7,Ses03M_script02_2_F,anger,"Yeah.  Everyone else was sold the same thing.  I mean, look, it keeps us excited, it keeps us coming back for more and you know, keeps us thinking life's going to start any minute now."
103,8,Ses03M_script02_2_M,frustration,Are we talking about the same thing?
103,9,Ses03M_script02_2_F,anger,"Look, I'm sorry but it's still just fish to me."
103,10,Ses03M_script02_2_M,frustration,I thought you wanted to see it.
103,11,Ses03M_script02_2_F,neutral,It's just...
103,12,Ses03M_script02_2_F,neutral,"Look, we just have different ideas of what this night is supposed to be like."
103,13,Ses03M_script02_2_M,frustration,"There's nothing to it.  The Grunions arrive, they do their little fish business, you know?  We go oh, ahh, look at the fish and they go home and we go home."
103,14,Ses03M_script02_2_F,frustration,"For heavens sake, grow up.  We're not going to see the Grunions."
103,15,Ses03M_script02_2_M,frustration,Why not?
103,16,Ses03M_script02_2_F,frustration,"We never do, do we?  Have we ever?"
103,17,Ses03M_script02_2_M,frustration,"Oh my gosh.  We missed them twice, that's hardly ever."
103,18,Ses03M_script02_2_F,anger,Okay.  Twice is as many times as we've tried and that's ever.
103,19,Ses03M_script02_2_M,frustration,"Carla, can I ask you something?"
103,20,Ses03M_script02_2_F,neutral,What?
103,21,Ses03M_script02_2_M,frustration,"Don't take this wrong but, are you having your period?"
103,22,Ses03M_script02_2_F,anger,"Augie, god dammit, don't ask me that.  You always ask me that.  I hate it when you ask me that.  It's insulting."
103,23,Ses03M_script02_2_M,frustration,What's bugging you then?
103,24,Ses03M_script02_2_F,frustration,"Look, it's pointless.  It's...we're not going to see the Grunions I mean, it's like waiting around to see Santa Claus, you know, it's..."
103,25,Ses03M_script02_2_F,anger,"Listen, I've waiting my entire life on this beach just standing there waiting for this fish to show up and these fish never show up."
103,26,Ses03M_script02_2_M,frustration,I thought you wanted to see it.
103,27,Ses03M_script02_2_F,frustration,"God, you don't understand anything."
103,28,Ses03M_script02_2_M,frustration,"No, of course not."
103,29,Ses03M_script02_2_F,frustration,"I do.  I always do.  I keep thinking, this time will be the time and it never is."
103,30,Ses03M_script02_2_M,neutral,"Well, we're going to see it."
103,31,Ses03M_script02_2_F,anger,"No we won't.  I mean, God, this isn't about the fish Augie."
103,32,Ses03M_script02_2_M,frustration,"What...I've been trying to, I've been trying to figure out the point where we went wrong and I can't seem to pinpoint that moment."
103,33,Ses03M_script02_2_M,neutral,"You were fine during the phone call with Marge, dinner was okay, doing the dishes was no problem."
103,34,Ses03M_script02_2_M,neutral,"Let's see I took a shower, you were watching the news, you said hey, hey the Grunions are running tonight and I said great let's go, I feel lucky tonight."
103,35,Ses03M_script02_2_M,frustration,"And then I'm putting the animals out in the yard, I'm pulling the car out of the garage, putting my jacket on."
103,36,Ses03M_script02_2_F,frustration,"Look, do you remember the first time we came here?"
103,37,Ses03M_script02_2_F,sadness,We thought I was pregnant.
103,38,Ses03M_script02_2_F,neutral,We brought a bottle of champagne and we took off our shoes and danced barefoot in the sand...
103,39,Ses03M_script02_2_F,neutral,Under the moon and you whispered so softly into my ear so I could feel your words.
103,40,Ses03M_script02_2_F,neutral,"And I thought, this is it.  This is how happy I'm supposed to be."
103,41,Ses03M_script02_2_M,neutral,Wait a minute.  I've got it.
103,42,Ses03M_script02_2_F,neutral,What?  Dancing barefoot in the sand?  Drinking out of a bottle of champagne?
103,43,Ses03M_script02_2_M,neutral,It was in the car right?  Driving past the Knickerbocker Liquor Locker...
103,44,Ses03M_script02_2_M,neutral,And you said let's get some champagne and I said time's a wasting or something like that.
103,45,Ses03M_script02_2_M,neutral,You want this to be like the other time right?  That's it right?
103,46,Ses03M_script02_2_F,sadness,I'd rather not remember something...
103,47,Ses03M_script02_2_F,sadness,Rather not hope for something.
103,48,Ses03M_script02_2_M,neutral,"Okay, right.  I got it.  Sure.  Of course.  Listen, do you want to dance?"
103,49,Ses03M_script02_2_F,sadness,No.
103,50,Ses03M_script02_2_M,frustration,Do you want me to get some champagne?
103,51,Ses03M_script02_2_F,frustration,No.
103,52,Ses03M_script02_2_M,frustration,Take off our shoes?
103,53,Ses03M_script02_2_F,frustration,No.
103,54,Ses03M_script02_2_M,frustration,What?  Do you want me to breathe in your ear?
103,55,Ses03M_script02_2_F,frustration,No.
103,56,Ses03M_script02_2_M,neutral,Do you want to get married again? What? What?  Do you want a divorce? A vacation? What?  A carpet?  A poodle?  A basket of fruit?  What?  A suicide pact?  What the hell do you want Carla?
103,57,Ses03M_script02_2_F,frustration,No...No...No...
103,58,Ses03M_script02_2_F,frustration,No...
103,59,Ses03M_script02_2_F,anger,I want things to turn out the way that they're supposed to be.
103,60,Ses03M_script02_2_M,anger,Welcome to the human race.
103,61,Ses03M_script02_2_M,anger,Do you think that this is what I had in mind?  That four years down the line that we'd get married and come to the beach and argue with each other over fish?  No.
103,62,Ses03M_script02_2_M,anger,I was just like you.  I thought it was going to be all peaches and roses and everything great and the sand in our toes and the wind in our hair and the fish will always come and the bills will pay themselves and we'd have three big fat rosy kids...
103,63,Ses03M_script02_2_M,anger,...and you know?  Baby the jokes on us.  Because you know what you get?  Do you know what you get Carla?  You get this.
103,64,Ses03M_script02_2_F,frustration,"This what...what's this?  This isn't anything. Alright.  Sure.  Standing on the beach, fighting and waiting."
103,65,Ses03M_script02_2_M,anger,Yes it is.
103,66,Ses03M_script02_2_M,anger,Right.
103,67,Ses03M_script02_2_F,anger,Cause everything isn't anything like I thought it would be.
103,68,Ses03M_script02_2_M,neutral,No.  I know.  Me neither.
103,69,Ses03M_script02_2_F,sadness,This is just this.  You know?  I mean it's a lot and everything but it isn't somewhere else.  Do you know what I'm trying to say?
103,70,Ses03M_script02_2_M,frustration,I'm trying to do the best I can.
103,71,Ses03M_script02_2_F,sadness,I know you are Augie.  I know you wanted this evening to be nice.
103,72,Ses03M_script02_2_F,sadness,I can't help thinking about being somewhere else.
103,73,Ses03M_script02_2_M,sadness,Maybe if you were with someone else too.
103,74,Ses03M_script02_2_F,sadness,I didn't say that.
103,75,Ses03M_script02_2_M,sadness,I know.  But I know I don't make you happy.
103,76,Ses03M_script02_2_F,sadness,"Augie, whatever I'm doing I'd rather be doing with you."
103,77,Ses03M_script02_2_M,neutral,Yeah?
103,78,Ses03M_script02_2_F,neutral,Yeah.  Don't you know that?
103,79,Ses03M_script02_2_F,sadness,If anybody wants to be with anybody else it's probably you.  Probably somebody who enjoys herself a little more and is not so hard.
103,80,Ses03M_script02_2_M,neutral,"Actually, now that you mention it, no I don't."
103,81,Ses03M_script02_2_F,sadness,"Well, I guess this is the wrong spot for the right people."
103,82,Ses03M_script02_2_M,neutral,It seemed like a good spot to me.
103,83,Ses03M_script02_2_M,happiness,I mean look at the view of the moon we got from here.
103,84,Ses03M_script02_2_F,happiness,Yeah.  I noticed that.  It's real pretty on the water.
103,85,Ses03M_script02_2_F,neutral,Big old white moon.
103,86,Ses03M_script02_2_M,happiness,"Hey, look what we got here."
103,87,Ses03M_script02_2_F,happiness,Oh you brought refreshments.
103,88,Ses03M_script02_2_M,neutral,It's not champagne.
103,89,Ses03M_script02_2_F,neutral,Well at least we won't need glasses.
103,90,Ses03M_script02_2_M,neutral,Are you still cold?  Do you want to go home?
103,91,Ses03M_script02_2_F,happiness,No I'm beginning to think you might be right.
103,92,Ses03M_script02_2_F,happiness,I think this may be the place for us after all.
103,93,Ses03M_script02_2_F,happiness,I am sorry Augie.
103,94,Ses03M_script02_2_M,happiness,Shh.  If we're very quiet the fish might come.
103,95,Ses03M_script02_2_F,happiness,Or not.
103,96,Ses03M_script02_2_M,happiness,Or not.
104,0,Ses03F_impro01_F,neutral,"God, finally I got to the line, the front of the line. I've been waiting there for like half an hour."
104,1,Ses03F_impro01_F,neutral,[BREATHING] It's so hot in here. Hoo.
104,2,Ses03F_impro01_M,neutral,Yeah.
104,3,Ses03F_impro01_M,neutral,"Oh, um-"
104,4,Ses03F_impro01_F,neutral,What's wrong?
104,5,Ses03F_impro01_M,neutral,"You didn't fill this out right. All right. It says that you have to fill out the back sheet of this, but you filled out the yellow sheet of it."
104,6,Ses03F_impro01_F,frustration,"No, no, no, no, no, no. The lady over there, she told me to fill out the front and she said to wait in this line."
104,7,Ses03F_impro01_M,neutral,Who?
104,8,Ses03F_impro01_F,frustration,I don't know. Some lady. Sonya or something.
104,9,Ses03F_impro01_M,neutral,She- she probably doesn't even work here.
104,10,Ses03F_impro01_F,frustration,"Excuse me? No, no. I waited in the line over there.."
104,11,Ses03F_impro01_M,neutral,All right  Uh-
104,12,Ses03F_impro01_F,frustration,and she told me to come over here and she said to fill out everything on the application and I did that.
104,13,Ses03F_impro01_M,frustration,It's not right.
104,14,Ses03F_impro01_F,frustration,"Look, I-- No, no, no, I--you don't understand. I have to go back to work."
104,15,Ses03F_impro01_M,frustration,You just take--all right.
104,16,Ses03F_impro01_M,frustration,"Well, you didn't fill this paper at work out right and it's going to take another fifteen minutes to do it and look at how long the line we got here so just-"
104,17,Ses03F_impro01_F,frustration,I am not-
104,18,Ses03F_impro01_M,frustration,"okay, just go back and fill it out real quick and I'm sorry, you have to get back in line and wait. I can't let you cut."
104,19,Ses03F_impro01_F,frustration,But you don't understand. I cannot get back in line because I have to go back to work. I will get fired if I don't leave here.
104,20,Ses03F_impro01_M,neutral,"Well, maybe you should have got here earlier than so you had a lot of time to do this."
104,21,Ses03F_impro01_F,neutral,But I was at work and the lady told me to come and work it and to stand in the line.
104,22,Ses03F_impro01_M,neutral,I don't know who this lady is.
104,23,Ses03F_impro01_F,frustration,[LAUGHTER]
105,0,Ses01M_impro02_M,neutral,"Hey, Joy come in here."
105,1,Ses01M_impro02_F,neutral,What's happening?
105,2,Ses01M_impro02_M,sadness,I have to go back.
105,3,Ses01M_impro02_M,sadness,I just got a letter I have to go back.
105,4,Ses01M_impro02_F,neutral,When?
105,5,Ses01M_impro02_M,sadness,First thing tomorrow morning.
105,6,Ses01M_impro02_F,neutral,Are you kidding me?
105,7,Ses01M_impro02_F,frustration,How...
105,8,Ses01M_impro02_M,neutral,"I don't understand, I don't underst--"
105,9,Ses01M_impro02_F,frustration,How can they do that?
105,10,Ses01M_impro02_M,neutral,They can do it.
105,11,Ses01M_impro02_F,frustration,They said you're home for at least four years.
105,12,Ses01M_impro02_M,frustration,"I guess they can do it,"
105,13,Ses01M_impro02_M,sadness,"The National Guard is I guess really spread thin and then everyone has to go.  We all have to go back, my whole companies going back."
105,14,Ses01M_impro02_F,frustration,[BREATHING]
105,15,Ses01M_impro02_F,frustration,That's not fair.
105,16,Ses01M_impro02_M,neutral,I can't believe it. I just got back.
105,17,Ses01M_impro02_M,sadness,"So yeah, we leave tomorrow..."
105,18,Ses01M_impro02_F,frustration,[BREATHING]
105,19,Ses01M_impro02_M,sadness,...we're all shipping out.
105,20,Ses01M_impro02_M,sadness,I just got I feel like I'm in shock actually.
105,21,Ses01M_impro02_F,sadness,I don't even know what to tell you.
105,22,Ses01M_impro02_M,sadness,I don't know.
105,23,Ses01M_impro02_F,sadness,What about the birthday party?
105,24,Ses01M_impro02_M,sadness,I guess you're just going to have to have it without me.
105,25,Ses01M_impro02_M,sadness,"Hey listen, it's going to be okay though, all right?"
105,26,Ses01M_impro02_M,sadness,You're going to be fine.
105,27,Ses01M_impro02_F,neutral,Me?  I'm not worried about me.
105,28,Ses01M_impro02_M,sadness,"I'm going to be fine too, okay?"
105,29,Ses01M_impro02_F,neutral,How do you know?
105,30,Ses01M_impro02_M,sadness,I know I have a good... I have a really good group of guys with me.
105,31,Ses01M_impro02_M,sadness,We're going to be okay.
105,32,Ses01M_impro02_F,sadness,You're going with the same ones?
105,33,Ses01M_impro02_M,sadness,Do promise me you're going to take a lot of pictures.
105,34,Ses01M_impro02_F,neutral,"Always, I always do."
105,35,Ses01M_impro02_M,sadness,I know.
105,36,Ses01M_impro02_F,sadness,It's not the same though.
105,37,Ses01M_impro02_M,sadness,I just wish there was something I could do.
105,38,Ses01M_impro02_F,neutral,We could hide away.
105,39,Ses01M_impro02_M,sadness,Run away?
105,40,Ses01M_impro02_F,sadness,Mm hmm.  We'll build a bunker and never come out.
105,41,Ses01M_impro02_M,sadness,"I really don't want to go, I don't want to go..."
105,42,Ses01M_impro02_F,neutral,[LAUGHTER] Mmm.
105,43,Ses01M_impro02_M,neutral,I'm scared.
105,44,Ses01M_impro02_F,sadness,Don't say that.
105,45,Ses01M_impro02_F,neutral,I'll send you a letter every single day.
105,46,Ses01M_impro02_M,sadness,I love you.
105,47,Ses01M_impro02_F,neutral,I love you too.
106,0,Ses03M_impro02_M,sadness,Hey sweetie.
106,1,Ses03M_impro02_M,sadness,Hey.
106,2,Ses03M_impro02_F,happiness,Um.
106,3,Ses03M_impro02_F,neutral,"How's it- going?  Oh I'm so tired.  Oh, I just woke up. Mmm."
106,4,Ses03M_impro02_F,neutral,What's going on?
106,5,Ses03M_impro02_M,sadness,"Uh, -Um"
106,6,Ses03M_impro02_F,happiness,Why the sad face?
106,7,Ses03M_impro02_M,sadness,they need me out there sooner than I thought
106,8,Ses03M_impro02_F,neutral,Where?  Who?  What are you talking about?
106,9,Ses03M_impro02_M,sadness,They want to deploy me next week.
106,10,Ses03M_impro02_F,neutral,Next week?
106,11,Ses03M_impro02_F,neutral,Overseas?
106,12,Ses03M_impro02_M,sadness,For--
106,13,Ses03M_impro02_F,neutral,For how long this time?
106,14,Ses03M_impro02_M,sadness,They said anywhere from two to three years.
106,15,Ses03M_impro02_F,neutral,What?  What do you mean two to three years?  Don't they know that you have a wife and an expectant child?
106,16,Ses03M_impro02_M,neutral,I told them that but they--
106,17,Ses03M_impro02_F,frustration,Honey--
106,18,Ses03M_impro02_M,frustration,--need me on the specialist honey.
106,19,Ses03M_impro02_F,frustration,You can't.  We need you.  I need you.
106,20,Ses03M_impro02_M,frustration,"I don't want to go but,-"
106,21,Ses03M_impro02_F,frustration,I don't care about the money.
106,22,Ses03M_impro02_M,frustration,but they said they'd increase my pay by triple-there promotion.
106,23,Ses03M_impro02_F,neutral,And you're leaving next week so you won't even be here for Anna's birth?
106,24,Ses03M_impro02_M,sadness,No.
106,25,Ses03M_impro02_F,sadness,Do this whole thing by myself?
106,26,Ses03M_impro02_M,sadness,Honey you're not going to be by yourself--
106,27,Ses03M_impro02_M,neutral,"We'll have internet set up, we'll get web cameras and everything.  My whole family's here too."
106,28,Ses03M_impro02_F,sadness,Carry her for nine months and then yes.
106,29,Ses03M_impro02_M,neutral,Honey.
106,30,Ses03M_impro02_F,sadness,It's not the same thing.  It's not like having you here.
106,31,Ses03M_impro02_F,sadness,I can't do this.
106,32,Ses03M_impro02_M,neutral,"You can do it.  Alright?  You can, you can be strong, you can be strong for both of us alright?"
106,33,Ses03M_impro02_F,sadness,I'm sick of being strong-- --for us.
106,34,Ses03M_impro02_M,sadness,I don't know what to do.
106,35,Ses03M_impro02_M,frustration,I don't want to - I don't- I don't want to go.
106,36,Ses03M_impro02_M,frustration,What am I supposed to do?
106,37,Ses03M_impro02_F,frustration,You can say no?
106,38,Ses03M_impro02_M,sadness,You know I can't say no.
106,39,Ses03M_impro02_F,frustration,You could.  You really could.  You could-- --get into another line of work.  I could start working after Anna's born?
106,40,Ses03M_impro02_M,frustration,The last guy who said no was fired.
106,41,Ses03M_impro02_M,frustration,I put in fifteen years in this job.
106,42,Ses03M_impro02_F,frustration,I know.
106,43,Ses03M_impro02_M,frustration,I'm so close.  Five more years and I retire-
106,44,Ses03M_impro02_M,frustration,and we'll have that happy life.
106,45,Ses03M_impro02_F,neutral,Happiness for me is having you here with me
106,46,Ses03M_impro02_F,sadness,"and watch our child grow, see her take her first steps, her first words."
106,47,Ses03M_impro02_M,sadness,Honey after a year I can be back.
106,48,Ses03M_impro02_F,sadness,You said two years.
106,49,Ses03M_impro02_M,sadness,They want me there two years but I could probably get
106,50,Ses03M_impro02_M,sadness,maybe get some vacation-- --once it quiets down there.
106,51,Ses03M_impro02_F,sadness,A whole year? --We're not talking about like a couple months here.  I mean this is a whole year.
106,52,Ses03M_impro02_M,sadness,I know.  I know.  But they really need some good guys there.
106,53,Ses03M_impro02_F,sadness,What could happen in a year?
106,54,Ses03M_impro02_F,sadness,And this isn't the first time you know?  I mean you always...sending you off to different places and...
106,55,Ses03M_impro02_M,sadness,Well that's the kind of work I'm in honey.
106,56,Ses03M_impro02_F,sadness,I don't know if that's how I want to live my life.
106,57,Ses03M_impro02_M,sadness,It's just going to be--it's going to go faster than you think.
106,58,Ses03M_impro02_F,sadness,"Joe I'm serious I don't want to have to have a little girl to tell...asking every day where's daddy, where's daddy and have to tell her that he's away--"
106,59,Ses03M_impro02_F,sadness,far away and he won't be here.
106,60,Ses03M_impro02_M,sadness,You tell her-- [BREATHING]
106,61,Ses03M_impro02_F,sadness,I'm done.  I can't honey.
106,62,Ses03M_impro02_M,sadness,What do you mean?
106,63,Ses03M_impro02_F,sadness,It's over.
106,64,Ses03M_impro02_M,neutral,What?
106,65,Ses03M_impro02_F,sadness,Honey I can't do it anymore.
106,66,Ses03M_impro02_M,neutral,Are you kidding me?  No.
106,67,Ses03M_impro02_F,sadness,I need you here.  Anna needs you.
106,68,Ses03M_impro02_M,frustration,So I have--you want me to choose between you guys or my career?
106,69,Ses03M_impro02_F,sadness,yeah.
106,70,Ses03M_impro02_M,frustration,What am I going to do?
106,71,Ses03M_impro02_F,frustration,"Priorities honey, priorities."
106,72,Ses03M_impro02_M,frustration,I want to--what am I going to do if I leave this job?
106,73,Ses03M_impro02_F,frustration,You're smart.  You could go back to school--
106,74,Ses03M_impro02_F,frustration,finish your Master's that you were started never finished.
106,75,Ses03M_impro02_M,frustration,Fine.  I'll see if I can talk to them.
107,0,Ses04M_impro01_M,neutral,"Yeah, hi.  Um, look, I -- all I'm trying to do right now is renew my license plate.  That's all.  I just need to get one of those little stickers."
107,1,Ses04M_impro01_F,neutral,Okay.  What's the problem?
107,2,Ses04M_impro01_M,frustration,"And I've- I've- some lady -- I got in line.  I waited for about two hours um, and, I gave her this form"
107,3,Ses04M_impro01_M,frustration,"that she gave to me earlier. And she said oh, I gave you the wrong one by accident.  So I was hoping I could just fill out a new one, give it to you and sort of skip this whole line business."
107,4,Ses04M_impro01_F,neutral,"Okay, um.  Do you have your photo ID with you?"
107,5,Ses04M_impro01_M,neutral,"Yes, I do."
107,6,Ses04M_impro01_F,neutral,Okay.  This is the wrong form.  I'm sorry.
107,7,Ses04M_impro01_M,frustration,"This is -- okay, then just can I have the form that I need."
107,8,Ses04M_impro01_F,frustration,"I don't have the form.  You're going to have to go get in that line over there and they will give you the right form.  And after you fill it out, you can bring it back to me."
107,9,Ses04M_impro01_M,frustration,Don't you -- you don't have-
107,10,Ses04M_impro01_M,frustration,are you telling me you don't have a stack of them behind the desk?
107,11,Ses04M_impro01_F,frustration,I don't have any of
107,12,Ses04M_impro01_F,frustration,I don't have any of them over here.  You're gonna have to go get in that line over there.  And they will give you a copy of the form.
107,13,Ses04M_impro01_M,frustration,"But you're -- it's the same -- I mean, you can -- like I can't go behind your desk--"
107,14,Ses04M_impro01_F,frustration,"Nope, I don't. I don't have-"
107,15,Ses04M_impro01_M,frustration,or I can't go behind there- you can go behind this person's desk and just grab the form. So if you could just do that; that would help me out a lot.
107,16,Ses04M_impro01_F,frustration,"No, I can't. That's-"
107,17,Ses04M_impro01_F,frustration,I'm sorry.  You have to do things the way you have to do things here.  We have rules.
107,18,Ses04M_impro01_M,frustration,"Look, can you please just-- --make this -- look, I look--"
107,19,Ses04M_impro01_F,frustration,"Go get in that-- Sir-- Sir, there are people in line behind you. you need"
107,20,Ses04M_impro01_M,frustration,look-- It's  been- it's been two hours.  Can you please just make this easier on me and just go and get the form?  It's not- it's really not
107,21,Ses04M_impro01_F,frustration,"I'm sorry.  I'm sorry you're having a hard time,"
107,22,Ses04M_impro01_F,frustration,but you're gonna have to go get in  that line to
107,23,Ses04M_impro01_M,frustration,What if I pay you money?
107,24,Ses04M_impro01_M,frustration,"Can I pay you money?  Can I give you, like, twenty bucks and you'll go back there and get the form?"
107,25,Ses04M_impro01_F,neutral,twenty bucks? Please. Go get in that line over there.
107,26,Ses04M_impro01_M,frustration,"Come on.  Will you please?  I just --I look, I  cannot-- --just if I --"
107,27,Ses04M_impro01_F,frustration,"Look, I'm having a really bad day.  I'm off in twenty minutes and I just really don't need this right now, okay."
107,28,Ses04M_impro01_M,frustration,"I don't care, well- You're having a bad -- I just waited in line for two hours."
107,29,Ses04M_impro01_F,frustration,"And you're gonna have to go wait again, because that's the line you need."
107,30,Ses04M_impro01_M,neutral,Well I just -- I can't do that right -- can you please just grab the form? All you have to do is grab the form.  I'm not gonna ask anything else of you.
107,31,Ses04M_impro01_F,frustration,I can't do that. It's against our rules. You can go get in that line over there or you can just go ahead and leave and come back another day.  Maybe there will be a shorter line.
107,32,Ses04M_impro01_M,frustration,That's all I- I just- That's all i want you to-
107,33,Ses04M_impro01_M,frustration,"Rules, you just have to grab a piece of paper behind from somebody's desk"
107,34,Ses04M_impro01_M,anger,It's not rocket science.
107,35,Ses04M_impro01_M,frustration,"Come -- just, please, just grab the form.  It's right over there."
107,36,Ses04M_impro01_F,frustration,I can't do that.
107,37,Ses04M_impro01_M,neutral,I know it's right over there.
107,38,Ses04M_impro01_M,frustration,Why are you being such a bitch?
107,39,Ses04M_impro01_F,frustration,"I'm sorry, but I can't do that."
107,40,Ses04M_impro01_M,frustration,"Please, will you please -- will you please just grab the form?"
107,41,Ses04M_impro01_F,anger,So go get in the other line or leave.  Or I will have you escorted out by security.
107,42,Ses04M_impro01_F,anger,Would you like to be kicked out of the D.M.V.?  You don't think that'll be a little embarrassing?
107,43,Ses04M_impro01_M,frustration,"Fine, which line is it?"
107,44,Ses04M_impro01_F,frustration,The one you just came from.
107,45,Ses04M_impro01_M,anger,"Okay, fine.  I'll go over there.  Thanks, a lot.  You've been really helpful."
107,46,Ses04M_impro01_F,anger,Yeah.  Thank you.  Have a pleasant day.
