Dialogue_ID,Utterance_ID,Speaker,Emotion,Utterance
0,0,Ses01F_impro05_F,anger,"Are there candid cameras?  Is this that movie? There's that show, right?  Airplane, airline."
0,1,Ses01F_impro05_M,neutral,"No, no.  This is real."
0,2,Ses01F_impro05_F,neutral,So you'll give me money and then I'll get my bag?
0,3,Ses01F_impro05_M,neutral,"No.  I'm just giving you money, the bag is gone.  If it's not here, I'm really sorry there is nothing I can do because..."
0,4,Ses01F_impro05_M,neutral,this is the only track record that we have and if it's not listed here then it's probably not anywhere.
0,5,Ses01F_impro05_F,anger,"You're kidding me, this is a joke."
0,6,Ses01F_impro05_M,neutral,"Once again, I'm really- I'm really sorry."
0,7,Ses01F_impro05_F,anger,Do you have any idea-- fifty dollars?  That's supposed to replace everything that I have?  Do you understand how much I have packed in there? Not only does it have sentimental value; it can't be replaced like that.  It was incredibly expensive.
1,0,Ses01M_impro05_F,neutral,It's not.  I can offer you fifty dollars and a reimbursement gift cards for our airline...
1,1,Ses01M_impro05_F,neutral,...and your future...
1,2,Ses01M_impro05_M,neutral,"I'm sorry, wait a minute.  Are you saying I'm not going to get my bag at all?"
1,3,Ses01M_impro05_F,neutral,No.
1,4,Ses01M_impro05_M,neutral,It's gone.
1,5,Ses01M_impro05_F,neutral,Yes.
1,6,Ses01M_impro05_M,frustration,Where is it?  Where did it go?
1,7,Ses01M_impro05_F,neutral,We've actually...
1,8,Ses01M_impro05_M,neutral,You mean did someone steal it? Do people steal bags?
2,0,Ses02F_script03_1_F,neutral,"Oh, dear, shall we like that?"
2,1,Ses02F_script03_1_M,neutral,Depends on how well we've played.
2,2,Ses02F_script03_1_F,neutral,"Well, what happens if one of us dies?  I mean, does the one that's left still laugh?"
2,3,Ses02F_script03_1_M,neutral,Yes.  Yes. With all his might.
2,4,Ses02F_script03_1_F,neutral,"That's serious enough, isn't it?"
2,5,Ses02F_script03_1_M,neutral,"No. No, it isn't.  Death is very laughable.  Such a cunning little mystery.  All done with mirrors."
2,6,Ses02F_script03_1_F,happiness,"Darling, I believe you're talking nonsense."
2,7,Ses02F_script03_1_M,neutral,So is everyone else in the long run.
3,0,Ses01F_impro05_M,neutral,"Um, actually, I don't know. I don't know. Oh really?"
3,1,Ses01F_impro05_F,anger,Because I probably know him.
3,2,Ses01F_impro05_F,anger,Yeah.
3,3,Ses01F_impro05_M,neutral,Well then maybe you can just call him and he can give you more money.  But right now all I can do--
3,4,Ses01F_impro05_F,anger,"I don't want money, I want my clothes."
3,5,Ses01F_impro05_M,neutral,"Right now all I can do is just give you this fifty dollars, I'm really sorry."
3,6,Ses01F_impro05_F,anger,What's your name?
3,7,Ses01F_impro05_M,neutral,Oh.  My name is Sean. Hi.
4,0,Ses03F_script03_1_F,happiness,Oh Charles. That was his name. Charles. He did wiggle so beautifully.
4,1,Ses03F_script03_1_M,neutral,Horrible little thing. I hated it.
4,2,Ses03F_script03_1_F,neutral,I know you did. You threw it out the window and into the Grand Canal. I don't think I'll ever forgive you for that.
4,3,Ses03F_script03_1_M,neutral,How long did that row last?
4,4,Ses03F_script03_1_F,neutral,It went on intermittently for days.
4,5,Ses03F_script03_1_M,neutral,The worst one was in Cannes when your-your curling iron burnt a hole in my dressing gown.
4,6,Ses03F_script03_1_F,neutral,"Well, I burnt a hole in my comb too, and all the towels in the bathroom. [LAUGHTER]."
4,7,Ses03F_script03_1_F,happiness,yeah. And that was the first time you ever hit me.
5,0,Ses03M_script02_2_F,sadness,If anybody wants to be with anybody else it's probably you.  Probably somebody who enjoys herself a little more and is not so hard.
5,1,Ses03M_script02_2_M,neutral,"Actually, now that you mention it, no I don't."
5,2,Ses03M_script02_2_F,sadness,"Well, I guess this is the wrong spot for the right people."
5,3,Ses03M_script02_2_M,neutral,It seemed like a good spot to me.
5,4,Ses03M_script02_2_M,happiness,I mean look at the view of the moon we got from here.
5,5,Ses03M_script02_2_F,happiness,Yeah.  I noticed that.  It's real pretty on the water.
5,6,Ses03M_script02_2_F,neutral,Big old white moon.
5,7,Ses03M_script02_2_M,happiness,"Hey, look what we got here."
5,8,Ses03M_script02_2_F,happiness,Oh you brought refreshments.
6,0,Ses03F_impro06_F,sadness,"His poor parents. You know, it's their only son."
6,1,Ses03F_impro06_M,neutral,yeah.
6,2,Ses03F_impro06_F,sadness,"Kind of a whole year. I mean, he suffered with this, this monster, this thing, this disease."
6,3,Ses03F_impro06_M,sadness,"He was in chemo the whole time, right?"
6,4,Ses03F_impro06_F,neutral,Yeah.
6,5,Ses03F_impro06_M,sadness,And he just got that baseball scholarship.
6,6,Ses03F_impro06_F,sadness,"I know. He was, he had so much going for him."
6,7,Ses03F_impro06_F,sadness,"So handsome, so young, so gifted."
7,0,Ses04M_script02_1_M,neutral,"Oh, man.  This is great.  I didn't even think to bring a six pack.  Six pack would be just the ticket right about now.  I can't believe I forgot.  I'm like a kid.  It's amazing I got out of the house with my fly zipped.  Oh."
7,1,Ses04M_script02_1_M,neutral,I wonder if they can hear me talk or feel the vibrations in the sand when we move around.
7,2,Ses04M_script02_1_F,neutral,I'm cold.
7,3,Ses04M_script02_1_M,neutral,You want my jacket?
7,4,Ses04M_script02_1_F,anger,It's after eleven; let's go home.
7,5,Ses04M_script02_1_M,frustration,Are you kidding?  We'd miss it.  We just got here.  What's the point of coming down here if we just turn around and go home?
7,6,Ses04M_script02_1_F,anger,There is no point in coming down here.
7,7,Ses04M_script02_1_M,neutral,Right.
8,0,Ses05F_impro05_M,frustration,"Obviously, I'm doing everything that I can here."
8,1,Ses05F_impro05_F,neutral,"No, I don't think you are. I mean If you were doing everything you could, you'd either give me more money or you'd figure out where my bag is."
8,2,Ses05F_impro05_M,neutral,"Well, I have no way to give you more money.  I'm giving you as much money as I can, and figuring- as far as figuring out where you bag is-"
8,3,Ses05F_impro05_F,anger,What do you mean as you can?  Who makes up these rules?
8,4,Ses05F_impro05_M,neutral,makes up?
8,5,Ses05F_impro05_F,anger,You're an autono- autonomous human being.  You could- You could go into the com-
8,6,Ses05F_impro05_M,neutral,"The airline makes these rules, mom ma'am."
8,7,Ses05F_impro05_F,neutral,You could go into the computer and- you know- print-
8,8,Ses05F_impro05_M,neutral,I've gone into the computer.  I told you exactly what I can see in the computer that your luggage did arrive here.
8,9,Ses05F_impro05_F,frustration,"So I'm just supposed to oh, well, oops, my luggage is gone and be fine with that and take your stinking fifty dollar voucher?"
9,0,Ses04M_impro08_F,frustration,"Okay, no, look, I- I- I- I'm really -- I'm trying to be patient.  I know this isn't your fault.  I know that you didn't do it"
9,1,Ses04M_impro08_F,frustration,"but, at the same time, I have been through an hour of little robot voices telling me what I needed to do."
9,2,Ses04M_impro08_M,frustration,"Ma'am, I understand that."
9,3,Ses04M_impro08_F,neutral,And I did everything they said.  And now i'm talking to you and you're supposed to put the money back on my account because I didn't make the calls and I'm really tired of dealing with this because I didn't even
9,4,Ses04M_impro08_M,frustration,"Ma'am, I - I - I understand that. I understand that. What I can do for you right now is what I'm telling you is that I can do- I can give you a hundred dollars back and then you'll have to fill out a complaint form and then you'll get -- there'll be some investigation. Some men will show up at your house and go through your things."
9,5,Ses04M_impro08_F,frustration,Excuse me?
9,6,Ses04M_impro08_M,frustration,And then then you'll get some money back.
9,7,Ses04M_impro08_F,frustration,How long does that take?
9,8,Ses04M_impro08_M,neutral,A few weeks.  You won't even know that they were there.
10,0,Ses02F_script02_1_M,neutral,Alright.  But it's fish that do something that none of the other fish do.  Like the swallows returning to Capistrano or the lemmings throwing themselves off the cliffs.
10,1,Ses02F_script02_1_M,neutral,There's--there's a bit of the magic--some unexplainable here.  I don't see how you can not be interested.
10,2,Ses02F_script02_1_F,frustration,I'm just not.
10,3,Ses02F_script02_1_M,neutral,For real?
10,4,Ses02F_script02_1_F,neutral,Yeah.
10,5,Ses02F_script02_1_M,neutral,"I don't get it.  The first time we came here, you said it was the best night of your life."
10,6,Ses02F_script02_1_M,neutral,"And last year, I remember specifically you were so excited to go that you stubbed your toe rushing me out of the house and didn't even notice until we got in the car."
10,7,Ses02F_script02_1_F,frustration,"Last year, you will also remember our shoes got wet, I got sand in my panties, you got a sore throat, we got in a big fight over nothing, and we didn't see the grunions."
11,0,Ses05F_impro07_M,neutral,"oh, good good good good good good."
11,1,Ses05F_impro07_F,neutral,I'll stay in town.
11,2,Ses05F_impro07_M,neutral,Are you going to live on campus?  Where are you going to live?
11,3,Ses05F_impro07_F,happiness,Uh- I don't know.
11,4,Ses05F_impro07_M,neutral,Uh! stay over here.  Like travel to school. because you are so close to me
11,5,Ses05F_impro07_F,neutral,"Well, I don't want to, I don't want to live with my mom."
11,6,Ses05F_impro07_M,happiness,"Okay, you're right, you're right, you're right,  right.  Maybe we should get a place together."
11,7,Ses05F_impro07_F,neutral,Whoa.  What an idea.  Where would you want to live?
11,8,Ses05F_impro07_M,neutral,That'll be awesome.
12,0,Ses05M_impro04_F,neutral,Okay.
12,1,Ses05M_impro04_M,frustration,"I want to make some money.  I need to make some money.  I've got to pay some bills, I owe people money.  I owe lots of people money.  I need to make some money."
12,2,Ses05M_impro04_F,neutral,I understand.
12,3,Ses05M_impro04_F,neutral,"Yeah, it's stressful.  I recognize that."
12,4,Ses05M_impro04_M,frustration,"Do you have any idea how I can make money?  I mean, what can I do to make some quick money, something?  Anything, that's relatively within the you know law."
12,5,Ses05M_impro04_F,neutral,ah.
12,6,Ses05M_impro04_F,neutral,"Not- Not selling pot, right?"
12,7,Ses05M_impro04_M,frustration,"Right, probably not selling pot. I don't want to go to jail."
13,0,Ses04M_script01_2_F,anger,"She's not his girl, Joe.  She knows she's not."
13,1,Ses04M_script01_2_M,neutral,You can't read her mind.
13,2,Ses04M_script01_2_F,anger,"Then why is she still single?  New York is full of men.  Why hasn't she married?  Probably a hundred people told her she's foolish, but she's waited."
13,3,Ses04M_script01_2_M,neutral,How do you know why she waited?
13,4,Ses04M_script01_2_F,anger,"Because she knows what I know, that's why.  She's faithful as a rock.  In my worst moments, I think of her waiting and I know, again, that I'm right."
13,5,Ses04M_script01_2_M,frustration,"Look, it's a nice day.  What are we arguing for?"
13,6,Ses04M_script01_2_F,anger,"Nobody in this house dares take her faith away, Joe.  Strangers might, but not his father, not his brother."
13,7,Ses04M_script01_2_M,frustration,What do you want me to do? What do you want?
14,0,Ses03M_impro06_F,sadness,Yeah.  Like I mean if you need anyone to talk to or anything I'm here for you okay?
14,1,Ses03M_impro06_M,neutral,Thanks.
14,2,Ses03M_impro06_F,sadness,We're all here for you.
14,3,Ses03M_impro06_M,sadness,I was supposed to see him last summer
14,4,Ses03M_impro06_M,sadness,then I got busy with work and stuff and three years go by
14,5,Ses03M_impro06_M,sadness,and then something like this happens you know?
14,6,Ses03M_impro06_M,sadness,I mean I haven't even talked to him on the phone for the past three months.
14,7,Ses03M_impro06_M,sadness,He's supposed to be my best friend.
14,8,Ses03M_impro06_F,sadness,I know.
15,0,Ses05M_impro04_M,frustration,"No, I just showed that for you [garbage]."
15,1,Ses05M_impro04_F,neutral,"Okay.  Well, that's good.  Yeah, I mean, you're you're- when you're happy you're a pretty personable guy.  And I don't --I don't"
15,2,Ses05M_impro04_M,frustration,I like to think so.
15,3,Ses05M_impro04_F,neutral,I can't see where the issue would be. so
15,4,Ses05M_impro04_M,frustration,see.
15,5,Ses05M_impro04_M,anger,"Yeah, well thanks for your help."
15,6,Ses05M_impro04_F,neutral,"I'm sorry.  Good luck, man."
15,7,Ses05M_impro04_M,sadness,I'll need it.
16,0,Ses02F_impro06_M,neutral,"Hey, a what's up?"
16,1,Ses02F_impro06_F,sadness,"Um, Johnny died yesterday."
16,2,Ses02F_impro06_M,neutral,"Wow, that's horrible."
16,3,Ses02F_impro06_M,neutral,I'm sorry to hear about that.
16,4,Ses02F_impro06_F,sadness,"We knew that it was coming, but--"
16,5,Ses02F_impro06_M,neutral,Yeah.
16,6,Ses02F_impro06_F,sadness,"It seemed like he had a little bit longer.  Like just last week, he was doing was so well."
16,7,Ses02F_impro06_M,neutral,"I mean, you know, at least he's not in anymore pain now, right?"
16,8,Ses02F_impro06_F,sadness,Yeah.
17,0,Ses01M_script02_2_M,neutral,You want me to go get some champagne?
17,1,Ses01M_script02_2_F,sadness,No.
17,2,Ses01M_script02_2_M,neutral,Do you want to take off our shoes?
17,3,Ses01M_script02_2_F,neutral,No.
17,4,Ses01M_script02_2_M,neutral,What? Huh?
17,5,Ses01M_script02_2_M,neutral,You want to get married again?
17,6,Ses01M_script02_2_M,frustration,What?  What?  You want to divorce?
17,7,Ses01M_script02_2_F,frustration,No.
17,8,Ses01M_script02_2_M,frustration,A vacation?
17,9,Ses01M_script02_2_F,frustration,No.
18,0,Ses05M_impro04_M,frustration,"But, I mean, I don't want to keep those jobs.  I don't want those jobs.It's not what I want to do."
18,1,Ses05M_impro04_F,neutral,Right.
18,2,Ses05M_impro04_M,frustration,"But, I don't know.  God, what am I going to do?  Should I go back to school?  I can't- I can't afford to go back to school."
18,3,Ses05M_impro04_M,frustration,What do you do?
18,4,Ses05M_impro04_F,neutral,"Well, I mean, right now I'm just doing a little bit of everything.  And I don't- I don't think that I'm in like a profession, like career oriented place."
18,5,Ses05M_impro04_M,neutral,"You plan on being there forever? I mean, Like, what do you --"
18,6,Ses05M_impro04_F,neutral,"No.  I'm just working in restaurants and stuff. But, I'm also trying to audition and what not.  So, it's --"
18,7,Ses05M_impro04_M,neutral,yeah.
19,0,Ses03F_impro07_M,neutral,You got in? Wow.
19,1,Ses03F_impro07_F,neutral,"Yes, me, I got in. Thank you very much."
19,2,Ses03F_impro07_M,neutral,Good for you.
19,3,Ses03F_impro07_F,neutral,"Yeah, I know, my mom called me. I was with my girlfriend in Boston, and uh- she got the letter and she called me, she said I don't know, do you want me to open it? And I was like yes, open it. And she opened it and she goes oh, I'm sorry, Nat."
19,4,Ses03F_impro07_F,neutral,"And I was like what? She's like, you know, you didn't get in. Totally plays it off. Like I didn't get in. And I'm like, I start almost crying."
19,5,Ses03F_impro07_M,neutral,"Uh-huh, uh-huh."
19,6,Ses03F_impro07_F,neutral,"And my mom was like Natalie, Natalie, it's [GARBAGE], you know-"
19,7,Ses03F_impro07_M,neutral,oh yeah.
19,8,Ses03F_impro07_F,happiness,"and so, I mean, I got in."
20,0,Ses04M_impro04_F,neutral,"Right, but you have -- I mean, you have to keep on them.  You have to keep calling and reminding them that you're still looking and"
20,1,Ses04M_impro04_F,neutral,"I mean, you have to be really aggressive about it."
20,2,Ses04M_impro04_M,frustration,"Yeah, I do.  I do.  You don't understand."
20,3,Ses04M_impro04_M,frustration,I- You don't understand. I don't have a job.  All- My job is to look for a job.  I don't do anything else.
20,4,Ses04M_impro04_M,frustration,"But, like, it's been years now and I just can't seem to get anything that really fits.  It's just it -- I -- it drives me absolutely insane."
20,5,Ses04M_impro04_F,neutral,"Well, I mean, if it's that bad, maybe you're gonna have to take something that doesn't really fit, you know.  Like maybe you'll have to do something else for a while.  Find a new field, new skill."
20,6,Ses04M_impro04_M,frustration,"No, no, no, no, no.  I can't- I can't do that.  I can't, I- because if I'm not- if I'm not- if I'm not doing something that I love, then I can't -- I can't- I mean it's- what's the point?"
20,7,Ses04M_impro04_F,neutral,"Well then you're choosing to be unemployed, really."
20,8,Ses04M_impro04_M,frustration,I'm not choosing. I'm not-
21,0,Ses05F_impro06_M,sadness,"I am so sorry,  It's-"
21,1,Ses05F_impro06_M,sadness,It's the worst when they go like that. [GARBAGE] Was he young?
21,2,Ses05F_impro06_F,sadness,Kind of.
21,3,Ses05F_impro06_F,sadness,"It's hard to watch when it's painful for them, you know."
21,4,Ses05F_impro06_M,sadness,"Absolutely, absolutely."
21,5,Ses05F_impro06_M,sadness,It's the think
21,6,Ses05F_impro06_F,sadness,"I just, I don't know."
21,7,Ses05F_impro06_M,sadness,There's no reason for it.
22,0,Ses02M_impro03_M,neutral,"Oh, you're never going to believe it."
22,1,Ses02M_impro03_F,neutral,What? What? You look really happy what's going on?
22,2,Ses02M_impro03_M,neutral,"Well, I finally did it"
22,3,Ses02M_impro03_F,neutral,Finally did what?
22,4,Ses02M_impro03_M,neutral,I-I asked her to marry me.
22,5,Ses02M_impro03_F,neutral,"You did? Oh, my Gosh, I'm so proud of you."
22,6,Ses02M_impro03_M,neutral,"Yes, I know. [LAUGHTER]"
22,7,Ses02M_impro03_F,neutral,"Oh, my Gosh. Well, and did"
22,8,Ses02M_impro03_M,neutral,"I'm so nervous you know, I'm-"
23,0,Ses02F_script02_2_M,neutral,"Carla, can I ask you something?  Don't take this wrong, but are you having your period?"
23,1,Ses02F_script02_2_F,anger,"God damn it, Augie, don't ask me that.  I hate it when you ask me that.  You always ask me that.  It's insulting."
23,2,Ses02F_script02_2_M,frustration,"Well, what's bugging you?"
23,3,Ses02F_script02_2_F,anger,We just have different ideas of what this evening is supposed to look like.
23,4,Ses02F_script02_2_M,neutral,"There's nothing to it.  We come here, the grunion arrive, they do their little fish business, we go ooh, ah, look at the fish.  They go home. We go home."
23,5,Ses02F_script02_2_F,frustration,"For heaven sake, we're not going to see the grunions."
23,6,Ses02F_script02_2_M,frustration,Why not?
23,7,Ses02F_script02_2_F,frustration,"We never do, do we?  I mean, have we ever?"
23,8,Ses02F_script02_2_M,neutral,We've missed them twice.  That's not ever.
23,9,Ses02F_script02_2_F,frustration,Twice is every time we've tried. That's ever.
24,0,Ses03M_script01_2_F,sadness,it's like I know as long as she's waiting I'm right again.
24,1,Ses03M_script01_2_M,frustration,Look at how nice the day is.  What are we arguing for?
24,2,Ses03M_script01_2_F,anger,"No.  Nobody in my house better dare and challenge her faith.  You know and maybe strangers but not his father, not his brother."
24,3,Ses03M_script01_2_M,frustration,What do you want me to do?  What do you want?
24,4,Ses03M_script01_2_F,neutral,I want-I want you to act like he's still alive.  I mean don't think I haven't seen the way that you've been since he invited her here.
24,5,Ses03M_script01_2_M,frustration,But Kate...
24,6,Ses03M_script01_2_F,neutral,But I won't have any of this nonsense because you know what happens?  If he doesn't come back I'll kill myself.
24,7,Ses03M_script01_2_F,anger,"Laugh, laugh at me but I will.  Because you know what happened when she came here?  When she came back she slept in his room, the memorial broke into pieces. Joe, look. Look at it. You got to believe with me."
24,8,Ses03M_script01_2_M,frustration,Okay. Calm yourself. Just calm yourself.
25,0,Ses01M_script02_1_F,frustration,"I don't know what you're so excited about.  This isn't a moon landing we're talking about, it's fish, it's a fish nobody even eats."
25,1,Ses01M_script02_1_M,neutral,"Yeah, they do."
25,2,Ses01M_script02_1_F,frustration,"Oh, Augie."
25,3,Ses01M_script02_1_M,neutral,"Well, okay whatever, okay but it's a fish who do something that like no other fish do, you know, it's like those swallows that return to Capistrano or those like those lemmings that jumped off the cliffs, you know."
25,4,Ses01M_script02_1_M,neutral,"It's like a little bit of the unexplainable, a little magic, a little mystery.  I just don't see how you can not be interested in this."
25,5,Ses01M_script02_1_F,frustration,I'm not.
25,6,Ses01M_script02_1_M,neutral,For real?
25,7,Ses01M_script02_1_F,anger,Yes.
26,0,Ses02F_script01_3_F,neutral,Not like that you're not.
26,1,Ses02F_script01_3_M,neutral,I kissed you.
26,2,Ses02F_script01_3_F,neutral,"Like Larry's brother.  Do it like you, Chris.  What is it?"
26,3,Ses02F_script01_3_M,neutral,Let's drive someplace.  I want to be alone with you.
26,4,Ses02F_script01_3_F,neutral,"No.  What is it, your mother?"
26,5,Ses02F_script01_3_M,sadness,No.  Nothing like that.
26,6,Ses02F_script01_3_F,sadness,"Then, what's wrong?  I mean, even in your letters there was some--something ashamed."
26,7,Ses02F_script01_3_M,sadness,"Yeah, I suppose I have been.  But it's going from me."
27,0,Ses02M_impro03_M,neutral,"Yes, yes. [LAUGHTER]"
27,1,Ses02M_impro03_F,neutral,"Oh, my Gosh, that's so cute."
27,2,Ses02M_impro03_M,neutral,"I know it was, I don't know I was really nervous but I'm really - I'm really glad."
27,3,Ses02M_impro03_F,neutral,Are your parents excited or...?
27,4,Ses02M_impro03_M,happiness,"Oh yes, they - they you know they love her and so I mean..."
27,5,Ses02M_impro03_F,neutral,"Yea, totally. So when is it going to happen?"
27,6,Ses02M_impro03_M,neutral,"Well, we're thinking uh - we're thinking winter time, you know, we're going to do it in the winter and then maybe, you know, maybe"
27,7,Ses02M_impro03_M,neutral,"I don't know either do a honeymoon like in the snow or fly down to like Australia, Southern Hemisphere, [GARBAGE] so we'll decide with that."
27,8,Ses02M_impro03_F,neutral,"Ooh, that would be fun."
28,0,Ses04F_impro08_F,frustration,"Sir, they have to take down your address at the other station.  I will transfer.  I will explain everything to them.  It will all be fine.  I promise."
28,1,Ses04F_impro08_M,frustration,What's your name?
28,2,Ses04F_impro08_F,frustration,Cindy?
28,3,Ses04F_impro08_M,neutral,Cinnee?
28,4,Ses04F_impro08_F,neutral,Cindy.
28,5,Ses04F_impro08_M,anger,Cindy?  Cindy what?
28,6,Ses04F_impro08_F,frustration,"Sir, I don't think my name is really relevant-"
28,7,Ses04F_impro08_M,anger,"Cindy, look.  If you don't get your ass a piece of paper that has a check"
29,0,Ses05M_script01_1_M,anger,"Oh, so it isn't just my business?"
29,1,Ses05M_script01_1_F,frustration,I'm just saying.
29,2,Ses05M_script01_1_M,anger,You infuriate me sometimes.  Do you know that?  God.
29,3,Ses05M_script01_1_M,anger,"Isn't it your business, too, if dad -- if I tell dad and he throws a fit about it?  I mean, you have such a talent for ignoring things."
29,4,Ses05M_script01_1_F,anger,"I ignore what I got to ignore.  I mean, the girl is Larry's girl."
29,5,Ses05M_script01_1_M,anger,She is not Larry's girl!
29,6,Ses05M_script01_1_F,anger,"From your father's point of view he's not dead and she's still his girl.  Now, you can go on from there if you know where to go, Chris, but I don't know.  So what can I do for you?"
29,7,Ses05M_script01_1_M,frustration,"I don't know why it is but everytime I reach out for something I- that I want, I have to pull back because I might hurt somebody else.  My whole bloody life; time after time after time."
30,0,Ses01F_script02_1_M,neutral,"My flashlight.  God, how could I be so stupid?  I can't believe I forgot my flashlight."
30,1,Ses01F_script02_1_F,neutral,What flashlight?
30,2,Ses01F_script02_1_M,neutral,"The flashlight, the silver one.  There's only one, isn't there?"
30,3,Ses01F_script02_1_F,neutral,That's not your flashlight.
30,4,Ses01F_script02_1_M,neutral,Whose is it?
30,5,Ses01F_script02_1_F,neutral,It's ours; it's my flashlight too.
30,6,Ses01F_script02_1_M,neutral,"Oh...well. Yeah, of course."
30,7,Ses01F_script02_1_F,anger,You keep saying my flashlight like it's just yours.
30,8,Ses01F_script02_1_M,neutral,No.
31,0,Ses04F_impro05_M,frustration,Welcome to Northwest Airlines.  How can I help you?
31,1,Ses04F_impro05_F,frustration,You guys lost my bag.
31,2,Ses04F_impro05_M,frustration,Did you file a complaint already?
31,3,Ses04F_impro05_F,frustration,Yeah.  Yeah I did.
31,4,Ses04F_impro05_M,frustration,Where?  Did you do it at the front desk or by the baggage claims?
31,5,Ses04F_impro05_F,frustration,"I-I don't know.  The place where they told me to go.  Look they told me to come talk to you because you guys lost my bag.  Not it's late.  Not it will be here soon, lost it completely.  What are you going to do about that?"
31,6,Ses04F_impro05_M,frustration,"Ma'am, first of all I'd like you to calm down.  Second of all-"
31,7,Ses04F_impro05_F,frustration,Look that bag has my entire life in it and you just lost it.
31,8,Ses04F_impro05_M,neutral,I understand that ma'am.
32,0,Ses05F_script01_1_M,neutral,"You know that?  Isn't it your business too, if I tell dad, and he gets, throws a fit about it?   you have such a talent for ignoring things!"
32,1,Ses05F_script01_1_F,frustration,I ignore what I got to ignore.  The girl is Larry's girl.
32,2,Ses05F_script01_1_M,neutral,She's not Larry's girl!
32,3,Ses05F_script01_1_F,neutral,"As far as your father is concerned, he's not dead and you've no right to take his girl."
32,4,Ses05F_script01_1_F,frustration,"Now Chris you can go on from there, but I don't know what to do.  I mean do you know what to do, because I don't."
32,5,Ses05F_script01_1_M,frustration,"I don't know why it is.  But every time I reach out for something I want, I have to pull back because other people will suffer.  My whole bloody life, time after time, after time."
32,6,Ses05F_script01_1_F,neutral,"Well you're a considerate fellow, there's nothing wrong with that."
32,7,Ses05F_script01_1_M,anger,To hell with that!
33,0,Ses02F_impro05_M,neutral,"Well, that's--that's what I'm saying--"
33,1,Ses02F_impro05_F,frustration,There needs to be better security here.
33,2,Ses02F_impro05_M,neutral,"Okay.  Well that that could be something that you put on on the claim--on on the complaint form if you want.  And provide us with your information while you're here and then, maybe, if it turns up, then we'll send it right over."
33,3,Ses02F_impro05_F,anger,It sounds like it's such a little like oh well no big deal whatever.  It's a big deal to me.
33,4,Ses02F_impro05_M,neutral,"All right, Miss, I-I know.  I realize this. But Like I said, there are several people that are in your same situation, so, um, it's not--it's not totally uncommon and I'm actually gonna have to ask you to move so I can help the next person."
33,5,Ses02F_impro05_F,frustration,"Well, can I at least have my fifty dollars, please?"
33,6,Ses02F_impro05_M,neutral,"Yes, all right.  There you go, now you can file a claim over to the left--And they'll help you out."
33,7,Ses02F_impro05_F,neutral,Thank you.
33,8,Ses02F_impro05_F,frustration,Thank you very much.
34,0,Ses02F_script02_2_M,neutral,"Well, we'll see them this year."
34,1,Ses02F_script02_2_F,frustration,"No, we won't.  It's pointless.  It's like waiting up to see Santa Claus."
34,2,Ses02F_script02_2_F,anger,"I mean, I feel like my whole life is gonna be spent standing on the beach with my eyes wide open and my hands clasped expectantly waiting for the fish to show up.  And the fish won't show up."
34,3,Ses02F_script02_2_M,frustration,I thought you wanted to see it.
34,4,Ses02F_script02_2_F,frustration,You don't understand anything I'm saying.
34,5,Ses02F_script02_2_M,frustration,"No, of course not."
34,6,Ses02F_script02_2_F,frustration,I did want to see it.  I always do.  I keep thinking that this is gonna be the time and it never is.
34,7,Ses02F_script02_2_M,neutral,It's just fish.  Nothing to get traumatized about.
34,8,Ses02F_script02_2_F,neutral,"For heaven sake, this isn't about fish."
34,9,Ses02F_script02_2_M,frustration,"All right.  Look, I've been trying to work this backwards, but I cannot seem to figure out the exact moment that we took a turn for the worst."
35,0,Ses05F_impro05_M,neutral,"Okay.  Well, let me see here. I-"
35,1,Ses05F_impro05_M,neutral,It seems like it went through Heath Row.  I see it here. uh-
35,2,Ses05F_impro05_F,neutral,That's good.
35,3,Ses05F_impro05_M,neutral,But uh- I don't see it here in the airport yet. uh
35,4,Ses05F_impro05_M,neutral,I'm not sure where it is.  We can absolutely keep an eye out for for it for you.
35,5,Ses05F_impro05_F,neutral,"Well, I can't leave without it. I mean, Could you find out?"
35,6,Ses05F_impro05_M,neutral,"Well, I'm not a miracle worker.  I don't know what I can do for you.  I don't have the bag right here."
35,7,Ses05F_impro05_F,frustration,"Right, well can you get on the computer maybe and like track it down and see when it's going to get here?"
35,8,Ses05F_impro05_M,neutral,"Well, as I told you, it left Heath Row and it seems to have arrived here.  But if you can't find it, then-are you sure you know what your bag looks like?"
35,9,Ses05F_impro05_F,frustration,"Yes, sir, I know what my bag looks like."
36,0,Ses04F_impro07_M,neutral,"or, um, campus cruiser.  You can drive people around."
36,1,Ses04F_impro07_F,neutral,Excellent.  Drive drunk people around because you know that's all campus cruisers for.
36,2,Ses04F_impro07_M,neutral,Right or you can run for student counsel.
36,3,Ses04F_impro07_F,neutral,"Okay.  No, that's dorky."
36,4,Ses04F_impro07_M,neutral,Dorky?
36,5,Ses04F_impro07_F,neutral,Yeah.
36,6,Ses04F_impro07_M,neutral,It's important.
36,7,Ses04F_impro07_F,neutral,Student counsel?
36,8,Ses04F_impro07_M,neutral,Yes.
36,9,Ses04F_impro07_F,neutral,"No, it's dorky."
36,10,Ses04F_impro07_M,neutral,Fine.  It's dorky.
36,11,Ses04F_impro07_F,neutral,Social life.  Hello.
36,12,Ses04F_impro07_M,neutral,But that'll fit you  because you're a dork.
36,13,Ses04F_impro07_F,neutral,[LAUGHTER].
36,14,Ses04F_impro07_M,neutral,[LAUGHTER].
36,15,Ses04F_impro07_M,neutral,[LAUGHTER].
37,0,Ses02F_impro06_M,neutral,"It's good, you know.  you know It hurts I know.  I know what it's like to lose someone like that."
37,1,Ses02F_impro06_F,sadness,I just don't want him to be gone.
37,2,Ses02F_impro06_M,neutral,It's okay.
37,3,Ses02F_impro06_M,neutral,"'Cause, you know, you've got all the times that you guys did spend together, you know and that's something good that you can look back on."
37,4,Ses02F_impro06_M,neutral,I mean--I don't know.
37,5,Ses02F_impro06_F,sadness,And his whole family was there.
37,6,Ses02F_impro06_F,sadness,"I mean, he was like really conscious right up until the end. you know"
37,7,Ses02F_impro06_M,neutral,"Well, that's that's good, you know.  At least, I don't know.  I mean it's- it's better to go- to goout that way than..."
37,8,Ses02F_impro06_M,neutral,".than you know, in pain and like this gradual, this horrible process.  I mean--"
38,0,Ses01F_script01_1_M,neutral,Then help me stay here.
38,1,Ses01F_script01_1_F,anger,"All right.  But you don't want to think like that because what the hell are we working for, Chris?  It's all for you.  This whole shooting match is for you."
38,2,Ses01F_script01_1_M,frustration,I know that.  Then just help me stay here.
38,3,Ses01F_script01_1_F,anger,Just don't think like that.
38,4,Ses01F_script01_1_M,frustration,Well I am thinking like that.
38,5,Ses01F_script01_1_F,frustration,"I don't understand you, do I?"
38,6,Ses01F_script01_1_M,frustration,No.  You don't.  I'm a pretty tough guy.
38,7,Ses01F_script01_1_F,frustration,I can see that.
39,0,Ses05M_script03_2_M,neutral,Come to think of it the real cause of that roue was Peter Burden.
39,1,Ses05M_script03_2_F,neutral,Oh You knew there was nothing in that.
39,2,Ses05M_script03_2_M,neutral,I knew nothing of the sort.  You accepted presents from him.
39,3,Ses05M_script03_2_F,neutral,Only a trivial little broach.
39,4,Ses05M_script03_2_M,neutral,"I remember it well, covered in diamonds and the worst possible taste."
39,5,Ses05M_script03_2_F,neutral,Not at all.  I quite like it.  I wear it often.
39,6,Ses05M_script03_2_M,neutral,You went out of your way to torture me over Peter Burden.
39,7,Ses05M_script03_2_F,frustration,"[garbage], No, I didn't.  You worked the whole thing up in your jealous imagination."
39,8,Ses05M_script03_2_M,frustration,You must admit that he was in love with you. wasn't he?
39,9,Ses05M_script03_2_F,neutral,"Oh, maybe a little.  Nothing serious."
40,0,Ses01M_impro07_M,neutral,Check this out.  You know how I've told you I've been really into like softball recently?
40,1,Ses01M_impro07_F,neutral,Yeah.
40,2,Ses01M_impro07_M,neutral,"Well, this is totally random, I got this full ride scholarship to go to U.S.C next year to play softball."
40,3,Ses01M_impro07_F,neutral,[LAUGHTER]. For softball? That's unbelievable. Is it slow pitch?
40,4,Ses01M_impro07_M,neutral,For softball.  They're going to pay me to go to school. Isn't that awesome?
40,5,Ses01M_impro07_M,neutral,"Yeah.  Well, I don't--well yeah I can pitch, I'm not like the pitcher though. I'm like the pinch hitter guy I mostly just hit.  But I guess I'm going to have to... Yeah, and then I play shortstop too but... It's so ex- The good news is I get to stay here."
40,6,Ses01M_impro07_F,neutral,Uh huh.
40,7,Ses01M_impro07_F,neutral,Pinch hitting softball.
40,8,Ses01M_impro07_F,neutral,That is incredible.
41,0,Ses01F_script01_3_M,sadness,You can't just toss off a thing like that because they weren't just men. You know?
41,1,Ses01F_script01_3_M,sadness,"Like for instance, there was this one time it had been raining for several days and this kid he just came up to me and he gave me his last pair of dry socks.  He just put them in my pocket.  That's a little thing, you know, but that's what kind of guys I had."
41,2,Ses01F_script01_3_M,sadness,"They didn't die, they killed themselves for each other.  I mean that, exactly.  Just a little more selfish and they would all be here today."
41,3,Ses01F_script01_3_M,neutral,"And I had this idea as I was watching them go down.  Everything was being destroyed, you know, but this one thing was being made.  It was kind of a monument, it's kind of responsibility, man for man."
41,4,Ses01F_script01_3_F,neutral,Mmhmm.
41,5,Ses01F_script01_3_M,sadness,"To bring that on to the earth again, you know, is like some kind of monument and I thought I would just make a difference to them."
41,6,Ses01F_script01_3_M,sadness,"But then I came home and it was incredible, you know?  The whole thing was just kind of this random bus accident.  You know, I went back to the rat race again, I went to work."
41,7,Ses01F_script01_3_M,neutral,Driving my new car and seeing a new refrigerator.
42,0,Ses05F_script03_1_M,neutral,"Darling, don't say that."
42,1,Ses05F_script03_1_F,neutral,"Well, it's true."
42,2,Ses05F_script03_1_F,neutral,The whole business is really rather ridiculous.
42,3,Ses05F_script03_1_M,neutral,"Meaning that sacred and beautiful thing, love?"
42,4,Ses05F_script03_1_F,neutral,Meaning exactly that.
42,5,Ses05F_script03_1_M,neutral,"What does it all mean?  That's what I asked myself in my ceaseless quest for ultimate truth.  Dear God, what does it all mean?"
42,6,Ses05F_script03_1_F,neutral,Don't laugh at me; I'm serious.
42,7,Ses05F_script03_1_M,neutral,"You mustn't be serious my dear one, that's just what they want."
42,8,Ses05F_script03_1_F,neutral,Who's they?
43,0,Ses01M_impro05_M,anger,"Fifty dollars is not going to cover me for my job, okay?"
43,1,Ses01M_impro05_F,neutral,I wish I could give it to you.
43,2,Ses01M_impro05_M,anger,Well you need to find it. Can I just go back there and look through the bags?  Can I just go back there and just go through maybe I'll find it.
43,3,Ses01M_impro05_F,neutral,I wish I-
43,4,Ses01M_impro05_F,neutral,That's not - no.
43,5,Ses01M_impro05_F,neutral,No.
43,6,Ses01M_impro05_M,anger,It'll be a lot more than what you're doing sitting here and just give me lip service.  I'd like to go back at least do some aggressive searching for my stuff.
43,7,Ses01M_impro05_F,neutral,We have plenty of aggressive searching going on it's not there.  Someone's taken it.
44,0,Ses04M_script02_2_F,neutral,Well don't be ridiculous.  Don't you know that?  You're the one who probably wishes you were with somebody else; somebody who knew how to enjoy herself and didn't take everything so hard.
44,1,Ses04M_script02_2_M,happiness,"Actually, now that you mention it, no.  I don't."
44,2,Ses04M_script02_2_F,happiness,"Okay, fine.  So we're in the wrong spot, but we're with the right person."
44,3,Ses04M_script02_2_M,happiness,"I don't know.  It seemed like a good spot to me.  I mean, look at the view you've got of the moon from here."
44,4,Ses04M_script02_2_F,happiness,"Yeah, I noticed that.  Looks pretty on the water, doesn't it?  Big ol' white moon.  I'm sorry, Augie."
44,5,Ses04M_script02_2_M,happiness,"Shh.  If we're very quiet, the fish might come."
44,6,Ses04M_script02_2_F,neutral,Or not.
44,7,Ses04M_script02_2_M,neutral,Or not.
45,0,Ses02M_script02_2_M,neutral,"You were fine during the phone call from Marge, dinner was okay, doing the dishes was no problem, let's see, I took a shower, you watched the news, you said"
45,1,Ses02M_script02_2_M,neutral,"""the Grunion are running tonight,"" I said ""great, let's go, I feel lucky,"""
45,2,Ses02M_script02_2_M,neutral,"okay so I'm getting on my jacket and putting out the animals, getting the car out of the garage-"
45,3,Ses02M_script02_2_F,sadness,Do you remember the first time we came to see it? It was about four years ago right after we got married.
45,4,Ses02M_script02_2_F,sadness,"We thought I was pregnant and we opened a bottle of champagne but no glasses, you asked me to dance, we kicked off our shoes and you popped the cork."
45,5,Ses02M_script02_2_F,sadness,And when we were dancing you said the softest most intimate things to me right into my ears so I could feel them as much as hear them
45,6,Ses02M_script02_2_F,sadness,"and I remember thinking that this is it you know. At last, at last I am as happy as I am supposed to be"
45,7,Ses02M_script02_2_M,neutral,Wait a minute I've got it
45,8,Ses02M_script02_2_F,sadness,"Just dancing barefoot in the sand, drinking champagne out of the bottle."
45,9,Ses02M_script02_2_M,neutral,"It was in the car, right? Driving past the Knickerbocker Liquor Locker you said, let's get some champagne and I said times are wasting or something like that, right?"
46,0,Ses01F_script02_2_M,frustration,We've missed them twice.
46,1,Ses01F_script02_2_F,anger,Twice is every time we have tried; that's ever.
46,2,Ses01F_script02_2_M,frustration,They'll show up this time.
46,3,Ses01F_script02_2_F,neutral,No they won't.  It's like waiting for Santa Claus.
46,4,Ses01F_script02_2_F,frustration,I feel like my whole life is going to be spent standing on this beach with my eyes wide open and my hands clasped expectantly waiting for fish to show up.  And the fish never show up.
46,5,Ses01F_script02_2_M,neutral,I thought you wanted to see it.
46,6,Ses01F_script02_2_F,frustration,You don't understand anything I am saying.
46,7,Ses01F_script02_2_M,frustration,No. Of course not.
46,8,Ses01F_script02_2_F,neutral,"I did want to see it, I still do, I always do.  I just..."
46,9,Ses01F_script02_2_F,sadness,"I feel like I'm always just standing here waiting.  I feel like this night is going to be the night, but it never is."
47,0,Ses01F_script03_1_F,happiness,[LAUGHTER]
47,1,Ses01F_script03_1_M,happiness,Oh Come and kiss me darling before your body rots and worms pop out of your eye sockets.
47,2,Ses01F_script03_1_F,happiness,"Oh Elliott, worms don't pop."
47,3,Ses01F_script03_1_M,happiness,"Oh See, I don't care what you do, see.  You can paint yourself green and run naked through the Place Vendome and run off with all of the men of the world.  I shan't say a word, just as long as you love me best."
47,4,Ses01F_script03_1_F,happiness,"Aw.  Thank you, darling.  The same applies to you too, except that if you so much as look at another woman I'll kill you."
47,5,Ses01F_script03_1_M,neutral,Do you remember that awful scene we had in Venice?
47,6,Ses01F_script03_1_F,neutral,Which particular one?
47,7,Ses01F_script03_1_M,neutral,The one where you put that tiny painted wooden snake in my bed.
47,8,Ses01F_script03_1_F,neutral,"Oh Charles, that was his name.  He did wiggle so beautifully."
48,0,Ses01F_impro05_F,anger,"If you're- if you're- if you're looking for a lawsuit, baby, you've found it."
48,1,Ses01F_impro05_M,neutral,"We are actually not even allowed--  you know, like we don't have to give you this fifty dollars.  We don't have to do that."
48,2,Ses01F_impro05_F,anger,Oh-Oh.  It's a gift.  You're-You're helping me out here?
48,3,Ses01F_impro05_M,neutral,It's a gift.
48,4,Ses01F_impro05_M,neutral,"You know, the airlines can not be held responsible for every bag of luggage that comes through here."
48,5,Ses01F_impro05_F,anger,You are cruising for a bruising.  You are in so much trouble.
48,6,Ses01F_impro05_M,neutral,With the amount of--
48,7,Ses01F_impro05_F,anger,Who's in charge?  Who is the president of Jet Blue?
49,0,Ses05F_impro08_F,neutral,In the mail?
49,1,Ses05F_impro08_M,frustration,yeah
49,2,Ses05F_impro08_F,neutral,"So is it, is- is it at all possible that maybe this statement is just old and that the transaction hadn't been processed yet?"
49,3,Ses05F_impro08_M,frustration,"Well, when I look online, it says, it says that I was charged a late fee so I'm assuming that I paid on your web site-"
49,4,Ses05F_impro08_F,neutral,Okay.
49,5,Ses05F_impro08_M,frustration,"like I paid right through your own company before my due date but it's still and it even shows my payment there, and then it charged me the late fee afterwards."
49,6,Ses05F_impro08_F,neutral,Okay.
49,7,Ses05F_impro08_F,neutral,All right. I-
49,8,Ses05F_impro08_F,neutral,"Okay so, I'll just look it up and you know see what's going on, maybe we can..."
50,0,Ses03M_impro08a_M,frustration,There are a lot of people calling us having problems.  Every phone company is having the same problems ma'am
50,1,Ses03M_impro08a_F,frustration,Every phone...every single phone company?
50,2,Ses03M_impro08a_M,neutral,"Mmm hmmm.  Mmm hmmm.  The power outages, everything, hurricane Katrina. Everything's really messed up."
50,3,Ses03M_impro08a_F,anger,This is ridiculous.Well what are we supposed to do?  We starve then because I can't use my phone cause
50,4,Ses03M_impro08a_F,anger,"I am a realtor and this is my business.  People are calling me all the time but you know, and I don't have a land line.  I can't afford to have a land line"
50,5,Ses03M_impro08a_M,neutral,don't you-
50,6,Ses03M_impro08a_M,neutral,I'm really sorry ma'am.  There's not----a lot we can do for it.
50,7,Ses03M_impro08a_F,anger,That you better be sorry.
51,0,Ses05F_script03_2_F,neutral,"maybe just a little, but--"
51,1,Ses05F_script03_2_M,anger,You let him kiss you.  You said you did.
51,2,Ses05F_script03_2_F,neutral,And what of it?
51,3,Ses05F_script03_2_M,frustration,What of it?
51,4,Ses05F_script03_2_F,neutral,"Well, I- he got a lot of pleasure out of it and it didn't hurt me."
51,5,Ses05F_script03_2_M,neutral,What about me?
51,6,Ses05F_script03_2_F,neutral,"Well, if you hadn't been so nosey and suspicious, you never would have heard about it."
51,7,Ses05F_script03_2_M,anger,"Well, that's a nice point of view I must say."
51,8,Ses05F_script03_2_F,frustration,I'm growing quite tired and bored of this conversation.
52,0,Ses04F_script03_1_F,neutral,That was the first time you ever hit me.
52,1,Ses04F_script03_1_M,neutral,You didn't hit me- I didn't hit you very hard.
52,2,Ses04F_script03_1_F,neutral,Then the manager came in and found us rolling about on the floor biting and scratching like panthers.
52,3,Ses04F_script03_1_M,neutral,I shall never forget his face.
52,4,Ses04F_script03_1_F,neutral,"How ridiculous.  How utterly, utterly ridiculous."
52,5,Ses04F_script03_1_M,neutral,We were very much younger then.
52,6,Ses04F_script03_1_F,neutral,And very much sillier.
52,7,Ses04F_script03_1_M,neutral,"As a matter of fact, the real cause of that row was Peter Burden."
53,0,Ses01F_script03_2_M,frustration,So am I.  I'm bored stiff. [GARBAGE]  Do you want some brandy?
53,1,Ses01F_script03_2_F,neutral,No.  Thank you.
53,2,Ses01F_script03_2_M,neutral,"I'll have a little, I think."
53,3,Ses01F_script03_2_F,neutral,"I don't know why you'd want any, you've already had three glasses."
53,4,Ses01F_script03_2_M,neutral,"No particular reason.  Anyhow, they are very small ones."
53,5,Ses01F_script03_2_F,neutral,I just think it's silly to go on and on and on about such a thing.
53,6,Ses01F_script03_2_M,frustration,"You can hardly call three glasses of liquor a whole evening long, going on and on and on."
53,7,Ses01F_script03_2_F,neutral,It's become a habit with you.
54,0,Ses02M_script01_3_M,neutral,"Ann, I love you.  I love you a great deal.  I love you."
54,1,Ses02M_script01_3_M,neutral,I have no imagination.  That's all I know to tell you.
54,2,Ses02M_script01_3_M,neutral,I'm embarrassing you and I didn't want to tell it to you here.  I wanted some place we'd never been before.  A place where we'd be brand new to each other.
54,3,Ses02M_script01_3_M,neutral,"You feel wrong here, don't you?  This yard, this chair.  I want you to be ready for me.  I don't want to have to win you away from anything."
54,4,Ses02M_script01_3_F,neutral,"Oh, Chris, I've been ready for a long, long time."
54,5,Ses02M_script01_3_M,neutral,And he's gone forever.  You're sure?
54,6,Ses02M_script01_3_F,neutral,I almost got married two years ago.
54,7,Ses02M_script01_3_M,neutral,Why didn't you?
54,8,Ses02M_script01_3_F,happiness,"Well, you started to write me"
55,0,Ses01M_script03_2_F,neutral,If you hadn't been so suspicious and nosey you'd never known a thing about it.
55,1,Ses01M_script03_2_M,neutral,That's a nice point of view I must say.
55,2,Ses01M_script03_2_F,neutral,I'm bored with this conversation.
55,3,Ses01M_script03_2_M,neutral,So am I.  I'm bored stiff.  You want some brandy?
55,4,Ses01M_script03_2_F,neutral,"No, thank you."
55,5,Ses01M_script03_2_M,neutral,"I'll have a little, I think."
55,6,Ses01M_script03_2_F,anger,I don't see why you want any you already had two glasses.
55,7,Ses01M_script03_2_M,neutral,"Oh, you know no particular reason besides they are very small glasses."
55,8,Ses01M_script03_2_F,neutral,I just think it's silly you know to go on and on and on about such a thing.
56,0,Ses04M_impro03_M,neutral,"help Kate out with like planning stuff. I mean, if you want to.  I mean, you guys are good friends anyway so I figured, you know, if you guys want to like -- I mean, you know, I'm sure you enjoy that kind of thing."
56,1,Ses04M_impro03_F,neutral,"Yeah, I would love to. Thanks. [LAUGHTER]"
56,2,Ses04M_impro03_M,neutral,Okay. Well there you go.
56,3,Ses04M_impro03_F,neutral,"Oh, my God, where -- have you guys talked about where you're going to get married or--"
56,4,Ses04M_impro03_M,neutral,I think we're going to -- we're going to -- we want to do it in Hawaii and just fly everybody in.
56,5,Ses04M_impro03_F,neutral,"Oh, my God."
56,6,Ses04M_impro03_M,neutral,"I just -- 'cause, I mean, Hawaii just has like the best fruit buffets.  And so I'm just going to say forget, you know, all like kind of meats and all that stuff."
56,7,Ses04M_impro03_M,neutral,"It's just going to be like a all fruit--fruit buffet wedding, plus a cake."
57,0,Ses03F_script03_2_M,neutral,"Yes, they do. They have a big bag of venom behind their fangs and they snap."
57,1,Ses03F_script03_2_F,frustration,They sting.
57,2,Ses03F_script03_2_M,anger,They snap.
57,3,Ses03F_script03_2_F,anger,"I don't care. I don't care, do you understand? I don't care if they bark, if they roll over on the floor like hoops."
57,4,Ses03F_script03_2_M,neutral,"Uhh,"
57,5,Ses03F_script03_2_M,anger,did you see much of Peter Burden after our divorce?
57,6,Ses03F_script03_2_F,neutral,"Yes, I did, quite a lot actually."
57,7,Ses03F_script03_2_M,anger,"I imagine that you let him kiss you quite a bit more then, didn't you?"
57,8,Ses03F_script03_2_F,frustration,Mind your business.
58,0,Ses02F_script01_1_M,frustration,"These years when I think of a wife, I think of Annie.  What do you want, a diagram?"
58,1,Ses02F_script01_1_F,frustration,"I don't want a diagram.  Umm-- He thinks he's coming back, Chris.  You marry that girl and you're pronouncing him dead."
58,2,Ses02F_script01_1_F,frustration,"I mean, what's gonna happen to your father?  Do you know?  I don't."
58,3,Ses02F_script01_1_M,frustration,"All right.  All right, then, Mom."
58,4,Ses02F_script01_1_F,frustration,I just--give it some more thought.
58,5,Ses02F_script01_1_M,frustration,I've given it three years of thought.  I thought that if I waited Dad would forget about Larry and we could have a regular wedding and everything happy.
58,6,Ses02F_script01_1_M,neutral,"But if I can't--if that can't happen here, then I'll have to get out."
58,7,Ses02F_script01_1_F,neutral,What the hell is this?
58,8,Ses02F_script01_1_M,neutral,I'll get out.  I'll get married and go live some place else.  Maybe New York.
59,0,Ses05F_script01_1_M,anger,"For God's sake, mom, three years.  Nobody comes back after three years!  It's insane!"
59,1,Ses05F_script01_1_F,frustration,"To you it is, and to me, but not to your father.  Now look, you can talk yourself  blue in the face, but there's no body, and there's no grave, so where are you?"
59,2,Ses05F_script01_1_M,frustration,"Sit down, mom.  I want to talk to you."
59,3,Ses05F_script01_1_F,neutral,"The trouble with the god damned newspapers, I mean every week, they do a story about some boy's been gone longer than Larry and he comes back, so the next one is gonna--"
59,4,Ses05F_script01_1_M,frustration,"All right, All right mom.  Listen!"
59,5,Ses05F_script01_1_M,sadness,"You know why I asked Annie here, don't you?"
59,6,Ses05F_script01_1_F,neutral,why?
59,7,Ses05F_script01_1_M,frustration,You know.
60,0,Ses05M_script01_1b_M,frustration,"I'll find out and then we'll thrash it out with dad, all right?  Mom, don't avoid me."
60,1,Ses05M_script01_1b_F,neutral,The trouble is you don't see enough women.  You never did.
60,2,Ses05M_script01_1b_M,frustration,"So what, I'm not fast with women?"
60,3,Ses05M_script01_1b_F,neutral,I just don't see why it has to be Annie.
60,4,Ses05M_script01_1b_M,frustration,Because it is.
60,5,Ses05M_script01_1b_F,neutral,"Well, that's a good reason.  But it don't mean a thing. I mean, You haven't seen her since you went to war.  It's been five years."
60,6,Ses05M_script01_1b_M,frustration,"[garbage] I don't know.  It's just,"
60,7,Ses05M_script01_1b_M,frustration,"she's who I know best. I know her since I- I was a kid I grew up with her.  When I think of somebody for my wife these days, I I think of Annie.  What do you want, a diagram?"
61,0,Ses03M_script02_2_M,neutral,So what do you think?
61,1,Ses03M_script02_2_F,anger,About what?
61,2,Ses03M_script02_2_M,frustration,About what I just said?
61,3,Ses03M_script02_2_F,anger,It's ridiculous.
61,4,Ses03M_script02_2_M,frustration,It certainly is not.  It's a slightly exaggerated scientific fact.
61,5,Ses03M_script02_2_F,anger,"It's PR.  I mean, somebody sold you a good bill about this wonderful event that going to happen on the beach."
61,6,Ses03M_script02_2_M,frustration,I'm not the only one.  Look at all these people.
61,7,Ses03M_script02_2_F,anger,"Yeah.  Everyone else was sold the same thing.  I mean, look, it keeps us excited, it keeps us coming back for more and you know, keeps us thinking life's going to start any minute now."
61,8,Ses03M_script02_2_M,frustration,Are we talking about the same thing?
61,9,Ses03M_script02_2_F,anger,"Look, I'm sorry but it's still just fish to me."
62,0,Ses01F_impro04_M,neutral,maybe get a car.
62,1,Ses01F_impro04_M,neutral,"I just, you know, think you should try a little harder maybe."
62,2,Ses01F_impro04_F,frustration,you think that you're better than me because I don't have a car?
62,3,Ses01F_impro04_M,neutral,I didn't say that.
62,4,Ses01F_impro04_F,frustration,"You know, you're riding the bus, too."
62,5,Ses01F_impro04_M,neutral,"I am riding the bus, but by choice."
62,6,Ses01F_impro04_F,frustration,Why?  What choice?
62,7,Ses01F_impro04_M,neutral,"To save the environment, carpool."
62,8,Ses01F_impro04_F,frustration,You're saving the environment. mmhmm
63,0,Ses03M_script02_2_M,anger,Welcome to the human race.
63,1,Ses03M_script02_2_M,anger,Do you think that this is what I had in mind?  That four years down the line that we'd get married and come to the beach and argue with each other over fish?  No.
63,2,Ses03M_script02_2_M,anger,I was just like you.  I thought it was going to be all peaches and roses and everything great and the sand in our toes and the wind in our hair and the fish will always come and the bills will pay themselves and we'd have three big fat rosy kids...
63,3,Ses03M_script02_2_M,anger,...and you know?  Baby the jokes on us.  Because you know what you get?  Do you know what you get Carla?  You get this.
63,4,Ses03M_script02_2_F,frustration,"This what...what's this?  This isn't anything. Alright.  Sure.  Standing on the beach, fighting and waiting."
63,5,Ses03M_script02_2_M,anger,Yes it is.
63,6,Ses03M_script02_2_M,anger,Right.
63,7,Ses03M_script02_2_F,anger,Cause everything isn't anything like I thought it would be.
63,8,Ses03M_script02_2_M,neutral,No.  I know.  Me neither.
63,9,Ses03M_script02_2_F,sadness,This is just this.  You know?  I mean it's a lot and everything but it isn't somewhere else.  Do you know what I'm trying to say?
64,0,Ses01F_script01_2_M,frustration,[BREATHING]
64,1,Ses01F_script01_2_M,frustration,Calm yourself.
64,2,Ses01F_script01_2_F,anger,"Just believe with me, Joe. Only last week a man came back in Detroit missing longer than Larry.  Believe with me. You, above all, have got to believe. Just believe."
64,3,Ses01F_script01_2_M,frustration,Okay. Calm yourself.
64,4,Ses01F_script01_2_M,frustration,"I know. All right, all right. All right. Okay.  Calm yourself. What does that mean, me above all?"
64,5,Ses01F_script01_2_M,neutral,"Look at you, you're shaking."
64,6,Ses01F_script01_2_F,frustration,I can't help it.
64,7,Ses01F_script01_2_M,anger,"What have I got to hide?  What the hell is the matter with you, Kate?"
65,0,Ses02M_script02_2_M,neutral,It's not champagne.
65,1,Ses02M_script02_2_F,happiness,"Well, I guess we don't need glasses."
65,2,Ses02M_script02_2_M,neutral,You still cold? Do you want my jacket? Do you want to go home?
65,3,Ses02M_script02_2_F,neutral,No. No. I think you might be right. I think this may be the spot after all.
65,4,Ses02M_script02_2_F,sadness,"Augie, I'm sorry."
65,5,Ses02M_script02_2_M,happiness,"Shh, if we're very quiet the fish might come."
65,6,Ses02M_script02_2_F,happiness,Or not.
65,7,Ses02M_script02_2_M,happiness,Or not.
65,8,Ses02M_script02_2_F,neutral,Hmm.
66,0,Ses04M_impro05_M,frustration,"But what I'm talk -- but I'm just,just- please let me--"
66,1,Ses04M_impro05_M,frustration,But if I could just speak directly -- if I could just speak directly to your-- to your superior person
66,2,Ses04M_impro05_F,frustration,"I'd be happy to give you a cup of coffee, too."
66,3,Ses04M_impro05_F,frustration,We'll just throw that in--gratuitously.
66,4,Ses04M_impro05_M,frustration,then that would be helpful to me because I just feel like if- you don't think you have the power to write three checks but you actually do. see?
66,5,Ses04M_impro05_F,frustration,"No, I don't. See, I could lose my job if I did that."
66,6,Ses04M_impro05_M,frustration,But your job is not my concern. My concern is getting my luggage.
66,7,Ses04M_impro05_F,frustration,And your bag is not my concern.
66,8,Ses04M_impro05_F,frustration,The fifty dollars I'm going to give you for your bag is really all I'm concerned with.
67,0,Ses03F_script02_1_M,neutral,"What, okay, then it's fish that do something no other fish do. Like the swallows in Capistrano or the lemmings who throw themselves off the cliffs."
67,1,Ses03F_script02_1_M,neutral,"There's magic here and mystery and a little bit of the unexplainable. I mean, I don't see how you cannot be interested."
67,2,Ses03F_script02_1_F,neutral,"I'm just not. I mean, I'm sorry, it just-they're still fish to me."
67,3,Ses03F_script02_1_M,neutral,For real?
67,4,Ses03F_script02_1_F,neutral,Yes.
67,5,Ses03F_script02_1_M,neutral,I don't get it. The last time-the first time that we came to see it you said it was the best night of your life.
67,6,Ses03F_script02_1_M,neutral,And then last year when we came to see it you ran out of the house so fast that you stubbed your toe. And you didn't even notice until you got in the car.
67,7,Ses03F_script02_1_F,frustration,"Yes, and if you also remember, I got sand in my panties. We got into an argument about nothing. You got a sore throat and we never saw the grunions."
68,0,Ses04M_script01_3_F,neutral,You're the only one I know who loves his parents.
68,1,Ses04M_script01_3_M,neutral,"I know.  It went out of style, didn't it?"
68,2,Ses04M_script01_3_F,neutral,"It's okay.  It's a good thing.  You know, it's lovely here and the air is sweet."
68,3,Ses04M_script01_3_M,neutral,So you're not sorry you came?
68,4,Ses04M_script01_3_F,neutral,"No, not sorry, but I'm not going to stay."
68,5,Ses04M_script01_3_M,neutral,Why?
68,6,Ses04M_script01_3_F,neutral,"In the first place, your mother as much as told me to go."
68,7,Ses04M_script01_3_F,neutral,You saw that and then you've been kind of--
68,8,Ses04M_script01_3_M,neutral,What?
69,0,Ses02F_impro08_M,neutral,[BREATHING] that's good.
69,1,Ses02F_impro08_F,neutral,"um, you're scheduling a flight as well--And you would like to, um, we have a highly discounted hotel rate that goes along with that so that everything is all in one deal.  You're taken care of by the time that you get there."
69,2,Ses02F_impro08_M,neutral,"All right.  I want to make sure it's like a nice hotel--I mean-mean I'm gonna be paying a lot of money for this so I don't wanna-I don't wanna, you know, I don't wanna to be a waste of time."
69,3,Ses02F_impro08_F,neutral,Absolutely. we we
69,4,Ses02F_impro08_F,neutral,"Yes, I completely understand.  Actually, our-our airline only uses five star hotel and above.  Except we charge at a three star hotel rate because, as a corporation, we are able to get a deal from the hotels themselves."
69,5,Ses02F_impro08_F,neutral,"So, you will absolutely be in a high rated great hotel and we can make sure that it's in a area of town that you like as well."
69,6,Ses02F_impro08_M,neutral,Okay. So--
69,7,Ses02F_impro08_F,neutral,Yeah.
70,0,Ses05F_script02_1_M,neutral,"Think about people in Kansas, they have to get a- a plane reservation and a hotel reservation just to see this uh- but we are just forty minutes away.  Too good to pass up."
70,1,Ses05F_script02_1_F,frustration,"Pass up what?  Its little fish, one month on the beach and they flop around and they swim away and then they die."
70,2,Ses05F_script02_1_M,neutral,"Yeah but that moment on the beach is the highlight of their little lives, all that flopping around is laying eggs or what you- mating or spawning or something like that."
70,3,Ses05F_script02_1_M,neutral,This is a big night for these guys.  Life's last orgy. Yeah
70,4,Ses05F_script02_1_F,frustration,"What are you so excited about?  I mean it's not--it's not rocket science we are talking about, its fish.  Its fish nobody even eats."
70,5,Ses05F_script02_1_M,neutral,Yeah they do.
70,6,Ses05F_script02_1_F,neutral,Augie.
70,7,Ses05F_script02_1_M,neutral,"Okay, but they are fish that do something that no other fish do.  Like the swallows returning to Capistrano, or the lemmings jumping off a cliff you know like that."
71,0,Ses05F_impro07_F,neutral,you'd be that kid
71,1,Ses05F_impro07_F,neutral,"living near campus, and not going to school."
71,2,Ses05F_impro07_M,neutral,"Exactly.  Mooching off of all like the college experiences, that would've been me but you have saved me from that disaster. Thank you. Thank you very much."
71,3,Ses05F_impro07_F,neutral,[LAUGHTER]
71,4,Ses05F_impro07_M,neutral,"Oh, it's going to be so much fun."
71,5,Ses05F_impro07_F,neutral,yeah.
71,6,Ses05F_impro07_M,neutral,"Well, congratulations. and to me too, because now I get to-have-"
71,7,Ses05F_impro07_F,neutral,We should go apartment shop-er-hunting.
72,0,Ses04M_script01_1_M,neutral,Then you help me stay here.
72,1,Ses04M_script01_1_F,anger,"Alright.  But just don't think like that because what the hell did we work for?  That's all for you, Chris.  The whole shooting match is just for you."
72,2,Ses04M_script01_1_M,frustration,I know that.  Just you help me stay here.
72,3,Ses04M_script01_1_F,anger,"But don't think that way, you hear me?"
72,4,Ses04M_script01_1_M,neutral,I am thinking that way.
72,5,Ses04M_script01_1_F,neutral,"I don't understand you, do I?"
72,6,Ses04M_script01_1_M,frustration,"No, you don't.  I'm a pretty tough guy."
72,7,Ses04M_script01_1_F,neutral,"Yeah, I can see that."
73,0,Ses02F_script02_1_M,neutral,"You know, the flashlight, the silver one.  There's only one isn't there?"
73,1,Ses02F_script02_1_F,neutral,That's not your flashlight.
73,2,Ses02F_script02_1_M,neutral,Who's is it?
73,3,Ses02F_script02_1_F,neutral,It's ours.  It's mine too.
73,4,Ses02F_script02_1_M,neutral,"Oh, well sure."
73,5,Ses02F_script02_1_F,neutral,"You kept saying my flashlight, if as if somehow it's just yours.  I mean is that supposed to make me feel?"
73,6,Ses02F_script02_1_M,neutral,"Right, of course.  Our flashlight.  Mine and yours.  I mean, me flashlight is su flashlight naturally."
73,7,Ses02F_script02_1_M,neutral,How could we forget to bring it?  I hope the moon stays out.
73,8,Ses02F_script02_1_M,neutral,"I wonder, do they always run during a full moon?  I can't remember if it was full last year.  Do you remember?"
74,0,Ses05F_impro04_F,frustration,It's not fair.
74,1,Ses05F_impro04_M,neutral,You have to be willing - You have to be willing to start you know at the bottom and work your way up. and
74,2,Ses05F_impro04_F,frustration,That's fine.  I'd be willing to start anywhere.  I can't get a job.
74,3,Ses05F_impro04_M,frustration,I
74,4,Ses05F_impro04_F,frustration,"I mean, on six seven and five an hour does not - does not pay the bills I mean."
74,5,Ses05F_impro04_M,neutral,"No, it doesn't pay the bills, but it would pay something.  And it would help you get somewhere else."
74,6,Ses05F_impro04_F,anger,I still can't live on in six seven and five.  It's not possible in Los Angeles.  Housing is too expensive.
74,7,Ses05F_impro04_M,neutral,"and No, I understand, but you've got to start somewhere.  It's better than nothing and that's all you have.  You have nothing right now."
74,8,Ses05F_impro04_F,frustration,"I mean I can do the McDonald's thing for a while as humiliating as that is, but I mean then what?  I mean You can't exactly move up in that kind of industry."
74,9,Ses05F_impro04_M,neutral,"Wait, You can move up.  There's management programs in McDonalds and things like that."
75,0,Ses02M_impro05_M,frustration,This is unbelievable. I've got
75,1,Ses02M_impro05_M,anger,you don't realize the stuff that I've got in that - I really need to get the suitcase okay
75,2,Ses02M_impro05_F,neutral,"I understand, so-"
75,3,Ses02M_impro05_M,frustration,"so if it's back there or something, if there is something you can do"
75,4,Ses02M_impro05_M,frustration,"I need you to tell me because I really need to get the bag, okay?"
75,5,Ses02M_impro05_F,neutral,"all right, We've already checked back here for your baggage"
75,6,Ses02M_impro05_F,neutral,and we will continue to look for it and because your paper-
75,7,Ses02M_impro05_M,frustration,You've already checked? Can you check again? [garbage]
76,0,Ses02F_impro04_M,neutral,"So, uh, so how's it been going?  I mean, you have any needs or anything?"
76,1,Ses02F_impro04_F,frustration,I'm--every lead that I get ends up just being a dead end.  You know what I mean.  People are sick of me calling--
76,2,Ses02F_impro04_M,neutral,"No.  You can't think that way.  I mean it's good--it's good that you're--that you're calling, you know. you can't"
76,3,Ses02F_impro04_F,frustration,"Yeah, but it--I mean it's the same response you get over and over again.  Like--"
76,4,Ses02F_impro04_F,frustration,"Oh, we're not hiring at this time or thank you, we already have your information on file--We'll call you when we're ready."
76,5,Ses02F_impro04_M,neutral,"Yeah--I know what you mean.  I've gone through like similar stuff, but--"
76,6,Ses02F_impro04_F,frustration,"But, it's been so long, like--I mine as well just take a job at McDonald's.  Like, I don't--"
76,7,Ses02F_impro04_M,neutral,"No, come on.  Don't [GARBAGE]"
76,8,Ses02F_impro04_F,frustration,"I just--I can't do it anymore.  Like, it just takes it out of you--"
76,9,Ses02F_impro04_M,neutral,"I know.  I know. It's hard, but you just--you gotta keep going.  I mean, you've been going at it for so long, you know.  Something is definitely going to come up.  I-I know it will, because you're a good worker--"
77,0,Ses02F_script01_1_M,neutral,"Being dishonest with him.  I mean, that sort of thing always pays off and now it's paying off."
77,1,Ses02F_script01_1_F,neutral,What you mean dishonest?
77,2,Ses02F_script01_1_M,neutral,You know that Larry's not coming back and I know it.  Why do we allow him to go on thinking that we believe with him?
77,3,Ses02F_script01_1_F,frustration,What do you want to do argue with him?
77,4,Ses02F_script01_1_M,neutral,"No, I don't want to argue with him, but it's about time he realized that nobody believes Larry's alive anymore?"
77,5,Ses02F_script01_1_M,anger,Why shouldn't he dream of him and walk the nights waiting for him?  Do we contradict him?  Do we say straight out that we don't have any hope anymore?  That we haven't had hope for years now?
77,6,Ses02F_script01_1_F,frustration,You can't say that to him.
77,7,Ses02F_script01_1_M,frustration,We've got to say it to him.
77,8,Ses02F_script01_1_F,frustration,Can you prove it?  How can you prove it?
78,0,Ses05F_script02_1_F,neutral,That's my point.
78,1,Ses05F_script02_1_M,neutral,That's my point too.
78,2,Ses05F_script02_1_F,frustration,So let's go.
78,3,Ses05F_script02_1_M,neutral,"No, no, no.  That's not my point.  My point is what's the point in coming down here if we are just going to turn around and go home.  Don't you want to see it?"
78,4,Ses05F_script02_1_F,neutral,Not particularly.
78,5,Ses05F_script02_1_M,frustration,Why not?
78,6,Ses05F_script02_1_F,neutral,I just don't.
78,7,Ses05F_script02_1_M,neutral,"Honey, this is a natural phenomenon. I mean,  It happens like once a year.  It's a great opportunity."
79,0,Ses05M_impro05_M,neutral,Hi. Um-  My luggage didn't come out of the conveyor thingy.
79,1,Ses05M_impro05_F,neutral,Hmm. Hmm.
79,2,Ses05M_impro05_M,neutral,"So, um, what do I do?"
79,3,Ses05M_impro05_F,neutral,How long ago was that?
79,4,Ses05M_impro05_M,neutral,"Uh- Like, an hour and a half ago.  I talked to somebody who was standing out there and they said wait.  Sometimes like random butt- pieces come out late."
79,5,Ses05M_impro05_F,neutral,Uh-Hmm.
79,6,Ses05M_impro05_M,neutral,"And so I waited there, but nothing came."
79,7,Ses05M_impro05_F,neutral,"Um, okay.  Well, you can fly- file a claim.  Where were you coming from?"
79,8,Ses05M_impro05_M,neutral,"I was coming from um the Midwest, like Iowa."
80,0,Ses05M_script02_2_F,neutral,"Augie, you brought refreshments."
80,1,Ses05M_script02_2_M,happiness,"Well, it isn't champagne."
80,2,Ses05M_script02_2_F,neutral,"Well, then we don't need glasses."
80,3,Ses05M_script02_2_M,neutral,Are you still cold?  Still want to go home?
80,4,Ses05M_script02_2_F,happiness,"No.  I'm beginning to think you might be right. I think  this might be the spot after all.  Augie, I'm sorry."
80,5,Ses05M_script02_2_M,neutral,"Shh.  If we're really quiet, the fish might come."
80,6,Ses05M_script02_2_F,happiness,Or not.
80,7,Ses05M_script02_2_M,happiness,Or not.
81,0,Ses03F_impro06_M,sadness,Trying to have a baby.
81,1,Ses03F_impro06_F,sadness,"Yeah. But then when he got cancer and it got bad, you know, she just took off and-"
81,2,Ses03F_impro06_F,sadness,so I was there for him.
81,3,Ses03F_impro06_M,sadness,Some people.
81,4,Ses03F_impro06_M,sadness,"Yeah, but you were there all the hospital days. By his bed-"
81,5,Ses03F_impro06_F,sadness,"Yeah. God, I loved that kid."
81,6,Ses03F_impro06_M,sadness,"So nice, so positive."
81,7,Ses03F_impro06_F,sadness,yeah.
82,0,Ses03M_script01_2_F,anger,Why did he invite her here?
82,1,Ses03M_script01_2_M,frustration,Why does that bother you?
82,2,Ses03M_script01_2_F,anger,Well she's been away for three and a half years in New York and suddenly she just shows up.
82,3,Ses03M_script01_2_M,neutral,"Well maybe, maybe he just wanted to see her."
82,4,Ses03M_script01_2_F,neutral,Nobody travels seven hundred miles just see.
82,5,Ses03M_script01_2_M,frustration,uh-uh What do you mean?  They grew up next to each other their entire lives.  Why shouldn't he want to see her?
82,6,Ses03M_script01_2_M,frustration,Hey don't look at me like that.  I don't know anymore than you.
82,7,Ses03M_script01_2_F,neutral,He's not going to marry her.
82,8,Ses03M_script01_2_M,neutral,Who said he even thought about that?
82,9,Ses03M_script01_2_F,neutral,I see it.  It has the appearance of it.
83,0,Ses02M_impro01_M,anger,"What web- I didn't go to a website - why would I need to - it's the D.M.V.. You come to the D.M.V., you wait in line for three hours, and then you go home."
83,1,Ses02M_impro01_F,frustration,"Well, maybe you should"
83,2,Ses02M_impro01_M,frustration,I waited in line now I'm ready to get my stuff and then go home.
83,3,Ses02M_impro01_F,frustration,Right. So maybe you should go home now and get your paperwork and come back.
83,4,Ses02M_impro01_F,frustration,"I'm sorry sir but there's a lot of people waiting. So if you won't move out of the way, then I'm going to have to call security."
83,5,Ses02M_impro01_M,frustration,"God, oh my-"
83,6,Ses02M_impro01_M,frustration,This is ridiculous.
83,7,Ses02M_impro01_F,frustration,"I'm sorry, sir, it's not my choice."
84,0,Ses05F_script01_1_F,neutral,"well, that's a good reason, but it doesn't answer a thing."
84,1,Ses05F_script01_1_M,frustration,"I can't help it.  I know her best.  I was brought up next door to here, the easiest, when I think of somebody for my wife, I think of Annie.  Do you want a diagram?"
84,2,Ses05F_script01_1_F,frustration,"No, I don't want a diagram, but, Chris, your father thinks Larry's coming back."
84,3,Ses05F_script01_1_F,sadness,"You marry his girl, and you're pronouncing him dead.  Now what's going to happen to your father, do you know?  I don't."
84,4,Ses05F_script01_1_M,frustration,"All right, then, Mom."
84,5,Ses05F_script01_1_F,neutral,Give it some more thought.
84,6,Ses05F_script01_1_M,frustration,"I've given it three years of thought.  And hope by now that he wouldn't.  Can you forget about Larry an-- and we can have a regular wedding and have everybody be happy.  But that can't happen here, I'm set to get out."
84,7,Ses05F_script01_1_F,anger,What the hell is this?
85,0,Ses04F_script01_3_M,neutral,Why didn't you?
85,1,Ses04F_script01_3_F,happiness,You started to write me.
85,2,Ses04F_script01_3_M,neutral,You felt something that far back?
85,3,Ses04F_script01_3_F,happiness,Every day since.
85,4,Ses04F_script01_3_M,neutral,"Ann, why didn't you let me know?"
85,5,Ses04F_script01_3_F,happiness,"I was waiting for you, Chris.  Till then you never wrote and then when you did what did you say.  I mean you sure can be ambiguous you know."
85,6,Ses04F_script01_3_M,happiness,"Give me a kiss, Ann.  Give me a-God I kissed you."
85,7,Ses04F_script01_3_M,happiness,"I kissed Annie.  How long, how long I've been waiting to kiss you."
85,8,Ses04F_script01_3_F,happiness,I'll never forgive you.  Why did you wait all these years?  All I've done is sit and wonder if I was crazy for thinking of you.
86,0,Ses01F_script01_1_M,frustration,"All right, all right, all right.  You know why I asked Annie here, right?"
86,1,Ses01F_script01_1_F,frustration,Why?
86,2,Ses01F_script01_1_M,neutral,You know.
86,3,Ses01F_script01_1_F,neutral,"Well I got an idea, but what's your story?"
86,4,Ses01F_script01_1_M,neutral,I'm going to ask her to marry me.
86,5,Ses01F_script01_1_F,neutral,"Well that's only your business, Chris."
86,6,Ses01F_script01_1_M,neutral,You know it's not just my business.
86,7,Ses01F_script01_1_F,neutral,Well what do you want me to do?  You're old enough to know your own mind.
86,8,Ses01F_script01_1_M,neutral,"So all right then, I'll just go ahead with it?"
87,0,Ses04M_script03_1_F,neutral,But what's so horrible is that one can't stay happy.
87,1,Ses04M_script03_1_M,neutral,"Don't say that, darling."
87,2,Ses04M_script03_1_F,neutral,It's true.  The whole business is a very poor joke.
87,3,Ses04M_script03_1_M,neutral,"Meaning that sacred and beautiful thing, love?"
87,4,Ses04M_script03_1_F,neutral,"Yes, meaning just that."
87,5,Ses04M_script03_1_M,neutral,"What does it all mean?  That's what I ask myself in my ceaseless quest for ultimate truth.  Dear God, what does it all mean?"
87,6,Ses04M_script03_1_F,neutral,Don't laugh at me.  I'm serious.
87,7,Ses04M_script03_1_M,neutral,"You mustn't be serious, my dear.  That's just what they want."
88,0,Ses04F_script01_1_M,frustration,You know it's not only my business.
88,1,Ses04F_script01_1_F,anger,What do you want me to do?  You're old enough to know your own mind.
88,2,Ses04F_script01_1_M,frustration,Then it's alright.  I'll go ahead with it.
88,3,Ses04F_script01_1_F,neutral,Well you want to make sure that father isn't going to-
88,4,Ses04F_script01_1_M,anger,Then it isn't just my business.
88,5,Ses04F_script01_1_F,frustration,I'm just saying.
88,6,Ses04F_script01_1_M,anger,Sometimes you infuriate me.  You know that?  Isn't it your business too if I tell this to father and he throws a fit about it.
88,7,Ses04F_script01_1_M,anger,Sometimes you have a- Sometimes you have a talent for ignoring things.
88,8,Ses04F_script01_1_F,anger,I ignore what I got to ignore. The girl is Larry's girl.
89,0,Ses03F_impro03_M,neutral,"Oh, my God, look at that. Huh-oh, how many carats is that?"
89,1,Ses03F_impro03_F,neutral,"I know. [LAUGHTER]. Dude, I don't know. It's- Probably. It's huge. I don't even know how to like wear it. My hand is like going down like really low. I can't believe it."
89,2,Ses03F_impro03_M,neutral,Like eighteen? [LAUGHTER]
89,3,Ses03F_impro03_M,neutral,"Oh, Jesus."
89,4,Ses03F_impro03_M,neutral,Is it-
89,5,Ses03F_impro03_F,neutral,"I- Yeah, it's-"
89,6,Ses03F_impro03_M,neutral,So how did he do it?
89,7,Ses03F_impro03_F,neutral,"Oh, man. So I was--okay, so we went to go see this show on Broadway, right? And it was The wed- the wed- The Lousy Chaperone. Have you seen that one?"
89,8,Ses03F_impro03_M,neutral,yeah [LAUGHTER]
89,9,Ses03F_impro03_M,neutral,"Yeah, The Lousy Chaperone. [LAUGHTER] Uh huh."
90,0,Ses04M_script03_2_M,frustration,"No particular reason.  Anyhow, they were very small ones."
90,1,Ses04M_script03_2_F,frustration,It seems so silly to go on and on and on with such a thing.
90,2,Ses04M_script03_2_M,frustration,You can hardly call three liquor glasses in a whole evening going on and on and on.
90,3,Ses04M_script03_2_F,anger,It's become a habit with you.
90,4,Ses04M_script03_2_M,frustration,You needn't be so grand just because you don't happen to want any at the moment.
90,5,Ses04M_script03_2_F,frustration,"Oh, don't be so stupid."
90,6,Ses04M_script03_2_M,anger,"Really, Amanda"
90,7,Ses04M_script03_2_F,anger,What?
90,8,Ses04M_script03_2_M,anger,Nothing.
90,9,Ses04M_script03_2_M,anger,"Going out somewhere, my dear?"
90,10,Ses04M_script03_2_F,frustration,"No, just making myself fascinating for you"
91,0,Ses03M_script03_1_F,neutral,[LAUGHTER] Yeah.  That was the first time you ever hit me.
91,1,Ses03M_script03_1_M,neutral,I didn't hit you very hard.
91,2,Ses03M_script03_1_F,neutral,"The manager came in and saw us rolling on the floor, scratching and biting like panthers."
91,3,Ses03M_script03_1_M,neutral,I will never forget his face. Ooh-rah [LAUGHTER].
91,4,Ses03M_script03_1_F,neutral,"How ridiculous.  How utterly, utterly ridiculous."
91,5,Ses03M_script03_1_M,neutral,We were very much younger then.
91,6,Ses03M_script03_1_F,neutral,And much sillier too.
91,7,Ses03M_script03_1_M,neutral,The real cause of that rile was Peter Burden.
92,0,Ses03M_script03_1_M,neutral,"Well, it depends on how well we've played."
92,1,Ses03M_script03_1_F,neutral,"What happens if one of us dies?  I mean, does the other one still laugh?"
92,2,Ses03M_script03_1_M,neutral,"Of course, yes, yes, with all his might."
92,3,Ses03M_script03_1_F,sadness,That's serious enough.
92,4,Ses03M_script03_1_M,neutral,"No.  No it isn't.  That's very laughable, a cunning little mystery all done with mirrors."
92,5,Ses03M_script03_1_F,neutral,Darling I believe you're talking nonsense.
92,6,Ses03M_script03_1_M,neutral,"Oh, and who isn't talking nonsense?"
92,7,Ses03M_script03_1_M,neutral,Let's be superficial and pity the poor philosophers hmmm?  Let's blow trumpets and squeakers and party as much as we can like quite idiotic school children.
92,8,Ses03M_script03_1_M,neutral,Let's savor the delight of the moment.  Come kiss me darling before worms pop in and out of your eye sockets.
93,0,Ses05F_impro01_F,frustration,"No, I'm not, I'm sorry.I'm not stupid."
93,1,Ses05F_impro01_M,frustration,"I'm not saying that you're stupid, ma'am.  I think you just said that you were stupid."
93,2,Ses05F_impro01_F,anger,Isn't there anything you can do?  Just call over and ask them if I can go to the front of the line in the other line.
93,3,Ses05F_impro01_M,frustration,"It doesn't work that way here, ma'am."
93,4,Ses05F_impro01_F,anger,Why not?
93,5,Ses05F_impro01_M,frustration,There is a strict system here.  You need to wait in the right line for the right thing.  This is the line for registration.
93,6,Ses05F_impro01_F,frustration,"Except they're going tell, are you going to tell me the right line to stand in this time at least?"
93,7,Ses05F_impro01_M,frustration,I told you it was line two A.
94,0,Ses03M_script01_1_M,neutral,Then help me stay here.
94,1,Ses03M_script01_1_F,frustration,Alright but you can't talk like that you hear?
94,2,Ses03M_script01_1_F,anger,"I mean what the hell have we worked for then?  I mean, it's all for you Chris.  The whole shooting match is for you."
94,3,Ses03M_script01_1_M,sadness,I know.  Just you help me stay here.
94,4,Ses03M_script01_1_F,frustration,Alright but you don't talk like that you hear?  You don't.
94,5,Ses03M_script01_1_M,sadness,I am thinking like that.
94,6,Ses03M_script01_1_F,sadness,I don't understand you do I?
94,7,Ses03M_script01_1_M,sadness,No you don't.  I'm a pretty tough guy.
94,8,Ses03M_script01_1_F,sadness,Yeah.  I can see that.
95,0,Ses03F_impro01_M,frustration,"Well, you didn't fill this paper at work out right and it's going to take another fifteen minutes to do it and look at how long the line we got here so just-"
95,1,Ses03F_impro01_F,frustration,I am not-
95,2,Ses03F_impro01_M,frustration,"okay, just go back and fill it out real quick and I'm sorry, you have to get back in line and wait. I can't let you cut."
95,3,Ses03F_impro01_F,frustration,But you don't understand. I cannot get back in line because I have to go back to work. I will get fired if I don't leave here.
95,4,Ses03F_impro01_M,neutral,"Well, maybe you should have got here earlier than so you had a lot of time to do this."
95,5,Ses03F_impro01_F,neutral,But I was at work and the lady told me to come and work it and to stand in the line.
95,6,Ses03F_impro01_M,neutral,I don't know who this lady is.
95,7,Ses03F_impro01_F,frustration,[LAUGHTER]
96,0,Ses05F_script01_2_M,frustration,"Well, so what."
96,1,Ses05F_script01_2_F,frustration,"What's going on here, Joe?"
96,2,Ses05F_script01_2_M,frustration,"Now, listen, Kate, just-"
96,3,Ses05F_script01_2_F,anger,She's not his girl.  She knows she's not.
96,4,Ses05F_script01_2_M,neutral,You can't read her mind.
96,5,Ses05F_script01_2_F,frustration,"She's . . . Then why is she still single.  New York is full of men, why isn't she married?  Probably a hundred people told her she's foolish, but she's waited."
96,6,Ses05F_script01_2_M,frustration,How do you know why she's waited?
96,7,Ses05F_script01_2_F,frustration,Because she knows what I know - she's faithful as a rock and my worst moments I think of her waiting and I know again that I'm right.
96,8,Ses05F_script01_2_M,frustration,Look.  It's a nice day.  Why are we arguing?
97,0,Ses03M_impro01_M,anger,"Hey,uh-- Well that's too bad cause I'm getting my license right now."
97,1,Ses03M_impro01_F,frustration,"You will get your license, sir, you have to go fill out-- --another copy...excuse me?"
97,2,Ses03M_impro01_M,frustration,Give me my--
97,3,Ses03M_impro01_M,anger,"Hey, no, give me that back."
97,4,Ses03M_impro01_F,neutral,No.  Now I'm going to take this from you because you are obviously misleading
97,5,Ses03M_impro01_M,anger,-- No.  I'm not waiting...I'm not coming back again.  I don't have time to come back five days.
97,6,Ses03M_impro01_F,neutral,No.  You couldn't go get another one.
97,7,Ses03M_impro01_F,neutral,Well then you won't have a license will you?
98,0,Ses04F_impro01_M,anger,Ma'am I have other people waiting in line right now.  I have other people waiting in line right now.
98,1,Ses04F_impro01_F,frustration,I have been waiting for over an hour.
98,2,Ses04F_impro01_M,frustration,This whole area of the form was not supposed to be filled out and you put the address in the wrong place
98,3,Ses04F_impro01_M,frustration,"Uhh, and you spelled your own name wrong.  So I need you to take that"
98,4,Ses04F_impro01_F,anger,I'm not starting over again.  No I have done this five times.  I am not starting over again.
98,5,Ses04F_impro01_M,frustration,"and, uh, throw it away. I need you to fill out a new form."
98,6,Ses04F_impro01_M,frustration,Ma'am you're going to have- you- look. You really- you really
98,7,Ses04F_impro01_F,frustration,Look can you not just help me?
99,0,Ses02F_impro08_M,neutral,"Well, you know, we wanted to--we wanted to go to Maui and--That was a"
99,1,Ses02F_impro08_F,neutral,Okay.
99,2,Ses02F_impro08_M,neutral,"--you know, the kids wanna go to the beach and stuff and so--um"
99,3,Ses02F_impro08_F,neutral,Great.  How many seats?
99,4,Ses02F_impro08_M,neutral,"Well, it's gonna be four of them."
99,5,Ses02F_impro08_F,neutral,Okay.  Great.  Four seats.  I'll book you for four seats.
99,6,Ses02F_impro08_M,neutral,All right.  And can they like all get together?
99,7,Ses02F_impro08_F,neutral,"Oh, yeah, absolutely.  Um- Would you like window seats or aisles?"
100,0,Ses05F_impro05_M,neutral,Sentimental value.
100,1,Ses05F_impro05_F,neutral,--really important stuff.
100,2,Ses05F_impro05_M,neutral,"Right.  Well, I don't know what to tell you. Um- What I can offer you is a fifty dollar voucher on your next flight."
100,3,Ses05F_impro05_F,neutral,"That's not going to cut it. Like, Really, I really need to get this bag back."
100,4,Ses05F_impro05_M,neutral,"No, I understand. I mean. It's got to be tough all those sentimental things, but um- this is all I can do for you."
100,5,Ses05F_impro05_F,frustration,Does this happen often?  Do they--you just lose baggage and you just offer people money for it?
100,6,Ses05F_impro05_M,neutral,"Well, you know, sometimes that's--really, I mean what else could we do?"
100,7,Ses05F_impro05_F,anger,Uh- Not lose the baggage in the first place. I mean You're offering a service here. I paid so much money for that ticket.
100,8,Ses05F_impro05_M,neutral,"Well,"
100,9,Ses05F_impro05_M,frustration,Obviously ma'am.
101,0,Ses04F_impro07_M,neutral,That's ridiculous.  I don't believe that.
101,1,Ses04F_impro07_F,neutral,Okay.  Well I'm lying but-
101,2,Ses04F_impro07_M,neutral,"Seriously, what's your major?"
101,3,Ses04F_impro07_F,neutral,"Well, I haven't decided yet.  I want to try some things out."
101,4,Ses04F_impro07_M,neutral,So you're undecided?
101,5,Ses04F_impro07_F,neutral,Yeah.
101,6,Ses04F_impro07_M,neutral,"Hey, that's cool."
101,7,Ses04F_impro07_F,neutral,"I know 'cause then I can do whatever I want, right.  I can try classes in this and then try classes in that and then pick whatever I like best."
101,8,Ses04F_impro07_M,neutral,"No, no.  It's totally cool.  I mean, like, this friend of mine he was- he's been undecided now for, like, the past like eleven years of his life."
101,9,Ses04F_impro07_F,neutral,okay.  Well I'm not going to be undecided forever. [LAUGHTER]
101,10,Ses04F_impro07_M,neutral,"Uh, well-"
101,11,Ses04F_impro07_F,neutral,And it's so close so you can come visit me all the time.
101,12,Ses04F_impro07_M,neutral,You- you- you'll find.
101,13,Ses04F_impro07_M,neutral,"Yeah, I know.  That's right. Yeah, yeah. Because I live in LA."
101,14,Ses04F_impro07_F,neutral,Right.
101,15,Ses04F_impro07_M,neutral,and I like living in LA.
101,16,Ses04F_impro07_F,neutral,"So this works out perfectly.  Because I was worried if I didn't get in to U.S.C., then I would have to go somewhere far away and then-"
102,0,Ses04M_script01_3_M,neutral,I have no imagination.  That's all I know to tell you.  I'm embarrassing you.
102,1,Ses04M_script01_3_M,neutral,I didn't want to tell it to you here.  I wanted someplace we'd never been; someplace where we'd be brand new to each other.
102,2,Ses04M_script01_3_M,neutral,"You think this is wrong, don't you; this yard, this chair?  I want you to be ready for me.  I don't want to win you away from anything."
102,3,Ses04M_script01_3_F,neutral,"Chris, I've been ready a long, long time."
102,4,Ses04M_script01_3_M,neutral,Then he's gone forever?  You're sure?
102,5,Ses04M_script01_3_F,neutral,I almost got married two years ago.
102,6,Ses04M_script01_3_M,neutral,Why didn't you?
102,7,Ses04M_script01_3_F,neutral,You started to write me.
103,0,Ses02F_impro04_F,frustration,I just keep getting rejected.  I just keep getting rejected over and over and over again and it starts to make you feel like there must be something wrong with you that you can't get a job.
103,1,Ses02F_impro04_M,neutral,"No.  It's--I mean, it's competitive, you know.  That's-That's what it is.  that's what you gotta be is competitive."
103,2,Ses02F_impro04_F,frustration,"Yeah, but maybe--if just because it's competitive, like maybe I'm just not good enough.  Maybe the level is here and I'm here and there's just no way I'm ever gonna do that--"
103,3,Ses02F_impro04_M,neutral,"There...There are plenty of people out there with--with like, good jobs, you know, that are a lot..."
103,4,Ses02F_impro04_M,neutral,...dumber than you.  I mean they're a lot worse off than you.  You are much better off than like a lot of those people in there. I know
103,5,Ses02F_impro04_F,frustration,"I didn't have like one of those starts, you know, like a family member who was already in the business or something you know that could like give me a helping hand."
103,6,Ses02F_impro04_M,neutral,"I know.  It makes it harder.  I mean it's definitely who you know in a lot of cases, but--"
103,7,Ses02F_impro04_F,frustration,"It's just so frustrating.  Like, I just--I just don't wanna do it anymore.  You know?  I just don't wanna like hit the pavement every single day with my resumes and going out there all the time.  You know, it's just like--"
103,8,Ses02F_impro04_M,neutral,"But you gotta.  Otherwise, what is--what's your other option?"
103,9,Ses02F_impro04_F,sadness,I feel so worthless.
104,0,Ses02M_impro05_F,neutral,So we'll- what we'll do
104,1,Ses02M_impro05_M,anger,"But we have the tags on. I mean like it wouldn't you know, if it got stuck somewhere it's like well this is nobodies bag I mean maybe you know look on the tag and"
104,2,Ses02M_impro05_M,frustration,see where it came from originally. I mean it seems like-
104,3,Ses02M_impro05_F,neutral,Right. Like I said sometimes a theft and things happen like that but we are willing to reim-reimburse you.
104,4,Ses02M_impro05_M,neutral,Theft?
104,5,Ses02M_impro05_F,neutral,"Um, so."
104,6,Ses02M_impro05_M,anger,"Theft? Don't you know like all these people that are work - you keep like an eye on them, how can they get away with-"
104,7,Ses02M_impro05_F,neutral,"We have very tight security but we -uh- there are times when we just can't uh make sure there aren't absolutely no human error, you know"
104,8,Ses02M_impro05_F,neutral,I'm sorry there is no guarantee on baggage.
105,0,Ses04M_impro05_F,frustration,I'm very sorry.  I understand you're frustrated. You just got off of a flight.
105,1,Ses04M_impro05_M,anger,You understand that the contents of my bag- The contents of my bag cost a hundred and fifty dollars.
105,2,Ses04M_impro05_M,anger,You--
105,3,Ses04M_impro05_F,neutral,We'll cover fifty.
105,4,Ses04M_impro05_M,anger,No.  No.  No.  What I need you to do -- I need you to write checks for -- I need you to write three of them. That'll be satisfactory.
105,5,Ses04M_impro05_F,frustration,We only cover fifty do-
105,6,Ses04M_impro05_M,anger,"Just -- you can fill out the form--We can fill out - no, no, no, we can fill out the form three times."
105,7,Ses04M_impro05_F,frustration,We only cover fifty dollars worth of lost items.
105,8,Ses04M_impro05_M,frustration,And then that'll be that. It's going to be fine. Just-
106,0,Ses04F_impro03_F,neutral,I have something to tell you.
106,1,Ses04F_impro03_M,neutral,What?  You seem so excited.
106,2,Ses04F_impro03_F,neutral,It's really exciting.  Don't you want to guess?
106,3,Ses04F_impro03_M,neutral,"Uh, you got a new car, a new house. Uh, a dog."
106,4,Ses04F_impro03_F,neutral,Look.
106,5,Ses04F_impro03_M,neutral,Are you serious?  You're getting married.
106,6,Ses04F_impro03_F,neutral,Yes.  He finally proposed.  I'm getting married.
106,7,Ses04F_impro03_M,neutral,Holy shit that's amazing.
106,8,Ses04F_impro03_F,neutral,I know. I'm so-
106,9,Ses04F_impro03_M,neutral,Congratulations.
106,10,Ses04F_impro03_F,neutral,Thank you. [LAUGHTER]
107,0,Ses03M_impro02_M,frustration,and we'll have that happy life.
107,1,Ses03M_impro02_F,neutral,Happiness for me is having you here with me
107,2,Ses03M_impro02_F,sadness,"and watch our child grow, see her take her first steps, her first words."
107,3,Ses03M_impro02_M,sadness,Honey after a year I can be back.
107,4,Ses03M_impro02_F,sadness,You said two years.
107,5,Ses03M_impro02_M,sadness,They want me there two years but I could probably get
107,6,Ses03M_impro02_M,sadness,maybe get some vacation-- --once it quiets down there.
107,7,Ses03M_impro02_F,sadness,A whole year? --We're not talking about like a couple months here.  I mean this is a whole year.
108,0,Ses03M_script02_1_M,neutral,"Honey, this is a natural phenomenon.  It only happens once a year.  I mean think about the people in Kansas, they would have to get hotel reservations and plane tickets to come and see this.  We're only forty minutes away.  This is too good to pass up."
108,1,Ses03M_script02_1_F,frustration,"Pass up what?  These fish swim up to shore, on the beach and then they flop around a little, they swim away and then they die."
108,2,Ses03M_script02_1_M,neutral,"Well this is like the highlight, the one night of their lives and that flopping around, that's laying eggs or spawning or mating or whatever you call it."
108,3,Ses03M_script02_1_M,neutral,"But this is the big night for these guys.  Their last, life's last orgy."
108,4,Ses03M_script02_1_F,neutral,"What are you getting so excited about?  I mean, it's not like it's like the landing on the moon or something.  I mean, it's just fish, fish that nobody eats."
108,5,Ses03M_script02_1_M,neutral,Yeah they do.
108,6,Ses03M_script02_1_F,frustration,Augie.
108,7,Ses03M_script02_1_M,neutral,"Okay.  But it's fish that do something that no other fish do.  Like the swallows in Capistrano or the Lemmings that throw themselves off the cliffs, there's magic here and some mystery and a little bit of unexplainable."
109,0,Ses03M_script02_1_M,neutral,"Hey, what time is it?  This pokes around midnight right?  God this is great isn't it?"
109,1,Ses03M_script02_1_M,neutral,Look at the night we got.  I wouldn't trade this for anything.
109,2,Ses03M_script02_1_M,neutral,You know actually I wanted to go a little further up the coast and get away from all the lights and people but I was afraid you'd miss it.  How are you doing?
109,3,Ses03M_script02_1_F,neutral,Fine.
109,4,Ses03M_script02_1_M,neutral,"Is that, is that, nah, is that just Paul?  I can't even tell."
109,5,Ses03M_script02_1_M,neutral,"But if I can't tell, it probably isn't them isn't it?  Probably would be unmistakable wouldn't you think?  How are you doing?"
109,6,Ses03M_script02_1_M,neutral,"Oh, you know what I forgot?  I forgot my flashlight.  How could I be so stupid?  I should've brought my flashlight."
109,7,Ses03M_script02_1_F,neutral,What flashlight?
109,8,Ses03M_script02_1_M,neutral,"You know, the flashlight, the silver one?  There's only one isn't there?"
110,0,Ses05M_script01_3_F,neutral,You're the only one I know who loves his parents.
110,1,Ses05M_script01_3_M,neutral,"I know.  It's going out of style, isn't it?"
110,2,Ses05M_script01_3_F,happiness,It's all right.  It's a good thing.  It's lovely here.  The air is sweet.
110,3,Ses05M_script01_3_M,neutral,"So, you're not sorry I came?"
110,4,Ses05M_script01_3_F,neutral,No.  But I'm not going to stay.
110,5,Ses05M_script01_3_M,neutral,Why?
110,6,Ses05M_script01_3_F,neutral,"Well, your mother, first of all, pretty much told me to leave."
110,7,Ses05M_script01_3_M,neutral,Well-
110,8,Ses05M_script01_3_F,neutral,You saw that.  And well you've been --
111,0,Ses03M_impro05a_F,neutral,I'm very sorry but let's check on this immediately.  This is definitely an emergency.  It seems--
111,1,Ses03M_impro05a_M,neutral,What am I going to do tomorrow without the urn?
111,2,Ses03M_impro05a_F,neutral,Sir it seems to me that your luggage is um- is not here
111,3,Ses03M_impro05a_M,anger,"Oh, oh, that's a good deduction."
111,4,Ses03M_impro05a_F,neutral,Yes--it is
111,5,Ses03M_impro05a_M,anger,"Sherlock Holmes.  God, where's my luggage?"
111,6,Ses03M_impro05a_F,frustration,"Sir, Please please, I would ask you to just calm down for a second--"
111,7,Ses03M_impro05a_M,anger,Calm down?  It's my mother's funeral tomorrow.  I'm the one responsible for this.
111,8,Ses03M_impro05a_F,neutral,"Okay.  We will find your luggage.  Apparently because it somehow...what flight you were taking, you were on Delta?"
112,0,Ses02F_script02_2_F,sadness,Well.  This isn't anything like I thought anything would be like.
112,1,Ses02F_script02_2_M,sadness,"I know, me neither."
112,2,Ses02F_script02_2_F,neutral,"I mean, this is just this.  It includes a lot and everything, but it isn't something else.  Do you have any idea what I'm trying to say?"
112,3,Ses02F_script02_2_M,sadness,I'm doing the best I can.
112,4,Ses02F_script02_2_F,sadness,"I know that, Augie.  Really, I do."
112,5,Ses02F_script02_2_F,sadness,"I know that you meant this to be special and nice and the sand and the moon and all, but I just couldn't help thinking about being somewhere else."
112,6,Ses02F_script02_2_M,sadness,Maybe if you were with somebody else too.
112,7,Ses02F_script02_2_F,sadness,I didn't say that.
112,8,Ses02F_script02_2_M,sadness,"No, I know.  But still.  I know I don't make you happy."
113,0,Ses03M_impro08b_F,frustration,Yes the phone turns on.  No I mean I'm using it not turning on the phone.  Of course it turns on.
113,1,Ses03M_impro08b_M,neutral,"Well, um- okay.  Your sim card is in- didn't fall out-"
113,2,Ses03M_impro08b_F,frustration,No- I don't have a sim card because it's Verizon and you guys don't use sim cards.
113,3,Ses03M_impro08b_M,neutral,Alright.  Um- Well that could be the problem. cause--
113,4,Ses03M_impro08b_M,neutral,you might have an older phone where we would use sim cards but probably not.
113,5,Ses03M_impro08b_F,frustration,"Okay no.  Sir, this is the deal.  My phone isn't working and I don't care what the problem is but it needs to work.  That's why I'm paying you guys to fix it."
113,6,Ses03M_impro08b_M,neutral,Okay.  How about this we'll send you a brand new camera phone with palm pilot-- and-
113,7,Ses03M_impro08b_F,frustration,I don't know even how to use that stuff it's too complicated.  I just want my flip phone to work----that's all I need
114,0,Ses02F_script01_1_F,anger,Are you crazy?
114,1,Ses02F_script01_1_M,anger,I've been a good son too long.  A good sucker.  I'm through with it.
114,2,Ses02F_script01_1_F,anger,What about the business?  What the hell is this?
114,3,Ses02F_script01_1_M,anger,The business?  The business doesn't inspire me.
114,4,Ses02F_script01_1_F,anger,Must you be inspired?
114,5,Ses02F_script01_1_M,anger,"Yes.  I like it an hour a day.  If I'm gonna grub for my money all day long, at least in the evening I want it beautiful."
114,6,Ses02F_script01_1_M,neutral,"I want a family.  I want kids.  I want something that I can give myself to.  Annie's in the middle of that.  Now, where do I find it?"
114,7,Ses02F_script01_1_F,neutral,"Tell me, you'd leave the business?"
114,8,Ses02F_script01_1_M,neutral,"Yes, on this I would."
115,0,Ses01M_script03_1_F,happiness,Oh. Behave exquisitely...
115,1,Ses01M_script03_1_M,happiness,With perfect poise...
115,2,Ses01M_script03_1_F,happiness,[LAUGHTER] I think I shall do a court curtsey.
115,3,Ses01M_script03_1_M,happiness,Ah...
115,4,Ses01M_script03_1_F,happiness,[LAUGHTER]
115,5,Ses01M_script03_1_M,happiness,Ah...Strange...
115,6,Ses01M_script03_1_F,happiness,Mmm...
115,7,Ses01M_script03_1_M,happiness,"Things that just ought to matter dreadfully, you know they just don't matter at all when one is happy, do they?"
115,8,Ses01M_script03_1_F,neutral,The pity is that one can't stay happy.
116,0,Ses04M_impro01_F,frustration,"And you're gonna have to go wait again, because that's the line you need."
116,1,Ses04M_impro01_M,neutral,Well I just -- I can't do that right -- can you please just grab the form? All you have to do is grab the form.  I'm not gonna ask anything else of you.
116,2,Ses04M_impro01_F,frustration,I can't do that. It's against our rules. You can go get in that line over there or you can just go ahead and leave and come back another day.  Maybe there will be a shorter line.
116,3,Ses04M_impro01_M,frustration,That's all I- I just- That's all i want you to-
116,4,Ses04M_impro01_M,frustration,"Rules, you just have to grab a piece of paper behind from somebody's desk"
116,5,Ses04M_impro01_M,anger,It's not rocket science.
116,6,Ses04M_impro01_M,frustration,"Come -- just, please, just grab the form.  It's right over there."
116,7,Ses04M_impro01_F,frustration,I can't do that.
116,8,Ses04M_impro01_M,neutral,I know it's right over there.
117,0,Ses02F_script03_1_F,neutral,It was bound to come sooner or later.
117,1,Ses02F_script03_1_M,neutral,Hello?  Hello?  What?  Wrong number.
117,2,Ses02F_script03_1_F,neutral,"Ah, it send shivers up my spine."
117,3,Ses02F_script03_1_M,neutral,What do we do if they suddenly walk in on us?
117,4,Ses02F_script03_1_F,happiness,Behave exquisitely.
117,5,Ses02F_script03_1_M,neutral,With the most perfect poise?
117,6,Ses02F_script03_1_F,happiness,"Oh, of course.  I shall probably do a court curtsy."
117,7,Ses02F_script03_1_M,neutral,Things that ought to matter dreadfully don't matter at all when one's happy.  Do they?
117,8,Ses02F_script03_1_F,happiness,What's so horrible is that one can't stay happy.
118,0,Ses05M_impro05_M,frustration,"Well, I don't care if it's legal.  It's happened.  It's already done."
118,1,Ses05M_impro05_F,neutral,"Yeah I mean, Your bag might have been confiscated because it's --"
118,2,Ses05M_impro05_M,frustration,"Well, could you tell me if it's been confiscated then."
118,3,Ses05M_impro05_F,neutral,-- it's a biohazard. so- um
118,4,Ses05M_impro05_M,frustration,"I mean, some information here would be great.  Some help.  Can you, like, type something in and find out?"
118,5,Ses05M_impro05_F,neutral,Yeah.  Let me just call security.
118,6,Ses05M_impro05_M,frustration,That would be great.  Thank you very much.
118,7,Ses05M_impro05_F,neutral,[LAUGHTER] Okay.  Hold on.
118,8,Ses05M_impro05_M,neutral,Thank you
119,0,Ses02F_impro08_F,neutral,"Hi, my name is Shiloh, welcome to--Airline Six.  Hi, how may I help you?"
119,1,Ses02F_impro08_M,frustration,"Yeah, hello."
119,2,Ses02F_impro08_M,frustration,Ok.  I've- I've just been talking to this machine for the past half hour and I can't-can't get anything done.  I've been trying to book this vacation this entire time.
119,3,Ses02F_impro08_F,neutral,"All right, sir."
119,4,Ses02F_impro08_M,frustration,"I know, I'm sorry.  It's-It's just that it's been a little frustrating because--"
119,5,Ses02F_impro08_F,neutral,I completely understand.  Automated systems are very difficult sometimes.
119,6,Ses02F_impro08_M,neutral,Okay.
119,7,Ses02F_impro08_F,neutral,"Um, how may I help you.  You're trying to book a specific flight?"
120,0,Ses05M_impro08_F,happiness,"Yeah, accountability.  It's awesome."
120,1,Ses05M_impro08_M,neutral,Uh huh Uh huh We want you to be happy.  You're our customer.  You're the most important thing. Okay?
120,2,Ses05M_impro08_F,happiness,"Wow.  You know I was thinking about changing internet providers, but but that- that really is enough to change my mind."
120,3,Ses05M_impro08_M,happiness,"Great.  Well, that makes me very happy.  That makes us all happy here at D.S.L. Extreme.  Is there anything else I can help you with?"
120,4,Ses05M_impro08_F,happiness,No.  I'm just gonna go have a fantastic day now.
120,5,Ses05M_impro08_M,neutral,All right.  You have a wonderful day.  Call us anytime.
120,6,Ses05M_impro08_F,happiness,Okay.  Thanks.
120,7,Ses05M_impro08_M,happiness,"All right.  Bye, bye."
121,0,Ses04M_script03_2_M,frustration,Oh.  That reply has broken my heart.
121,1,Ses04M_script03_2_F,neutral,"The woman's job is to allure the man.  Watch me a minute, will you?"
121,2,Ses04M_script03_2_M,anger,"As a matter of fact, that's perfectly true."
121,3,Ses04M_script03_2_F,anger,"Oh, no, it isn't."
121,4,Ses04M_script03_2_M,anger,"Yes, it is."
121,5,Ses04M_script03_2_F,anger,"Oh, be quiet."
121,6,Ses04M_script03_2_M,neutral,Line?
121,7,Ses04M_script03_2_F,neutral,It's a pity you didn't- It's a pity you didn't have more brandy.
121,8,Ses04M_script03_2_M,anger,It's a pity you didn't have any more brandy.  It might have made you a little less disagreeable.
121,9,Ses04M_script03_2_F,frustration,It doesn't seem to have worked such wonders with you.
121,10,Ses04M_script03_2_M,neutral,Line?
122,0,Ses05M_impro03_M,happiness,"Yes.  We did that in the beginning, exactly.  So we had, so we just had, you know, good times the rest of the weekend, yeah."
122,1,Ses05M_impro03_F,happiness,"Oh, right. sure [LAUGHTER]"
122,2,Ses05M_impro03_M,happiness,It was a lot of fun- It was a lot of fun.  She's great.  And I'm so happy.
122,3,Ses05M_impro03_F,happiness,So where are you going to have your wedding?
122,4,Ses05M_impro03_M,happiness,"We're going to do it back in the Midwest where her family all is.  They're all out there. you know so, Um  And so, just gonna have a small, small wedding. But, um- you know, of course, you're going to come, right?"
122,5,Ses05M_impro03_F,neutral,Yeah. of course.
122,6,Ses05M_impro03_M,neutral,Okay good. And uh- I want you to be in it actually.
122,7,Ses05M_impro03_F,neutral,Okay Okay.
122,8,Ses05M_impro03_M,happiness,"Um- And she wants you to be in it, too.  She loves you so much. She thinks you're the sweetest.  Of course, you are.  You're You're my best friend so-"
123,0,Ses04M_impro08_F,frustration,I have to wait a few weeks for people come go through my things to get the money back that I didn't spend?
123,1,Ses04M_impro08_M,frustration,"Okay.  You know what?  I just don't feel like doing this anymore.  Um, you can have all the money back, two hundred dollar, right now."
123,2,Ses04M_impro08_F,neutral,Really?
123,3,Ses04M_impro08_M,neutral,"Yeah.  That's fine.  I just -- that's fine. Yeah, I mean, it doesn't make any difference to me.  I mean, it's not like it's going to cost my job or anything."
123,4,Ses04M_impro08_F,neutral,You're just going to put it back on my account.
123,5,Ses04M_impro08_M,neutral,"I mean, technically, that's policy.  But, like, I mean, I don't really care about -- nobody really cares about policy here."
123,6,Ses04M_impro08_F,neutral,So you're just going to take care of this for me?
123,7,Ses04M_impro08_M,neutral,Sure.
124,0,Ses05M_script02_2_M,anger,"Well, welcome to the human race.  Do you think this is what I had planned?  Do you think that when I proposed that I had this great fantasy going that four years down the road we would end up arguing on the beach over some fish?"
124,1,Ses05M_script02_2_M,anger,"Do you think that I thought there would be times when you would look at me like I was used Kleenex or I would look at you and think, good God, when's the next flight to Alaska?  No.  No, I'm just like you. I thought it would all be like peaches and roses, and sand in our toes, and wind in our hair, and the fish would always come.  And the bills would magically pay themselves.  And we'd have three fat rosy kids.  But, ha ha, baby, the jokes on us!"
124,2,Ses05M_script02_2_M,anger,"Because you know what you get, Carla?  You know what you get?  This."
124,3,Ses05M_script02_2_F,neutral,This?  What is this?  This isn't even anything.
124,4,Ses05M_script02_2_M,neutral,"Yes, it is."
124,5,Ses05M_script02_2_F,neutral,"Sure, this is standing on the beach.  This is waiting.  This is fighting."
124,6,Ses05M_script02_2_M,frustration,Right.
124,7,Ses05M_script02_2_F,sadness,But this isn't at all what I wanted it to be.
125,0,Ses04M_impro07_M,neutral,"Alright, so you're not going to believe this.  But I went home today. I looked through the mail.  And I got an acceptance letter from U.S.C.."
125,1,Ses04M_impro07_F,neutral,"What, no way."
125,2,Ses04M_impro07_M,neutral,I'm going to U.S.C.. Yeah.
125,3,Ses04M_impro07_F,neutral,Really?
125,4,Ses04M_impro07_M,neutral,"Yeah, yeah."
125,5,Ses04M_impro07_F,neutral,I didn't even
125,6,Ses04M_impro07_F,neutral,know you applied to U.S.C..
125,7,Ses04M_impro07_M,neutral,"I did.  I did. I've -- yeah, I applied to U.S.C..  I mean, it's really expensive but"
125,8,Ses04M_impro07_M,neutral,it's a really good school.  So
126,0,Ses03M_impro05b_F,neutral,Okay.  Well you um-...
126,1,Ses03M_impro05b_M,frustration,Now what are you going to do for me different? Hmm?
126,2,Ses03M_impro05b_F,neutral,"What I can do for you is uh we can uh report lost, lost property."
126,3,Ses03M_impro05b_M,frustration,You can report lost property?
126,4,Ses03M_impro05b_F,neutral,Yes.
126,5,Ses03M_impro05b_M,frustration,"Okay.  I'm leaving LA tomorrow for San Diego, driving there.  So, I'm going to leave without all my lost property?  That's what you want me to do? um"
126,6,Ses03M_impro05b_F,neutral,"Well sir, if if...what I believe has happened is most of the flight was left--"
126,7,Ses03M_impro05b_F,neutral,the luggage was left in Baltimore.  Therefore--
126,8,Ses03M_impro05b_M,anger,Most of the...
127,0,Ses04F_impro02_M,frustration,You're a smart person.  There are other things you can do.
127,1,Ses04F_impro02_F,frustration,Look we both knew what this meant when I signed on
127,2,Ses04F_impro02_F,sadness,And now- and now it's really shitty timing but now I have to go.
127,3,Ses04F_impro02_F,frustration,I mean I'm the one who has to leave here.  I'm the one who has to leave the two of you.  At least you get to be together.
127,4,Ses04F_impro02_M,neutral,It's just not going to work out without you here.
127,5,Ses04F_impro02_F,sadness,What's that supposed to mean?
127,6,Ses04F_impro02_M,sadness,I mean we can't-we're not a complete family without you here.
127,7,Ses04F_impro02_F,anger,Well I'll come back.  What is that supposed to mean?  You're not willing to wait for me to come back?
127,8,Ses04F_impro02_M,frustration,Of course I'm going to wait.  I just- I just don't like the idea of this happening because this isn't the last time this is going to happen. You're going to go on more tours and stuff.  I just- I can't-
128,0,Ses03M_script01_1_M,frustration,I don't know why it is but every time I reach out for something I want I have to pull back
128,1,Ses03M_script01_1_F,frustration,"And-And-And if you go on from there if you know already to go on from there, then you can.  But I'm telling you something that I don't know where to go.  You got it?  I mean, do you?"
128,2,Ses03M_script01_1_M,neutral,Because other people will suffer.
128,3,Ses03M_script01_1_M,frustration,"My whole entire, bloody life time and time again."
128,4,Ses03M_script01_1_F,neutral,You're a considerate fellow.  There is nothing wrong in that.
128,5,Ses03M_script01_1_M,anger,Well to hell with that.
128,6,Ses03M_script01_1_F,neutral,Did you ask Annie yet?
128,7,Ses03M_script01_1_M,neutral,I wanted to get this settled first.
128,8,Ses03M_script01_1_F,neutral,And what if she doesn't marry you huh?  What if she feels the same way your father does?
129,0,Ses01F_script03_1_F,neutral,[LAUGHTER] That was the first time you hit me.
129,1,Ses01F_script03_1_M,neutral,I did not hit you very hard.
129,2,Ses01F_script03_1_F,happiness,"The manager came in, he found us rolling about the floor, biting and scratching like panthers. [LAUGHTER]  How utterly, utterly ridiculous."
129,3,Ses01F_script03_1_M,happiness,[LAUGHTER] I'll never forget his face. [LAUGHTER]
129,4,Ses01F_script03_1_M,happiness,[LAUGHTER] We were very much younger then.
129,5,Ses01F_script03_1_F,happiness,[LAUGHTER] And very much sillier.
129,6,Ses01F_script03_1_M,neutral,However I believe the real cause of that row was Peter Burden.
129,7,Ses01F_script03_1_F,neutral,Oh.  You knew there was nothing in that.
130,0,Ses05M_script01_1b_F,anger,Are you crazy?
130,1,Ses05M_script01_1b_M,neutral,"I've been a good son for too long, a good sucker.  I'm through with it."
130,2,Ses05M_script01_1b_F,neutral,But you have a business here.  What the hell is this?
130,3,Ses05M_script01_1b_M,anger,The business?  The business doesn't inspire me.
130,4,Ses05M_script01_1b_F,anger,Must you be inspired?
130,5,Ses05M_script01_1b_M,anger,"Yeah, I'd like one hour a day.  If I have to grub for money all day long, I'd like to go home to something beautiful.  I'd like a family.  I'd like some kids."
130,6,Ses05M_script01_1b_M,neutral,"I'd like to build something that's my own.  And Annie is in the center of that.  Now, where do I find it?"
130,7,Ses05M_script01_1b_F,anger,You don't want to think like that.
131,0,Ses05F_script02_2_M,neutral,Right.
131,1,Ses05F_script02_2_F,sadness,But this isn't anything like I thought it would be.
131,2,Ses05F_script02_2_M,sadness,"No, I know me either."
131,3,Ses05F_script02_2_F,sadness,"I mean it is just this , I mean it includes a lot and everything and you know it's the sand and it's the full moon and I just-I am sorry but I couldn't help wishing I was somewhere else."
131,4,Ses05F_script02_2_M,sadness,Maybe if you are with somebody else too?
131,5,Ses05F_script02_2_F,sadness,I didn't say that.
131,6,Ses05F_script02_2_M,sadness,"No, I know, but.  I know I don't make you happy."
131,7,Ses05F_script02_2_F,sadness,"For heaven's sake Augie, wherever I am I always wanted to be with you."
132,0,Ses05M_script01_1b_M,sadness,No.  I figured it was best to leave him alone.
132,1,Ses05M_script01_1b_F,neutral,He's dreaming about him again.  He's getting just like after Larry died. What's the meaning of that?
132,2,Ses05M_script01_1b_M,sadness,"Yes, yes he is.  I don't know the meaning in it.  But I know one thing, mom, we made a terrible mistake with Dad."
132,3,Ses05M_script01_1b_F,neutral,What?
132,4,Ses05M_script01_1b_M,neutral,Being dishonest with him.  It's the kind of thing that pays off and now it's paying off.
132,5,Ses05M_script01_1b_F,neutral,What do you mean dishonest?
132,6,Ses05M_script01_1b_M,neutral,You know that Larry's not coming back and I know it.  So why do we go on letting him think that we believe with him?
132,7,Ses05M_script01_1b_F,neutral,"What are you gonna do, argue with him?"
133,0,Ses02M_impro04_M,anger,this doesn't happen to a normal person.
133,1,Ses02M_impro04_F,neutral,"You know and the fact you still here and still cooking, like it's good that you're thinking about it, that you're reconsidering."
133,2,Ses02M_impro04_F,neutral,"But like, just because you're considering why it's been so difficult doesn't mean you should just stop."
133,3,Ses02M_impro04_M,frustration,"I mean, I don't know, I don't see - I don't see any other way - any other way around it right now."
133,4,Ses02M_impro04_F,neutral,"Maybe you should take a little break from it, but I don't think you should stop."
133,5,Ses02M_impro04_M,neutral,What am I going to do on a break?
133,6,Ses02M_impro04_F,neutral,"Get out of town or something, I mean you need - you need to clear your head 'cause you seem like you're really frustrated about it. I mean you need to like, be excited about you're doing, rather than, you know upset."
133,7,Ses02M_impro04_M,sadness,Right. Thanks for talking to me.
134,0,Ses02F_impro02_F,sadness,It's almost time for me to go.
134,1,Ses02F_impro02_M,neutral,I can't believe that--now--are you sure this is absolutely necessary?  Like--
134,2,Ses02F_impro02_F,sadness,"There's nothing I can do.  I mean, the government you know--"
134,3,Ses02F_impro02_M,frustration,What--what're we gonna do here?  I can't--I can't do this by myself.  I--
134,4,Ses02F_impro02_F,sadness,"You're gonna have to.  I mean, you're a great father.  You can do it.  I know you can."
134,5,Ses02F_impro02_M,frustration,"But, I'm--I'm nothing--I'm nothing without you here.  Maybe we can--we can get out of this somehow."
134,6,Ses02F_impro02_F,sadness,I don't think so.
134,7,Ses02F_impro02_M,frustration,"Well, come on.  You've gotta think of something.  A year--a year away, it's gonna tear us apart.  I don't even--I don't even wanna think about it.  I mean, I don't even know if I'll be able to get in touch with you or--"
134,8,Ses02F_impro02_F,sadness,"Well, we can do the best we can and-and, with um, you know like wireless internet these days--I think that we could-- Talk every once in awhile."
135,0,Ses03M_impro01_F,frustration,I think you're being a little condescending.
135,1,Ses03M_impro01_F,frustration,You need to go back over there and fill it out again.
135,2,Ses03M_impro01_M,frustration,The information is on there.  Here I'll just fill it out right here.
135,3,Ses03M_impro01_F,frustration,"No, no, no, because there are other people in line.  You have to go get a complete new application."
135,4,Ses03M_impro01_M,frustration,"This will take like a minute, okay? Jesus."
135,5,Ses03M_impro01_F,neutral,"No, no, no. Sir,you need to get out of the line--"
135,6,Ses03M_impro01_M,anger,I'm not going anywhere.  I'm staying right here.
135,7,Ses03M_impro01_F,neutral,"Well I'm going to have to call- security because sir, you- there are hundreds of people waiting in line at this D.M.V.-- --We're closing in about half an hour..."
136,0,Ses04F_script03_2_M,neutral,It's very late and it will annoy the people upstairs.
136,1,Ses04F_script03_2_F,anger,There is no one upstairs.  It's a photographer's studio.
136,2,Ses04F_script03_2_M,anger,There are people downstairs I suppose.
136,3,Ses04F_script03_2_F,neutral,They're away in Tunis.
136,4,Ses04F_script03_2_M,anger,This is no time of year for Tunis.
136,5,Ses04F_script03_2_F,neutral,"Turn it on again, please."
136,6,Ses04F_script03_2_M,neutral,I'll do no such thing.
136,7,Ses04F_script03_2_F,anger,Very well if you insist on being boorish and idiotic.
136,8,Ses04F_script03_2_M,anger,Turn it off.  It's driving me mad.
137,0,Ses03M_script01_1_F,neutral,What's he going to say?  Maybe we ought to talk to him before he sees it.
137,1,Ses03M_script01_1_M,sadness,He saw it.
137,2,Ses03M_script01_1_F,neutral,"What do you mean. He couldn't have seen it. I was the first one up, he was still in bed."
137,3,Ses03M_script01_1_M,sadness,He was out there when it happened.
137,4,Ses03M_script01_1_F,neutral,When?
137,5,Ses03M_script01_1_M,sadness,About four in the morning.  I heard a crack and I looked out and he was standing right there when it happened.
137,6,Ses03M_script01_1_F,neutral,Well what was he doing out at four in the morning?
137,7,Ses03M_script01_1_M,sadness,I don't know. But after it cracked he ran back into the house and he cried in the kitchen.
137,8,Ses03M_script01_1_F,sadness,Did you talk to him?
137,9,Ses03M_script01_1_M,sadness,No.  I figured the best thing to do was leave him alone.
138,0,Ses01F_impro06_M,sadness,Yeah.
138,1,Ses01F_impro06_F,sadness,I don't know.
138,2,Ses01F_impro06_M,neutral,How long were you there for?
138,3,Ses01F_impro06_F,sadness,At the cemetery?
138,4,Ses01F_impro06_M,neutral,Mmhmm.
138,5,Ses01F_impro06_F,sadness,couple hours.
138,6,Ses01F_impro06_F,neutral,"I brought- I brought Chuck with me. He went to Redlands, yeah, for the day.  We ran through the sprinklers."
138,7,Ses01F_impro06_M,neutral,Oh really?
138,8,Ses01F_impro06_M,neutral,You ran through the sprinklers in the cemetery?
139,0,Ses03F_script01_1_F,frustration,What do you want from me?
139,1,Ses03F_script01_1_M,sadness,"Every time I reach out for something I have to pull back because other people will suffer. My whole entire life, time and time after time."
139,2,Ses03F_script01_1_F,neutral,You're a considerate fella and there's nothing wrong in that.
139,3,Ses03F_script01_1_M,anger,To hell with that.
139,4,Ses03F_script01_1_F,neutral,There's nothing wrong with it.
139,5,Ses03F_script01_1_M,neutral,I didn't ask Annie yet.
139,6,Ses03F_script01_1_F,frustration,You didn't ask her yet?
139,7,Ses03F_script01_1_M,neutral,I wanted to get this settled first.
139,8,Ses03F_script01_1_F,neutral,"Well, how do you know she's going to marry you? I mean, what if she feels the same way as your father?"
139,9,Ses03F_script01_1_M,neutral,Well then I guess it's over then. But from her letters I think she's forgotten him.
139,10,Ses03F_script01_1_M,neutral,"I'll find out. But then after it's all over we'll thrash it out with dad, right?"
140,0,Ses01M_script01_2_F,anger,Why did he invite her here?
140,1,Ses01M_script01_2_M,neutral,"Well, maybe he wanted see her."
140,2,Ses01M_script01_2_F,anger,It's been three and a half years.  Why all of a sudden?
140,3,Ses01M_script01_2_M,neutral,"Well uh, He grew up next door to the girl, why wouldn't he want to see her?"
140,4,Ses01M_script01_2_M,frustration,Don't look at me like that.  He didn't tell me anything he told you.
140,5,Ses01M_script01_2_F,neutral,He's not going to marry her.
140,6,Ses01M_script01_2_M,frustration,How do you know he's even thinking about it?
140,7,Ses01M_script01_2_F,neutral,it's got that about it.
140,8,Ses01M_script01_2_M,frustration,Oh so what?
141,0,Ses01M_script02_1_M,neutral,"What time is it?  God, this is great, isn't it?  I can't believe it."
141,1,Ses01M_script02_1_M,neutral,"Of course I did want to a little further up the coast you know get away from all the lights and people and everything.  Is it midnight, do they always start at midnight?  Is that what it is midnight?  How you doing, huh? You okay?  That's good."
141,2,Ses01M_script02_1_F,neutral,I'm fine.
141,3,Ses01M_script02_1_M,neutral,"Look, there what's that, what's that?  Is it--"
141,4,Ses01M_script02_1_M,neutral,"No, I think that's just foam."
141,5,Ses01M_script02_1_F,frustration,Ugh...
141,6,Ses01M_script02_1_M,neutral,"Oh, no I can't tell though.  Although probably if you can't tell it probably isn't them right, yeah.  Probably going to be like unmistakable, right?"
141,7,Ses01M_script02_1_M,neutral,"Gosh, this is great, isn't it?  This is awesome.  Oh, no you know what I forgot?"
142,0,Ses05F_impro07_M,neutral,"I don't know.  Well.  I wouldn't mind living by the U.S.C. campus, you know, but I'm not going to go to school right now, so."
142,1,Ses05F_impro07_F,neutral,That's fine.  You don't have to go to school to live near U.S.C..
142,2,Ses05F_impro07_M,neutral,I know.
142,3,Ses05F_impro07_M,neutral,But I'd love to go all the US- all the U.S.C. parties and do all that crazy stuff with you.
142,4,Ses05F_impro07_F,neutral,Fair enough.
142,5,Ses05F_impro07_F,neutral,"Whoa, this is going to be so much fun."
142,6,Ses05F_impro07_M,neutral,it is going to be so much fun. Yes.
142,7,Ses05F_impro07_M,neutral,Uh! I'm so happy that you're not going to go away.
142,8,Ses05F_impro07_F,neutral,"Thank you. I know, I'm really, really, really excited."
143,0,Ses04M_script01_1_M,neutral,"Alright, then, mom.  Did we skip something?  No.  Alright, then, mom."
143,1,Ses04M_script01_1_F,neutral,Yes we did. Do you want to keep going?
143,2,Ses04M_script01_1_M,neutral,"Yeah, let's keep going."
143,3,Ses04M_script01_1_F,neutral,Just give it some more thought.
143,4,Ses04M_script01_1_M,frustration,I've given it three years' of thought.  I'd hope that if
143,5,Ses04M_script01_1_M,sadness,"father forgot about Larry, we'd have a regular wedding and everything happy.  If I can't get that here, then I'll have to get out."
143,6,Ses04M_script01_1_F,anger,What the hell is this?
143,7,Ses04M_script01_1_M,neutral,I'll get out.  I'll get married and live someplace else.  Maybe New York.
143,8,Ses04M_script01_1_F,anger,Are you crazy?
144,0,Ses04F_script03_2_M,neutral,"Yes, it is."
144,1,Ses04F_script03_2_F,neutral,"Oh, be quiet."
144,2,Ses04F_script03_2_M,neutral,It's a pity you don't have anymore brandy.  It might have made you a little less disagreeable.
144,3,Ses04F_script03_2_F,anger,It doesn't seem to have worked such wonders with you.
144,4,Ses04F_script03_2_M,frustration,"Snap, snap, snap like a little adder."
144,5,Ses04F_script03_2_F,anger,Adders don't snap they sting.
144,6,Ses04F_script03_2_M,neutral,Non-sense they have bags of venom behind their fangs and they snap.
144,7,Ses04F_script03_2_F,anger,They sting.
144,8,Ses04F_script03_2_M,neutral,They snap.
145,0,Ses01M_impro04_F,neutral,"Like this, right now we're trying have a conversation."
145,1,Ses01M_impro04_F,neutral,We're trying to have a conversation and you seem extremely hostile. You keep cutting me off.
145,2,Ses01M_impro04_M,neutral,"Well, it's 'cause I can't get a job, okay?"
145,3,Ses01M_impro04_M,frustration,I'm not always right I'm just--
145,4,Ses01M_impro04_F,neutral,I can't finish the sentence with you without you jumping in...
145,5,Ses01M_impro04_F,neutral,...and you're always right.
145,6,Ses01M_impro04_M,neutral,fine okay.
145,7,Ses01M_impro04_F,neutral,You have an excuse for everything.
146,0,Ses03M_script01_2_F,neutral,I can't do it all alone.
146,1,Ses03M_script01_2_M,neutral,"Calm yourself, alright?"
146,2,Ses03M_script01_2_F,sadness,"Look, it was just last week that Detroit, some boy came back he had been away longer than Larry, you can read it for yourself. You above all people have got to believe."
146,3,Ses03M_script01_2_M,anger,"Alright, alright, calm yourself okay?  Calm yourself. Wait, wait.  What do you mean, me above all?"
146,4,Ses03M_script01_2_F,neutral,"Look, just keep believing okay?"
146,5,Ses03M_script01_2_M,anger,"Wait, what does that mean?  Me above all?"
146,6,Ses03M_script01_2_M,anger,"Look at you, you're shaking."
146,7,Ses03M_script01_2_F,sadness,I can't help it.
146,8,Ses03M_script01_2_M,anger,What do I got to hide?  Huh?  What the hell's the matter with you Kate?
147,0,Ses04F_impro08_F,frustration,"I understand, sir.  I will explain to them what the situa-"
147,1,Ses04F_impro08_M,anger,You don't understand because you've never gone to Del Taco and gotten the service that I've gotten.  You don't understand.
147,2,Ses04F_impro08_F,neutral,You're right sir.  It is your particular situation but I will call the other operator.  I will explain to them what's going on. You won't have to tell your story again.
147,3,Ses04F_impro08_M,anger,You're not going to call the other operator. You're not going to call the the other operator.
147,4,Ses04F_impro08_M,anger,You're going to fill out a form on your desk
147,5,Ses04F_impro08_M,anger,because I know you're at a desk right now in your stupid corporate building and you're going to send me a check for sixteen dollars and forty two cents.
147,6,Ses04F_impro08_F,frustration,"Okay, sir.  They- they have to-"
147,7,Ses04F_impro08_F,frustration,Sir.
148,0,Ses01F_impro06_F,sadness,Umm. Yeah.
148,1,Ses01F_impro06_F,sadness,"And the last time before she died, I remember she couldn't really stand, umm..."
148,2,Ses01F_impro06_F,sadness,"But I mean she could, but it was- so it was kind of sitting at her feet holding her up and she had these poems she had memorized.  And I remember looking up, she had curly red hair and there was this palm tree right behind her and it was like a crown growing right out of her head.  It was cool."
148,3,Ses01F_impro06_M,neutral,Mmhmm.
148,4,Ses01F_impro06_F,sadness,"Some, I guess.  She memorized this one, John Dunn, it's called, Death Be Not Proud. and-"
148,5,Ses01F_impro06_M,neutral,So she wrote a lot of poetry?
148,6,Ses01F_impro06_F,neutral,"There's another one, I can't remember."
148,7,Ses01F_impro06_F,sadness,"I remember, too, when we were--  she died at U.C.L.A.  She had brain surgery and there was not much hope to begin with, but I gave blood for her surgery, her mom and I before, so we dropped her off in the waiting room and then we were giving blood and came back.  And she, in her wheelchair, like can hardly do anything, reciting her poetry for these people like in the waiting room.  All she needs is a God damn audience.  You know?"
148,8,Ses01F_impro06_M,neutral,Mmhmm.Mmhmm.Mmhmm.
149,0,Ses05M_script02_2_F,sadness,I would rather not remember some things.  I'd rather not hope for something.
149,1,Ses05M_script02_2_M,neutral,"Okay.  All right No problem.  I totally understand. okey  um, listen.  Do you want to dance?"
149,2,Ses05M_script02_2_F,sadness,No.
149,3,Ses05M_script02_2_M,neutral,Do you want me to go get some champagne?
149,4,Ses05M_script02_2_F,sadness,No.
149,5,Ses05M_script02_2_M,neutral,Take off our shoes?
149,6,Ses05M_script02_2_F,sadness,No.
149,7,Ses05M_script02_2_M,frustration,"What, you want me to blow in your ear?"
150,0,Ses04F_script01_1_M,frustration,Then you help me stay here.
150,1,Ses04F_script01_1_F,anger,Alright but don't think that way
150,2,Ses04F_script01_1_F,anger,"because what the hell did we work for?  This whole shooting match is just for you, Chris."
150,3,Ses04F_script01_1_M,frustration,I know.  Just you help me stay here.
150,4,Ses04F_script01_1_F,anger,But don't think that way.  You hear me?
150,5,Ses04F_script01_1_M,neutral,I am thinking that way.
150,6,Ses04F_script01_1_F,neutral,I don't understand you do I?
150,7,Ses04F_script01_1_M,neutral,No.  I'm a pretty tough guy.
150,8,Ses04F_script01_1_F,anger,Yeah.  I can see that.
151,0,Ses02F_impro07_M,neutral,"Wow, that's..."
151,1,Ses02F_impro07_M,neutral,"...that's first choice, huh? That's so awesome and now look you're gonna be--you're gonna be here. you know"
151,2,Ses02F_impro07_F,neutral,"Yeah, I know."
151,3,Ses02F_impro07_F,neutral,Absolutely. I'm so excited.
151,4,Ses02F_impro07_F,neutral,"I know.  I know. And we'll all get to hang out.  And I'm--even though we'll be at like at different parts of the city, we can still, like..."
151,5,Ses02F_impro07_F,neutral,"...hang out and, like, have our different lives--And meet each other's friends and stuff.  So, I'm just so glad 'cause they have such a good school"
151,6,Ses02F_impro07_M,neutral,"Yeah, no, definitely--It's gonna.."
151,7,Ses02F_impro07_M,neutral,Yeah.
151,8,Ses02F_impro07_F,neutral,"and like-- The football team--And like all the-...you- what I mean, like..."
152,0,Ses03M_script02_1_F,frustration,You didn't see them the first time either.
152,1,Ses03M_script02_1_M,frustration,"We just weren't in the good spot.  This is a much better spot.  You know, I have a good instincts for these things."
152,2,Ses03M_script02_1_M,neutral,"Look, is that...no is that just seaweed?"
152,3,Ses03M_script02_1_M,neutral,"You know, this is great isn't it?  You know, I wouldn't trade this for anything."
152,4,Ses03M_script02_1_M,neutral,"I mean, think about this, I know you're not interested but just think about this for a minute."
152,5,Ses03M_script02_1_M,neutral,"Somewhere out there, there's this huge silver mass of fish heading this way, they don't why, we don't know why, they just some little instinctual fire cracker went off in their bodies..."
152,6,Ses03M_script02_1_M,neutral,"...like and they all just turned at once and formed a line as long as the California coast and started swimming this way.  They didn't, you know, they didn't make a decision, they didn't, you know, have boats or anything.  No one sent them an invitation or a map, they just started swimming as if that's the only thing that matters."
152,7,Ses03M_script02_1_M,neutral,"It's single mindedness with no mind.  It's urgency that's pure urge and they don't, they don't ask it a question, they don't give it a name, they just swim."
153,0,Ses04M_impro02_M,sadness,It's only going to be a year.
153,1,Ses04M_impro02_F,neutral,It's the first year of your child's life.
153,2,Ses04M_impro02_M,neutral,There's really -- there's nothing I can do.
153,3,Ses04M_impro02_F,neutral,You're just fine with this?
153,4,Ses04M_impro02_M,frustration,There's nothing I --
153,5,Ses04M_impro02_F,frustration,You're just going to pick up and leave me and our baby and miss a year of our lives?
153,6,Ses04M_impro02_M,frustration,"It's -- look, it's only a year.  It'll go by quickly.  Okay."
153,7,Ses04M_impro02_F,neutral,"When you get back, think of all of the things that you're going to have missed."
153,8,Ses04M_impro02_M,frustration,"I know, but I'll be back then.  And - and- and we'll have -- we have the rest of our lives."
154,0,Ses03F_script01_1_F,frustration,"What, you're going to argue with him?"
154,1,Ses03F_script01_1_M,frustration,"No, I don't want to argue with him, but it's time that he realized that no one believes that Larry's coming back anymore."
154,2,Ses03F_script01_1_F,frustration,You can't tell him that.
154,3,Ses03F_script01_1_M,frustration,We got to tell him that.
154,4,Ses03F_script01_1_F,frustration,We can't. It just won't work.
154,5,Ses03F_script01_1_M,frustration,"You know, for God's sakes it's been three years. No one comes back after three years. It's insane."
154,6,Ses03F_script01_1_F,neutral,They do come back.
154,7,Ses03F_script01_1_F,neutral,"I know, but he doesn't know that."
154,8,Ses03F_script01_1_F,neutral,Three years has been a long time.
154,9,Ses03F_script01_1_M,frustration,"All right. Just- Sit down, mom. I want to talk to you."
154,10,Ses03F_script01_1_F,anger,"It's those Goddamn newspapers, you know? I mean, it's like every day they come out with this new person that comes along. And the next one's going to be Larry."
155,0,Ses03F_script02_1_M,neutral,"Hey, what time is it? They're supposed to run around midnight, right? God, this is great, isn't it?"
155,1,Ses03F_script02_1_M,neutral,Look at the night we got; couldn't be better.
155,2,Ses03F_script02_1_M,neutral,"You know actually, I wanted to go a little further up the coast to get away from all the, the people and the lights, and uh- but I thought we'd miss it. Hey, how you doing?"
155,3,Ses03F_script02_1_F,sadness,Fine.
155,4,Ses03F_script02_1_M,neutral,"Oh, is that-is that-now, is that just foam, uhh, I can't even tell."
155,5,Ses03F_script02_1_M,neutral,"Oh, though if I can't tell it probably isn't them, right? It probably would be unmistakable, wouldn't you think? Hey, how you doing?"
155,6,Ses03F_script02_1_M,neutral,"Oh, do you know what I forgot? I forgot my flashlight. How could I be so stupid. Oh, I-I should have brought my flashlight."
155,7,Ses03F_script02_1_F,neutral,What flashlight?
155,8,Ses03F_script02_1_M,neutral,"Uh- you know, the flashlight. The silver one. There's only one, isn't there?"
156,0,Ses05F_impro03_M,happiness,Exactly.
156,1,Ses05F_impro03_M,happiness,"Exactly, ""laugh""."
156,2,Ses05F_impro03_F,happiness,Sorry.
156,3,Ses05F_impro03_M,neutral,"ahh I was always worried you'd be a little bit jealous of me, but I was never quite that lucky."
156,4,Ses05F_impro03_F,happiness,There's still time for that.
156,5,Ses05F_impro03_M,neutral,"Oh, thanks. move here before you get married [LAUGHTER]"
156,6,Ses05F_impro03_F,happiness,[BREATHING]
156,7,Ses05F_impro03_M,neutral,"Perfect, okay, good. ""sigh"""
156,8,Ses05F_impro03_M,neutral,"I don't feel so bad then.  Well, I'm excited for you."
156,9,Ses05F_impro03_F,neutral,I know. I can't believe it.
156,10,Ses05F_impro03_M,neutral,I can't believe it.
156,11,Ses05F_impro03_F,neutral,I am very excited
156,12,Ses05F_impro03_M,neutral,Who else have you told?
157,0,Ses03M_impro08a_F,frustration,Olivia.
157,1,Ses03M_impro08a_M,neutral,Olivia. Um. Okay.  So how long has this problem been?
157,2,Ses03M_impro08a_F,frustration,"This has been going on for the past two weeks.  I called every single day.  Nobody is helping me.  You guys tell me the same thing over and over, call again, call again, call again--"
157,3,Ses03M_impro08a_M,neutral,So what exactly is the problem?
157,4,Ses03M_impro08a_F,frustration,"I don't, I don't know what the problem is.  That's what I want you guys to...why is my service not turned on?  And I paid my bills on time.  I don't understand."
157,5,Ses03M_impro08a_M,neutral,Um- I think part of it has to do with the network being down.  It's been having some trouble the last few weeks--
157,6,Ses03M_impro08a_F,frustration,"Okay.  Well that is, that is fine and all.  I don't care.  I really don't care because I want my phone to work that's all."
157,7,Ses03M_impro08a_F,frustration,"That is I am paying you guys for service and I'm not getting any service.  I get, I get just dropped calls all the time and now it's completely not working at all.  I can't even call out, nine one one probably wouldn't even work."
157,8,Ses03M_impro08a_M,neutral,I understand--we're not-
158,0,Ses01M_impro05_F,neutral,Can I help you?
158,1,Ses01M_impro05_M,frustration,"Yes, please help me.  Where is my bag?"
158,2,Ses01M_impro05_F,neutral,I need a little more information.
158,3,Ses01M_impro05_M,frustration,"Where is my bag?  Come on, I've been here for four hours."
158,4,Ses01M_impro05_F,neutral,What- What flight did you come in on?
158,5,Ses01M_impro05_M,frustration,"Okay, I'm coming in from Atlanta."
158,6,Ses01M_impro05_F,neutral,Georgia?
158,7,Ses01M_impro05_M,neutral,"Yes, Georgia.  Good for you I need my bag.  Can you..."
158,8,Ses01M_impro05_F,neutral,"There's no need for you to raise your voice, sir."
159,0,Ses01F_script03_2_F,anger,"Oh shut up.  Let go.  I hate you, I hate you.  Do you hear?  You are a conceited and overbearing and utterly impossible."
159,1,Ses01F_script03_2_M,anger,"You are a vile, ill-tempered, loose living, wicked little beast and I never want to see you again as long as I live."
159,2,Ses01F_script03_2_F,anger,This is the end.  Do you hear me?  Finally and forever.
159,3,Ses01F_script03_2_M,anger,You're not going like this.
159,4,Ses01F_script03_2_F,anger,Oh.  Yes I am.
159,5,Ses01F_script03_2_M,anger,You're not.
159,6,Ses01F_script03_2_F,anger,"Yes I am.   Stop it. Stop it.  Let go of me. Oh.  You're a cruel fiend.  I loathe and I hate you. Marry you again?  Never, never, never. I hope you die in torment, you brute beast cad."
159,7,Ses01F_script03_2_M,anger,"Shut up. Shut up. God, I wouldn't marry you again if you came crawling back to me on a bended knee.  You are a vile, ill-tempered, mean little wench and I never want to see you again as long as I live."
160,0,Ses03F_script01_3_F,sadness,No. What is it? Is it your mother?
160,1,Ses03F_script01_3_M,neutral,"No, no, no, no. Nothing like that."
160,2,Ses03F_script01_3_F,sadness,"Well then tell me what's wrong. I mean, even in your letters there's something ashamed."
160,3,Ses03F_script01_3_M,sadness,"Yeah. I guess there is. I guess I was, but uh- it's going from me now."
160,4,Ses03F_script01_3_F,sadness,You should tell me.
160,5,Ses03F_script01_3_M,sadness,I don't know where to start.
160,6,Ses03F_script01_3_F,sadness,"But, Chris, it wouldn't work like this."
160,7,Ses03F_script01_3_M,sadness,You know when I went overseas. I said I was in command of a company.
161,0,Ses04M_impro05_M,frustration,But that's not going to-- But you don't understand. You're looking forward to never seeing me again.
161,1,Ses04M_impro05_F,frustration,"Oh, yes."
161,2,Ses04M_impro05_M,frustration,But never seeing me again is not going to happen until you give me the three checks.
161,3,Ses04M_impro05_F,frustration,"I'm sorry, really.  But--"
161,4,Ses04M_impro05_M,frustration,I don't -- I'm not- I'm not convinced.
161,5,Ses04M_impro05_F,frustration,That I'm sorry?
161,6,Ses04M_impro05_M,anger,"Yeah.  If you were really sorry, you'd give me the three checks."
161,7,Ses04M_impro05_M,anger,"So why don't we just do that and stop this nonsense, hmm?  Hmm?"
162,0,Ses01F_impro03_M,happiness,Like you need another one of those.[LAUGHTER]
162,1,Ses01F_impro03_F,neutral,I have an internet boyfriend.  I guess I'll have to juggle the two.  Is that cheating?  I don't know. Hmm.
162,2,Ses01F_impro03_M,happiness,Is that your phone?
162,3,Ses01F_impro03_F,neutral,"Yeah, so [LAUGHTER] He's calling me now"
162,4,Ses01F_impro03_M,happiness,He loves you.
162,5,Ses01F_impro03_F,happiness,"He likes to keep tabs, you know."
162,6,Ses01F_impro03_M,neutral,How much did he win at the slot?
162,7,Ses01F_impro03_F,neutral,"Uh, I think seven hundred and fifty dollars."
162,8,Ses01F_impro03_M,neutral,Really? Penny slots?
163,0,Ses03F_script01_3_F,sadness,"Yeah, sure."
163,1,Ses03F_script01_3_M,sadness,"Well, I lost them."
163,2,Ses03F_script01_3_F,sadness,How many?
163,3,Ses03F_script01_3_M,sadness,Just about all.
163,4,Ses03F_script01_3_F,sadness,Geez.
163,5,Ses03F_script01_3_M,sadness,It takes a little while to toss that off. Because they weren't just men.
163,6,Ses03F_script01_3_M,sadness,"For instance, one time, it had to have been raining several days. There was this one kid, he came up to me and he gave me his last pair of dry socks. Put them in my pocket."
163,7,Ses03F_script01_3_M,sadness,"I mean, that's-that's only a little thing, but that's the kind of guys I had. They didn't just die. They killed themselves for each other. And I mean that exactly. A little more selfish and they'd still be here today."
164,0,Ses05F_script03_1_F,neutral,It was bound to happen sooner or later.
164,1,Ses05F_script03_1_M,neutral,Hello?  Hello?  What?  Wrong number.
164,2,Ses05F_script03_1_F,neutral,"Oh, it sent shivers up my spine."
164,3,Ses05F_script03_1_M,neutral,"Oh, what shall we do if they suddenly walk in on us?"
164,4,Ses05F_script03_1_F,neutral,Behave exquisitely.
164,5,Ses05F_script03_1_M,neutral,With the most perfect poise.
164,6,Ses05F_script03_1_F,neutral,"Yes, I shall probably do a Court Curtsey."
164,7,Ses05F_script03_1_M,neutral,"[LAUGHTER] Oh, the things that ought to matter most dreadfully don't seem to matter at all when one's happy, do they?"
164,8,Ses05F_script03_1_F,neutral,Um... It's a pity that one can't stay this way forever.
165,0,Ses01F_script02_1_M,neutral,I wonder if they can hear me talk or like feel the vibrations in the sand when we move around.
165,1,Ses01F_script02_1_F,sadness,I'm cold.
165,2,Ses01F_script02_1_M,frustration,Do you want my jacket?
165,3,Ses01F_script02_1_F,neutral,"It's after eleven, let's go."
165,4,Ses01F_script02_1_M,neutral,What?  We just got here.  What's the point of coming all the way down here if we just turn around and go home?
165,5,Ses01F_script02_1_F,neutral,There is no point.
165,6,Ses01F_script02_1_M,neutral,Right.
165,7,Ses01F_script02_1_F,neutral,That's my point.
165,8,Ses01F_script02_1_M,neutral,"Wait, that's my point, too."
166,0,Ses01M_impro02_M,neutral,I can't believe it. I just got back.
166,1,Ses01M_impro02_M,sadness,"So yeah, we leave tomorrow..."
166,2,Ses01M_impro02_F,frustration,[BREATHING]
166,3,Ses01M_impro02_M,sadness,...we're all shipping out.
166,4,Ses01M_impro02_M,sadness,I just got I feel like I'm in shock actually.
166,5,Ses01M_impro02_F,sadness,I don't even know what to tell you.
166,6,Ses01M_impro02_M,sadness,I don't know.
166,7,Ses01M_impro02_F,sadness,What about the birthday party?
167,0,Ses02M_script03_2_M,frustration,They snap.
167,1,Ses02M_script03_2_F,anger,I don't care. Do you understand? I don't care. I don't care if they bark or roll about like hoops.
167,2,Ses02M_script03_2_M,neutral,"Tell me, did you see much of Peter Burden after our divorce?"
167,3,Ses02M_script03_2_F,neutral,"Yes, I did quite a lot."
167,4,Ses02M_script03_2_M,neutral,I imagine you let him kiss you good deal more then.
167,5,Ses02M_script03_2_F,neutral,Mind your own business.
167,6,Ses02M_script03_2_M,anger,What riotous time you must have had.
167,7,Ses02M_script03_2_M,anger,"No restraint at all, very enjoyable, never had much anyhow."
167,8,Ses02M_script03_2_F,neutral,You're quite insufferable. I expect it's because you're drunk.
168,0,Ses01M_script01_3_F,sadness,[BREATHING] And then you've been kind of...
168,1,Ses01M_script01_3_M,neutral,What?
168,2,Ses01M_script01_3_F,sadness,You've been kind of embarrassed ever since I got here.
168,3,Ses01M_script01_3_M,neutral,"I was kind of planning on sneaking up on you, you know over like a course of a week or so. They just take for granted that we're already set."
168,4,Ses01M_script01_3_F,neutral,"I knew they would, your mother anyway."
168,5,Ses01M_script01_3_M,neutral,You did?
168,6,Ses01M_script01_3_F,neutral,From her point of view why else would I come?
168,7,Ses01M_script01_3_M,neutral,Yeah--
168,8,Ses01M_script01_3_M,neutral,"So then would you want to?  I mean I guess, you kind of have to know, maybe that's why I asked you to come."
169,0,Ses03F_impro02_F,sadness,yeah
169,1,Ses03F_impro02_F,neutral,"Well, I'm leaving in three weeks, but-- Yeah."
169,2,Ses03F_impro02_M,frustration,"God, we're supposed to take a look at a house next week."
169,3,Ses03F_impro02_F,frustration,Maybe we can still do that
169,4,Ses03F_impro02_M,anger,"I can't- No, I can't do this alone."
169,5,Ses03F_impro02_F,sadness,"Yeah, and uh--"
169,6,Ses03F_impro02_M,neutral,Amy's starting school in a month.
169,7,Ses03F_impro02_F,frustration,"I know, but look, I have to take this. I mean, if I don't, I mean, I could get fired."
169,8,Ses03F_impro02_F,frustration,And we know you need-we need the money. We couldn't even- purchase a house if I didn't take this.
170,0,Ses04M_impro07_F,neutral,I know.  You're going to be so close.
170,1,Ses04M_impro07_M,neutral,"And, uh, it's just really exciting.  I- You know, I'm -- just I want to- I want to share this special happy moment with you. It's awesome"
170,2,Ses04M_impro07_F,neutral,I'm glad you did.
170,3,Ses04M_impro07_M,neutral,So um
170,4,Ses04M_impro07_F,neutral,"That's great.  I mean, I'm really glad you're not going to go anywhere.  You'll still be here."
170,5,Ses04M_impro07_M,neutral,"Yeah, yeah, yeah.  We're only going to be like twenty minutes apart."
170,6,Ses04M_impro07_F,neutral,Everything in LA is twenty minutes away.
170,7,Ses04M_impro07_M,neutral,"Exactly. It's more like twenty five. Twenty five, half an hour,"
170,8,Ses04M_impro07_F,neutral,Give or take. [LAUGHTER]
171,0,Ses05M_script03_2_M,neutral,Do you want some brandy?
171,1,Ses05M_script03_2_F,neutral,No thanks.
171,2,Ses05M_script03_2_M,neutral,I think I'll have a little.
171,3,Ses05M_script03_2_F,neutral,I don't see why you want it; you've already had two glasses.
171,4,Ses05M_script03_2_M,neutral,"No particular reason.  Besides, they were little ones."
171,5,Ses05M_script03_2_F,neutral,"Well, it seems silly to go on and on with such a thing."
171,6,Ses05M_script03_2_M,neutral,You can hardly say- You can hardly call three little liquor glasses of brandy for the entire evening going on and on.
171,7,Ses05M_script03_2_F,neutral,It's becoming a habit with you.
171,8,Ses05M_script03_2_M,neutral,You needn't be so grand simply because you don't happen to want me at the moment.
172,0,Ses05F_script03_2_F,neutral,"Oh, Do shut up."
172,1,Ses05F_script03_2_M,anger,It's a pity you didn't take a little more brandy.  It might have made you a little less disagreeable.
172,2,Ses05F_script03_2_F,anger,"Um, It doesn't seem to have worked such wonders with you."
172,3,Ses05F_script03_2_M,neutral,"Well, snap, snap, snap like a little adder."
172,4,Ses05F_script03_2_F,anger,"adder don't snap, they sting."
172,5,Ses05F_script03_2_M,neutral,"Nonsense, they have a little bag of venom behind their fangs and they snap."
172,6,Ses05F_script03_2_F,anger,They sting.
172,7,Ses05F_script03_2_M,anger,They snap.
172,8,Ses05F_script03_2_F,anger,"I don't care if they bark and roll around like hoops, okay."
173,0,Ses01F_script02_2_M,neutral,"It's when we were driving past that Knickerbocker Liquor Locker, you said, let's get some champagne.  I said no, time's a wasting or something like that."
173,1,Ses01F_script02_2_F,frustration,dancing barefoot in the sand.
173,2,Ses01F_script02_2_M,frustration,"That's what it is?  Right?  You want this to be like the other time, right?"
173,3,Ses01F_script02_2_F,sadness,I'd rather not remember some things.  I'd rather not hope for some things.
173,4,Ses01F_script02_2_M,neutral,Sure.  All right.  Okay.
173,5,Ses01F_script02_2_M,neutral,"Listen, do you want to dance?"
173,6,Ses01F_script02_2_F,neutral,No.
173,7,Ses01F_script02_2_M,neutral,Do you want me to go get some champagne?
173,8,Ses01F_script02_2_F,neutral,No.
173,9,Ses01F_script02_2_M,happiness,Do you want to take off your shoes?
174,0,Ses01M_script03_1_M,happiness,Flippancy brings out the acid in their darn sweetness and light.
174,1,Ses01M_script03_1_F,happiness,"Mmhmm If I must laugh at everything, I must laugh at us too."
174,2,Ses01M_script03_1_M,neutral,Oh yes.  .
174,3,Ses01M_script03_1_F,happiness,"How long will it last, this ludicrous, overbearing love of ours?"
174,4,Ses01M_script03_1_M,happiness,We are figures of fun all right
174,5,Ses01M_script03_1_M,happiness,Ahh...who knows.
174,6,Ses01M_script03_1_F,happiness,Shall we always want to bicker and fight?
174,7,Ses01M_script03_1_M,neutral,"No, that will fade...Along with our passion..."
174,8,Ses01M_script03_1_F,neutral,"Oh, will we like that?"
175,0,Ses03M_impro05a_F,neutral,Can I help you sir?
175,1,Ses03M_impro05a_M,anger,Yes you can help me.  Where is my luggage?
175,2,Ses03M_impro05a_F,neutral,"Well, let me just check on that for you.  Where are you coming--?"
175,3,Ses03M_impro05a_M,anger,Yeah.  You do that.  I'm coming from Baltimore.  You know where that is?
175,4,Ses03M_impro05a_F,neutral,"Sir, yes it's in Maryland.  It's okay...well, I'm...just let me check here."
175,5,Ses03M_impro05a_M,anger,I had eight hundred pounds of luggage.
175,6,Ses03M_impro05a_F,frustration,Okay.  Sir?  Can you...if you just give me one moment and let me just check okay?
175,7,Ses03M_impro05a_M,anger,Okay.  Check.
175,8,Ses03M_impro05a_F,frustration,"Alright.  And you're coming-- Wait, hold on sir.  You're coming from Baltimore into LAX right?"
176,0,Ses01M_impro07_M,neutral,But they got to like drive around in a bus--that would suck.
176,1,Ses01M_impro07_F,neutral,Oh really? With the whole team?
176,2,Ses01M_impro07_M,neutral,Yeah we have like away games and stuff.
176,3,Ses01M_impro07_F,neutral,What are your teammates like? I'm sure you don't know yet? What kind of people play softball?
176,4,Ses01M_impro07_M,neutral,They're nice.
176,5,Ses01M_impro07_M,neutral,"Like, you know like police officers, like--kind of heavyset guys. Mustaches, yeah. It's that kind of-"
176,6,Ses01M_impro07_F,neutral,Oh really?
176,7,Ses01M_impro07_F,neutral,Cool. You don't seem like you'd fit in there.
177,0,Ses04M_script01_1_F,frustration,"What do you mean, dishonest?"
177,1,Ses04M_script01_1_M,neutral,You know that Larry's not coming back.  And I know it.  Why do we allow him to go on thinking that we believe with him?
177,2,Ses04M_script01_1_F,frustration,What do you want to do?  Argue with him?
177,3,Ses04M_script01_1_M,frustration,I don't want to argue with him but it's time he realized that nobody believes Larry's alive anymore.
177,4,Ses04M_script01_1_M,neutral,Why shouldn't he dream of him?  Walk the nights waiting for him.
177,5,Ses04M_script01_1_M,neutral,"Do we contradict him?  Do we say straight out that we have no hope anymore?  That we haven't had any hope for years, now."
177,6,Ses04M_script01_1_F,anger,You can't say that to him.
177,7,Ses04M_script01_1_M,anger,We've gotta say it to him.
177,8,Ses04M_script01_1_F,anger,How are you going to prove it?  Can you prove it?
178,0,Ses01M_script03_2_F,neutral,"Adders don't snap, they sting."
178,1,Ses01M_script03_2_M,anger,Nonsense.  They have a bag of venom behind of fangs and they snap.
178,2,Ses01M_script03_2_F,anger,They sting.
178,3,Ses01M_script03_2_F,anger,"I don't care.  I don't care, do you understand?  I don't mind if they bark and they roll about like hoops."
178,4,Ses01M_script03_2_M,anger,Did you see much of Peter Burden after our divorce?
178,5,Ses01M_script03_2_F,anger,"Yes, I did quite a lot."
178,6,Ses01M_script03_2_M,anger,I suppose you let him just kiss you or good deal more than too.
178,7,Ses01M_script03_2_F,anger,"Oh, mind you own business."
178,8,Ses01M_script03_2_M,anger,"I suppose you two had a riotous time, huh?  No restrain at all, very enjoyable, he never had much any how."
179,0,Ses02F_impro01_F,neutral,"Hi. Excuse me.  Um, I'd like to put in this application for my registration."
179,1,Ses02F_impro01_M,neutral,Hi.
179,2,Ses02F_impro01_M,neutral,"Okay.  Let me see here.  Um, we need--we need your original birth certificate."
179,3,Ses02F_impro01_F,neutral,My--my original birth certificate?  But I don't carry that with me.
179,4,Ses02F_impro01_M,neutral,Right.  Well.  We still need it.
179,5,Ses02F_impro01_F,neutral,"Well, I have my driver's license, does that work?"
179,6,Ses02F_impro01_M,neutral,"No. no  Uh, no one told you that you needed your original birth certificate."
179,7,Ses02F_impro01_F,frustration,No it doesn't say it on the form.
179,8,Ses02F_impro01_F,frustration,"I mean it just says that you need some form of identification, but it doesn't say what kind of identification."
180,0,Ses05M_script01_2_M,frustration,"Well, so what?"
180,1,Ses05M_script01_2_F,anger,"What's going on here, Joe?"
180,2,Ses05M_script01_2_M,frustration,Now listen.
180,3,Ses05M_script01_2_F,neutral,"No.  She's not his girl, Joe.  She knows she's not."
180,4,Ses05M_script01_2_M,neutral,You don't know.  You can't read her mind.
180,5,Ses05M_script01_2_F,neutral,"Then why is she still single? I mean, New York is full of men.  Why isn't she married?  Probably a hundred people told her she's foolish but she's waited."
180,6,Ses05M_script01_2_M,frustration,How do you know why she's waited?
180,7,Ses05M_script01_2_F,neutral,"Because she knows what I know, that's why.  She's faithful as a rock.  In my worst moments I think of her waiting and I know again that I'm right."
180,8,Ses05M_script01_2_M,frustration,"Look, it's a beautiful day outside, why are we arguing?"
181,0,Ses05F_script03_2_F,anger,I hate you.
181,1,Ses05F_script03_2_F,anger,"No, no.  I'm tired of listening to you.  You're boorish and idiotic and completely overbearing."
181,2,Ses05F_script03_2_M,anger,Very music- amusing indeed.
181,3,Ses05F_script03_2_F,anger,"Yeah, very amusing.  Let me go.  I'm getting out of here.  I can't believe I intended to marry you."
181,4,Ses05F_script03_2_M,anger,"You are a vile tempered, loose living, wicked little beast, and I never want to set eyes on you again."
181,5,Ses05F_script03_2_F,anger,"Oh, marry you again?  I must have been insane.  What was I thinking?  I mean, you're completely outrageous."
181,6,Ses05F_script03_2_M,anger,"Shut up, shut up.  I wouldn't marry you again if you came crawling to me on bended knee. You're a mean, evil-minded little vampire and I hope to God I never set eyes on you again."
181,7,Ses05F_script03_2_F,anger,Beast; brute; cad; whore
182,0,Ses03F_impro03_F,neutral,"Right. Right. Right. So, and there's like a whole like wedding scene in it. All right, not the--Drowsy, Drowsy [LAUGHTER] --not the Lousy. [LAUGHTER]. Um - So Drowsy. So I go to see this Drowsy Chaperone. And uh-"
182,1,Ses03F_impro03_M,neutral,[LAUGHTER] Uh- Drowsy.
182,2,Ses03F_impro03_F,neutral,"at the end of the performance, you know, like we're all clapping and stuff. And all of a sudden I look over and"
182,3,Ses03F_impro03_F,neutral,"Joe's gone. -where did he go, you know?"
182,4,Ses03F_impro03_M,neutral,Uh huh. Oh-
182,5,Ses03F_impro03_F,neutral,"And I'm like oh, he went to the- -the bathroom, but he didn't tell me, I didn't even notice him leaving. And all of a sudden, I swear to God, I'm sitting there and-"
182,6,Ses03F_impro03_F,neutral,he comes up onstage-- And the entire cast everyone just like
182,7,Ses03F_impro03_M,neutral,oh-
182,8,Ses03F_impro03_F,neutral,goes up there and everyone's clapping and he's standing there and they put a spotlight on him.
182,9,Ses03F_impro03_M,neutral,"Oh, my God."
183,0,Ses02F_script03_2_F,anger,What?
183,1,Ses02F_script03_2_M,frustration,Nothing.
183,2,Ses02F_script03_2_M,neutral,Going out somewhere dear?
183,3,Ses02F_script03_2_F,neutral,"No, just making myself fascinating for you."
183,4,Ses02F_script03_2_M,neutral,That reply has broken my heart.
183,5,Ses02F_script03_2_F,neutral,"A woman's job is to allure the man.  Watch me a minute, will you?"
183,6,Ses02F_script03_2_M,neutral,"As a matter of fact, that's perfectly true."
183,7,Ses02F_script03_2_F,frustration,"No, it isn't."
183,8,Ses02F_script03_2_M,frustration,"Yes, it is."
184,0,Ses03M_script01_3_M,neutral,Well...
184,1,Ses03M_script01_3_F,sadness,"Look,"
184,2,Ses03M_script01_3_F,sadness,"you saw the way that she acted and then well, I mean, you, you were acting kind of..."
184,3,Ses03M_script01_3_M,neutral,What?
184,4,Ses03M_script01_3_F,sadness,"Well, I don't know, embarrassed of her since I came."
184,5,Ses03M_script01_3_M,neutral,Well the trouble is I was planning on sneaking up on you over a week or so and they take it for granted that we're all set.
184,6,Ses03M_script01_3_F,neutral,"Yeah.  I know they would, especially your mother."
184,7,Ses03M_script01_3_M,neutral,How did you know?
184,8,Ses03M_script01_3_F,neutral,"Well what other reason, from her point of view, would I be coming here?"
185,0,Ses04M_script03_2_M,anger,"Snap.  Oh, snap, snap, snap, like a little adder."
185,1,Ses04M_script03_2_F,anger,"Adders don't snap, they sting."
185,2,Ses04M_script03_2_M,anger,"They -- nonsense, they have a little bag of venom behind their fangs and they snap."
185,3,Ses04M_script03_2_F,frustration,They sting.
185,4,Ses04M_script03_2_M,anger,They snap.
185,5,Ses04M_script03_2_F,anger,I don't care.  Do you understand?  I don't care.  I don't mind if they bark and roll about like hoops.
185,6,Ses04M_script03_2_M,neutral,Did you see much of Peter Burden after our divorce?
185,7,Ses04M_script03_2_F,anger,"Yes, I did, quite a lot."
185,8,Ses04M_script03_2_M,anger,"I suppose you let him kiss you a good deal more then, hmm?"
185,9,Ses04M_script03_2_F,anger,Mind your own business.
185,10,Ses04M_script03_2_M,anger,You must have had a riotous time.
186,0,Ses01M_script01_2_F,anger,"What is going on here, Joe?"
186,1,Ses01M_script01_2_M,frustration,"Okay, now listen, kids..."
186,2,Ses01M_script01_2_F,anger,The girl is not Larry's.  If the girl is Larry's girl she's not his she know she's not.
186,3,Ses01M_script01_2_M,frustration,Listen. Line. You can't read her mind.
186,4,Ses01M_script01_2_F,neutral,Then why is she still single?  New York is full of men probably a hundred people told her she is crazy but she is waited.
186,5,Ses01M_script01_2_M,neutral,And how do you know why she's waited.
186,6,Ses01M_script01_2_F,neutral,Because she knows what I know that's why.  She's faithful as a rock. in my darkest moments I think of her waiting and I know that I'm right.
186,7,Ses01M_script01_2_M,frustration,"Okay, look it's a beautiful day.  Why are we arguing?"
187,0,Ses03F_script01_2_F,anger,Why did you invite her here?
187,1,Ses03F_script01_2_M,neutral,Why? Does that bother you?
187,2,Ses03F_script01_2_F,anger,She's been in New York for three-and-a-half years. She don't just suddenly come and-
187,3,Ses03F_script01_2_M,neutral,"Well, maybe, maybe he just wanted to see her."
187,4,Ses03F_script01_2_F,anger,You don't travel seven hundred miles just to see.
187,5,Ses03F_script01_2_M,neutral,"What do you mean? They lived next door to each other their entire lives. Why shouldn't he want to see her? Hey, don't look at me like that. I don't know anymore than you do."
187,6,Ses03F_script01_2_F,neutral,He's not going to marry her.
187,7,Ses03F_script01_2_M,neutral,How do you know he's even thinking about it?
187,8,Ses03F_script01_2_F,anger,It's got that about it.
188,0,Ses04M_script02_2_F,neutral,"Look at this, goose bumps."
188,1,Ses04M_script02_2_M,neutral,Well so what'd you think?
188,2,Ses04M_script02_2_F,neutral,About what?
188,3,Ses04M_script02_2_M,neutral,What I said.
188,4,Ses04M_script02_2_F,neutral,It's ridiculous.
188,5,Ses04M_script02_2_M,frustration,Certainly is not.  It's slightly exaggerated scientific fact.
188,6,Ses04M_script02_2_F,neutral,It's PR.  Somebody sold you a bill of goods that this wonderful event is going to take place on the beach.
188,7,Ses04M_script02_2_M,neutral,I'm not the only one.  Look at these people.
188,8,Ses04M_script02_2_F,neutral,Sure.  They're all told the same story.  It's what keeps us coming back for more; keeps us excited; keeps us thinking that life is going to start any minute now if we could just find the right spot; get in on the action.
189,0,Ses05F_impro02_M,neutral,Can we do something else?  Can you tell them that you just had two kids?
189,1,Ses05F_impro02_F,frustration,"It's going to be at least six months, probably a year. I tried."
189,2,Ses05F_impro02_M,anger,I don't understand why they would just do something like this?
189,3,Ses05F_impro02_F,frustration,"I know, I know.  It's really, really messed up."
189,4,Ses05F_impro02_M,anger,It doesn't make any sense.  It's stupid.  I told you you shouldn't go in the Army.
189,5,Ses05F_impro02_F,neutral,"Believe me, if I had a choice, I wouldn't have chosen this."
189,6,Ses05F_impro02_M,frustration,I don't know I don't know what I'm going to do.  I don't know how to-
189,7,Ses05F_impro02_F,neutral,"You don't know how to what?  You'll be fine. I mean, you're a great parent. I know."
190,0,Ses01F_impro04_F,neutral,I just- I mean I call people up and I tell them what I'm good at.
190,1,Ses01F_impro04_M,neutral,Well maybe we should sit down some time and you can just tell me all the stuff that you have done and I'll write it out.
190,2,Ses01F_impro04_F,neutral,Yeah.
190,3,Ses01F_impro04_F,neutral,I don't like- I don't like sending things in the mail.  I don't want my information out there.
190,4,Ses01F_impro04_M,neutral,"No.  You can- or you can just bring it in person.  But they need, generally, something to see, you know, what kind of what that you've done, what kind of--"
190,5,Ses01F_impro04_F,frustration,I'm there in front of them.  I'm telling them what I'm good at.
190,6,Ses01F_impro04_M,neutral,"Yeah.  But the piece of paper helps, too."
190,7,Ses01F_impro04_F,frustration,Why?  It's a piece of paper.
190,8,Ses01F_impro04_M,neutral,"No.  But it has an outline, you know."
191,0,Ses05F_impro02_F,sadness,I know.
191,1,Ses05F_impro02_M,neutral,Iraq of all-come on.  People die every day.
191,2,Ses05F_impro02_F,sadness,I know.
191,3,Ses05F_impro02_M,sadness,I jus-
191,4,Ses05F_impro02_F,sadness,We'll figure something out.  We just have to ... we just have to think about this.  Could any of your family help us?
191,5,Ses05F_impro02_M,sadness,I don't know.
191,6,Ses05F_impro02_F,neutral,Maybe we should call your parents.
191,7,Ses05F_impro02_M,sadness,Yeah.  I guess.  I don't know what they're going to say.
192,0,Ses02F_script03_2_F,anger,"Oh, be quiet."
192,1,Ses02F_script03_2_M,neutral,"Ah, it's a pity you didn't have any more brandy.  It might have made you a little less disagreeable."
192,2,Ses02F_script03_2_F,frustration,Doesn't seem to have worked such wonders with you.
192,3,Ses02F_script03_2_M,frustration,"Snap, snap, snap, like a little adder."
192,4,Ses02F_script03_2_F,anger,"Adders don't snap, they sting."
192,5,Ses02F_script03_2_M,frustration,Nonsense.  They have a little bag of venom behind their fangs and they snap.
192,6,Ses02F_script03_2_F,neutral,They sting.
192,7,Ses02F_script03_2_M,frustration,They snap.
192,8,Ses02F_script03_2_F,frustration,"I don't care, do you understand?  I don't care.  I don't care if they bark or roll about like hoops."
193,0,Ses01F_script01_3_M,neutral,"I mean...You can't take those things out of a war. when you drive that car and you see that new refrigerator, you have to know that it came out of the love that a man can have for another man."
193,1,Ses01F_script01_3_M,sadness,And I didn't want any of it. I guess that included you.
193,2,Ses01F_script01_3_F,neutral,Do you still feel that way?
193,3,Ses01F_script01_3_M,neutral,I just want you to know Annie.
193,4,Ses01F_script01_3_F,neutral,"Because you mustn't feel that way.  Everything you have, you've earned - everything.  you understand me?"
193,5,Ses01F_script01_3_F,neutral,"Even me.  And your money?  Chris, there's nothing wrong in your money.  Your father put hundreds of planes into the air, you should be proud of that.  A man should be paid for that."
193,6,Ses01F_script01_3_M,neutral,"Annie, Annie.  I am going to make a fortune for you."
193,7,Ses01F_script01_3_F,happiness,What would I do with a fortune?
194,0,Ses05M_script01_3_M,neutral,"Annie, why didn't you call me or tell me?"
194,1,Ses05M_script01_3_F,neutral,"Well, I mean, until then you never wrote and when you did, what did you say?  I mean, you sure can be ambiguous."
194,2,Ses05M_script01_3_M,neutral,"Give me a kiss, Annie.  Give me a --"
194,3,Ses05M_script01_3_M,neutral,"oh, God I kissed Annie.  I kissed Annie. I can't How long have I waited to do that?"
194,4,Ses05M_script01_3_F,neutral,I'll never forgive you.  Why did you wait so long?  All this time I've sat around wondering if I was crazy for thinking of you.
194,5,Ses05M_script01_3_M,neutral,"Oh, Annie, we're gonna live now.  I'm going to make you so happy."
194,6,Ses05M_script01_3_F,neutral,Not like that you're not.
194,7,Ses05M_script01_3_M,neutral,I kissed you.
194,8,Ses05M_script01_3_F,sadness,"Like Larry's brother.  Do it like you, Chris.  What's the matter?"
195,0,Ses02F_script01_2_F,neutral,"Nobody in this house dares take her faith away, Joe?  Strangers might, but not his father, not his brother."
195,1,Ses02F_script01_2_M,frustration,"Well, what do you want me to do about it?"
195,2,Ses02F_script01_2_F,frustration,I want you to act like he's coming back.  Both of you.  Don't you think I haven't noticed since she got here.  I won't stand for any nonsense.
195,3,Ses02F_script01_2_M,frustration,But Kate--
195,4,Ses02F_script01_2_F,anger,"Because if he's not coming back, I'll kill myself.  I mean, laugh--laugh at me, but..."
195,5,Ses02F_script01_2_F,anger,But why did that happen the very night she came here?  She sleeps in his room and his memorial breaks to pieces.  Just look.  Look at it.
195,6,Ses02F_script01_2_M,frustration,Calm yourself.
195,7,Ses02F_script01_2_F,frustration,"Believe with me, Joe.  I can't stand all alone."
195,8,Ses02F_script01_2_M,frustration,Calm yourself.
196,0,Ses03M_impro05b_F,neutral,We can do Holiday Inn or...?
196,1,Ses03M_impro05b_M,anger,Wow.  Thank you.  Holiday Inn.  Wow.  Thank...the flight cost five hundred dollars.
196,2,Ses03M_impro05b_F,neutral,Sir I understand that but just--
196,3,Ses03M_impro05b_M,anger,"Okay, so you can put me in Holiday Inn for twenty dollar a night?"
196,4,Ses03M_impro05b_F,neutral,Did you have your name tags on the luggage?
196,5,Ses03M_impro05b_M,anger,Of course I had my name tags on the luggage.
196,6,Ses03M_impro05b_F,neutral,"Okay.  So if you can just give me your name, your name and your address and your phone number I can contact you as soon as we find out more information."
196,7,Ses03M_impro05b_M,anger,Soon as you...that's not good enough okay?
196,8,Ses03M_impro05b_F,frustration,"Sir, please calm down."
197,0,Ses03M_script03_2_M,neutral,Yes it is.
197,1,Ses03M_script03_2_F,neutral,"Oh, be quiet."
197,2,Ses03M_script03_2_F,neutral,I think you should have some more brandy...
197,3,Ses03M_script03_2_M,neutral,I think that
197,4,Ses03M_script03_2_F,neutral,...cause really
197,5,Ses03M_script03_2_F,neutral,it doesn't seem to be working on you.
197,6,Ses03M_script03_2_M,neutral,"perhaps maybe you should've had more brandy, it might've made you a little less disagreeable."
197,7,Ses03M_script03_2_F,neutral,Well it really hasn't worked wonders with you.
197,8,Ses03M_script03_2_M,neutral,"Hmm, snap, snap, snap like a little adder."
198,0,Ses04F_impro03_M,neutral,Well I can't be in charge of this.  I mean I got things I got to do.
198,1,Ses04F_impro03_F,neutral,Well right but you can help.
198,2,Ses04F_impro03_M,neutral,Well this is really exciting.  I mean- I just- I couldn't be happier right now.
198,3,Ses04F_impro03_M,neutral,I'm thrilled.  God.
198,4,Ses04F_impro03_F,neutral,Ha ha ha.
198,5,Ses04F_impro03_F,neutral,Ha ha.
198,6,Ses04F_impro03_M,neutral,Just ecstatic.  I can't believe you're my best friend
198,7,Ses04F_impro03_F,neutral,Just couldn't be any cooler.
198,8,Ses04F_impro03_M,neutral,"You're my best friend, we're growing up and now you're getting married. that's amazing"
198,9,Ses04F_impro03_F,neutral,I know.  I've been waiting forever.  I can't believe it's finally happening.
199,0,Ses05F_script02_1_M,neutral,"What time is it?  Isn't it supposed to start running around midnight?  This is great, isn't it?  Look at this great night we got here.  Couldn't be better--"
199,1,Ses05F_script02_1_M,neutral,actually I was hoping to go a little bit further up the coast to get away from the lights and the people but I was afraid I will miss it.  How are you doing?
199,2,Ses05F_script02_1_F,neutral,Fine.
199,3,Ses05F_script02_1_M,neutral,"Is that--no, no no is that foam?  I can't even tell, although if I- if I can't tell, it probably isn't it?  Right It'll probably be unmistakable, but don't you think?  How you doing?"
199,4,Ses05F_script02_1_M,neutral,"Oh no, you know what I did.  I forgot my flashlight.  How could I be so stupid?  I can't believe I forgot my flashlight."
199,5,Ses05F_script02_1_F,neutral,What flashlight?
199,6,Ses05F_script02_1_M,frustration,"The flashlight, the silver one, there's only one, isn't there?"
199,7,Ses05F_script02_1_F,frustration,It's not your flashlight.
200,0,Ses03M_impro03_M,neutral,She just...she just...we're in a good position too.  She just got promoted to assistant manager at Jack In The Box
200,1,Ses03M_impro03_M,neutral,-and so... yeah.
200,2,Ses03M_impro03_F,neutral,Wow. Very promising.  Yeah.  Very promising future and what are you doing?
200,3,Ses03M_impro03_M,neutral,I'm still working at my parents' restaurant. Busing tables.
200,4,Ses03M_impro03_F,neutral,Alright. Yeah.  Have a kid.  Make a beautiful life.
200,5,Ses03M_impro03_M,happiness,Oh that's great. My mom said we can move in with her again if we run out of money.
200,6,Ses03M_impro03_F,neutral,"You, You are too much, I can't handle it."
200,7,Ses03M_impro03_M,neutral,I'm so happy.
201,0,Ses02M_impro02_M,sadness,I've never been - I've never been away from you for two weeks let alone a year.
201,1,Ses02M_impro02_F,sadness,"Well, just promise me that you going to be safe."
201,2,Ses02M_impro02_F,sadness,"I mean can't they put you in like, you know kitchen work or something where you won't get"
201,3,Ses02M_impro02_M,neutral,"No, it doesn't work that way"
201,4,Ses02M_impro02_M,neutral,"but, I mean, I'm going to do whatever I can and get back here as fast as I can."
201,5,Ses02M_impro02_F,frustration,It doesn't make any sense; I don't know why we have to be at war in the first place.
201,6,Ses02M_impro02_M,neutral,"I know, but it's not our decision, I guess, you know, I mean"
201,7,Ses02M_impro02_M,sadness,there's people that thought it was the right thing to do so now we have to- we have to do what we have to do for our country
202,0,Ses03M_impro03_M,neutral,"And I go, I want to spend the rest of my life with you."
202,1,Ses03M_impro03_F,happiness,Oh that's kind of sweet.
202,2,Ses03M_impro03_M,neutral,And I love you baby.  And I want you to marry me.
202,3,Ses03M_impro03_F,neutral,"Wait, wait, wait I want you to marry me?  No, shouldn't you like be more like a question like, would you marry me?  Not like I want you to marry me.  It's like a demand."
202,4,Ses03M_impro03_F,neutral,"You marry me. I man I Jane, you Tarzan."
202,5,Ses03M_impro03_M,neutral,"No. Well that's what I said, spur of the moment--and she goes, she goes,"
202,6,Ses03M_impro03_M,neutral,sure.  And that was it.
202,7,Ses03M_impro03_F,happiness,She said sure?
203,0,Ses05F_impro04_F,sadness,"Brian, I need help."
203,1,Ses05F_impro04_M,neutral,"Babe, I don't know what to tell you.  Don't give up."
203,2,Ses05F_impro04_F,neutral,I don't--I'm just--I'm thinking maybe I should move back home or something.  I don't I don't know what to do.  I can't - I cant keep living the way I'm living.
203,3,Ses05F_impro04_M,neutral,"Well, of course not, but what are you going to do if you move back home?  Are you going to be able to find a job there?"
203,4,Ses05F_impro04_F,frustration,"I don't know.  I mean, what am I supposed to do? I've It's not for lack of effort.  I've been trying."
203,5,Ses05F_impro04_M,frustration,"I wish I had some answers for you, babe.  I mean-I don't know what to tell you."
203,6,Ses05F_impro04_F,frustration,How did you get a job?  What am I - What am I supposed to do?
203,7,Ses05F_impro04_M,neutral,I went to school and I got my degree.  And I got a job.
203,8,Ses05F_impro04_F,frustration,"I mean, I just don't--I don't know.  If you don't have a lot of qualification, where do you - where do you find work?  It's like L.A. is so frustrating because if you don't know somebody, you can't -you can't get a job.  It's impossible.  It's totally discriminatory.  You have to know somebody."
203,9,Ses05F_impro04_M,neutral,Nothing's impossible.
204,0,Ses03M_impro02_M,sadness,I know.  I know.  But they really need some good guys there.
204,1,Ses03M_impro02_F,sadness,What could happen in a year?
204,2,Ses03M_impro02_F,sadness,And this isn't the first time you know?  I mean you always...sending you off to different places and...
204,3,Ses03M_impro02_M,sadness,Well that's the kind of work I'm in honey.
204,4,Ses03M_impro02_F,sadness,I don't know if that's how I want to live my life.
204,5,Ses03M_impro02_M,sadness,It's just going to be--it's going to go faster than you think.
204,6,Ses03M_impro02_F,sadness,"Joe I'm serious I don't want to have to have a little girl to tell...asking every day where's daddy, where's daddy and have to tell her that he's away--"
204,7,Ses03M_impro02_F,sadness,far away and he won't be here.
205,0,Ses05F_impro03_F,neutral,"Okay, so big news."
205,1,Ses05F_impro03_M,neutral,What?
205,2,Ses05F_impro03_M,neutral,"Come on, what?"
205,3,Ses05F_impro03_F,neutral,I'm getting married.
205,4,Ses05F_impro03_M,neutral,Shut up.
205,5,Ses05F_impro03_F,neutral,Yeah.
205,6,Ses05F_impro03_M,neutral,No way.
205,7,Ses05F_impro03_F,neutral,Yeah.
205,8,Ses05F_impro03_M,neutral,He asked you?
205,9,Ses05F_impro03_F,neutral,Uh-huh.
205,10,Ses05F_impro03_M,neutral,"No way, when? when,when, When did it happen?"
205,11,Ses05F_impro03_F,neutral,Just a couple days ago.
205,12,Ses05F_impro03_M,neutral,Oh my gosh.
205,13,Ses05F_impro03_F,neutral,[LAUGHTER]
206,0,Ses05F_impro02_M,neutral,okay.
206,1,Ses05F_impro02_F,sadness,I'm going to need to go overseas for a while.
206,2,Ses05F_impro02_M,anger,You got called up.
206,3,Ses05F_impro02_F,neutral,Iraq.
206,4,Ses05F_impro02_M,anger,I thought you said this wasn't going to happen for at least a year.
206,5,Ses05F_impro02_F,neutral,"I'm sorry.  I thought so. ""sigh"""
206,6,Ses05F_impro02_M,frustration,What am I going to do?
206,7,Ses05F_impro02_F,sadness,"I don't know ""sigh""."
206,8,Ses05F_impro02_M,neutral,I can't do this by myself. I I don't know how to do this.  You know how to do this.
207,0,Ses02F_script01_2_F,frustration,"Last week, a man turned up in Detroit missing longer than Larry.  I mean, you read it yourself."
207,1,Ses02F_script01_2_M,frustration,All right.  All right.  Calm yourself.
207,2,Ses02F_script01_2_F,frustration,"You, above all, have to believe."
207,3,Ses02F_script01_2_M,neutral,What?- Why- Why me above all?
207,4,Ses02F_script01_2_F,frustration,Just--just don't stop believing.
207,5,Ses02F_script01_2_M,anger,What does that mean?  Me above all?
207,6,Ses02F_script01_2_M,anger,Look at you.  Look at you shaking.
207,7,Ses02F_script01_2_F,frustration,I can't help it.
207,8,Ses02F_script01_2_M,anger,What have I got to hide?  What the hell is the matter with you Kate?
208,0,Ses02M_impro08_M,neutral,Okay.
208,1,Ses02M_impro08_F,neutral,So is there any- I mean what if they spend something again?
208,2,Ses02M_impro08_M,neutral,"Uh, I mean have you been shopping around on the Internet and stuff? I mean that you gave-"
208,3,Ses02M_impro08_F,neutral,I did buy one thing on ebay I don't know that might-
208,4,Ses02M_impro08_M,neutral,"Uh-ha, I mean usually sites are pretty well protected but sometimes I mean information gets out, so"
208,5,Ses02M_impro08_M,neutral,so it is a little a little hard in that situation if you want -- you know you can -um- we can- we can issue another credit card.
208,6,Ses02M_impro08_F,neutral,"Oh, really?"
208,7,Ses02M_impro08_M,neutral,"Yeah, yeah. Maybe we'll, uh-"
208,8,Ses02M_impro08_F,neutral,"Oh that'll be great 'cause I could just get a new number, would that be okay because that way I don't have to worry about it happening again?"
209,0,Ses02M_impro06_F,sadness,"It's going to be so rough, I'm sorry."
209,1,Ses02M_impro06_M,sadness,"Yes. I mean, it's not as rough on me as it is on him but"
209,2,Ses02M_impro06_M,sadness,"God, it's you know, we've spent so much time with them it's just really surreal, really weird that we're not going to be able to see her anymore and go"
209,3,Ses02M_impro06_F,sadness,Yeah.
209,4,Ses02M_impro06_M,sadness,"out to- out to dinner you know and do the troops to California, I mean."
209,5,Ses02M_impro06_F,sadness,Totally.
209,6,Ses02M_impro06_M,sadness,"It's just that- I don't know, it's sort it's sort- of a weird thing you know"
209,7,Ses02M_impro06_F,sadness,Yeah
209,8,Ses02M_impro06_M,sadness,"not being able to see anyone again, who knows where they really went, you know. I mean, I guess we can just hope that wherever they are now if it's anywhere that it's better I mean."
210,0,Ses01F_script01_3_F,neutral,You're the only one who still loves his parents.
210,1,Ses01F_script01_3_M,neutral,"I know.  It kind of went out of style, didn't it?"
210,2,Ses01F_script01_3_F,neutral,It's not so bad; it's a good thing.
210,3,Ses01F_script01_3_F,neutral,"[BREATHING] You know, it's lovely here.  The air is sweet."
210,4,Ses01F_script01_3_M,neutral,You're not sorry you came.
210,5,Ses01F_script01_3_F,neutral,"I'm not sorry, no. But I'm...I can't stay."
210,6,Ses01F_script01_3_M,neutral,Why not?
210,7,Ses01F_script01_3_F,neutral,"For one thing, your mother much as told me to go."
210,8,Ses01F_script01_3_M,neutral,Well.
211,0,Ses05M_script03_2_F,anger,You are far too temperamental.  Try to control yourself.
211,1,Ses05M_script03_2_M,anger,Turn it off!
211,2,Ses05M_script03_2_F,anger,Go away!  Go away!  I- I hate you.
211,3,Ses05M_script03_2_M,anger,Very amusing indeed.
211,4,Ses05M_script03_2_F,anger,"You know what, I'm sick and tire of listening to you.  You're a-- You're a total sadistic bully."
211,5,Ses05M_script03_2_M,anger,Ja! Very funny.
211,6,Ses05M_script03_2_F,anger,"Stop.  Would you just go away?  I mean, you're conceited, and overbearing, and utterly impossible."
211,7,Ses05M_script03_2_M,anger,"You are a vile tempered, wicked living, evil little beast.  And I hope I never set eyes on you ever again."
211,8,Ses05M_script03_2_F,anger,This is the end! Do you understand me? This is the end.
212,0,Ses02M_impro07_F,neutral,Yay.
212,1,Ses02M_impro07_M,neutral,You're half the reason I'm going. [LAUGHTER]
212,2,Ses02M_impro07_F,neutral,"Oh, yay. Thank you. [LAUGHTER]."
212,3,Ses02M_impro07_F,happiness,No but that's an awesome school. That's so cool.
212,4,Ses02M_impro07_M,neutral,"I know ahh- yeah-, I'm definitely looking forward to it, and I mean they had a great football season last year"
212,5,Ses02M_impro07_F,happiness,"Oh, totally totally."
212,6,Ses02M_impro07_M,neutral,"You know what I mean, I bet the home games, are just like nuts you know."
212,7,Ses02M_impro07_F,happiness,you get to like be a part of that.
212,8,Ses02M_impro07_F,happiness,"Like you get to be a part of that. Like the, like the- Like a cult."
213,0,Ses02F_script03_1_M,neutral,Good God.
213,1,Ses02F_script03_1_F,neutral,Do you think it's them?
213,2,Ses02F_script03_1_M,neutral,I wonder.
213,3,Ses02F_script03_1_F,neutral,"Well, nobody know we're here except Freda and she wouldn't ring up."
213,4,Ses02F_script03_1_M,neutral,"Must be them, then."
213,5,Ses02F_script03_1_F,neutral,What're we gonna do?
213,6,Ses02F_script03_1_M,neutral,"We're all right, darling, aren't we?  Whatever happens."
213,7,Ses02F_script03_1_F,neutral,"Now and always, sweet."
213,8,Ses02F_script03_1_M,neutral,I don't care then.
214,0,Ses01F_script01_3_M,happiness,Give me a...
214,1,Ses01F_script01_3_M,happiness,Give me a kiss.
214,2,Ses01F_script01_3_M,neutral,God.  I kissed you Annie.
214,3,Ses01F_script01_3_F,happiness,beating around the bush.
214,4,Ses01F_script01_3_F,happiness,"I will never forgive you.  All I'd done was sit around wondering if I was crazy waiting so long, wondering if you were thinking about me."
214,5,Ses01F_script01_3_M,happiness,"Oh Annie, we are going to live now.  I am going to make you so happy."
214,6,Ses01F_script01_3_F,happiness,Not like that you're not.
214,7,Ses01F_script01_3_M,happiness,I kissed you.
215,0,Ses05F_script03_2_F,anger,"Fine, if you insist on being completely insolent."
215,1,Ses05F_script03_2_M,anger,Turn it off.  It is driving me mad.
215,2,Ses05F_script03_2_F,anger,"Well, do try to control yourself darling."
215,3,Ses05F_script03_2_M,anger,Turn it off.
215,4,Ses05F_script03_2_F,anger,You really do need to develop uh a clearer head.
215,5,Ses05F_script03_2_M,anger,Turn it off.
215,6,Ses05F_script03_2_F,anger,I- I hate you.
215,7,Ses05F_script03_2_M,anger,Amanda-- Listen- Listen-
216,0,Ses04M_script03_2_F,anger,Go away.  Go away.  I hate you.
216,1,Ses04M_script03_2_M,anger,Turn it off.
216,2,Ses04M_script03_2_F,anger,You are far too temperamental.  Try to control yourself.
216,3,Ses04M_script03_2_F,neutral,We swapped. Listen.
216,4,Ses04M_script03_2_M,anger,Listen--
216,5,Ses04M_script03_2_F,anger,"Listen, indeed.  I am sick and tired of listening to you, you damn sadistic bully."
216,6,Ses04M_script03_2_M,anger,"You're a vile tempered, loosed living"
216,7,Ses04M_script03_2_F,anger,Stop.
216,8,Ses04M_script03_2_M,anger,wicked little beast. And I- I hope I never see you again as long as live.
216,9,Ses04M_script03_2_F,anger,Stop.  I hate you.  Do you hear me? You're conceited and overbearing and utterly impossible.
216,10,Ses04M_script03_2_F,anger,"This is the end.  Do you understand, the end?  Finally and forever."
217,0,Ses01F_script03_1_M,neutral,[GARBAGE]
217,1,Ses01F_script03_1_M,neutral,It was a terrible thing.  I hated it.
217,2,Ses01F_script03_1_F,neutral,I know you did.  You threw him out the window into the Grand Canal.  I'll never forgive you for that.
217,3,Ses01F_script03_1_M,neutral,How long did that row last?
217,4,Ses01F_script03_1_F,neutral,It went on intermittently for days.
217,5,Ses01F_script03_1_M,neutral,Uh huh.
217,6,Ses01F_script03_1_M,neutral,But the worst one was in Cannes when your curling irons burnt a hole in my new dressing gown.
217,7,Ses01F_script03_1_F,neutral,"Oh And it burnt my comb, too, and all of those towels in the bathroom."
217,8,Ses01F_script03_1_M,happiness,"That was a rouser, wasn't it?"
218,0,Ses03M_impro05b_F,neutral,We can have them direct your luggage to San Diego.
218,1,Ses03M_impro05b_M,frustration,Okay.  And you're going to give me what for my inconvenience?
218,2,Ses03M_impro05b_F,neutral,Uh--
218,3,Ses03M_impro05b_F,neutral,Some refreshments in the lobby?
218,4,Ses03M_impro05b_M,anger,Some peanuts?  Wow.  That helps a lot.
218,5,Ses03M_impro05b_M,anger,"Thanks you, thank you I don't have my luggage so you gave me a Holiday Inn stay and peanuts.  Wow.  You know what?"
218,6,Ses03M_impro05b_F,frustration,eh- we actually--
218,7,Ses03M_impro05b_M,anger,I will never do business with Delta again.
219,0,Ses01F_script03_1_F,neutral,Who's they?
219,1,Ses01F_script03_1_M,neutral,"All of those futile moralists who make life unbearable.  You have to laugh at them, be flippant."
219,2,Ses01F_script03_1_M,neutral,"You know, flippancy brings out the acid in their darned, light and sweetness."
219,3,Ses01F_script03_1_F,neutral,"you know if I laugh at everything then I must laugh at us, too."
219,4,Ses01F_script03_1_M,neutral,Oh of course.  We are figures of fun.  All right.
219,5,Ses01F_script03_1_F,neutral,"How long with it last, this ludicrous overbearing love of ours?"
219,6,Ses01F_script03_1_M,happiness,Who knows?
219,7,Ses01F_script03_1_F,neutral,Shall we always want to bicker and fight?
219,8,Ses01F_script03_1_M,neutral,Oh no.  That fire will fade along with our passion.
220,0,Ses01M_script01_2_F,frustration,"Nobody in this house dares take away her faith Joe.  Her- strangers might but not her father, not her brother."
220,1,Ses01M_script01_2_M,frustration,What do you want me to do?  What do you want?
220,2,Ses01M_script01_2_F,anger,"I want you to---act like he is coming back.  Don't think I haven't noticed you, both of you since Chris invited her here.  I won't stand for any nonsense."
220,3,Ses01M_script01_2_M,frustration,Kate...
220,4,Ses01M_script01_2_F,neutral,Because if he's not coming back then I'll kill myself.
220,5,Ses01M_script01_2_M,frustration,[BREATHING]
220,6,Ses01M_script01_2_F,anger,"Oh, laugh at me, laugh all you like but why does this happen to very night she comes back?  She goes to sleep in his room and his memorial breaks in pieces.  Look at it, Joe look."
220,7,Ses01M_script01_2_M,frustration,"All right, calm yourself."
221,0,Ses03F_script03_1_F,neutral,"Yes, meaning just that."
221,1,Ses03F_script03_1_M,neutral,What does it all mean? That's what I ask myself in my quest for ultimate truth. What does it all mean?
221,2,Ses03F_script03_1_F,neutral,Don't laugh at me. I'm serious.
221,3,Ses03F_script03_1_M,neutral,"[LAUGHTER]. You mustn't be serious, my dear one, that's what they want."
221,4,Ses03F_script03_1_F,neutral,Who's they?
221,5,Ses03F_script03_1_M,neutral,All the futile moralists who try to make life unbearable. Laugh at them. Be flippant. Laugh at all the sacred shibboleths. Flippancy brings out the acid in their damn sweetness and light.
221,6,Ses03F_script03_1_F,neutral,"Well, if I laugh at everything I'm going to have to laugh at us too."
221,7,Ses03F_script03_1_M,neutral,"Ooh, certainly you must. We're figures of fun, all right."
221,8,Ses03F_script03_1_F,neutral,"So how long is it going to last? This ludicrous, overbearing love of ours?"
222,0,Ses05M_script01_2_F,frustration,Only last week a man turned up in Detroit missing longer than Larry.  You read it yourself.
222,1,Ses05M_script01_2_M,frustration,All right.  All right.
222,2,Ses05M_script01_2_F,anger,You above all have got to believe.
222,3,Ses05M_script01_2_M,neutral,"What do you mean, me above all?"
222,4,Ses05M_script01_2_F,neutral,Just don't stop believing.
222,5,Ses05M_script01_2_M,anger,"What's that suppose to mean, me above all?  Look at you, you're shaking."
222,6,Ses05M_script01_2_F,anger,I can't help it.
222,7,Ses05M_script01_2_M,anger,"What have I got to hide, Kate?  What the hell is the matter with you?"
223,0,Ses01M_script01_1_M,anger,She is not Larry's girl.
223,1,Ses01M_script01_1_F,anger,"From father's point of view he is not dead and you have no right to take his girl.  I'm just saying that you can go on from there if you know where to go but I'm saying I don't know where to go.  See, I don't know."
223,2,Ses01M_script01_1_M,frustration,I don't know why it is you know every time I reach out for something I have to pull back 'cause I'm afraid it's going to hurt somebody.  All my life...
223,3,Ses01M_script01_1_F,neutral,You're a considerate fellow.  There's nothing wrong in that.
223,4,Ses01M_script01_1_M,anger,To hell with that.
223,5,Ses01M_script01_1_F,neutral,Did you ask Annie yet?
223,6,Ses01M_script01_1_M,sadness,"No, I wanted to get this all sorted out first."
223,7,Ses01M_script01_1_F,frustration,"Well, how do you know she's going to marry you?  Maybe she feels same way your father does."
223,8,Ses01M_script01_1_M,neutral,"Well, if she does then that's the end of it.  However from her letters I think she's pretty much forgotten him."
224,0,Ses02F_impro07_F,neutral,"Well, you know, I've thought about it but they have so many things that I might--Like try some things out first..."
224,1,Ses02F_impro07_M,neutral,"I know.  I mean, it's good all around."
224,2,Ses02F_impro07_F,neutral,"...because also on the list of their, um, like G.E.'s or whatever, you have a lot of choices within every single one.  So you can, like, try things out and not just be like, oh, I have to take math, oh, I have to take this.  You know what I mean?"
224,3,Ses02F_impro07_F,neutral,"So, um, so I don't know."
224,4,Ses02F_impro07_M,neutral,[LAUGHTER]
224,5,Ses02F_impro07_F,neutral,I mean I'm gonna take a bunch of stuff and see.
224,6,Ses02F_impro07_M,neutral,Oh man.
224,7,Ses02F_impro07_F,neutral,"I- They have like--they just have so many like prestigious like this school is top ten and like the departments within it, you know what I mean."
225,0,Ses04F_script01_2_F,anger,Why did he invite her?
225,1,Ses04F_script01_2_M,neutral,Why does that bother you?
225,2,Ses04F_script01_2_F,anger,It's been three years.  Why all of a sudden?
225,3,Ses04F_script01_2_M,neutral,Well maybe- maybe he just wanted to see her again.
225,4,Ses04F_script01_2_F,frustration,Nobody comes seven hundred miles just to see.
225,5,Ses04F_script01_2_M,neutral,What do you mean?  He was brought up next door to the girl his whole life.  Why shouldn't he want to see her again?
225,6,Ses04F_script01_2_M,neutral,Don't look at me like that.  He didn't tell me anymore than he told you.
225,7,Ses04F_script01_2_F,neutral,She's not going to marry him.
225,8,Ses04F_script01_2_M,neutral,How do you know he's even thinking about it?
226,0,Ses01M_script01_1_M,sadness,No.  I figured I'd just let it wait.
226,1,Ses01M_script01_1_F,sadness,Cried hard?
226,2,Ses01M_script01_1_M,sadness,"Yeah, I could hear him crying through the floorboards in my room."
226,3,Ses01M_script01_1_F,sadness,[BREATHING]
226,4,Ses01M_script01_1_F,frustration,What is he doing out here at that hour?
226,5,Ses01M_script01_1_M,sadness,I don't know.
226,6,Ses01M_script01_1_F,anger,"He's dreaming about him again, walking the streets."
226,7,Ses01M_script01_1_M,sadness,I guess he is.
226,8,Ses01M_script01_1_F,neutral,It's getting to be just like after he died.  What is the meaning of that?
227,0,Ses03F_script02_2_F,happiness,Dancing barefoot in the sand. Drinking out of a bottle of champagne.
227,1,Ses03F_script02_2_M,neutral,"It was driving past the Knickerbocker Liquor Locker, right? You said let's get some champagne, and I said time's-a-wasting or something like that."
227,2,Ses03F_script02_2_M,neutral,"You want this to be like the other time, right? That's it. Right?"
227,3,Ses03F_script02_2_F,sadness,I don't want to remember something.
227,4,Ses03F_script02_2_F,sadness,Hope for some things.
227,5,Ses03F_script02_2_M,neutral,"Right. I got it. Of course. Listen, do you want to dance?"
227,6,Ses03F_script02_2_F,sadness,No.
227,7,Ses03F_script02_2_M,neutral,Do you want me to get some champagne?
227,8,Ses03F_script02_2_F,sadness,No.
227,9,Ses03F_script02_2_M,neutral,Take off our shoes?
228,0,Ses03F_script01_1_F,frustration,"Well, you better make sure your father's not- No- I'm just saying."
228,1,Ses03F_script01_1_M,anger,"See, then it's not just my business. God, you have"
228,2,Ses03F_script01_1_M,anger,"-Oh, you infuriate me sometimes. You know, it's not just my business too if dad throws a fit."
228,3,Ses03F_script01_1_M,neutral,God. You have such a talent for ignoring things.
228,4,Ses03F_script01_1_F,frustration,"Yeah, well I ignore what I got to ignore."
228,5,Ses03F_script01_1_F,frustration,And she-she's Larry's girl.
228,6,Ses03F_script01_1_M,neutral,"No, she is not Larry's girl."
228,7,Ses03F_script01_1_F,frustration,"Well, from your father's point of view she is. I mean, he's still alive. You've got no right to take her."
228,8,Ses03F_script01_1_F,neutral,"If you go on from that point, I don't know where you go."
228,9,Ses03F_script01_1_F,frustration,"'Cause listen, I'm telling you, I don't know where to go from there. Do you?"
228,10,Ses03F_script01_1_M,neutral,"Oh, I don't know."
229,0,Ses03M_impro05b_F,neutral,Can I help you sir?
229,1,Ses03M_impro05b_M,neutral,Yeah.
229,2,Ses03M_impro05b_M,frustration,I've been here for four hours and I don't know where one piece of my luggage is
229,3,Ses03M_impro05b_F,neutral,Okay.  Well let's...well I'm going to go ahead and check on that for you.  You're coming from...where are you coming from?
229,4,Ses03M_impro05b_M,frustration,Baltimore.
229,5,Ses03M_impro05b_F,neutral,Baltimore and this is a direct flight to LAX
229,6,Ses03M_impro05b_M,frustration,Yes.
229,7,Ses03M_impro05b_F,neutral,Okay.  Let's look up here
229,8,Ses03M_impro05b_M,frustration,You know and they've looked it up before and it's not there.
230,0,Ses04M_impro07_M,neutral,I don't know.  Do they have golf?  Do they have- Does U.S.C. have a -- I don't know if they have a golf team.
230,1,Ses04M_impro07_F,neutral,I don't know. Women's volleyball.
230,2,Ses04M_impro07_M,neutral,"That I'll go to.  Definitely go to women's volleyball.  Women's volleyball, swimming, tennis."
230,3,Ses04M_impro07_F,neutral,Basically anything women do.
230,4,Ses04M_impro07_M,neutral,"And then men's basketball.  And -- oh, well not women's basketball."
230,5,Ses04M_impro07_F,neutral,You have to go to a football game.  Come on.
230,6,Ses04M_impro07_M,neutral,"No, I'm not going to go to a football game."
230,7,Ses04M_impro07_F,neutral,"Paint some red and yellow S C on your face. And like get one of those big you know, number one hand things."
231,0,Ses05M_script01_1_M,neutral,You know.
231,1,Ses05M_script01_1_F,neutral,"Well, I have an idea.  But what's the story?"
231,2,Ses05M_script01_1_M,neutral,I'm going to ask her to marry me.
231,3,Ses05M_script01_1_F,neutral,"Well, that's your business, Chris."
231,4,Ses05M_script01_1_M,frustration,It's not just my business.
231,5,Ses05M_script01_1_F,anger,"Well, what do you want me to do?  You're old enough to make- to know your own mind."
231,6,Ses05M_script01_1_M,frustration,So it's okay then?  I should just go ahead and do it?
231,7,Ses05M_script01_1_F,neutral,"Well, you want to make sure that your father isn't --"
232,0,Ses04F_script03_2_F,anger,"This is the end do you understand?  The end,"
232,1,Ses04F_script03_2_M,anger,You're not going like this.
232,2,Ses04F_script03_2_F,anger,finally and forever
232,3,Ses04F_script03_2_F,anger,"Oh, I am.  Let go of me."
232,4,Ses04F_script03_2_M,anger,You're not.
232,5,Ses04F_script03_2_F,anger,"Oh, I hate you. It's a good thing that I found out in time what you're really like. Marry you again?  Never, never, never."
232,6,Ses04F_script03_2_M,anger,Shut up.  Shut up. I wouldn't marry you again if you came crawling to me on your bended knees.
232,7,Ses04F_script03_2_M,anger,"You're a mean, evil minded, little tempered witch. I hope to God I never set eyes on you again as long as I live. Whore."
232,8,Ses04F_script03_2_F,anger,I'd rather die in torment. Beast.  Brute.  Calf swine.
233,0,Ses04M_script01_2_F,neutral,"Only last week, a man turned up in Detroit missing longer than Larry."
233,1,Ses04M_script01_2_M,frustration,"Alright, alright.  Calm yourself."
233,2,Ses04M_script01_2_F,anger,"You, above all, have got to believe.  You."
233,3,Ses04M_script01_2_M,frustration,Why me above all?
233,4,Ses04M_script01_2_F,neutral,Just don't stop believing.
233,5,Ses04M_script01_2_M,neutral,"What does that mean, me above all?  Look at you.  You're shaking."
233,6,Ses04M_script01_2_F,sadness,I can't help it.
233,7,Ses04M_script01_2_M,anger,"What have I got to hide?  What the hell is the matter with you, Kate?"
234,0,Ses05F_script03_1_M,neutral,It all depends on how well we played.
234,1,Ses05F_script03_1_F,neutral,"Well, what if one of us dies, does the other laugh then?"
234,2,Ses05F_script03_1_M,neutral,"Yes, yes, with all his might."
234,3,Ses05F_script03_1_F,neutral,"Well, that's rather serious, isn't it?"
234,4,Ses05F_script03_1_M,neutral,"No, no it isn't.  Death is very laughable.  Come such a cunning little mystery all done with mirrors."
234,5,Ses05F_script03_1_F,neutral,"My dear, I do believe you're talking nonsense."
234,6,Ses05F_script03_1_M,neutral,"no, So is everyone else in the long run.  Let's be superficial and pity the poor philosophers.  Let's blow trumpets and squeakers and --"
234,7,Ses05F_script03_1_M,neutral,enjoy the party as long as we can like very little quite idiotic schoolchildren. [garbage] Let's savor the delight of the moment.
235,0,Ses05M_impro02_M,neutral,No.
235,1,Ses05M_impro02_M,neutral,I don't know what to do.  I'm - Sorry
235,2,Ses05M_impro02_F,neutral,They can't do that to you.
235,3,Ses05M_impro02_M,neutral,I know.
235,4,Ses05M_impro02_M,sadness,"I don't have a choice.  I have to go.  If I don't go, they'll come and take me."
235,5,Ses05M_impro02_F,frustration,"No, we have- There's got to be something you can do.  You can't go."
235,6,Ses05M_impro02_M,frustration,I've tried everything.  I've called everyone I know.  I've tried everything. No one can do anything for me or they won't do anything for me.
235,7,Ses05M_impro02_F,neutral,How long do you have to go for?
235,8,Ses05M_impro02_M,neutral,At least a year.
236,0,Ses04M_impro04_F,neutral,It's my fault 'cause you didn't do what I told you to?
236,1,Ses04M_impro04_M,frustration,"Yeah, exactly."
236,2,Ses04M_impro04_F,neutral,Well that sounds like your fault.
236,3,Ses04M_impro04_M,frustration,Yeah.
236,4,Ses04M_impro04_F,neutral,You didn't do what I told you to do.
236,5,Ses04M_impro04_M,frustration,That's 'cause you always tell me to do the wrong thing.  And I thought this time it was -- I was gonna be right by going with the opposite thing. So it's your fault because
236,6,Ses04M_impro04_M,frustration,"-because you were always wrong and-and-and this time you were right. And-and I didn't -- yeah, that's why."
236,7,Ses04M_impro04_F,neutral,That's amazing logic that you managed to turn that around and make it my fault.
237,0,Ses03M_impro03_M,neutral,That's my name.
237,1,Ses03M_impro03_F,neutral,"Oh, okay.  Well I call you Joe cause you're middle name Joseph."
237,2,Ses03M_impro03_M,neutral,"Barry Joe, B.J. [LAUGHTER] Oh you dirty, dirty girl. you're so dirty."
237,3,Ses03M_impro03_F,neutral,[LAUGHTER] So nasty. No you... dirty me?
237,4,Ses03M_impro03_F,neutral,Okay.
237,5,Ses03M_impro03_M,neutral,"Ah...Anyways, so she took the ring and she goes, is this real?  So I was like, of course--"
237,6,Ses03M_impro03_M,happiness,Sara and I--
237,7,Ses03M_impro03_F,happiness,She actually asked if it was real?  I would've probably asked the same thing considering you were in Chuck E. Cheese.
237,8,Ses03M_impro03_M,neutral,Come on. It was her birthday.
238,0,Ses04M_script03_2_F,neutral,Presents?  A trivial little brooch.
238,1,Ses04M_script03_2_M,neutral,"I remember it well, bristling with diamonds in the worst possible taste."
238,2,Ses04M_script03_2_F,neutral,Not at all.  It was very pretty.  I still have it and I wear it often.
238,3,Ses04M_script03_2_M,frustration,You went out of your way to torture me over Peter Burden.
238,4,Ses04M_script03_2_F,neutral,I did not.  You made the whole thing up in your jealous imagination.
238,5,Ses04M_script03_2_M,anger,"You must admit that he was in love with you, wasn't he?"
238,6,Ses04M_script03_2_F,happiness,"Just a little, perhaps, nothing serious."
238,7,Ses04M_script03_2_M,neutral,Line?
238,8,Ses04M_script03_2_F,neutral,Let him kiss you.
238,9,Ses04M_script03_2_M,anger,You let him kiss you.  You said you did.
238,10,Ses04M_script03_2_F,anger,What of it?
239,0,Ses03F_script02_1_M,neutral,Right.
239,1,Ses03F_script02_1_F,neutral,That's my point.
239,2,Ses03F_script02_1_M,neutral,"Yeah, that's my point too."
239,3,Ses03F_script02_1_F,neutral,"Well, so let's go."
239,4,Ses03F_script02_1_M,neutral,"No. No, no, no, that's not my point. My point is there's no point in coming down here if we just turn around and leave."
239,5,Ses03F_script02_1_M,neutral,"I mean, don't you want to see it?"
239,6,Ses03F_script02_1_F,sadness,Not particularly.
239,7,Ses03F_script02_1_M,neutral,Why not?
240,0,Ses03F_impro07_F,neutral,Awesome. We're both going to be in L.A.
240,1,Ses03F_impro07_M,neutral,Uh-huh.
240,2,Ses03F_impro07_M,neutral,So I'm going to be--yeah. I'm going to make films; you're going to be in them.
240,3,Ses03F_impro07_F,neutral,"I'm so excited. Yeah, I thought I was going to go to Boston, but then--"
240,4,Ses03F_impro07_M,neutral,Fuck Boston.
240,5,Ses03F_impro07_F,happiness,"Oh man, I'm so excited. So much to do."
240,6,Ses03F_impro07_M,neutral,Boston smells bad. L.A. is so much cooler.
240,7,Ses03F_impro07_F,neutral,"There's so much culture here, you know? It's just like-- --all great restaurants and-"
241,0,Ses04F_impro02_M,frustration,I can't deal with this emotionally.
241,1,Ses04F_impro02_F,frustration,What do you want me to do?
241,2,Ses04F_impro02_M,frustration,I want you to leave.  I want you to leave the service.
241,3,Ses04F_impro02_F,frustration,Well I can't very well do it today.  I still have to leave tomorrow.
241,4,Ses04F_impro02_M,frustration,You can do it today.  You don't have to do anything.  You don't have to do anything you don't want to do.
241,5,Ses04F_impro02_F,frustration,"You're not making this any easier for me, you know.  I'm the one who has to go and you're really not helping."
241,6,Ses04F_impro02_M,frustration,Look I'm just telling you that you don't have to go.
241,7,Ses04F_impro02_F,frustration,I do have to go. And I need to know that you're here waiting for me and that you believe that I'm coming back.
241,8,Ses04F_impro02_M,anger,That's all I'm saying... No you don't.
242,0,Ses01F_impro06_F,sadness,"I used to go to cemeteries a lot before she died.  I just, you know, I felt like they were urban oasis, you know, there is always this green in the city."
242,1,Ses01F_impro06_M,neutral,Hmm.
242,2,Ses01F_impro06_F,sadness,So I was like wandering around before.  It takes forever to find her headstone; I always lose it. You know.
242,3,Ses01F_impro06_F,sadness,So I was looking at this other one and there was like a piece of candy there and I thought that I would take the candy and put it on her headstone.  And-
242,4,Ses01F_impro06_F,neutral,"this woman came up and, you know, it was hers. It was her person that was there."
242,5,Ses01F_impro06_M,neutral,Oh.  She was there?
242,6,Ses01F_impro06_F,sadness,"Yeah.  And she was like, that's pathetic, I hope you enjoy it."
242,7,Ses01F_impro06_F,sadness,"And I, you know, I mean, I said I was sorry and I brought it back to her kind of and I like put it on the ground and she was like, no, it's fine.  She was like, I would rather have her back, honestly."
242,8,Ses01F_impro06_M,neutral,Mmhmm.
242,9,Ses01F_impro06_F,sadness,"I don't know.  It just, like, I felt so bad because I shouldn't have done it.  I don't know.  Whatever."
243,0,Ses05F_impro08_F,neutral,"yeah, I understand."
243,1,Ses05F_impro08_M,anger,"Can you like talk to somebody about this, can you like can you tell them that this is ridiculous and can they change it from now on, is there a phone number you have that I can call that will like automatically be talking to somebody a human being."
243,2,Ses05F_impro08_F,neutral,Uh- when's when's-
243,3,Ses05F_impro08_F,frustration,Sir-
243,4,Ses05F_impro08_F,neutral,"If yeah, well if you just slow down we'll um, we'll definitely have your problem solved and after we have your problem solved, then I can transfer you to a manager, someone who can you know, you can voice your complaint to, who will be able to something about it."
243,5,Ses05F_impro08_M,frustration,"Well, okay ,well First off, fine, fine, fine.  Let's see, first off, um- yeah my bill's wrong."
243,6,Ses05F_impro08_M,anger,"Like I know I paid last month, but it hasn't been paid and you charged me a late fee."
243,7,Ses05F_impro08_F,neutral,"Okay, so where?, okay, all right, so where did you uh- locate your your bill?"
243,8,Ses05F_impro08_M,frustration,I got it in the mail.
244,0,Ses05M_impro06_M,neutral,"All the best people die, all the bad people live and they make life shitty for you anyway."
244,1,Ses05M_impro06_F,sadness,"Wow, Ryan I know that you are hurting right now but I don't think you always feel like that."
244,2,Ses05M_impro06_M,sadness,"No, you're right.  I don't.  You're right."
244,3,Ses05M_impro06_M,sadness,"Even, yeah -- he doesn't he would never feel that way, he would never want me to feel that way.  Of course not, but that's just where I am right now and -- -- I don't know what else to do with it."
244,4,Ses05M_impro06_F,sadness,Yeah. I understand.  I think it's really healthy to grieve.
244,5,Ses05M_impro06_M,sadness,I just miss him.
244,6,Ses05M_impro06_F,sadness,If there's anything I can do to be there for you.
244,7,Ses05M_impro06_M,sadness,Thanks.
245,0,Ses05F_impro05_F,anger,"Right, but part of the agreement is that I'm paying so that I can take myself and my belongings with me."
245,1,Ses05F_impro05_M,frustration,"Right. Yes, ma'am."
245,2,Ses05F_impro05_F,anger,And that you're going to transport them safely from one place to another.
245,3,Ses05F_impro05_M,frustration,"Right, and also if you'll read the fine print of your agreement you'll see that while we do bear some responsibility for lost luggage, it is a fifty dollar voucher."
245,4,Ses05F_impro05_F,anger,"That's all you can offer me? I mean, my the stuff in there is worth way more than fifty dollar."
245,5,Ses05F_impro05_M,neutral,"Well, I understand that.  Did you buy flight insurance?"
245,6,Ses05F_impro05_F,neutral,No.
245,7,Ses05F_impro05_M,neutral,"Well, my hands are really tied then."
245,8,Ses05F_impro05_F,frustration,Why do I need flight insurance?  Why don't you guys just guarantee that you're going to get the stuff that I leave with to my destination?
245,9,Ses05F_impro05_M,neutral,"Well, it's like any kind of insurance.  You don't-when you get it, then you get more. You know, Like if you--"
246,0,Ses02M_impro05_M,neutral,"For some reason, so you think it won't show up?"
246,1,Ses02M_impro05_F,neutral,"Well, sometimes it's just late baggage or misplaced baggage and it comes out but it seems to be here and just I'm reading off of this that"
246,2,Ses02M_impro05_F,neutral,Uh- it didn't make it into the second plane so it looks like there - they don't actually know what happened to it.
246,3,Ses02M_impro05_M,neutral,What? What? How does that happen?
246,4,Ses02M_impro05_F,neutral,"Um, well, sometimes there is just difficulties with loading on to the plane. Uh- There can be a theft or uh- some sort of you know mishap with a cart or something."
246,5,Ses02M_impro05_M,frustration,I really - I really need that bag.
246,6,Ses02M_impro05_F,neutral,"I- I- I understand, but um."
246,7,Ses02M_impro05_M,neutral,there are- I have important things in that bag. I've got
246,8,Ses02M_impro05_F,neutral,Okay
247,0,Ses04M_impro01_M,frustration,look-- It's  been- it's been two hours.  Can you please just make this easier on me and just go and get the form?  It's not- it's really not
247,1,Ses04M_impro01_F,frustration,"I'm sorry.  I'm sorry you're having a hard time,"
247,2,Ses04M_impro01_F,frustration,but you're gonna have to go get in  that line to
247,3,Ses04M_impro01_M,frustration,What if I pay you money?
247,4,Ses04M_impro01_M,frustration,"Can I pay you money?  Can I give you, like, twenty bucks and you'll go back there and get the form?"
247,5,Ses04M_impro01_F,neutral,twenty bucks? Please. Go get in that line over there.
247,6,Ses04M_impro01_M,frustration,"Come on.  Will you please?  I just --I look, I  cannot-- --just if I --"
247,7,Ses04M_impro01_F,frustration,"Look, I'm having a really bad day.  I'm off in twenty minutes and I just really don't need this right now, okay."
247,8,Ses04M_impro01_M,frustration,"I don't care, well- You're having a bad -- I just waited in line for two hours."
248,0,Ses01M_script01_3_F,sadness,How many?
248,1,Ses01M_script01_3_M,sadness,Pretty much all.
248,2,Ses01M_script01_3_F,sadness,[BREATHING]. Geez.
248,3,Ses01M_script01_3_M,sadness,"Takes awhile to toss something like that off.  I mean they weren't just men, you know."
248,4,Ses01M_script01_3_M,sadness,"For instance, there was this one time when this kid--it had been raining for like several days and he gave me his last pair of dry socks."
248,5,Ses01M_script01_3_M,sadness,He just put it in my pocket that's the kind of guys I had.
248,6,Ses01M_script01_3_M,sadness,"They didn't die they killed themselves for each other and I mean that exactly, you know a little more selfish and they'll all be here today..."
248,7,Ses01M_script01_3_M,sadness,"And I had this idea as I was watching them go down like everything was being destroyed, you know.  But I felt like this one new thing was being made, you know it's kind of like this.  This monument..."
249,0,Ses02F_impro05_F,neutral,Haven't you ever lost baggage?  I mean isn't there anything else you do?
249,1,Ses02F_impro05_M,neutral,"Yes, I know. I know-. It's It's frustrating.  Unfortunately though-- um"
249,2,Ses02F_impro05_F,anger,"Because you don't seem to care very much, you know."
249,3,Ses02F_impro05_M,neutral,"By checking your bags, you--you, you know- admit to the liability that's- that's at risk--"
249,4,Ses02F_impro05_F,frustration,I didn't sign anything.
249,5,Ses02F_impro05_M,neutral,"Right, well, by checking in your bags, you agreed to, you know, at the will of the--"
249,6,Ses02F_impro05_F,neutral,"I didn't agree.  [GARBAGE] I paid the airline to take care of things for me.  When you pay for something, there should be some sort of guarantee that it's gonna come through."
249,7,Ses02F_impro05_M,neutral,"You paid for the flight and then your bags were checked at--it's a service that the airline provides for us.  So so, really, it's really the risk was taken and, I'm sorry, but there's really nothing else we can do.  So do you want--do you want the reimbursement?"
249,8,Ses02F_impro05_F,frustration,"[BREATHING] Well, sure, yeah, I guess I'll go buy dinner and then be--have nothing for the rest of my entire vacation.  I'm supposed to be here for three weeks.  What am I gonna do without anything for three weeks?"
250,0,Ses02F_impro04_F,frustration,"I guess the money shouldn't matter to me, but--Somehow it does.  You know? It's not like I do it for the money, but"
250,1,Ses02F_impro04_M,neutral,Right.
250,2,Ses02F_impro04_M,neutral,"Well, you've gotta live."
250,3,Ses02F_impro04_F,frustration,"you have to--I mean, if you're hired by somebody, then you're not a professional, you're an amateur and that means that you're not good enough."
250,4,Ses02F_impro04_M,neutral,"I mean, it's just, it's really--I don't know, yeah, it's about their opinions and it's about, I don't know, just getting yourself out there and--"
250,5,Ses02F_impro04_F,sadness,"I just wanna crawl in a hole, you know.  Like it just makes you not wanna even open your eyes in the morning."
250,6,Ses02F_impro04_M,neutral,"Well, come on, come on.  Thinking about it like this is definitely not gonna help either though."
250,7,Ses02F_impro04_F,neutral,I don't know how to get out of it.  I don't know how to dig myself out of it.  It's the same hole that I've been digging and digging and digging.  I can't--
250,8,Ses02F_impro04_M,neutral,I don't know.
251,0,Ses02M_script01_1_M,frustration,Then help me stay here.
251,1,Ses02M_script01_1_F,neutral,"All right. But you don't want to be thinking like that 'cause otherwise what did we work for, I mean the whole thing is for you, Chris, the whole shooting match is for you."
251,2,Ses02M_script01_1_M,frustration,I know I know mom. All right. Just help me stay here.
251,3,Ses02M_script01_1_F,frustration,Just don't go thinking that way.
251,4,Ses02M_script01_1_M,frustration,"Well, I am thinking that way."
251,5,Ses02M_script01_1_F,frustration,"I don't understand you, do I?"
251,6,Ses02M_script01_1_M,neutral,"No, you don't. I'm a pretty tough guy."
251,7,Ses02M_script01_1_F,sadness,"Yea, I can see that."
252,0,Ses05M_impro07_M,neutral,Guess what?
252,1,Ses05M_impro07_F,neutral,What?
252,2,Ses05M_impro07_M,neutral,I got it.  I got accepted to U.S.C..
252,3,Ses05M_impro07_F,neutral,"Oh, for real?"
252,4,Ses05M_impro07_M,neutral,Yes! I just found out today.  I just got the letter.
252,5,Ses05M_impro07_F,neutral,That's awesome!
252,6,Ses05M_impro07_F,neutral,"oh,I'm so glad."
252,7,Ses05M_impro07_M,neutral,I know. I know.  I'm so excited.
252,8,Ses05M_impro07_F,happiness,What are you gonna study?
252,9,Ses05M_impro07_M,neutral,"oh, Theater. yeah, yeah."
253,0,Ses02M_script02_2_M,frustration,"Carla, can I ask you something? Don't take this wrong but are you having your period?"
253,1,Ses02M_script02_2_F,anger,Goddamn it Augie don't ask me that. I hate it when you ask me that. You always ask me that. It's insulting.
253,2,Ses02M_script02_2_M,frustration,"Well, what's bugging you?"
253,3,Ses02M_script02_2_F,anger,We just have different ideas of what this evening is supposed to look like.
253,4,Ses02M_script02_2_M,frustration,"There is nothing to it, we come here, the Grunion arrive, then do their little fish business, we go oh ah look, they go home, we go home."
253,5,Ses02M_script02_2_F,frustration,For heavens sake we are not going to see the Grunions.
253,6,Ses02M_script02_2_M,frustration,Why not?
253,7,Ses02M_script02_2_F,frustration,"We never do, do we? I mean have we ever?"
253,8,Ses02M_script02_2_M,frustration,We've missed them twice; that's not ever.
253,9,Ses02M_script02_2_F,frustration,"Twice is every time we've tried, that's ever."
254,0,Ses04M_impro07_M,neutral,"Um, um- yeah, I'm just -- I'm really excited 'cause I don't know.  It's like a whole -- I mean, it's just like, I've been really -- I wanted to go there ever since I was a kid.  So now I actually am and it's awesome.  It's a really nice campus.  Oh, you've been there."
254,1,Ses04M_impro07_F,neutral,"That's amazing.  I've seen it on TV. Um, Wow.  I mean, well what are you going to major in?  What are you going to do?"
254,2,Ses04M_impro07_M,neutral,"Um, I'm thinking a history and geology minor."
254,3,Ses04M_impro07_F,neutral,Wow.
254,4,Ses04M_impro07_M,happiness,"Yeah.  I like to know about history, 'cause, you know, it's- it's just so relevant to the present."
254,5,Ses04M_impro07_F,neutral,Right.
254,6,Ses04M_impro07_M,happiness,Yeah.
254,7,Ses04M_impro07_F,neutral,Yes.
254,8,Ses04M_impro07_M,happiness,"And, uh-"
255,0,Ses01F_script03_2_M,anger,I will do no such thing.
255,1,Ses01F_script03_2_F,anger,Fine if you insist on being boorish and idiotic.
255,2,Ses01F_script03_2_M,anger,"Will you turn that off, it's driving me mad."
255,3,Ses01F_script03_2_F,anger,"You are far too temperamental, try to control yourself."
255,4,Ses01F_script03_2_M,anger,Turn it off.
255,5,Ses01F_script03_2_F,anger,"I won't.  Let go, let go of me. Listen, listen?  I'm sick and tired of listening to you, you sadistic bully."
255,6,Ses01F_script03_2_M,anger,"Amanda, listen, listen."
255,7,Ses01F_script03_2_M,anger,Oh.  That's very amusing indeed.
256,0,Ses01F_script01_3_M,sadness,I don't even know how to start.
256,1,Ses01F_script01_3_F,neutral,It wouldn't work like this.
256,2,Ses01F_script01_3_M,sadness,"It's just all mixed up with so many other things, you know?  You know overseas I was in command of a company?"
256,3,Ses01F_script01_3_F,neutral,"Yeah, sure."
256,4,Ses01F_script01_3_M,sadness,Well I lost them.
256,5,Ses01F_script01_3_F,neutral,How many?
256,6,Ses01F_script01_3_M,sadness,Pretty much all.
256,7,Ses01F_script01_3_F,sadness,"Aw, geez."
257,0,Ses03M_impro03_F,neutral,Okay.  I haven't seen you in about two and a half years and I come back and you're getting engaged to somebody you only knew for
257,1,Ses03M_impro03_M,happiness,"You got to meet her, she's wonderful."
257,2,Ses03M_impro03_F,neutral,"No, no, no.  You don't get married in two and a half weeks.  It doesn't work that way.  You don't even have sex----in two and a half weeks."
257,3,Ses03M_impro03_M,happiness,She just graduated from high school and----she's planning to apply for colleges----and stuff.She's so great.  She has so much life and energy and stuff.
257,4,Ses03M_impro03_F,neutral,What? Oh my god.
257,5,Ses03M_impro03_F,happiness,She must be hot.
257,6,Ses03M_impro03_F,neutral,"Yeah, that's it.  She's hot and you are- getting married."
257,7,Ses03M_impro03_M,happiness,"Yeah, she is good-looking."
258,0,Ses03M_script01_1_F,sadness,He cried hard?
258,1,Ses03M_script01_1_M,sadness,I could hear it right through the floor.
258,2,Ses03M_script01_1_F,neutral,"God, what was he doing out there anyway?"
258,3,Ses03M_script01_1_F,frustration,Starting to dream about him again.  He's walking around at night again.
258,4,Ses03M_script01_1_M,sadness,I guess he is.
258,5,Ses03M_script01_1_F,sadness,"He's getting just like he did after he died, you know?  What, what, what's the meaning of this?"
258,6,Ses03M_script01_1_M,sadness,"I don't know.  But I know one thing mom, we made a terrible mistake with dad."
258,7,Ses03M_script01_1_F,neutral,What?
258,8,Ses03M_script01_1_M,frustration,Being dishonest with him.  That kind of thing always pays off and now it's paying off.
258,9,Ses03M_script01_1_F,neutral,What do you mean dishonest?
259,0,Ses03F_impro06_F,sadness,"He was like, he was like my brother, you know."
259,1,Ses03F_impro06_F,sadness,He was my brother.
259,2,Ses03F_impro06_F,sadness,"Just seems so unfair, is the way it is."
259,3,Ses03F_impro06_F,sadness,"You know, he had that really pretty girlfriend for like about a year and-"
259,4,Ses03F_impro06_M,sadness,What was her name?
259,5,Ses03F_impro06_F,sadness,Kelly. Kelly Uveny.
259,6,Ses03F_impro06_M,neutral,Kelly.
259,7,Ses03F_impro06_F,sadness,They talked about getting married and--
260,0,Ses01M_script02_1_M,neutral,Don't you want to see it?
260,1,Ses01M_script02_1_F,neutral,Not particularly.
260,2,Ses01M_script02_1_M,frustration,Why not?
260,3,Ses01M_script02_1_F,neutral,"I just don't, it's stupid."
260,4,Ses01M_script02_1_M,frustration,It's not stupid.  It's a natural phenomenon.
260,5,Ses01M_script02_1_M,anger,People in Kansas would have to get plane tickets and make hotel reservations to see this.  It's only forty minutes away; it's just too good to pass up.
260,6,Ses01M_script02_1_F,anger,"Pass what up?  These little fish swim out of the ocean, they flop around on the sand then they swim back and then they die."
260,7,Ses01M_script02_1_M,neutral,Yeah but that like flopping around is what to do it's like spawning or mating or something.  This is like the highlight of their little fish lives.  It's like life's last orgy.
261,0,Ses05F_impro07_F,neutral,okay.
261,1,Ses05F_impro07_F,neutral,not yet.
261,2,Ses05F_impro07_M,neutral,"Yeah, me either."
261,3,Ses05F_impro07_M,neutral,"[garbage] I know, I know, I know, we'll figure it out.  Right?  [garbage] it is going to be so much fun."
261,4,Ses05F_impro07_F,neutral,That happens. That happens at time
261,5,Ses05F_impro07_F,neutral,yeah.
261,6,Ses05F_impro07_F,neutral,It's going to be ridiculous.  It's going to be so cool.
261,7,Ses05F_impro07_M,neutral,"You can't make fun of me because I'm not going to school, though, because I'm going to be working though."
261,8,Ses05F_impro07_F,neutral,I'm not going to make fun of you.
262,0,Ses05M_script02_1_F,frustration,We didn't see them the first time either.
262,1,Ses05M_script02_1_M,neutral,We just weren't in a good spot.  This is a much better spot.  I've got a great sense for these things.
262,2,Ses05M_script02_1_M,neutral,"Look there.  What is that?  Is that -- Oh No, that's seaweed."
262,3,Ses05M_script02_1_M,neutral,"Oh, this is great.  I wouldn't miss this for the world. I mean, think about this, I know you're not interested but just think about this for a second;"
262,4,Ses05M_script02_1_M,neutral,somewhere out there is a giant mass of silver fish all swimming in this direction.  They don't know why they're doing it.  We don't know why they're doing it.  They didn't- It wasn't a decision.  No one took a vote.  Nobody sent them an invitation or a map or anything like that.  It was just some internal time release fire cracker that went off. And all as one they turned around and formed this giant line as long as the California coastline and they just started swimming.  They are swimming right now at this very moment.   And And-
262,5,Ses05M_script02_1_M,neutral,"And it's single mindedness with no mind. It- It's urgency, it's pure urge.  I mean, they didn't make any decisions.  They don't ask any questions.  They don't give it a name,"
262,6,Ses05M_script02_1_M,neutral,"they just all as one turn around and start swimming to this very point where we are standing now for one last celebration of sex and death. God, it's giving me Goosebumps.  Look at all the hairs that are standing up."
262,7,Ses05M_script02_1_F,neutral,That's the wind.
262,8,Ses05M_script02_1_M,neutral,"Well, so what do you think?"
263,0,Ses04M_script03_1_F,neutral,"Oh, dear.  Should we like that."
263,1,Ses04M_script03_1_M,neutral,It all depends on how well we've played.
263,2,Ses04M_script03_1_F,neutral,"What happens if one of us dies?  Does the one that's left, still laugh?"
263,3,Ses04M_script03_1_M,neutral,"Yes.  Yes, with all his might."
263,4,Ses04M_script03_1_F,neutral,"Well that's serious enough, isn't it?"
263,5,Ses04M_script03_1_M,neutral,"No, no, it isn't.  Death's very laughable; such a cunning little mystery, all done with mirrors."
263,6,Ses04M_script03_1_F,neutral,"Darling, I believe you're talking nonsense."
263,7,Ses04M_script03_1_M,neutral,"So is everyone else in the long run.  Let's be superficial and pity the poor philosophers.  Let's blow trumpets and squeakers and- and enjoy the party as much as we can, like very small, quite idiotic little school children."
264,0,Ses01F_impro01_M,frustration,This form is a Z.X.four.
264,1,Ses01F_impro01_M,frustration,"You can't--  This is not the line for Z.X.four.  If you're going to fill out the Z.X.four, you need to have a different form of ID."
264,2,Ses01F_impro01_F,frustration,What?  I'm getting an ID.  This is why I'm here.  My wallet was stolen.
264,3,Ses01F_impro01_M,frustration,No. I need another set of ID to prove this is actually you.
264,4,Ses01F_impro01_F,frustration,How am I supposed to get an ID without an ID?  How does a person get an ID in the first place?
264,5,Ses01F_impro01_M,frustration,I don't know.  But I need an ID to pass this form along.  I can't just send it along without an ID.
264,6,Ses01F_impro01_F,frustration,I'm here to get an ID.
264,7,Ses01F_impro01_M,frustration,"No.  I need another ID, a separate one."
264,8,Ses01F_impro01_F,frustration,Like what?  Like a birth certificate?
264,9,Ses01F_impro01_M,frustration,"A birth certificate, a passport...a student ID; didn't you go to school?  Anything?"
265,0,Ses05M_impro02_M,neutral,Where are we gonna go?
265,1,Ses05M_impro02_F,neutral,I don't know.
265,2,Ses05M_impro02_M,neutral,They'll find me anyway.  You know they will.
265,3,Ses05M_impro02_F,neutral,What would be the worst that would happen if they found you somewhere else?
265,4,Ses05M_impro02_M,frustration,"They'd put me in jail and then how long- when will I get to see the kids?  What, ten years?  I don't know."
265,5,Ses05M_impro02_F,sadness,"Well, they're so young."
265,6,Ses05M_impro02_M,sadness,I know.  But I'll-I'll send the pictures all the time and I'll write them emails and you can read them the emails that I send them.
265,7,Ses05M_impro02_F,neutral,Where are you gonna be stationed?  What are you gonna be doing?
266,0,Ses03F_script02_2_M,frustration,We'll see them this time.
266,1,Ses03F_script02_2_F,neutral,"No, we won't."
266,2,Ses03F_script02_2_F,neutral,"It's impossible. It's like waiting around. Waiting to see Santa Claus, you know?"
266,3,Ses03F_script02_2_F,anger,Like I feel like my whole life I've been just standing on this beach with my hands clasped waiting for these fish to show up and these fish never show up.
266,4,Ses03F_script02_2_M,frustration,"God, I thought you wanted to see it."
266,5,Ses03F_script02_2_F,frustration,I do.
266,6,Ses03F_script02_2_F,frustration,"Look, I did. I always do. But it's like every time I try nothing ever happens."
266,7,Ses03F_script02_2_M,frustration,It's just fish. Nothing to get traumatized over.
266,8,Ses03F_script02_2_F,frustration,"For God's sake, Augie, this is not about fish."
266,9,Ses03F_script02_2_M,frustration,"I've been turning this thing over in my head trying to figure out when the point was when we took a turn for the worse, and I can't seem to pinpoint it."
267,0,Ses02M_script02_2_M,neutral,So what do you think?
267,1,Ses02M_script02_2_F,neutral,About what?
267,2,Ses02M_script02_2_M,neutral,What I was saying.
267,3,Ses02M_script02_2_F,frustration,It's ridiculous.
267,4,Ses02M_script02_2_M,neutral,Certainly it's not. Slightly exaggerated scientific fact.
267,5,Ses02M_script02_2_F,neutral,It's PR. Someone sold you a bill of goods that this wonderful event is going to take place on the beach.
267,6,Ses02M_script02_2_M,neutral,"Well, I'm not the only one look at all these people."
267,7,Ses02M_script02_2_F,neutral,"Yea, sure everyone was sold the same story. I mean it keeps us all excited, keeps us coming back for more, keeps us thinking that life is going to start any second now if we can just get in on the action and find the right spot."
267,8,Ses02M_script02_2_M,neutral,Are we talking about the same thing?
267,9,Ses02M_script02_2_F,neutral,I'm sorry but it's still just fish to me.
268,0,Ses02F_script02_1_M,neutral,"Honey, this is a natural phenomenon.  I mean this only happens once a year, you know."
268,1,Ses02F_script02_1_M,neutral,"Think about the people in Kansas, they had to get plane tickets and hotel reservations to see this.  We live forty minutes away.  It's too good to pass up."
268,2,Ses02F_script02_1_F,frustration,"Pass up what?  These little fish swim onto the beach, they flop around, and swim away.  And then they die."
268,3,Ses02F_script02_1_M,neutral,"Yeah, but that moment on the beach, is the highlight of their little lives.  All that flopping is laying eggs or what do you--spawning or mating.  I mean,"
268,4,Ses02F_script02_1_M,neutral,this is a big night for these guys.  Life's last orgy.
268,5,Ses02F_script02_1_F,frustration,"What are you so excited about?  I mean, it's not a moon landing we're talking about here.  It's fish.  It's a fish nobody even eats."
268,6,Ses02F_script02_1_M,frustration,Yeah they do.
268,7,Ses02F_script02_1_F,frustration,"Ah, Augie."
269,0,Ses04M_script01_3_M,sadness,"to open that bank book; to drive the new car; to see the new refrigerator.  I mean, you can take these things out of a war, but when you drive the new car, you have to know that it came out of the love a man can have for a man."
269,1,Ses04M_script01_3_M,sadness,"You have to be a little better because of that.  Otherwise, we have is really loot and there's blood on it.  I don't want to take any of it.  I guess that included you."
269,2,Ses04M_script01_3_F,neutral,And do you still feel that way?
269,3,Ses04M_script01_3_M,neutral,"I want you now, Annie."
269,4,Ses04M_script01_3_F,neutral,"Because you mustn't feel that way anymore, Chris.  Because you have a right to everything you have, everything, Chris; to me, too."
269,5,Ses04M_script01_3_F,neutral,"And your money, there's nothing wrong in your money.  Your father put hundreds of planes in the air.  You should be proud.  A man should be paid for that."
269,6,Ses04M_script01_3_M,happiness,"Annie, Annie, I'm going to make you a fortune."
269,7,Ses04M_script01_3_F,happiness,What'll I do with a fortune?
270,0,Ses05M_impro03_F,neutral,Awe.
270,1,Ses05M_impro03_F,happiness,Where is she right now?
270,2,Ses05M_impro03_M,neutral,"oh, She's back at work. yeah."
270,3,Ses05M_impro03_F,happiness,"Yeah,I'll hang out with the both of you."
270,4,Ses05M_impro03_M,neutral,Of course.  We'll go out to dinner later this week.
270,5,Ses05M_impro03_F,neutral,yes.
270,6,Ses05M_impro03_M,neutral,It will be perfect.
270,7,Ses05M_impro03_F,neutral,Oh I'm so excited for you.
270,8,Ses05M_impro03_M,neutral,"Yes, me too. Oh I am so in love."
271,0,Ses01M_script01_1_F,neutral,Give it some more thought.
271,1,Ses01M_script01_1_M,frustration,I've given it lots of thought.  And I keep coming back to the same thing.
271,2,Ses01M_script01_1_M,frustration,"When I think of a family, when I think of my future I see Annie in the center of that and you know and if that can't happen here then I'll go somewhere else."
271,3,Ses01M_script01_1_F,neutral,What the hell is this?
271,4,Ses01M_script01_1_M,frustration,I'll leave.  I'll get married and move somewhere else maybe New York.
271,5,Ses01M_script01_1_F,anger,Are you crazy?
271,6,Ses01M_script01_1_M,neutral,I'll do it.
271,7,Ses01M_script01_1_F,anger,You have a business here.  I said what the hell is this?
272,0,Ses03F_script02_2_M,neutral,"Carla, can I ask you something? Don't take this wrong, but are you having your period?"
272,1,Ses03F_script02_2_F,anger,"Augie, Goddamn it, don't ask me that. You always ask me that. Why do you ask me that? I hate it. It's insulting."
272,2,Ses03F_script02_2_M,frustration,"Okay, then what's bugging you?"
272,3,Ses03F_script02_2_F,frustration,"Look, it's-we just-we're looking at this evening in a different way, both of us. We both have different ideas of it."
272,4,Ses03F_script02_2_M,frustration,"There's nothing to it, alright? We come down here, the grunion arrive, they do their little fish business, we go ooh, ah, look at the fish, and then they go home and we go home."
272,5,Ses03F_script02_2_F,neutral,It's not like that.
272,6,Ses03F_script02_2_M,neutral,We're not seeing the grunions?
272,7,Ses03F_script02_2_F,frustration,"Look, Augie, we've never seen them. They're never going to come."
272,8,Ses03F_script02_2_M,frustration,We missed them twice. That's not ever.
272,9,Ses03F_script02_2_F,neutral,Twice is as many times as we've tried. That's ever.
273,0,Ses03M_impro01_M,frustration,I'll have a license.
273,1,Ses03M_impro01_F,frustration,Well not from this department you won't.
273,2,Ses03M_impro01_M,anger,Yes I will.  I'll have this [GARBAGE]
273,3,Ses03M_impro01_F,frustration,Sir-
273,4,Ses03M_impro01_M,frustration,just as I want.  Ugh.
273,5,Ses03M_impro01_F,frustration,Sir?  I'm going to ask you one more time and then I'm going to call my supervisor
273,6,Ses03M_impro01_F,frustration,who will proceed to call-- security if you can't remove yourself--
273,7,Ses03M_impro01_M,anger,Fine.  Call your supervisor.  Ask supervisor over
274,0,Ses02F_script02_1_M,neutral,It's like single mindedness with no mind.  It's urgency that's pure urge.  They don't know what drives them.  They don't ask it a question or give it a name.
274,1,Ses02F_script02_1_M,neutral,"They just turn as one and start the swim that brings them right here to where we stand, for a massive celebration of sex and death."
274,2,Ses02F_script02_1_M,neutral,"Ah, God, I'm giving myself goose bumps.  Look, all my hairs are popped up."
274,3,Ses02F_script02_1_F,neutral,That's the wind.
274,4,Ses02F_script02_1_M,neutral,"Well, so what do you think?"
274,5,Ses02F_script02_1_F,neutral,About what?
274,6,Ses02F_script02_1_M,neutral,What I was saying.
274,7,Ses02F_script02_1_F,neutral,It's ridiculous.
275,0,Ses01F_script01_1_F,frustration,"You marry that girl, you are pronouncing him dead..."
275,1,Ses01F_script01_1_F,frustration,...and then what's that going to do to your father?  Do you know?  I don't.
275,2,Ses01F_script01_1_M,frustration,"All right, then, Mom. [BREATHING]"
275,3,Ses01F_script01_1_F,neutral,Just give it some more thought.
275,4,Ses01F_script01_1_M,frustration,"I've given it three years of thought.  And I'd hope that if I waited, father would forget about Larry and then we could just have a regular wedding and everyone would be happy."
275,5,Ses01F_script01_1_M,frustration,"But if I can't do that here, I may have to go somewhere else."
275,6,Ses01F_script01_1_F,anger,What the hell is this?
275,7,Ses01F_script01_1_M,neutral,"I'll get out.  I'll get married and I'll move somewhere else, maybe New York."
275,8,Ses01F_script01_1_F,neutral,Are you crazy?
276,0,Ses03M_impro08a_M,neutral,"I'm, I'm sorry you chose to live there um--"
276,1,Ses03M_impro08a_F,frustration,"No, no, no.  I didn't choose to live here.  I work there.  Okay?  Yeah. work work work"
276,2,Ses03M_impro08a_M,neutral,okay.
276,3,Ses03M_impro08a_M,neutral,Well I'm sure maybe there's a phone at work you could use.
276,4,Ses03M_impro08a_F,frustration,"We can't call out.  We can't make out-- line.  I don't work, I work at another office."
276,5,Ses03M_impro08a_F,frustration,A law firm.  Thank you very much.
276,6,Ses03M_impro08a_M,neutral,All right um--
276,7,Ses03M_impro08a_F,frustration,"I work out of my home as a realtor and because I don't have a land line, I need a phone and because of now I don't have one I don't know what to do.  And you're not helping me at all."
277,0,Ses05M_script01_1b_M,frustration,I don't want to argue with him.  But it's time that he knows that nobody else believes that Larry's alive. I mean
277,1,Ses05M_script01_1b_M,frustration,"Why shouldn't he dream about him, walk the nights waiting for him?  Do we contradict him?  Do we say outright that we don't have any hope anymore?  That we haven't had any hope for a long time?"
277,2,Ses05M_script01_1b_F,neutral,"Well, how are you gonna prove it?  Can you prove it?"
277,3,Ses05M_script01_1b_M,frustration,"For Gods sake, three years!  Nobody comes back after three years.  It's insane!"
277,4,Ses05M_script01_1b_F,neutral,"To you it is and to me, but not to him."
277,5,Ses05M_script01_1b_F,neutral,You can talk yourself blue in the face but there's no body and there's no grave.  So where are you?
277,6,Ses05M_script01_1b_M,neutral,"Sit down, mom.  I want to talk to you."
277,7,Ses05M_script01_1b_F,frustration,"The trouble is the God damn newspapers, I mean, ea- each week a new boy turns up out of nowhere.  So the next one is gonna be Larry.  So you--"
278,0,Ses01F_impro05_F,anger,"Am I going to be getting, like, free tickets, free mileage. When can I expect my bag here?"
278,1,Ses01F_impro05_M,neutral,"Yeah. Yeah, I don't see- I don't see any--"
278,2,Ses01F_impro05_M,neutral,"I don't see any record of it, and I-usually when I don't see a record of it, that means um-"
278,3,Ses01F_impro05_M,neutral,"we've mistakenly lost your baggage.  We're very sorry.  On behalf of Jet Blue I would like to apologize for any inconvenience.  I am allowed to issue you a fifty dollar gift card which you can use any future flights you want to take with us.  I'm very sorry, once again..."
278,4,Ses01F_impro05_F,neutral,"Oh, Are you kidding me?"
278,5,Ses01F_impro05_M,neutral,"for such an inconvenience and your bag, but"
278,6,Ses01F_impro05_F,anger,Is this a joke?
278,7,Ses01F_impro05_M,neutral,Yeah.
278,8,Ses01F_impro05_M,neutral,"No, no."
279,0,Ses01M_script02_1_F,frustration,"It's after eleven, let's go home."
279,1,Ses01M_script02_1_M,frustration,What are you kidding?  We just got here.  We don't want to turn around and go home now.  What's the point coming all the way down here?
279,2,Ses01M_script02_1_F,frustration,There is no point.
279,3,Ses01M_script02_1_M,neutral,Right.
279,4,Ses01M_script02_1_F,frustration,That's my point.
279,5,Ses01M_script02_1_M,neutral,That's my point too.
279,6,Ses01M_script02_1_F,anger,Then let's go.
279,7,Ses01M_script02_1_M,frustration,"No, wait no, no that's not my point.  My point is there is no point and coming all the way down here if we just turn around and go home."
280,0,Ses02M_script03_1_M,neutral,"You mustn't be serious my dear one, that's just what they want."
280,1,Ses02M_script03_1_F,neutral,Who's they?
280,2,Ses02M_script03_1_M,neutral,"All those futile moralists, who try to make life unbearable, laugh at them, be flippant. Laugh at everything all their sacred shibboleths"
280,3,Ses02M_script03_1_M,neutral,flippancy brings out the acid in their damned sweetness in light.
280,4,Ses02M_script03_1_F,neutral,"Well, if I laugh at everything then I must laugh at us too."
280,5,Ses02M_script03_1_M,neutral,"Certainly you must, we figures of fun all right."
280,6,Ses02M_script03_1_F,neutral,"Well, shall we always want to bicker and fight?"
280,7,Ses02M_script03_1_M,sadness,"No, that desire will fade along with our passion."
281,0,Ses05F_impro03_M,neutral,"Cool, perfect.  Another Chicagoite, got to love it."
281,1,Ses05F_impro03_F,happiness,"It's so weird too, right, that like you can grow up so near somebody and never know them until you travel hundreds of miles away."
281,2,Ses05F_impro03_M,neutral,Yeah.
281,3,Ses05F_impro03_M,neutral,"Exactly, yeah.  I can't believe you met him in Africa."
281,4,Ses05F_impro03_F,happiness,I know
281,5,Ses05F_impro03_M,neutral,"And the chances, what are the chances of meeting somebody in Africa and then coming back to Chicago?"
281,6,Ses05F_impro03_F,happiness,"Right, being like oh, where are you from?  The U.S.  Where in the U.S.?  Chicago.  Where in Chicago?"
281,7,Ses05F_impro03_M,happiness,[LAUGHTER] I am sil
281,8,Ses05F_impro03_F,happiness,"Knowing the neighborhood.  Yeah, it's pretty bizarre."
281,9,Ses05F_impro03_M,neutral,And now you're getting married.
281,10,Ses05F_impro03_F,happiness,Yeah.
281,11,Ses05F_impro03_M,neutral,That is amazing.  You must be so excited.  Did you tell your mom?
281,12,Ses05F_impro03_F,happiness,Mm-hmm.
281,13,Ses05F_impro03_M,neutral,"Oh, did she cry?"
282,0,Ses02F_script03_2_M,frustration,"As I mentioned before, I have had three minute liquor glasses of brandy the whole evening long.  A child of two couldn't get drunk on that."
282,1,Ses02F_script03_2_F,frustration,"On the contrary, a child of two could get violently drunk on only one glass of brandy."
282,2,Ses02F_script03_2_M,frustration,"Oh, very interesting.  How about a child of four?  A child of six?  Or a child of nine?"
282,3,Ses02F_script03_2_F,anger,Shut up.
282,4,Ses02F_script03_2_M,anger,"We could get a good debate going about this, don't you think?  Intemperate tots."
282,5,Ses02F_script03_2_F,frustration,"Not very funny, dear.  You'd better have some more brandy."
282,6,Ses02F_script03_2_M,neutral,All right.  I will.
282,7,Ses02F_script03_2_M,neutral,"You better turn that off, I think."
282,8,Ses02F_script03_2_F,anger,Why?
283,0,Ses05F_script02_2_M,neutral,"Well, so?  What do you think?"
283,1,Ses05F_script02_2_F,neutral,About what?
283,2,Ses05F_script02_2_M,frustration,What I was just saying.
283,3,Ses05F_script02_2_F,neutral,It's ridiculous.
283,4,Ses05F_script02_2_M,neutral,It certainly is not. It's slightly exaggerated scientific fact.
283,5,Ses05F_script02_2_F,neutral,"It's PR, somebody sold you a bill of goods that this wonderful event is going to occur on the beach."
283,6,Ses05F_script02_2_M,neutral,"I am not the only one, look at all these people."
283,7,Ses05F_script02_2_F,neutral,"Yeah, they are all told the same thing.  They are all told that you know.  Gets them excited and they can't wait and that if they just get in on the right spot, than you than maybe life will start"
283,8,Ses05F_script02_2_M,neutral,Are we talking about the same thing?
284,0,Ses03F_script03_2_F,neutral,"It's a woman's job to allure the man. Watch me, won't you, a minute?"
284,1,Ses03F_script03_2_M,neutral,"As a matter of fact, that's perfectly true."
284,2,Ses03F_script03_2_F,anger,"No, it isn't."
284,3,Ses03F_script03_2_M,anger,"Yes, it is."
284,4,Ses03F_script03_2_F,neutral,"No, it's not. I don't care."
284,5,Ses03F_script03_2_M,neutral,It's a pity you didn't have more brandy. It might have made you a little less disagreeable.
284,6,Ses03F_script03_2_F,neutral,"Well, it didn't seem to do such wonders with you, now did it?"
284,7,Ses03F_script03_2_M,neutral,"Oh, snap, snap, snap, like a little adder."
284,8,Ses03F_script03_2_F,frustration,"Adders don't snap, they sting."
285,0,Ses02F_script01_1_F,neutral,"Well, how do you know she'll marry you?  Maybe she feels the same way your father does."
285,1,Ses02F_script01_1_M,sadness,"Well, if she does, then that's the end of it.  But from her letters, I think she's forgotten him.  I'll find out.  And then we'll thrash it out with Dad, right?  Mom, don't avoid me."
285,2,Ses02F_script01_1_F,sadness,"Trouble is, you don't see enough women."
285,3,Ses02F_script01_1_F,frustration,You never did.
285,4,Ses02F_script01_1_M,neutral,"So what, I'm not fast with women."
285,5,Ses02F_script01_1_F,frustration,I just don't see why it has to be Annie.
285,6,Ses02F_script01_1_M,neutral,Because it is.
285,7,Ses02F_script01_1_F,frustration,"Well, that's a good answer, but it doesn't answer anything.  I mean, you've been away for--at war.  It's been five years."
285,8,Ses02F_script01_1_M,neutral,"I can't help it.  I know her best.  I mean, I grew up next door to her."
286,0,Ses02M_script01_1_F,frustration,"Do you know what's going to happen to your father because I don't, see?"
286,1,Ses02M_script01_1_M,neutral,All right. All right. Mom.
286,2,Ses02M_script01_1_F,neutral,Just give it some more thought.
286,3,Ses02M_script01_1_M,neutral,"I've given it three years of thought. I thought that if I waited, dad would forget about Larry and we could have a regular wedding and everything happy."
286,4,Ses02M_script01_1_M,sadness,"If I can't do that here well, then I'll have to get out."
286,5,Ses02M_script01_1_F,anger,What the hell is this?
286,6,Ses02M_script01_1_M,sadness,"I'll get out. I'll get married and go live some place else, maybe New York."
286,7,Ses02M_script01_1_F,anger,"What the hell is this, are you crazy?"
286,8,Ses02M_script01_1_M,anger,"I've been a good son too long a good sucker, I'm through with it."
287,0,Ses04M_script01_1_M,anger,"For God's sake, three years.  Nobody comes back after three years.  It's insane."
287,1,Ses04M_script01_1_F,anger,"To you it is and to me, but not to him.  You can talk yourself blue in the face, but there's no body and no grave, so where are you?"
287,2,Ses04M_script01_1_M,neutral,"Sit down, mom.  I want to talk to you."
287,3,Ses04M_script01_1_F,neutral,"The trouble is the Goddamn newspapers.  Every month some boy turns up from nowhere, so the next boy is going to be Larry.  So we have to keep--"
287,4,Ses04M_script01_1_M,frustration,"Alright, alright, alright.  Listen.  You know why I asked Annie here don't you?"
287,5,Ses04M_script01_1_F,neutral,Why?
287,6,Ses04M_script01_1_M,frustration,You know why.
287,7,Ses04M_script01_1_F,neutral,"Well I've got an idea, but what's the story?"
287,8,Ses04M_script01_1_M,neutral,Going to ask her to marry me.
288,0,Ses04M_script01_3_M,neutral,You felt something that far back?
288,1,Ses04M_script01_3_F,happiness,Every day since.
288,2,Ses04M_script01_3_M,neutral,"Anne, why didn't you let me know?"
288,3,Ses04M_script01_3_F,happiness,"I was waiting for you, Chris.  'Til then, you never wrote and when you did, what did you say?  You sure can be ambiguous, you know."
288,4,Ses04M_script01_3_M,neutral,"Anne, give me a kiss.  Give me a -"
288,5,Ses04M_script01_3_M,neutral,"I kissed you.  I kissed Annie.  How long, how long I've waited to kiss you."
288,6,Ses04M_script01_3_F,happiness,I'll never forgive you.  Why did you wait all these years?  All I've done is sit around and wonder if I was crazy for thinking of you.
288,7,Ses04M_script01_3_M,neutral,"Anne, we're going to live now.  I'm going to make you so happy."
289,0,Ses04F_impro08_F,frustration,"Did you try to take them back and get your order fixed, sir?"
289,1,Ses04F_impro08_M,neutral,"Yeah.  I did and they're like you've got to take it up with corporate, and I'm like well fine.  I'll have your ass by the end of the day and so now I'm trying to do that."
289,2,Ses04F_impro08_F,neutral,"Well I'm very sorry, sir.  They should have dealt with it at that particular branch.  I apologize for that, uh, but we can help you.  That's no worries.  We can take care of that.  So how much did you need to be refunded?"
289,3,Ses04F_impro08_M,neutral,"It was a hundred a sixty dollars.  I'm sorry, uh, sixteen dollars."
289,4,Ses04F_impro08_F,neutral,"Okay.  Um, I'm going to go ahead and transfer you over to another department.  They'll need your address."
289,5,Ses04F_impro08_M,anger,"Look, I don't want to be transferred over to another- All I want to do is just give you my name and address so you can send me a check."
289,6,Ses04F_impro08_M,anger,"Okay.  You understand that's all I want. Just don't give me a problem with this.  Okay, please because I'm very sensitive right now"
289,7,Ses04F_impro08_M,anger,"and if I get sent to another operator, I'll have to tell them the same damn story again.  I don't- I think I'm just going to lose my mind.  So if you could please just not do that, that would be great.  Thank you."
290,0,Ses02M_script02_2_M,sadness,"No, I know. Me neither."
290,1,Ses02M_script02_2_F,frustration,I mean it's -- this is just this. I mean it includes a lot and everything but isn't something else. Do you have any idea what I'm trying to say?
290,2,Ses02M_script02_2_M,neutral,I'm doing the best I can.
290,3,Ses02M_script02_2_F,neutral,I know that Augie. Really I do.
290,4,Ses02M_script02_2_F,sadness,"I know that you meant this to be special and nice, and there's the sand and the moon and everything but I just couldn't help thinking about being somewhere else."
290,5,Ses02M_script02_2_M,sadness,Maybe if you were with somebody else too.
290,6,Ses02M_script02_2_F,neutral,I didn't say that.
290,7,Ses02M_script02_2_M,sadness,"No, I know. But still, I know I don't make you happy."
290,8,Ses02M_script02_2_F,neutral,"For heavens sake, whatever I'm doing I'd rather be doing it with you."
291,0,Ses05F_script02_2_M,neutral,"It was in the car, right?  When we were passing Knickerbocker Liquor Locker, you said, Let's get some champagne.  And I said time wasting or something like that.  Right? of course."
291,1,Ses05F_script02_2_F,sadness,I rather not remember some things.  I rather not hope for some things.
291,2,Ses05F_script02_2_M,neutral,"Okay, all right I got it.  You wanted it to be like the other time, okay no problem. Listen, You want to dance?"
291,3,Ses05F_script02_2_F,sadness,No.
291,4,Ses05F_script02_2_M,neutral,You want me to go get some champagne?
291,5,Ses05F_script02_2_F,sadness,No.
291,6,Ses05F_script02_2_M,neutral,Take off our shoes?
291,7,Ses05F_script02_2_F,frustration,No.
292,0,Ses03F_script02_2_F,frustration,"God, don't you know that? I mean, you're the one that probably wants to be with somebody else. Somebody that didn't take herself so seriously, could enjoy herself more."
292,1,Ses03F_script02_2_M,happiness,"Actually now that you mention it, no, I don't."
292,2,Ses03F_script02_2_F,happiness,"Well, I guess we're just in the wrong spart-spot with the right person."
292,3,Ses03F_script02_2_M,happiness,"Seemed like a pretty good spot to me. I mean, look at the view of the moon we've got from here."
292,4,Ses03F_script02_2_F,happiness,I noticed that. It's beautiful.
292,5,Ses03F_script02_2_F,happiness,You can see right over the water.
292,6,Ses03F_script02_2_F,neutral,"God, big old white moon."
292,7,Ses03F_script02_2_M,happiness,Look what we got here.
292,8,Ses03F_script02_2_F,neutral,You brought refreshments?
292,9,Ses03F_script02_2_M,happiness,It's not champagne.
293,0,Ses04M_impro06_F,neutral,"Just life, in general?"
293,1,Ses04M_impro06_M,sadness,"I mean, it's just not fair.  Like, I don't know.  Why people -"
293,2,Ses04M_impro06_M,sadness,"there should just be some sort of rule that people don't die until they're older, 'cause then, at least, it's expected."
293,3,Ses04M_impro06_F,sadness,"I agree.  If I knew how to make that happen, I would certainly help you."
293,4,Ses04M_impro06_M,sadness,I don't know what to do.
293,5,Ses04M_impro06_F,sadness,"When's the service? Can- can we help?  Is there anything, I mean--"
293,6,Ses04M_impro06_M,sadness,"I mean, you- you can go.  I don't know.  I don't know what else."
293,7,Ses04M_impro06_M,sadness,I hope it rains.  Somehow that'll make me feel more comfortable.
294,0,Ses05F_impro02_F,sadness,I know.  I know it's not fair.
294,1,Ses05F_impro02_M,sadness,Why has to be you?  There's all those other people.  Somebody else can go instead.  It's not right.
294,2,Ses05F_impro02_F,sadness,"Well, apparently nobody else can go."
294,3,Ses05F_impro02_M,neutral,What are you going to do that's any different than anybody else?
294,4,Ses05F_impro02_F,frustration,"I don't know.  Baby, why are you asking me this?  It's just as hard for me.  Please, try to understand that."
294,5,Ses05F_impro02_M,neutral,"I don't know.  It's not me, so I'm the one who has to stay here.  I'm the one who has to take care of them, and I don't have-I don't have anybody else.  You're all I have."
294,6,Ses05F_impro02_F,frustration,"I understand, baby.  I'm sorry. I mean try to understand I'm I'm scared myself."
294,7,Ses05F_impro02_M,sadness,I understand.  I'm worried about you.  I don't know what's going to happen to you.
295,0,Ses03M_impro04_M,frustration,--you know? Head of the Science Club.
295,1,Ses03M_impro04_M,frustration,"That's what I've been doing, temporary things"
295,2,Ses03M_impro04_F,frustration,Oh I know.  But--
295,3,Ses03M_impro04_F,neutral,"-it's going to get better I promise you. You just got to hang in there. Everyone, I mean, you know?"
295,4,Ses03M_impro04_M,neutral,Yeah.
295,5,Ses03M_impro04_M,sadness,Maybe I'll just kill myself.
295,6,Ses03M_impro04_F,neutral,What?  You can't...what?  Now come on.  Stop it.  Don't be talking like that.
295,7,Ses03M_impro04_M,sadness,I was just joking...
296,0,Ses02M_script02_2_M,neutral,"Of course, I see it now; you want this to be like that other time, right? That's it, right?"
296,1,Ses02M_script02_2_F,sadness,I'd rather not remember some things. I would rather not hope for some things.
296,2,Ses02M_script02_2_M,neutral,"Yea. Okay, sure, no. I see. Listen, you want to dance?"
296,3,Ses02M_script02_2_F,sadness,No.
296,4,Ses02M_script02_2_M,neutral,You want to go get some champagne?
296,5,Ses02M_script02_2_F,sadness,No.
296,6,Ses02M_script02_2_M,neutral,Take off our shoes?
296,7,Ses02M_script02_2_F,neutral,No.
296,8,Ses02M_script02_2_M,neutral,"What, you want me to breathe in your ear?"
297,0,Ses05M_impro08_F,frustration,"Is not, It it It will work again for like a week and then it goes out again."
297,1,Ses05M_impro08_M,neutral,Has somebody tried to pin your site?
297,2,Ses05M_impro08_F,neutral,"Uh, yeah.  We've pinned it a couple of times."
297,3,Ses05M_impro08_M,neutral,"Okay. Um-  Well, I don't know.  And it consistently happens every two weeks?"
297,4,Ses05M_impro08_F,neutral,"Pretty much, yeah - I don't know if it's, like, bad phone lines or something."
297,5,Ses05M_impro08_M,neutral,Okay.
297,6,Ses05M_impro08_M,neutral,"Well, you know what, does your D.S.L. cable -- you have D.S.L., right?"
297,7,Ses05M_impro08_F,neutral,Hmm. Mmm.
297,8,Ses05M_impro08_M,neutral,"Okay.  Does your D.S.L. cable, you know, travel a long distance by any chance? - Does it go through any windows?  I mean, is it --"
298,0,Ses01M_impro03_F,neutral,That's unbelievable... Yeah.
298,1,Ses01M_impro03_F,neutral,Well I've known people who have done this before. Yeah.  You just- it's really fun actually 'cause you have like a fake engagement party and all your friends come over and like...
298,2,Ses01M_impro03_M,neutral,Have you?
298,3,Ses01M_impro03_M,neutral,It's like I'm really going to get married. We'll have like the whole thing.
298,4,Ses01M_impro03_M,neutral,"Oh, good. [LAUGHTER]"
298,5,Ses01M_impro03_F,neutral,"Yeah. Yeah. And then yeah, and then you know like you could like you could do like like sock her for a lot of money"
298,6,Ses01M_impro03_M,neutral,I know. What do you think I should-
298,7,Ses01M_impro03_F,neutral,"Like make her rent the apartment that you two have to live together in, you know. And you won't pay any rent or you pay like, a hundred bucks a month or something."
298,8,Ses01M_impro03_M,neutral,Oh good idea.
299,0,Ses02F_impro05_M,neutral,"Well, there are-there are some shops here in- in the airport--"
299,1,Ses02F_impro05_F,frustration,But fifty dollars isn't going to get me anything.
299,2,Ses02F_impro05_M,neutral,"No, um, like I said you can file a claim and, uh, maybe get reimbursed for more-- you"
299,3,Ses02F_impro05_F,frustration,Isn't there anything else you can do?
299,4,Ses02F_impro05_M,neutral,probably even talk to--
299,5,Ses02F_impro05_F,frustration,"I mean, is there somebody you can call?  Or the guy that put the stuff on the--on the plane.  I mean, are they--they must be really irresponsible to have just disappeared my baggage.  I mean, did it get stolen?"
299,6,Ses02F_impro05_M,neutral,"Right, that--that gets taken care of-- That gets taken care of.  We get we do, you know, we investigate those and just make sure that um- they're not doing their own thing with them so--uh"
299,7,Ses02F_impro05_F,frustration,"Yeah, I'm sure you -- You're like, hmm, do you take baggage?  No.  Oh, okay, thanks.  Great.  I mean how--"
299,8,Ses02F_impro05_M,neutral,but Unfortunately sometimes is--
300,0,Ses01F_script02_1_F,anger,How's that supposed to make me feel?
300,1,Ses01F_script02_1_M,neutral,"Of course, our flashlight.  What's yours is mine.  Me flashlight es su flashlight."
300,2,Ses01F_script02_1_M,frustration,"Naturally.  God, how could we not think to bring it?  I hope the moon stays out, though."
300,3,Ses01F_script02_1_M,neutral,Do they always run during a full moon?  I don't remember.  Was it full last year?
300,4,Ses01F_script02_1_F,neutral,Yeah.
300,5,Ses01F_script02_1_M,neutral,"Huh.  Are you cold?  Do you want my jacket?  No?  you know, we should have brought the blanket?  Our blanket."
300,6,Ses01F_script02_1_M,neutral,"Aw.  Do you know, I should have brought a six pack, too.  A six pack, that would be just the ticket right about now.  Huh?"
300,7,Ses01F_script02_1_M,neutral,"God, I'm so excited, I'm like a kid.  I can't believe I got out of the house with my fly zipped up."
300,8,Ses01F_script02_1_F,happiness,[LAUGHTER]
301,0,Ses01M_script02_1_F,neutral,I'm fine.
301,1,Ses01M_script02_1_M,neutral,"Oh yeah, I'm so excited right now I'm like a kid."
301,2,Ses01M_script02_1_M,neutral,I can't believe I got out of the house without my fly zipped up even.
301,3,Ses01M_script02_1_F,happiness,I wonder if they can hear me talk
301,4,Ses01M_script02_1_M,neutral,"I wonder if they can hear me talking, you know."
301,5,Ses01M_script02_1_M,neutral,Like feel the vibrations in the sand when we move around.
301,6,Ses01M_script02_1_F,frustration,I'm cold.
301,7,Ses01M_script02_1_M,frustration,Do you want my jacket?
302,0,Ses01F_script02_1_F,frustration,"Well, then let's go."
302,1,Ses01F_script02_1_M,frustration,"No, no.  Okay.  That's not my point.  My point is there is no point in coming down here if we just turn around and go home.  Don't you want to see it?"
302,2,Ses01F_script02_1_F,neutral,Not particularly.
302,3,Ses01F_script02_1_M,neutral,Why not?
302,4,Ses01F_script02_1_F,neutral,I just don't.  It's stupid.
302,5,Ses01F_script02_1_M,neutral,"Honey, this is like a natural phenomenon. I mean... People in Kansas would have to get plane reservations and get hotel rooms to see this.  It's just forty minutes away for us; it's too good to pass up."
302,6,Ses01F_script02_1_F,frustration,"Pass what up?  I mean these fish swim out of the ocean, they flop around on the beach, they swim away and then they die."
302,7,Ses01F_script02_1_M,neutral,Yeah.  But this..this moment on the beach is like the highlight of their little lives.  All that flopping around is laying eggs or what to do - spawning or mating or whatever.
302,8,Ses01F_script02_1_M,neutral,This is a big night for these little guys.  It's like life's last orgy.
303,0,Ses03F_script03_2_M,neutral,You better turn that off.
303,1,Ses03F_script03_2_F,neutral,Why?
303,2,Ses03F_script03_2_M,neutral,It's very late and it will annoy the people upstairs.
303,3,Ses03F_script03_2_F,neutral,There aren't any people upstairs. It's a photographer's studio.
303,4,Ses03F_script03_2_M,anger,"Well, I suppose the people downstairs then."
303,5,Ses03F_script03_2_F,neutral,They're away in Tunis.
303,6,Ses03F_script03_2_M,neutral,This is no time of the year for Tunis.
303,7,Ses03F_script03_2_F,neutral,"Turn it on again, please."
303,8,Ses03F_script03_2_M,neutral,"No, I will do no such thing."
304,0,Ses05F_impro03_M,happiness,"Oh, thanks.  I'll need it."
304,1,Ses05F_impro03_F,happiness,"You won't have trouble, You won't have trouble."
304,2,Ses05F_impro03_M,happiness,"Oh thanks, you're too nice"
304,3,Ses05F_impro03_M,happiness,just being polite now
304,4,Ses05F_impro03_F,happiness,"You should just approach her like that.  Hey, will you bear my children?"
304,5,Ses05F_impro03_M,happiness,because I am not getting married.
304,6,Ses05F_impro03_M,happiness,"Exactly, [LAUGHTER] I think that'll go over great, don't you?"
304,7,Ses05F_impro03_F,happiness,"Yeah, totally."
304,8,Ses05F_impro03_M,happiness,"That's what girls like, right?"
304,9,Ses05F_impro03_F,happiness,Total turn on.
304,10,Ses05F_impro03_M,happiness,Would you mind popping out a few for me?
304,11,Ses05F_impro03_F,happiness,[LAUGHTER]
304,12,Ses05F_impro03_M,happiness,"That'd be great, thanks."
305,0,Ses04M_impro03_F,neutral,It's so exciting.  What's the ring look like?
305,1,Ses04M_impro03_M,neutral,It's big and shiny.  I don't know.  It's silver and--
305,2,Ses04M_impro03_F,neutral,Big and shiny.  You're such a guy. [LAUGHTER]
305,3,Ses04M_impro03_M,happiness,"Yeah, I don't know. [LAUGHTER] But, yeah, so anyway -- well I wanted to tell you that, you know, 'cause you're one of my good friends and you're Kate's- one of her best friends and-"
305,4,Ses04M_impro03_F,neutral,I'm so excited for you. That's great. I'm so-
305,5,Ses04M_impro03_M,happiness,"Yeah, yeah. She was actually -- she was going to tell you but I told her that I wanted to tell you and she had to work today anyway, so I decided to-"
305,6,Ses04M_impro03_F,neutral,Well I'm glad you told me.
305,7,Ses04M_impro03_M,happiness,"Yeah, yeah."
306,0,Ses05M_impro03_F,happiness,oh.
306,1,Ses05M_impro03_M,happiness,She's the one.
306,2,Ses05M_impro03_F,happiness,"Oh, my gosh.  You told your parents already? and everything"
306,3,Ses05M_impro03_M,happiness,Of course.  I told them right away.  We called them all right them.
306,4,Ses05M_impro03_F,happiness,Are they so excited?
306,5,Ses05M_impro03_M,happiness,"Oh, yeah.  My mom's freaking out. Oh yeah, She's so happy. this is you know  It's her dream come true.  She always wanted her little boy -- she wants kids, you know."
306,6,Ses05M_impro03_M,happiness,She wants grandkids. So we'll be working on that right away.
306,7,Ses05M_impro03_F,neutral,right right.
307,0,Ses03M_impro02_M,frustration,--need me on the specialist honey.
307,1,Ses03M_impro02_F,frustration,You can't.  We need you.  I need you.
307,2,Ses03M_impro02_M,frustration,"I don't want to go but,-"
307,3,Ses03M_impro02_F,frustration,I don't care about the money.
307,4,Ses03M_impro02_M,frustration,but they said they'd increase my pay by triple-there promotion.
307,5,Ses03M_impro02_F,neutral,And you're leaving next week so you won't even be here for Anna's birth?
307,6,Ses03M_impro02_M,sadness,No.
307,7,Ses03M_impro02_F,sadness,Do this whole thing by myself?
307,8,Ses03M_impro02_M,sadness,Honey you're not going to be by yourself--
308,0,Ses02F_script02_2_F,happiness,"Augie, you brought refreshments."
308,1,Ses02F_script02_2_M,happiness,It's not champagne.
308,2,Ses02F_script02_2_F,happiness,"Well, then we don't need glasses."
308,3,Ses02F_script02_2_M,neutral,You still cold?  Do you wanna go home?
308,4,Ses02F_script02_2_F,happiness,No.  I think you might be right.  Maybe this is the spot after all.
308,5,Ses02F_script02_2_F,sadness,"Augie, I'm sorry."
308,6,Ses02F_script02_2_M,happiness,Shh.  If we're very quiet the fish might come.
308,7,Ses02F_script02_2_F,happiness,Or not.
308,8,Ses02F_script02_2_M,happiness,Or not.
309,0,Ses02M_script01_1_F,anger,What about the business? What is this?
309,1,Ses02M_script01_1_M,anger,The business?  The business doesn't inspire me.
309,2,Ses02M_script01_1_F,anger,Must you be inspired?
309,3,Ses02M_script01_1_M,anger,"Yes, I like it and hour a day. If I'm going to grub for money all day long, at least in the evening I want it beautiful."
309,4,Ses02M_script01_1_M,neutral,I want a family; I want kids; I want something I can give myself to. Annie is in the middle of that. Now where do I find it?
309,5,Ses02M_script01_1_F,anger,"Tell me, you'd leave the business?"
309,6,Ses02M_script01_1_M,sadness,"Yes, on this I would."
309,7,Ses02M_script01_1_F,anger,"Well, you don't want to think like that."
310,0,Ses01M_script01_3_M,neutral,Why didn't you?
310,1,Ses01M_script01_3_F,neutral,You started to write me.
310,2,Ses01M_script01_3_M,neutral,You felt something that far back?
310,3,Ses01M_script01_3_F,neutral,Everyday since.
310,4,Ses01M_script01_3_M,neutral,why didn't you let me know?
310,5,Ses01M_script01_3_F,neutral,"Because I was waiting for you, Chris.  Till then you never wrote me and then when you did, well, you sure can be ambiguous you know."
310,6,Ses01M_script01_3_M,neutral,"Oh Annie, why don't you go ahead and give me a kiss, come on just a..."
310,7,Ses01M_script01_3_M,neutral,I kissed you.  I kissed Annie.
311,0,Ses02M_impro03_F,neutral,Yeah.
311,1,Ses02M_impro03_M,neutral,"I - I think it was about time, I don't know, maybe. You know what, it's been it's been long enough now."
311,2,Ses02M_impro03_F,neutral,So what did you do?
311,3,Ses02M_impro03_M,happiness,"Oh, well, it was -- you know, we were at this- at this concert and yeah"
311,4,Ses02M_impro03_M,happiness,so I-I talked to some of the crew before hand and-
311,5,Ses02M_impro03_F,neutral,"Oh, You did not."
311,6,Ses02M_impro03_M,happiness,I-I did.
311,7,Ses02M_impro03_F,neutral,"Oh, my Gosh. that's so cute"
311,8,Ses02M_impro03_M,neutral,"So I got the band to do something, you know, like towards the end of the song I got to go up on stage and, uh"
312,0,Ses04M_impro05_M,neutral,"No, it's not going to be -- but it's not going to be fifty, it's going to be a hundred and fifty.  You're going to write three, you understand, three of- of the forms.  You're going to write three of them out and then give it to me."
312,1,Ses04M_impro05_F,frustration,"Yeah, we don't do that.  I can go ahead and send you--"
312,2,Ses04M_impro05_M,frustration,You- you- you- you're misunderstanding me.  You're going to do that.
312,3,Ses04M_impro05_F,frustration,"We will definitely keep an eye out for your bag. We will try to find it.  We will, you know, fill out the form for missing items."
312,4,Ses04M_impro05_M,frustration,"Look, can I just -- can I speak to your manager, please?  'Cause I- I really -- I don't, um -- I mean, I just don't want to deal with -- I know that -- I mean, I know this isn't your fault,"
312,5,Ses04M_impro05_F,frustration,No one can make the three check thing happen 'cause we don't do that.
312,6,Ses04M_impro05_F,frustration,I can write you the one check.
312,7,Ses04M_impro05_M,anger,but I need to speak to somebody who can make the three check thing happen.
312,8,Ses04M_impro05_F,frustration,All- all that my supervisor could do is the exact same thing that I'm offering to do.
313,0,Ses01F_script03_1_M,neutral,I don't care then.
313,1,Ses01F_script03_1_F,neutral,It had to happen sooner or later.
313,2,Ses01F_script03_1_M,neutral,"Hello?  Hello?  I'm sorry, what's that?"
313,3,Ses01F_script03_1_M,happiness,No.  Wrong number. [LAUGHTER]
313,4,Ses01F_script03_1_F,happiness,[LAUGHTER] That sent shivers up my spine.
313,5,Ses01F_script03_1_M,happiness,What shall we do if they suddenly walk in on us.[LAUGHTER]
313,6,Ses01F_script03_1_F,neutral,We'll behave exquisitely.
313,7,Ses01F_script03_1_M,happiness,With perfect poise.
313,8,Ses01F_script03_1_F,neutral,I think I shall do a curtsy.
314,0,Ses04F_impro03_M,neutral,"I'm invited, right."
314,1,Ses04F_impro03_F,neutral,You think. [LAUGHTER]
314,2,Ses04F_impro03_M,neutral,"I'll have to, uh, I'll have to get myself a new tux.  My, uh, the old one is a little worn and dirty.  That's awesome.  Where are you guys going to have it?"
314,3,Ses04F_impro03_F,neutral,"Well actually we were just talking about today and I don't really want to do like the traditional church thing, you know.  So we are going to get married in the meadow."
314,4,Ses04F_impro03_F,neutral,Do you remember up by Yosemite? Yeah.
314,5,Ses04F_impro03_M,neutral,"Well, that's- that's- that's beautiful. That's a beautiful place to do it."
314,6,Ses04F_impro03_F,neutral,We're going to get married in the middle of a meadow. [LAUGHTER]
314,7,Ses04F_impro03_F,happiness,"Everybody's going to come up. We're going to stay in all the pretty cabins up there and, um, everybody's going to have, you know, really flowery sort of naturey stuff."
314,8,Ses04F_impro03_F,neutral,So pretty.
314,9,Ses04F_impro03_M,neutral,That's great
314,10,Ses04F_impro03_M,neutral,I hope- they're not like
315,0,Ses05F_impro01_M,frustration,"I am a very compassionate person, and I'm offended that you imply that I'm not.  Of course, I'm compassionate.  Look, I work in the D.M.V..  What do you think I am?  Go wait in line two A."
315,1,Ses05F_impro01_M,frustration,Don't ask me to have somebody else come over here and move you myself.  I can't come back over there.  I'll get security if you need me to.
315,2,Ses05F_impro01_F,frustration,"Please, I don't think that's necessary.  I'm just asking, maybe you could call over and say that somebody miss informed her because I didn't pick to stand in this line.  I asked them where to stand, and they told me here."
315,3,Ses05F_impro01_M,frustration,"what, no, I'm sure they did not tell you here."
315,4,Ses05F_impro01_F,frustration,"No, they did.  The lady over there told me to stand in this line and I've been here for an hour."
315,5,Ses05F_impro01_M,frustration,"what The lady, what? the janitor?"
315,6,Ses05F_impro01_F,frustration,No.
315,7,Ses05F_impro01_M,neutral,"You asked the janitor what line to stand in?  Obviously, that's not going to be the right thing."
316,0,Ses04F_script02_1_F,frustration,That's my point.
316,1,Ses04F_script02_1_M,neutral,That's my point too.
316,2,Ses04F_script02_1_F,frustration,So let's go home.
316,3,Ses04F_script02_1_M,frustration,"No, no, no.  That's not my point.  My point is is that there's no point in coming down here if we just leave.  Don't you want to see it?"
316,4,Ses04F_script02_1_F,frustration,Not particularly.
316,5,Ses04F_script02_1_M,neutral,Why not?
316,6,Ses04F_script02_1_F,anger,I just don't.  It's stupid.
316,7,Ses04F_script02_1_M,frustration,Honey this is natural phenomenon.  I mean this only happens once a year.  This is a great opportunity.
317,0,Ses04F_impro03_M,neutral,Wow.  I just- I- I- I feel like I'm going to faint.
317,1,Ses04F_impro03_M,neutral,I'm so- all the blood
317,2,Ses04F_impro03_F,neutral,You don't look like you're going to faint.
317,3,Ses04F_impro03_M,neutral,"has just rushed to my head, and I, and I mean honestly."
317,4,Ses04F_impro03_M,neutral,I'm getting a little weak in the knees.
317,5,Ses04F_impro03_F,neutral,So- So when are you getting married Mr. Excited?
317,6,Ses04F_impro03_M,neutral,"You know that I've never-I- I have a long run of bad relationships but, you know, I mean, you got to work through it.  It's fine."
317,7,Ses04F_impro03_F,neutral,What about Kathy?  I mean you guys have been dating for a while.
317,8,Ses04F_impro03_M,neutral,"Yeah, but"
317,9,Ses04F_impro03_F,neutral,You haven't ruined it yet.
318,0,Ses03F_script03_1_M,neutral,Oh.
318,1,Ses03F_script03_1_F,neutral,[BREATHING]
318,2,Ses03F_script03_1_M,neutral,Good God.
318,3,Ses03F_script03_1_F,neutral,Do you think it's them?
318,4,Ses03F_script03_1_M,neutral,I wonder.
318,5,Ses03F_script03_1_F,neutral,"I mean, nobody knows we're here except for Freda and she wouldn't ring up."
318,6,Ses03F_script03_1_M,neutral,It must be them then.
318,7,Ses03F_script03_1_F,neutral,What are we to do?
318,8,Ses03F_script03_1_M,neutral,"We're all right, aren't we darling? Whatever happens."
319,0,Ses01F_impro06_F,neutral,It was hot.[LIPSMACK]
319,1,Ses01F_impro06_M,neutral,Is it a big cemetery?
319,2,Ses01F_impro06_F,neutral,Yeah.  It's huge.  Redlands is an old city so they have lots and lots of stones.
319,3,Ses01F_impro06_M,neutral,"Oh, so they're like really old too, really old ones?"
319,4,Ses01F_impro06_F,neutral,Yeah.
319,5,Ses01F_impro06_F,sadness,"It's weird.  Whenever I go back to town, I think of her.  I mean, it's like ... I mean we grew up together and she died when we were twenty one.  And yeah.  She had cancer, she had two brain tumors."
319,6,Ses01F_impro06_F,sadness,"My best friend Heather.  She's got a- we have a- we built this like little--  There's a park, Prospect Park.  And there is like a garden section of it that we set up for her."
319,7,Ses01F_impro06_F,sadness,She used to have these poetry parties on Memorial Day.
319,8,Ses01F_impro06_M,neutral,Mmhmm.
320,0,Ses02M_script01_1_M,frustration,No it's not only my business.
320,1,Ses02M_script01_1_F,frustration,What do you want me to do; you're old enough to know your own mind.
320,2,Ses02M_script01_1_M,frustration,So it's all right then I'll go ahead with it?
320,3,Ses02M_script01_1_F,neutral,"Well, you want to make sure that your father isn't-"
320,4,Ses02M_script01_1_M,anger,See it isn't just my business-
320,5,Ses02M_script01_1_F,frustration,I'm just saying
320,6,Ses02M_script01_1_M,neutral,Sometimes you infuriate me you know that. Isn't it your business to if I tell dad and he throws a fit about it? You have such a talent for ignoring things.
320,7,Ses02M_script01_1_F,neutral,I ignore what I got to ignore. The girl is Larry's girl.
320,8,Ses02M_script01_1_M,frustration,She's not Larry's girl.
321,0,Ses04M_script03_1_F,neutral,That was the first time you ever hit me.
321,1,Ses04M_script03_1_M,neutral,I didn't hit you very hard.
321,2,Ses04M_script03_1_F,neutral,"The manager came in and found is rolling about on the floor, biting and scratching like panthers.  Oh, dear."
321,3,Ses04M_script03_1_M,neutral,"Ah, I shall never forget his face."
321,4,Ses04M_script03_1_F,neutral,"How ridiculous. How utterly, utterly ridiculous."
321,5,Ses04M_script03_1_M,neutral,Yes.  We were very much younger then.
321,6,Ses04M_script03_1_F,neutral,And very much sillier.
321,7,Ses04M_script03_1_M,neutral,"As a matter of fact, the real cause of that row was Peter Burden."
322,0,Ses05M_impro01_F,frustration,"Sir, don't get an attitude with me."
322,1,Ses05M_impro01_M,anger,"I'm not getting a -- well, you wait in this line and not get an attitude."
322,2,Ses05M_impro01_F,neutral,"No, I understand and there are a lot of people here.  But what I'm telling you is that it's different for different states and since your getting a new license in the state of California -- You have to fill out a different form than you did."
322,3,Ses05M_impro01_M,neutral,yeah.
322,4,Ses05M_impro01_M,neutral,right.
322,5,Ses05M_impro01_M,frustration,"Well then, when I showed them my I.D. before and I said I had to get a new I.D, why didn't they tell me to fill out the right form?"
322,6,Ses05M_impro01_F,frustration,I don't know.  I don't know who told you.  It wasn't me.
322,7,Ses05M_impro01_M,frustration,"Well, it was this girl standing right next to you.  Can we ask her why she didn't let me fill out the right form?"
322,8,Ses05M_impro01_F,frustration,"You- You can ask her if you want, but she's busy and she probably won't answer you."
322,9,Ses05M_impro01_M,neutral,This is ridiculous.  I've been here for forty five minutes. Just standing in this one line. I took fifteen minutes to fill out that form.
323,0,Ses04M_impro06_M,sadness,Thanks.
323,1,Ses04M_impro06_F,sadness,--it doesn't really do anything.  But--
323,2,Ses04M_impro06_M,sadness,I just -- it's just not fair.
323,3,Ses04M_impro06_F,sadness,I know.  It never is.
323,4,Ses04M_impro06_F,sadness,"How's, um -- how's his parents doing?"
323,5,Ses04M_impro06_M,sadness,"I mean, they're, you know, they're upset.  It's like you know, they"
323,6,Ses04M_impro06_M,sadness,feel the same way everybody else does.
323,7,Ses04M_impro06_F,sadness,"I mean, what do you want to do?  Do you want to- do you want to talk about it?  Do you-"
324,0,Ses02F_impro07_F,neutral,"Because, I don't have to like make that decision anymore.  I don't have to try and decide, like, what the bad school I'm going to go to is. you know"
324,1,Ses02F_impro07_M,neutral,"Right.  Right.  Right. Oh, man, then you're going to have to do orientation, I guess."
324,2,Ses02F_impro07_F,neutral,"I know. I know.  I think you go and you like stay for a couple of days and you meet people and--And they'll give you like a tour--And show you everything.  Oh, man, I'm just so--I'm so excited."
324,3,Ses02F_impro07_M,happiness,That'll be awesome.
324,4,Ses02F_impro07_M,happiness,"I mean because you went to the campus before, right?"
324,5,Ses02F_impro07_F,neutral,"Yeah, oh totally.  It's a beautiful campus.  It's gonna be really nice.  Um, and everyone is friendly and like there's ivy on all the walls.  Oh, it's just so--it's so like collegiate."
324,6,Ses02F_impro07_F,neutral,"You know what I mean?  Like, it's like exactly what I want."
324,7,Ses02F_impro07_M,neutral,So what're you--what're you gonna do there?  Have you decided?  Thought about it?
325,0,Ses01F_script01_3_M,neutral,And he's gone forever?  Are you sure?
325,1,Ses01F_script01_3_F,neutral,I almost got married two years ago.
325,2,Ses01F_script01_3_M,neutral,Why didn't you?
325,3,Ses01F_script01_3_F,neutral,You started to write me.
325,4,Ses01F_script01_3_M,neutral,You felt something that far back?
325,5,Ses01F_script01_3_F,happiness,Every day since.
325,6,Ses01F_script01_3_M,happiness,Why didn't you let me know?
325,7,Ses01F_script01_3_F,neutral,"I was waiting for you, Chris.  You sure can be ambiguous, you know.  And when you did finally write me,"
326,0,Ses05F_script02_2_M,frustration,"We miss them twice, it's not ever."
326,1,Ses05F_script02_2_F,frustration,"Twice is every time we tried, that's ever."
326,2,Ses05F_script02_2_M,neutral,Well We will see them this year.
326,3,Ses05F_script02_2_F,frustration,"No, we won't.  Augie it's like waiting for Santa Claus to come.  I feel like I am going to spend my entire life standing on the beach with my eyes wide open and my hands clasp expectantly in front of me waiting for the fish to show up and the fish will not show up."
326,4,Ses05F_script02_2_M,frustration,I thought you wanted to see it.
326,5,Ses05F_script02_2_F,frustration,"I did, I do want to see it.  I always want to see it, Augie."
326,6,Ses05F_script02_2_M,frustration,"It's just fish, it's nothing to get traumatize over."
326,7,Ses05F_script02_2_F,frustration,"For heaven's sake, this is not about fish."
327,0,Ses02M_impro08_F,neutral,"Okay, it was um- at the [GARBAGE] sorry, it was at a department store, I think it was Macy's or something"
327,1,Ses02M_impro08_M,neutral,"Okay, Alright, yeah. I- I see it on here."
327,2,Ses02M_impro08_F,frustration,"and it was like something like eight hundred dollars. I don't remember. It was just a lot and I have thing in front of me right now, but-"
327,3,Ses02M_impro08_M,neutral,"All right. Well, you know that's, that's what we have all of our protection plans for and everything like that so I mean it's"
327,4,Ses02M_impro08_F,neutral,Okay. So is there something I can do to get rid of it?
327,5,Ses02M_impro08_M,neutral,it- it'll work out fine.
327,6,Ses02M_impro08_M,neutral,"Yes, we'll get- we'll get rid of it right now. I mean just we're going to have to have you, um, submit something you know, we're going to have to have you mail something in for us, okay."
327,7,Ses02M_impro08_M,neutral,"So- So you can um find that application. You have the Internet, you can go to our website."
327,8,Ses02M_impro08_F,neutral,"Oh I can get the form right now? Oh, that'll be so much better.  Okay."
328,0,Ses05F_impro04_M,neutral,"Well, exactly.  Money is not everything."
328,1,Ses05F_impro04_F,frustration,"Brian, I don't think you have a concept of what I mean by- by money.  I don't mean money like oh, I can't go get my hair and my nails done today, I mean like I can't eat."
328,2,Ses05F_impro04_M,frustration,You can.
328,3,Ses05F_impro04_F,neutral,"No, no, really, if I can't pay to live somewhere, I'm going to end up living in my car."
328,4,Ses05F_impro04_M,neutral,You know I would never let that happen.  I wouldn't let that happen.
328,5,Ses05F_impro04_F,frustration,I just-- I
328,6,Ses05F_impro04_M,neutral,"You can always stay with me if you- if you have to stay with me for a while and get yourself back up on your feet again.  You know I'm not just going to you know just throw you to the wolves or something like that.  If there's any way I can help you, I will."
328,7,Ses05F_impro04_F,neutral,"Well, thank you."
328,8,Ses05F_impro04_M,neutral,But you have to keep trying.  You can't give up.
329,0,Ses01F_script03_2_M,frustration,Oh.  Don't be so grand.  Just because you don't happen to want one at the moment.
329,1,Ses01F_script03_2_F,anger,Don't be stupid.
329,2,Ses01F_script03_2_M,anger,"Really, Amanda."
329,3,Ses01F_script03_2_F,anger,What?
329,4,Ses01F_script03_2_M,frustration,Nothing.
329,5,Ses01F_script03_2_M,neutral,"you going out somewhere, dear?"
329,6,Ses01F_script03_2_F,anger,No.  I am just making myself fascinating for you.
329,7,Ses01F_script03_2_M,neutral,That reply has broken my heart.
330,0,Ses05M_script01_2_F,neutral,Why did you invite her here?
330,1,Ses05M_script01_2_M,neutral,Why does that bother you?
330,2,Ses05M_script01_2_F,neutral,"She's been in New York three and a half years, why all of a sudden?"
330,3,Ses05M_script01_2_M,neutral,"Well, maybe maybe he just wanted to see her again."
330,4,Ses05M_script01_2_F,neutral,Nobody comes seven hundred miles just to see.
330,5,Ses05M_script01_2_M,frustration,"What are you talking about?  He grew up next to the girl his whole life, why wouldn't he want to see her again?  Don't look at me like that.  He hasn't told me anything he didn't told you."
330,6,Ses05M_script01_2_F,neutral,He's not going to marry her.
330,7,Ses05M_script01_2_M,neutral,Why do you think he's even thinking that?
330,8,Ses05M_script01_2_F,neutral,He's got that about it.
331,0,Ses05F_script01_1_F,neutral,Have you asked Annie yet to marry you?
331,1,Ses05F_script01_1_M,neutral,I want to get this settled first.
331,2,Ses05F_script01_1_F,neutral,"Well how did you know that she will go along with it, I mean maybe she feels the same way as your father?"
331,3,Ses05F_script01_1_M,neutral,"Well, if she does, then that's the end of it, but from her letters it sounds like she's forgotten about it.  I'll find out and then we'll thrash it out with Dad, all right?  Mom, don't avoid me."
331,4,Ses05F_script01_1_F,neutral,"The trouble is you don't see enough women, you never have"
331,5,Ses05F_script01_1_M,frustration,"So what, I'm not fast with women."
331,6,Ses05F_script01_1_F,neutral,Well I just don't see why it has to be Annie.
331,7,Ses05F_script01_1_M,frustration,Because it is.
332,0,Ses04F_script02_2_M,frustration,Why not?
332,1,Ses04F_script02_2_F,anger,We never do.  Do we have we ever?
332,2,Ses04F_script02_2_M,frustration,We've missed them twice that's not ever.
332,3,Ses04F_script02_2_F,anger,Twice is every time we've tried that's ever.
332,4,Ses04F_script02_2_M,frustration,We'll see them this year.
332,5,Ses04F_script02_2_F,neutral,"No, we won't.  It's pointless.  It's like waiting up to see Santa Clause."
332,6,Ses04F_script02_2_F,neutral,"God I feel as though my entire life is going to be spent standing on the beach with my eyes wide open and my hands clasped expectantly waiting for the fish to show up,"
332,7,Ses04F_script02_2_F,anger,and the fish won't show up.
332,8,Ses04F_script02_2_M,frustration,I thought you wanted to see it.
332,9,Ses04F_script02_2_F,frustration,You don't understand anything I'm saying.
333,0,Ses01F_script03_2_F,anger,Oh.  It's a woman's duty to allure the man.
333,1,Ses01F_script03_2_M,neutral,"Well as a matter of fact, yes, that's perfectly true."
333,2,Ses01F_script03_2_F,anger,No it isn't.
333,3,Ses01F_script03_2_M,neutral,Yes it is.
333,4,Ses01F_script03_2_F,anger,You shut up.
333,5,Ses01F_script03_2_M,anger,"Oh really.  It's a pity you didn't have any brandy, it would have made you a little less disagreeable."
333,6,Ses01F_script03_2_F,neutral,It's funny it hasn't worked such wonders for you.
333,7,Ses01F_script03_2_M,anger,"Snap, snap, snap.  You know you are like a little adder."
334,0,Ses05M_impro04_M,neutral,right.
334,1,Ses05M_impro04_M,frustration,"Yeah, yeah.  Well, hello.  That's what I'm doing too.  But I can't get the restaurant job.  I can't get -- -- the restaurant gig.  No one will give me anything."
334,2,Ses05M_impro04_F,neutral,Really?
334,3,Ses05M_impro04_M,frustration,"I go in for these interviews, and they're all cool and everything, you know.  Their nice and I'm nice to them, you know, give and take, back and forth, and whatever."
334,4,Ses05M_impro04_M,frustration,But they always go with somebody else.
334,5,Ses05M_impro04_F,neutral,"L.A. is really hard.  I mean, have you tried like just going into a bar a couple of times to make friends with people who work there? and"
334,6,Ses05M_impro04_M,frustration,"Yeah, absolutely.  Hello?  You know me.  I go to bars all the time.  Like, they all know me, you know.  But no one wants to hire me."
334,7,Ses05M_impro04_M,frustration,"but Maybe they don't want to hire me because they know me. I don't know, what's wrong with me, Is there something wrong with me?"
335,0,Ses02M_impro04_M,frustration,"maybe - maybe take up painting, I don't know, you know."
335,1,Ses02M_impro04_M,frustration,"Do something that I don't have to go out and do something, stay at home, I don't know."
335,2,Ses02M_impro04_M,frustration,Seems like the only option at this point because obviously the outer world has just rejected me of all possible employment.
335,3,Ses02M_impro04_F,neutral,"That's- I mean. There are more factors then just whether you're good or not, you know what I mean like"
335,4,Ses02M_impro04_F,neutral,"and the fact that you know there is always different types of things and what kind of people they want in the office and whether it's male or female or you know what I mean, like things are out of your control."
335,5,Ses02M_impro04_F,neutral,So you should take that in consideration rather than giving yourself such a hard time.
335,6,Ses02M_impro04_M,frustration,"I know, but I mean- if that's the - you know, I'm either like the worst at this or just the most unlucky person on the planet I mean this doesn't"
335,7,Ses02M_impro04_F,neutral,"It might be the latter I don't know because you're not the worst, I mean you're great, you very talented at what you do."
336,0,Ses05M_impro02_F,neutral,"I know.  I know.  I know I know. You're good You're good at what you do, but there's just so much chance involved."
336,1,Ses05M_impro02_M,sadness,No.  It doesn't.  And you can't think like that.
336,2,Ses05M_impro02_F,neutral,"I mean, I-I know that you're a good soldier, but not everybody else is. and what if"
336,3,Ses05M_impro02_M,sadness,I don't want you to -- I know.  I know. You can't worry about me.  You've got to worry about the kids.  And you've got to take care of the kids for me.  Okay?  Take care of the kids for me; all right?
336,4,Ses05M_impro02_M,neutral,"And you know my mom's here.  She'll come over and she'll be with you all the time, whenever you need her."
336,5,Ses05M_impro02_F,sadness,It's just so much.
336,6,Ses05M_impro02_M,sadness,"I'll miss you, baby."
336,7,Ses05M_impro02_F,sadness,[GARBAGE] You have to write me everyday.
337,0,Ses03M_impro04_F,neutral,What's going on man?  What's wrong?
337,1,Ses03M_impro04_M,sadness,I'm just so tired all the time.
337,2,Ses03M_impro04_F,neutral,"Well have you been trying to get a job, look for a job or...?"
337,3,Ses03M_impro04_M,frustration,I've been looking for like eight months.
337,4,Ses03M_impro04_F,frustration,I know.  It- It's really tough out there.  It's really hard to find a job.
337,5,Ses03M_impro04_M,frustration,"I'm tired of the same excuses.  No, no you're not qualified enough, wish you had more education."
337,6,Ses03M_impro04_F,neutral,Well what are you looking for?  I mean--
337,7,Ses03M_impro04_M,neutral,Last time someone told me I was too qualified.
337,8,Ses03M_impro04_F,neutral,"Well, okay. Well that's--"
338,0,Ses04F_impro04_M,neutral,I don't know it's like I'm trying to be-
338,1,Ses04F_impro04_F,anger,I thought I was pretty clear about what the problem was.
338,2,Ses04F_impro04_M,neutral,I'm trying to be helpful.
338,3,Ses04F_impro04_M,neutral,"I'm trying to be helpful and you're just, like, coming at me with, like, attacks."
338,4,Ses04F_impro04_F,frustration,Well maybe you could be a little helpful.  I mean obviously you don't have any problems so would it really take so much time out of your day to just go ahead and help somebody else.
338,5,Ses04F_impro04_M,neutral,I'm trying to watch TV.
338,6,Ses04F_impro04_M,neutral,I'm trying to watch TV. TV.
338,7,Ses04F_impro04_F,frustration,That's important.  That's really important.
339,0,Ses04F_impro06_M,sadness,"you know, it's inevitable  and I mean honestly it's- it's almost like"
339,1,Ses04F_impro06_M,neutral,"you know, you don't- you know, how long do you want the person to go through that, you know."
339,2,Ses04F_impro06_M,neutral,It's sort of- it's almost better off to rest in peace than he is to live in pain.
339,3,Ses04F_impro06_F,sadness,"Yeah, I know. But I'd rather have him here with me, you know. It's just not fair.  I mean he- he didn't get to do like anything. I mean he was-"
339,4,Ses04F_impro06_F,sadness,"He was only twenty four and just so many things that we were going to do, you know, and now he won't get to do them and he won't get to be here when I do.  You know, like I'll get married some day and he won't be there, like, he won't get to see that."
339,5,Ses04F_impro06_M,sadness,Yeah.
339,6,Ses04F_impro06_F,sadness,It just doesn't seem fair.
339,7,Ses04F_impro06_M,sadness,"It's not fair but I mean that's, you know, the course of life is that, you know, you meet people and you lose them."
339,8,Ses04F_impro06_M,sadness,You're okay
340,0,Ses02F_impro01_M,frustration,"No, it's--"
340,1,Ses02F_impro01_F,frustration,And I can tell you where I was born and what time and by who and what day.
340,2,Ses02F_impro01_M,frustration,"Okay.  But how do I--that's- that's not proof to me.  How do I know that, you know, that it's really you.  I need--"
340,3,Ses02F_impro01_F,frustration,I can't go--I have to go back to work.  I don't have time to go back to my house and get all of that stuff and then get back in line and wait for another forty five minutes.
340,4,Ses02F_impro01_M,frustration,"Well, the weekends are not as busy.  Maybe you can uh, come and try to get here early--"
340,5,Ses02F_impro01_F,frustration,"Um, I have kids.  I have to take them places on the weekends.  I don't have time to come back here.  Please.  I really need you to help me."
340,6,Ses02F_impro01_M,frustration,I can't.  There's nothing I can do.  I'm sorry.
340,7,Ses02F_impro01_F,frustration,Well.  [BREATHING] I just--I just don't.  I-I'm sorry that I'm standing here-- But I can't leave. I-
341,0,Ses01M_impro03_M,neutral,The craziest thing just happened to me.
341,1,Ses01M_impro03_F,neutral,What?
341,2,Ses01M_impro03_M,neutral,This girl; she just offered me fifty thousand dollars to marry her.
341,3,Ses01M_impro03_F,neutral,[BREATHING]
341,4,Ses01M_impro03_M,neutral,Yeah.
341,5,Ses01M_impro03_F,neutral,Why?
341,6,Ses01M_impro03_M,neutral,"Well, she's not a citizen so she wants to get a visa."
341,7,Ses01M_impro03_F,neutral,Is she on the run?
341,8,Ses01M_impro03_M,neutral,"No, no, no, no, no, no she just... she's not a citizen but she wants her visa, yeah. She's going to pay me fifty thousand dollars to marry her and stay married to her for two years."
342,0,Ses01M_script01_1_M,neutral,I'm going to ask her to marry me.
342,1,Ses01M_script01_1_F,frustration,"Well, that's only your business, Chris."
342,2,Ses01M_script01_1_M,frustration,You know it's not just my business.
342,3,Ses01M_script01_1_F,anger,"Well, what do you want me to do?  You're old enough known your own business."
342,4,Ses01M_script01_1_M,frustration,So it's okay then?  I'm just going to go ahead with it?
342,5,Ses01M_script01_1_F,neutral,You want to make sure that your father's not going to...
342,6,Ses01M_script01_1_M,anger,"See.  Then it's not just my business. Sometimes you infuriate me, you know that?  You know it's just your business too if I tell father and he throws a fit about it, huh?"
342,7,Ses01M_script01_1_F,frustration,I'm just saying.
342,8,Ses01M_script01_1_F,anger,I'm sorry.  I ignore what I've got to ignore. That girl is Larry's girl.
343,0,Ses02M_impro08_M,neutral,"pretend like your on a rotary phone, goes straight through to a person."
343,1,Ses02M_impro08_F,frustration,"Okay. Oh, that would just make it so much better, 'cause I cannot handle it's just like oh, my God I can't sit here any longer and talk to this lady with this pleasant voice."
343,2,Ses02M_impro08_M,neutral,I know they don't tell you that kind of thing.
343,3,Ses02M_impro08_F,neutral,"Sorry. Okay. Um-, yes"
343,4,Ses02M_impro08_M,neutral,Alright. Well you got me now.
343,5,Ses02M_impro08_F,neutral,"Thank you very much. Um  So I have a charge on my credit card that, um, isn't mine."
343,6,Ses02M_impro08_F,neutral,"Uh, I don't know where it came from and it's actually quite large, and I don't have the money for it so"
343,7,Ses02M_impro08_F,frustration,it really freaks me out when I got my bill because it was like I don't -- I didn't spend this. This is not my charge.
343,8,Ses02M_impro08_M,neutral,"Yea. All right. Well, let me-let me look it up here for a second. Uh, so i think"
344,0,Ses04M_script03_1_M,anger,Horrible thing.  I hated it.
344,1,Ses04M_script03_1_F,neutral,I know you did.  You threw it out of the window into the Grand Canal.  I don't think I'll ever forgive you for that.
344,2,Ses04M_script03_1_M,neutral,How long did that row last?
344,3,Ses04M_script03_1_F,neutral,It went on intermittently for days.
344,4,Ses04M_script03_1_M,neutral,The worst one was in Cannes when your curling irons burnt holes in my dressing gown.
344,5,Ses04M_script03_1_F,neutral,"It burnt my comb, too, and all the towels in the bathroom."
344,6,Ses04M_script03_1_M,neutral,Line?
344,7,Ses04M_script03_1_M,neutral,How -- that was a rouser wasn't it?
345,0,Ses05M_script01_3_M,sadness,It's so mixed up with so many other things.
345,1,Ses05M_script01_3_M,neutral,"You remember when I was overseas, I was in command of a company?"
345,2,Ses05M_script01_3_F,neutral,"Yeah, sure."
345,3,Ses05M_script01_3_M,sadness,I lost them.
345,4,Ses05M_script01_3_F,sadness,How many?
345,5,Ses05M_script01_3_M,sadness,Just about all.
345,6,Ses05M_script01_3_M,sadness,"It- It takes time to toss something like that off,I mean, because they weren't just men."
345,7,Ses05M_script01_3_M,neutral,"For instance, there was this time, and it had been raining for several days, and this kid came up to me and he gave me his last pair of dry socks, just put them in my pocket."
345,8,Ses05M_script01_3_M,sadness,I know it's it's just a little thing but that's just the kind of guys I had.  They didn't die.  They killed themselves for each other.
346,0,Ses05M_script03_1_F,neutral,What's so horrible is that one can't stay happy.
346,1,Ses05M_script03_1_M,neutral,"Uhh, You mustn't say that, my darling."
346,2,Ses05M_script03_1_F,neutral,"Well, it's true.  The whole business is a very poor joke."
346,3,Ses05M_script03_1_M,neutral,"Being that sacred and wonderful thing, love."
346,4,Ses05M_script03_1_F,neutral,Meaning just that.
346,5,Ses05M_script03_1_M,neutral,"Um What does it all mean?  That's what I ask myself in my endless quest for ultimate truth.  Dear God, what does it all mean?"
346,6,Ses05M_script03_1_F,neutral,Don't laugh at me.  I'm serious.
346,7,Ses05M_script03_1_M,neutral,"You mustn't be serious, darling.  That's just what they want."
346,8,Ses05M_script03_1_F,neutral,Who's they?
347,0,Ses05F_script01_2_M,frustration,Calm yourself!
347,1,Ses05F_script01_2_F,anger,"Only last week, another boy turned up in Detroit, been missing longer than Larry, you read it yourself."
347,2,Ses05F_script01_2_M,frustration,"All right, all right.  Calm yourself."
347,3,Ses05F_script01_2_F,neutral,"You above all, have got to believe, Joe."
347,4,Ses05F_script01_2_M,neutral,"Why me, above all?"
347,5,Ses05F_script01_2_F,sadness,You've got to believe. You've got to--
347,6,Ses05F_script01_2_M,anger,What do you mean me above all?  Look at you.  You're shaking!
347,7,Ses05F_script01_2_F,anger,I can't help it!
347,8,Ses05F_script01_2_M,anger,"What have I got to hide?  What the hell is the matter with you, Kate?"
348,0,Ses05F_script01_1_M,neutral,Then help me stay here.
348,1,Ses05F_script01_1_F,anger,"All right!  But don't think like that, because I mean, what the hell did we do all this for, Chris?  The whole business it's all for you!  The whole shooting match is for you!"
348,2,Ses05F_script01_1_M,neutral,I know that Mom. I know.  Just you help me stay here.
348,3,Ses05F_script01_1_F,neutral,"All right, but don't think like that."
348,4,Ses05F_script01_1_M,neutral,I am thinking like that.
348,5,Ses05F_script01_1_F,frustration,"I don't understand you, do I?"
348,6,Ses05F_script01_1_M,neutral,No.  You don't.  I'm a pretty tough guy.
348,7,Ses05F_script01_1_F,neutral,"Yeah, I can see that."
349,0,Ses03F_script01_1_M,neutral,I could hear it right through the floor.
349,1,Ses03F_script01_1_F,neutral,What was he doing out there at that time? He was dreaming about him again. He's walking around at night again.
349,2,Ses03F_script01_1_M,neutral,I guess he is.
349,3,Ses03F_script01_1_F,neutral,"Could he-he's acting just like he did after he died, you know?"
349,4,Ses03F_script01_1_F,neutral,What's the meaning in that?
349,5,Ses03F_script01_1_M,neutral,I don't know.
349,6,Ses03F_script01_1_M,neutral,"But I know one thing, mom. We've made a terrible mistake with dad."
349,7,Ses03F_script01_1_F,neutral,"Well, what do you mean? What?"
349,8,Ses03F_script01_1_M,neutral,Being dishonest with him. That kind of thing always pays off and now it's paying off.
349,9,Ses03F_script01_1_F,neutral,"What do you mean, dishonest?"
349,10,Ses03F_script01_1_M,neutral,You know Larry's not coming back and I know that too. Why do we go on letting him think that we believe with him?
350,0,Ses03F_impro05_F,anger,"Wait, sir. You're- You're completely not--what do you mean, stole it? How can they just steal it from an airplane? It was up in the air?"
350,1,Ses03F_impro05_M,frustration,"No, I mean, maybe in the little--going around thingy thing where bopper stole it from there."
350,2,Ses03F_impro05_F,frustration,Okay. All I know is that I am supposed to have my language here right now. Right now. And it's not there. And you're supposed to help me because you work at the airport. So give me my luggage or tell me where the hell it is.
350,3,Ses03F_impro05_M,frustration,Okay. What can we do is we can get your name and information and if it shows up we can send it to you so-- Wherever you stay
350,4,Ses03F_impro05_F,anger,"What do you mean, if it shows up? No, I need it now. I have my keys, I have my wallet, I have my money. I have thousands and thousands of dollars worth of stuff in there."
350,5,Ses03F_impro05_F,anger,Not to mention I have my work in there.
350,6,Ses03F_impro05_M,frustration,"Well, I'll have you fill out some paperwork and see if you can get started on something."
350,7,Ses03F_impro05_F,anger,"And what if- what if it is lost? Well, what are you guys going to do for me?"
350,8,Ses03F_impro05_M,neutral,"You know, we'll file a complaint and we could possibly, you know, replace some of the things. I think-"
351,0,Ses04M_script01_1_M,frustration,I've been a good son too long; a good sucker.  I'm through with it.
351,1,Ses04M_script01_1_F,anger,You've got a business here.  What the hell is this?
351,2,Ses04M_script01_1_M,anger,The business?  The business doesn't inspire me.
351,3,Ses04M_script01_1_F,anger,Must you be inspired?
351,4,Ses04M_script01_1_M,anger,"Yes.  I like getting an hour a day.  If I have to grub for money all day long, at least at evening, I want it beautiful."
351,5,Ses04M_script01_1_M,neutral,I want a family.  I want some kids.  I want to build something I can give myself to.  Annie's in the middle of that.  Now where do I find it?
351,6,Ses04M_script01_1_F,neutral,You mean -- tell me something.  You mean you'd really leave the business?
351,7,Ses04M_script01_1_M,neutral,"Yes, on this I would."
351,8,Ses04M_script01_1_F,anger,You don't want to think like that.
352,0,Ses03M_script01_3_F,sadness,And you still feel that way?
352,1,Ses03M_script01_3_M,neutral,I want you now Annie.
352,2,Ses03M_script01_3_F,neutral,Cause you must not feel that way again.  You hear me?  You can't.  You deserve everything you have Chris.
352,3,Ses03M_script01_3_F,sadness,"that includes me too, I mean and the money, you have right to that money.  Your father put planes up in the air, good planes and he deserves it, you should be proud of that.  A man should be paid for that."
352,4,Ses03M_script01_3_M,neutral,[GARBAGE] Annie
352,5,Ses03M_script01_3_M,happiness,Annie I'm going to make a fortune for you.
352,6,Ses03M_script01_3_F,happiness,What am I going to do with a fortune?
352,7,Ses03M_script01_3_M,happiness,Buy some hats?
353,0,Ses04M_impro02_M,frustration,We don't have a choice.  I have to do this.
353,1,Ses04M_impro02_F,frustration,Just tell them no.
353,2,Ses04M_impro02_M,frustration,"I can't do it.  I'd love to.  I mean, I don't - if you understand, I don't want to stay."
353,3,Ses04M_impro02_M,frustration,"I mean, I don't want to -- I don't want to leave.  I want to stay here with you."
353,4,Ses04M_impro02_F,frustration,"Then, can't you please try something?  If you go and ask them and they say no, then I would understand, but you're not even willing to ask."
353,5,Ses04M_impro02_F,frustration,Can't you just make an effort?  Can't you just try?
353,6,Ses04M_impro02_M,frustration,I've asked already.  I can't go back.
353,7,Ses04M_impro02_M,frustration,"It can't happen.  I have to go.  I want to stay really bad, but I can't.  There's just no -- I don't have an option."
354,0,Ses04F_impro07_F,neutral,"Well no.  I mean I have some scholarships and some financial aid and stuff but I'll have to, you know, I'll get a job"
354,1,Ses04F_impro07_F,neutral,while I'm in school.  It'll be good.
354,2,Ses04F_impro07_M,neutral,Sweet.
354,3,Ses04F_impro07_F,neutral,Yeah.  It will work out.  Maybe I could work at Red Lobster.
354,4,Ses04F_impro07_M,neutral,"Well, it's not far."
354,5,Ses04F_impro07_F,neutral,I know.  Right down the street.
354,6,Ses04F_impro07_M,neutral,"That's right.  There's lots of like, there's lots of doughnut shops, like, everywhere."
354,7,Ses04F_impro07_F,neutral,"Right, there's always that option. The doughnut thing."
354,8,Ses04F_impro07_M,neutral,I mean There's pretty much doughnut shops everywhere in LA.
354,9,Ses04F_impro07_F,neutral,Right
354,10,Ses04F_impro07_M,neutral,"But, um-"
354,11,Ses04F_impro07_F,neutral,and like most places really.
354,12,Ses04F_impro07_M,neutral,"I mean, like, I don't know.  I'm just saying if you need to make some extra cash.  You can, you know"
354,13,Ses04F_impro07_F,neutral,Work at a doughnut shop.
354,14,Ses04F_impro07_M,neutral,Or library.
354,15,Ses04F_impro07_F,neutral,"Maybe on campus, I hear they have jobs on campus."
354,16,Ses04F_impro07_M,neutral,I just said the library
355,0,Ses03M_script02_2_M,neutral,It's not champagne.
355,1,Ses03M_script02_2_F,neutral,Well at least we won't need glasses.
355,2,Ses03M_script02_2_M,neutral,Are you still cold?  Do you want to go home?
355,3,Ses03M_script02_2_F,happiness,No I'm beginning to think you might be right.
355,4,Ses03M_script02_2_F,happiness,I think this may be the place for us after all.
355,5,Ses03M_script02_2_F,happiness,I am sorry Augie.
355,6,Ses03M_script02_2_M,happiness,Shh.  If we're very quiet the fish might come.
355,7,Ses03M_script02_2_F,happiness,Or not.
355,8,Ses03M_script02_2_M,happiness,Or not.
356,0,Ses03M_impro03_F,neutral,Are you serious [GARBAGE] man?
356,1,Ses03M_impro03_M,neutral,Get the big pizza--and I put it in the pizza and she ate so [GARBAGE]
356,2,Ses03M_impro03_F,neutral,Oh like that one movie.  What's that one movie I just saw? No.  Where she like swallows the...
356,3,Ses03M_impro03_M,neutral,American Pie? Ah.
356,4,Ses03M_impro03_F,neutral,"oh, I don't remember.  Everybody Says I Love You with Drew Barrymore...no you haven't seen it?  Okay."
356,5,Ses03M_impro03_M,neutral,"Yeah.  It sounds like a chick flick. Anyways so, she gets the ring and she goes,"
356,6,Ses03M_impro03_F,neutral,Yeah.  Well...
356,7,Ses03M_impro03_M,neutral,"Barry what's this?  And I go, I don't know.  She goes--"
356,8,Ses03M_impro03_F,neutral,She calls you Barry?
357,0,Ses03M_impro08b_M,neutral,"Okay.  They can figure out pink for you.  So go in there and just tell them that and they'll hook you up with other goodies, stuff like that free service, no contract, no nothing.  Just for being a good customer"
357,1,Ses03M_impro08b_M,neutral,and battling through with us.
357,2,Ses03M_impro08b_F,neutral,"Alright. Well-  I guess - I guess that's okay but,"
357,3,Ses03M_impro08b_F,neutral,you better promise me.
357,4,Ses03M_impro08b_M,neutral,Yes.  You just tell them Brent Backersen sent you.
357,5,Ses03M_impro08b_F,neutral,Okay.
357,6,Ses03M_impro08b_M,neutral,Alright?  Great.  Have a nice evening.
357,7,Ses03M_impro08b_F,neutral,Alright Thanks.
358,0,Ses04F_script01_1_M,frustration,She's not Larry's girl.
358,1,Ses04F_script01_1_F,anger,"From father's point of view, he's not dead and you have no right to take his girl."
358,2,Ses04F_script01_1_F,anger,"Now you can go on from there and you know where to go, but I'm telling you I don't know where to go.  See I don't know.  Now what can I do for you?"
358,3,Ses04F_script01_1_M,frustration,"I don't know why it is but every time I reach out for something I want, I have to pull back because other people will suffer. My whole bloody life time after time after time."
358,4,Ses04F_script01_1_F,neutral,You're a considerate fellow.  There's nothing wrong in that.
358,5,Ses04F_script01_1_M,anger,To hell with that.
358,6,Ses04F_script01_1_F,neutral,Did you ask Annie yet?
358,7,Ses04F_script01_1_M,sadness,I wanted to get this settled first.
358,8,Ses04F_script01_1_F,frustration,How do you know she'll marry you?  Maybe she feels the same way father does.
359,0,Ses02M_script03_1_M,neutral,"Let's be superficial and pity the poor philosophers, let's blow our trumpets and squeakers and enjoy the party as much as we can. Like quite idiotic, very small, school children. Let's savor the delight of the moment."
359,1,Ses02M_script03_1_M,neutral,Come kiss me darling before your body rots and worms pop in and out of your eye sockets.
359,2,Ses02M_script03_1_F,neutral,"Elliot, worms don't pop."
359,3,Ses02M_script03_1_M,neutral,"I don't care what you do see. You can paint yourself green and dance naked in the Place Vendome, and rush off madly with all the men in the world and I shan't say a word, as long as you love me best."
359,4,Ses02M_script03_1_F,neutral,"Thank you dear, the same applies you, except that if I catch you so much as looking at another woman, I'll kill you."
359,5,Ses02M_script03_1_M,happiness,You remember that awful scene we had in Venice?
359,6,Ses02M_script03_1_F,happiness,Which particular one?
359,7,Ses02M_script03_1_M,neutral,"The one when you bought that little, painted, wooden snake in the Piazza and put it on my bed."
360,0,Ses02M_script03_1_F,neutral,That was the first time you ever hit me.
360,1,Ses02M_script03_1_M,neutral,I didn't hit you very hard.
360,2,Ses02M_script03_1_F,happiness,The manager came in and found us rolling around on the floor biting and scratching like panthers.
360,3,Ses02M_script03_1_M,happiness,I'll never forget his face.
360,4,Ses02M_script03_1_F,happiness,"Oh it was ridiculous, completely ridiculous."
360,5,Ses02M_script03_1_M,neutral,We were very much younger then.
360,6,Ses02M_script03_1_F,happiness,And very much sillier.
360,7,Ses02M_script03_1_M,neutral,As a matter of fact the real cause of that row was Peter Burden.
361,0,Ses04M_script02_1_F,frustration,I'm just not.
361,1,Ses04M_script02_1_M,neutral,For real?
361,2,Ses04M_script02_1_F,anger,Yes.
361,3,Ses04M_script02_1_M,neutral,"I don't get it.  First time we came here to see it, you said it was the best night of your life.  And last year, I remember distinctly you were so excited to get here, you stubbed your toe rushing me out the door and didn't even notice until we were in the car."
361,4,Ses04M_script02_1_F,anger,"Last year, you will also remember, our shoes got wet.  I got sand in my panties.  We got into a big fight over nothing.  You got a sore throat and we did not see the grunions."
361,5,Ses04M_script02_1_M,neutral,We weren't in a good spot.
361,6,Ses04M_script02_1_F,frustration,We didn't see them the first time either.
361,7,Ses04M_script02_1_M,neutral,We just weren't in a good spot.  This is a much better spot.  I've got good instincts for these things.  Look there.  What's that?  Is that -
362,0,Ses02F_impro07_M,neutral,"So, how's it going?"
362,1,Ses02F_impro07_F,neutral,"It's going really well.  Um, I received something in the mail today."
362,2,Ses02F_impro07_M,neutral,"Oh, you got what?  Where?"
362,3,Ses02F_impro07_F,neutral,I got into U.S.C.
362,4,Ses02F_impro07_M,neutral,"Oh, no way."
362,5,Ses02F_impro07_F,neutral,"Yeah, I'm so excited.  So I'm gonna say--"
362,6,Ses02F_impro07_M,neutral,Are you gonna go? you gonna-
362,7,Ses02F_impro07_F,neutral,"Yeah, I think, I mean because where else would I gonna go?  Like the other places that I applied to I really didn't like that much anyway."
362,8,Ses02F_impro07_F,neutral,So--
363,0,Ses05F_impro04_F,sadness,I'm just worried.
363,1,Ses05F_impro04_M,neutral,"Of course, you're worried.  We're all worried.  I'm worried for you.  Everyone's always worried.  You know, I don't-maybe I have a job and yeah, it's a good job whatever and I'm happy, but it doesn't mean I'm going to have it tomorrow or the next day.  You never know what's going to happen.  Something crazy could happen tomorrow.	Something crazy can happen for you tomorrow and you'll get a job.  You never know.  You can walk up to somebody on the street and it'll be something great.  You've just got to be positive.  You're so negative all the time."
363,2,Ses05F_impro04_F,frustration,It's three years.
363,3,Ses05F_impro04_M,frustration,"I understand, but you know what, you've been negative for three years."
363,4,Ses05F_impro04_F,neutral,Is that honestly what you think?
363,5,Ses05F_impro04_M,neutral,"It's the way it seems to me.  You started complaining about not being able to find a job the first day you went out and didn't find a job.  And I'm not saying like and not trying to you know put you down or anything, it's just that-"
363,6,Ses05F_impro04_F,sadness,That's really hard to hear.
363,7,Ses05F_impro04_M,frustration,"But it's true, babe.  You've got to be more positive about things.  Like- Have some faith in yourself."
363,8,Ses05F_impro04_F,sadness,I feel like I have faith and now faith is running thin because there is no money.
364,0,Ses01F_script02_1_M,neutral,They are swimming right now.  They are swimming as if that is the only thing that matters to them.
364,1,Ses01F_script02_1_M,neutral,It's single mindedness with no mind.  It is urgency that is just pure urge.
364,2,Ses01F_script02_1_M,neutral,And they are swimming right now to this very point where we stand for this huge celebration of sex and death.
364,3,Ses01F_script02_1_M,neutral,"Oh look.  I'm giving myself goose bumps, my hairs are standing up on my arm."
364,4,Ses01F_script02_1_F,neutral,That's the wind.
364,5,Ses01F_script02_1_M,happiness,So what do you think?
364,6,Ses01F_script02_1_F,neutral,About what?
364,7,Ses01F_script02_1_M,happiness,"About all of that, about all I was talking about."
365,0,Ses03M_script02_1_F,neutral,It's not your flashlight.
365,1,Ses03M_script02_1_M,neutral,"Well, whose is it?"
365,2,Ses03M_script02_1_F,neutral,It's ours.  Mine too.
365,3,Ses03M_script02_1_M,neutral,"Well, sure."
365,4,Ses03M_script02_1_F,neutral,"Well, you keep saying it's my flashlight like it's only your flashlight.  I mean, how do you think that makes me feel?"
365,5,Ses03M_script02_1_M,neutral,"No.  Of course, our flashlight.  Yours and mine.  Me flashlight is su flashlight, naturally."
365,6,Ses03M_script02_1_M,neutral,How could we have not thought to bring it?  I hope the moon stays out.
365,7,Ses03M_script02_1_M,neutral,Was it a full moon last year when they were running?  I can't remember.  Do you remember?
365,8,Ses03M_script02_1_F,neutral,Yes.
366,0,Ses05F_impro02_F,neutral,"baby, I need you to sit down."
366,1,Ses05F_impro02_M,neutral,What is it?
366,2,Ses05F_impro02_F,sadness,um.
366,3,Ses05F_impro02_M,neutral,You can say it.
366,4,Ses05F_impro02_F,sadness,I'm sorry.  It's just a lot ahh to explain. ahh I got a call--
366,5,Ses05F_impro02_M,neutral,Are you all right?
366,6,Ses05F_impro02_F,neutral,"Yeah, um everything's fine so far. um"
366,7,Ses05F_impro02_F,sadness,"I got a call today,"
366,8,Ses05F_impro02_F,neutral,And um--
367,0,Ses04M_script03_2_M,anger,You better turn that off I think.
367,1,Ses04M_script03_2_F,anger,Why?
367,2,Ses04M_script03_2_M,neutral,It's late and the people upstairs will get annoyed.
367,3,Ses04M_script03_2_F,anger,There aren't any people upstairs.  It's a photographer's studio.
367,4,Ses04M_script03_2_M,anger,"There are people downstairs, I suppose"
367,5,Ses04M_script03_2_F,neutral,They're away in Tunis.
367,6,Ses04M_script03_2_M,neutral,This is no time of year for Tunis.
367,7,Ses04M_script03_2_F,anger,"Turn it on again, please."
367,8,Ses04M_script03_2_M,neutral,I will do no such thing.
367,9,Ses04M_script03_2_F,anger,"Very well, if you insist on being boorish and idiotic."
367,10,Ses04M_script03_2_M,anger,Turn it off.  It's driving me mad.
368,0,Ses05M_impro08_F,neutral,Wow.  That would be amazing.  Really?
368,1,Ses05M_impro08_M,neutral,"Of course.  we seriously- Yeah, I mean, obviously you've worked- you know -- I don't want to hassle you anymore."
368,2,Ses05M_impro08_F,happiness,"Oh, my God.  I can't even tell you how much of a relief that is.  I literally call and talk to five different people.  Like last week it went off and I spent an hour and a half on the phone with different people.  And I've been doing that like every, every other week for months now."
368,3,Ses05M_impro08_M,neutral,I completely understand.
368,4,Ses05M_impro08_F,frustration,It's so frustrating.
368,5,Ses05M_impro08_M,neutral,Absolutely. And I just don't want that to happen to you anymore.
368,6,Ses05M_impro08_F,neutral,Thank you so much.
368,7,Ses05M_impro08_M,neutral,Absolutely.  It's a new service we are offering.
369,0,Ses05F_impro08_F,neutral,"Hi, sir.  How can I help you?"
369,1,Ses05F_impro08_M,frustration,"Oh, thank God.  Do you know how long I've been on the phone for half an hour trying to talk to a freaking human being."
369,2,Ses05F_impro08_M,frustration,"All I want to do is put my, pay for my freaking credit card, and there's something wrong in my bill, Like I swear, it says I didn't paid last month, but I know I paid last month."
369,3,Ses05F_impro08_F,neutral,Okay.
369,4,Ses05F_impro08_M,frustration,"I put- I've been typing my number in millions of times, it won't listen to me, it's not working, and I can't get a single human being, and finally-"
369,5,Ses05F_impro08_M,neutral,"you are a real human being.  Thank you very, very much."
369,6,Ses05F_impro08_F,neutral,"[LAUGHTER] All right.  I'm sorry, sir that you've been having a hard time."
369,7,Ses05F_impro08_M,anger,"This is ridiculous.  I- I seriously, I don't understand why you think these automated systems are supposed to like work for anybody.  They have never, ever work for me."
369,8,Ses05F_impro08_F,neutral,"I kwon, it is ridiculous"
370,0,Ses05M_impro01_F,frustration,There is nothing I can do about it.  You need to take this other form and fill it out and go stand in the other line.
370,1,Ses05M_impro01_M,frustration,"Come on!  You know -- you can't just take -- make a little exception to the rule?  I know that you guys make exceptions.  I see -- you know, if I was-if I was your friend and you knew me, or something like that, you'd probably make a little exception for me wouldn't you?"
370,2,Ses05M_impro01_F,frustration,"They're different forms, we process them all different-"
370,3,Ses05M_impro01_M,anger,"Wouldn't you? Oh, come on.  you just tell me.  You would make an exception for me."
370,4,Ses05M_impro01_F,frustration,I -- there's no way I'd make an exception.
370,5,Ses05M_impro01_F,frustration,"Sir, don't patronize me.  I can't make an exception.  I don't- I don't have the power to do that.  It's a different form."
370,6,Ses05M_impro01_M,frustration,Shh...I know you've got the power to do that.
370,7,Ses05M_impro01_F,frustration,They're processed differently.
370,8,Ses05M_impro01_M,frustration,That's crap- You're crap.  I don't buy it.
371,0,Ses03M_impro04_M,neutral,I don't know.
371,1,Ses03M_impro04_F,neutral,"My, what I would do was just, you know, what about can you call Harvard and see...don't they have connections?  Don't they have like career center and you can find some stuff that's going on?"
371,2,Ses03M_impro04_M,frustration,Yeah.  I--they said Brian you're too smart.  You don't need us.
371,3,Ses03M_impro04_M,frustration,Go out and take over the world by yourself and I'm like what?
371,4,Ses03M_impro04_F,frustration,Well obviously it's not working.  Just cause you got sixteen hundred on your S.A.T. doesn't guarantee you a job.  I mean it should really but--
371,5,Ses03M_impro04_M,frustration,"I don't know.  I don't know.  I know I'm just going to have to keep on looking, keep on searching-"
371,6,Ses03M_impro04_M,frustration,"and I'm never going to find anything probably but I'll just keep working hard at it-- Yeah. Okay.  Positive, I'm going to do good, find that job."
371,7,Ses03M_impro04_F,neutral,You got to be positive man.  You got to try to just--
372,0,Ses05M_script01_1_F,neutral,"Well, you're a considerate fella, there's nothing wrong in that"
372,1,Ses05M_script01_1_M,anger,To hell with that!
372,2,Ses05M_script01_1_F,neutral,Have you asked Annie yet?
372,3,Ses05M_script01_1_M,neutral,I wanted to get this taken care of first.
372,4,Ses05M_script01_1_F,neutral,"Well, what if she feels like your father?  And how do you know she will marry you?"
372,5,Ses05M_script01_1_M,neutral,"Well, if that's the case, then that's the end of it.  But from her letters it sounds like she has forgotten him.  I'll find out.  And then we'll thrash it out with dad, all right?  Mom, don't avoid me."
372,6,Ses05M_script01_1_F,neutral,"Well, the trouble is you never saw enough women."
372,7,Ses05M_script01_1_M,anger,So what?  I'm not fast with women.
373,0,Ses02F_script01_3_F,neutral,"You saw that.  I mean and then, well, you've been kind of, um--"
373,1,Ses02F_script01_3_M,neutral,What?
373,2,Ses02F_script01_3_F,neutral,"Well, kind of embarrassed ever since I got here."
373,3,Ses02F_script01_3_M,neutral,"The trouble is, I planned on sort of sneaking up on you over a period of a week or so.  But, they take it for granted that we're all set."
373,4,Ses02F_script01_3_F,neutral,"I knew they would, your mother anyway."
373,5,Ses02F_script01_3_F,neutral,"Well,"
373,6,Ses02F_script01_3_F,sadness,"from her point of view, why else would I come?"
373,7,Ses02F_script01_3_M,neutral,"Oh.  Would you want to?  I guess you know, this is why I asked you to come."
373,8,Ses02F_script01_3_F,neutral,I--I guess this is why I came.
374,0,Ses01F_impro06_M,sadness,"I'm sorry, Joy."
374,1,Ses01F_impro06_F,neutral,It's okay.
374,2,Ses01F_impro06_M,neutral,Is there anything I can get you?  Do you want me to take care of anything for you or...?
374,3,Ses01F_impro06_F,neutral,"No, no, no."
374,4,Ses01F_impro06_M,neutral,...pick up anything?
374,5,Ses01F_impro06_F,sadness,No.
374,6,Ses01F_impro06_M,sadness,You know you are welcome to stay at my house if you want to just check out for a couple days and hang out.
374,7,Ses01F_impro06_F,neutral,That's sweet.
374,8,Ses01F_impro06_F,neutral,Thank you.
374,9,Ses01F_impro06_F,sadness,I went to see her headstone a week or two ago.
375,0,Ses05F_impro05_F,neutral,"Hi,um- I think my baggage was lost, and I need to I guess file a claim or I don't know what."
375,1,Ses05F_impro05_M,neutral,"Okay, what flight were you on?"
375,2,Ses05F_impro05_F,neutral,Um-Seventeen. Coming from --
375,3,Ses05F_impro05_M,neutral,On what airline?
375,4,Ses05F_impro05_F,neutral,It was Virgin Atlantic coming from London.
375,5,Ses05F_impro05_M,neutral,"From London, okay. Um- And you went through all your proper checkpoints?"
375,6,Ses05F_impro05_F,frustration,"Yeah, I don't know where it was lost.  I was coming from Africa, so."
375,7,Ses05F_impro05_M,neutral,So you haven't seen your bags since Africa. You flew threw Heath Row to here.
375,8,Ses05F_impro05_F,neutral,Right.
375,9,Ses05F_impro05_F,neutral,Yeah.
376,0,Ses03F_impro05_M,neutral,and when you sign your ticket we could replace about fifteen percent of what's in the bag.
376,1,Ses03F_impro05_F,anger,Fifteen percent?
376,2,Ses03F_impro05_M,neutral,Up to a limit of twenty five dollars.
376,3,Ses03F_impro05_F,anger,What? There- There's hundreds of thousands of dollars worth of stuff in there.
376,4,Ses03F_impro05_M,frustration,"Whoa, maybe you should uh- have thought of a better way to send it than just in a bag, hmm? Did you think about that?"
376,5,Ses03F_impro05_F,frustration,"No, no, no. You don't understand. This is--these are my belongings in the luggage. And I went to Paris."
376,6,Ses03F_impro05_F,frustration,"Sir, why are you laughing at me? This isn't funny."
376,7,Ses03F_impro05_M,neutral,"I think that's kind of stupid, that you put a hundred thousands of dollars in the bag."
377,0,Ses04F_script01_3_M,sadness,Just about all.
377,1,Ses04F_script01_3_F,neutral,"Oh, gees."
377,2,Ses04F_script01_3_M,sadness,It takes a lot of time to toss that off because they weren't just men.
377,3,Ses04F_script01_3_M,sadness,"For instance, one time it had been raining several days and this kid came to me and gave me his last pair of dry socks."
377,4,Ses04F_script01_3_M,sadness,I put them in my pocket. that's only a little thing but these are the kind of guys I had.
377,5,Ses04F_script01_3_M,sadness,They didn't die.  They killed themselves for each other.  I mean that exactly.  A little more selfish and they'd have been here today.
377,6,Ses04F_script01_3_M,sadness,"And I got this idea watching them go down.  Everything was being destroyed see, but it seemed to me that there was one new thing that was made"
377,7,Ses04F_script01_3_M,sadness,a sort of responsibility man for man.  You understand me?
377,8,Ses04F_script01_3_M,sadness,And then I came home and it was amazing.
378,0,Ses05M_impro06_F,neutral,"Ryan, what's wrong?"
378,1,Ses05M_impro06_M,sadness,I just got some bad news.
378,2,Ses05M_impro06_F,neutral,What?
378,3,Ses05M_impro06_M,sadness,"My friend, Shotty, passed away."
378,4,Ses05M_impro06_F,sadness,"Oh, I'm so sorry"
378,5,Ses05M_impro06_M,sadness,"The end, he's been sick for awhile.  He had cancer."
378,6,Ses05M_impro06_F,sadness,"Oh, my gosh."
378,7,Ses05M_impro06_M,sadness,"Yeah.  It's just, I never thought it would actually happen, you know? I mean- He's such a fighter and he's always so positive about everything."
378,8,Ses05M_impro06_F,neutral,Yeah.
379,0,Ses03M_script03_1_M,neutral,Horrible little thing.
379,1,Ses03M_script03_1_F,neutral,Yeah.  I know you did.  You threw it out the window and into the Grand Canal.  I don't think I'll ever forgive you for that.
379,2,Ses03M_script03_1_M,neutral,I hated it.
379,3,Ses03M_script03_1_M,neutral,How long did that rile last?
379,4,Ses03M_script03_1_F,neutral,It went on intermittently for days.
379,5,Ses03M_script03_1_M,neutral,"Oh, the worst one was in Cannes when you-"
379,6,Ses03M_script03_1_F,neutral,I burnt a hole in my comb too and all the towels in the bathroom.
379,7,Ses03M_script03_1_M,neutral,you're curling iron burnt a hole in my dressing gown.
379,8,Ses03M_script03_1_M,neutral,That was a rouser wasn't it?
380,0,Ses01M_script01_1_F,frustration,What he's going to say?
380,1,Ses01M_script01_1_M,neutral,He saw it.
380,2,Ses01M_script01_1_F,neutral,When?
380,3,Ses01M_script01_1_M,neutral,He was out here at four this morning.
380,4,Ses01M_script01_1_F,neutral,How could he see it?  I was the first one up and he was still in bed.
380,5,Ses01M_script01_1_M,neutral,I was out here at four this morning I heard a crack and I looked out the window and he was standing right over there.
380,6,Ses01M_script01_1_F,neutral,What was he doing here at four in the morning?
380,7,Ses01M_script01_1_M,sadness,I don't know.  But he went back in the kitchen and he cried.
380,8,Ses01M_script01_1_F,sadness,Did you talk to him?
381,0,Ses03M_script01_3_M,neutral,"This yard and this chair.  I don't want to win you from anything, I want you to be ready for me."
381,1,Ses03M_script01_3_F,happiness,"Look, I've been ready for a long, long time now."
381,2,Ses03M_script01_3_M,neutral,"Then he's gone forever, you sure?"
381,3,Ses03M_script01_3_F,happiness,"Look, I almost got married two years ago."
381,4,Ses03M_script01_3_M,neutral,Why didn't you?
381,5,Ses03M_script01_3_F,happiness,You started to write me.
381,6,Ses03M_script01_3_M,happiness,You felt something that far back.
381,7,Ses03M_script01_3_F,happiness,Every day since.
382,0,Ses01M_impro01_F,frustration,What are you... what's...What are you applying for?
382,1,Ses01M_impro01_M,frustration,I'm just applying for another ID.
382,2,Ses01M_impro01_F,neutral,Another ID?
382,3,Ses01M_impro01_M,frustration,"Yes.  I'm supposed to have three forms of ID for this.  It's a long story, I'm supposed to have three forms of ID for this other job I really don't get into but I need another..."
382,4,Ses01M_impro01_F,neutral,Fine.  So I need ID.
382,5,Ses01M_impro01_M,frustration,"I have it right here, yes."
382,6,Ses01M_impro01_F,anger,"No, I need your ID to give you a second ID."
382,7,Ses01M_impro01_F,anger,It's really simple if you have a problem with it... Maybe you should--
383,0,Ses02M_impro07_M,neutral,"yes, this is [LAUGHTER], it says U.S.C., like registrar, I mean like, I got-I got some like little letters before you know, it's like oh rejection"
383,1,Ses02M_impro07_F,neutral,"[LAUGHTER] It's gotta be it, like-"
383,2,Ses02M_impro07_F,neutral,"Oh my Gosh, that's so cool."
383,3,Ses02M_impro07_M,neutral,"but big packet, big packet is nice"
383,4,Ses02M_impro07_F,neutral,big packet is gotta be the real thing. yeah
383,5,Ses02M_impro07_M,neutral,"So it's like, yes, rip it open and there it is big - oh, yes."
383,6,Ses02M_impro07_F,neutral,"Oh my Gosh. I thought there was like, maybe going to be some, like I don't know if you are going to get in or not, so I'm really glad that you did."
383,7,Ses02M_impro07_F,neutral,That's so cool.
383,8,Ses02M_impro07_M,neutral,"Yeah. I know, I know."
384,0,Ses03F_impro06_F,sadness,So talented.
384,1,Ses03F_impro06_F,sadness,"Such a sweet person, you know?"
384,2,Ses03F_impro06_M,sadness,How's his parents doing?
384,3,Ses03F_impro06_F,sadness,Not very good.
384,4,Ses03F_impro06_F,sadness,"Can you imagine, though, you know, as a parent, just losing a kid? Twenty-two years old."
384,5,Ses03F_impro06_F,sadness,"It's weird, I kind of feel like part of me is gone now, you know?"
384,6,Ses03F_impro06_F,sadness,Because this other half was just kind of like ripped away.
384,7,Ses03F_impro06_M,sadness,"You guys were pretty close, weren't you?"
385,0,Ses01M_impro07_M,neutral,From where? Huh? Well I'm from San Francisco.
385,1,Ses01M_impro07_F,neutral,I don't know. Commuting from what Malibu that would be ridiculous.
385,2,Ses01M_impro07_M,happiness,"Oh yeah, that would be.  Well, depends on what type of car you had, though too. I guess it would be worth it. helicopter. Yeah, helicopter.  There is a helipad there, right? Yeah, exactly."
385,3,Ses01M_impro07_F,neutral,Oh yeah. He'd drop you right off at practice?
385,4,Ses01M_impro07_F,neutral,Do you--are you one of those like four a clock in the morning practices?  Is it--that's more like swimming and- --ballet and things like that.
385,5,Ses01M_impro07_M,neutral,Yeah. I think it's in the afternoon 'cause I mean can't be too early 'cause then you can't see the ball.
385,6,Ses01M_impro07_F,neutral,They have those neon--softballs.  They're like day-glow you can see them anywhere.
385,7,Ses01M_impro07_M,neutral,"Yeah, but no. Well, they have a night games but you know there's more like night games they're not like morning games, you know. I guess it's kind of same thing."
385,8,Ses01M_impro07_F,neutral,I'm surprised you don't know that.
386,0,Ses02M_script03_2_F,neutral,No thanks.
386,1,Ses02M_script03_2_M,neutral,I have a little I think.
386,2,Ses02M_script03_2_F,neutral,I don't see why you want any you've already had two glasses.
386,3,Ses02M_script03_2_M,neutral,"No particular reason. Anyhow, they are very small ones."
386,4,Ses02M_script03_2_F,neutral,It just seems so silly to go on and on and on with such a thing.
386,5,Ses02M_script03_2_M,neutral,You can hardly call three liquor glasses in a whole evening going on and on and on.
386,6,Ses02M_script03_2_F,neutral,"Well, it's become a habit with you."
386,7,Ses02M_script03_2_M,neutral,You needn't be so grand just because don't happen want any yourself right now.
386,8,Ses02M_script03_2_F,neutral,Don't be so stupid.
387,0,Ses01F_impro02_M,neutral,Then why is that fair?  Why--
387,1,Ses01F_impro02_F,neutral,"There's babies over there, though, that need mothers."
387,2,Ses01F_impro02_M,sadness,I don't know how you can be okay with this?  I don't know why you're not-- you're fine with it.
387,3,Ses01F_impro02_F,neutral,"I'm not okay with it, but I don't-- it's not like I have a choice.  I don't see what crying about it is going to fix."
387,4,Ses01F_impro02_M,neutral,I'm just trying to think of another way.  I'm just trying to...
387,5,Ses01F_impro02_F,sadness,"Just, you know, kicking myself."
387,6,Ses01F_impro02_F,neutral,like you sign up because you need money and
387,7,Ses01F_impro02_F,sadness,things just aren't what they seem.
387,8,Ses01F_impro02_M,neutral,This is a stupid war.
387,9,Ses01F_impro02_F,neutral,"We're doing the right thing, though."
388,0,Ses05F_impro03_F,neutral,yeah.
388,1,Ses05F_impro03_M,neutral,A good apartment. [BREATHING]
388,2,Ses05F_impro03_F,happiness,"Two artists, though.  We're bound to be poor forever."
388,3,Ses05F_impro03_M,neutral,"Yeah, how are you going to survive?"
388,4,Ses05F_impro03_M,neutral,Exactly. Are you going to have kids?
388,5,Ses05F_impro03_F,neutral,"Yeah, I think so.  I mean, not for a while."
388,6,Ses05F_impro03_M,happiness,yeah.
388,7,Ses05F_impro03_M,happiness,yeah.
388,8,Ses05F_impro03_F,happiness,Definitely not for a while
388,9,Ses05F_impro03_F,happiness,yeah.
388,10,Ses05F_impro03_M,neutral,"So now, I'm going to have to find somebody else to bear my children."
388,11,Ses05F_impro03_F,happiness,[LAUGHTER] Good luck.
388,12,Ses05F_impro03_M,happiness,[LAUGHTER]
389,0,Ses03F_script03_2_M,anger,"As a matter of fact, the real cause of that row was Peter Burden."
389,1,Ses03F_script03_2_F,neutral,You knew there was nothing in that.
389,2,Ses03F_script03_2_M,anger,I knew nothing of the sort. You took presents from him.
389,3,Ses03F_script03_2_F,neutral,Presents? It was only a small trivial little broach.
389,4,Ses03F_script03_2_M,anger,I remember it well. Bristling with diamonds. In the worst possible taste.
389,5,Ses03F_script03_2_F,neutral,Not at all. It was very pretty. And I wear it all the time. I still have it.
389,6,Ses03F_script03_2_M,neutral,You went out of your way to torture me over Peter Burden.
389,7,Ses03F_script03_2_F,neutral,"No, I didn't. You made that up all in your jealous imagination."
389,8,Ses03F_script03_2_M,neutral,You must admit that he was in love with you.
390,0,Ses03F_impro03_F,happiness,"like I think I want to get married--I want to have two weddings. One here, then one in Europe."
390,1,Ses03F_impro03_M,neutral,Hawaii? No.
390,2,Ses03F_impro03_F,neutral,No. Hawaii's for honeymoons. But uh--
390,3,Ses03F_impro03_M,neutral,Oh. Like Paris? On the Eiffel Tower?
390,4,Ses03F_impro03_F,neutral,"Oh, maybe. I don't know. I've been there so many times. I think it's--we're going to get married in Spain and then we're going to get married here."
390,5,Ses03F_impro03_M,neutral,He's rich enough. Maybe you can rent out the Eiffel Tower for your--
390,6,Ses03F_impro03_M,neutral,"Oh, Jesus."
390,7,Ses03F_impro03_M,neutral,That's awesome. [LAUGHTER] Marriage.
390,8,Ses03F_impro03_F,neutral,Yeah. I'm so excited. [LAUGHTER].
391,0,Ses05M_impro07_M,neutral,We are gonna party all the time.
391,1,Ses05M_impro07_F,neutral,Yeah.  Totally- Well where are you going to live?
391,2,Ses05M_impro07_M,neutral,We are gonna have a great time.
391,3,Ses05M_impro07_M,neutral,"[garbage] I'm going to live on campus.  I mean, well, around campus, anyway.  Yeah, housing around campus."
391,4,Ses05M_impro07_F,neutral,Oh yeah.
391,5,Ses05M_impro07_F,neutral,Good tradeoff
391,6,Ses05M_impro07_M,neutral,"I just want to be really close to things, you know.  I know it's not exactly the best neighborhood in the entire world. But uh-"
391,7,Ses05M_impro07_F,neutral,I don't- I don't think it's that bad.
391,8,Ses05M_impro07_M,neutral,"I don't- you know ,I feel the same way, you know what I mean.  And everybody says a lot of other crap you know, they don't know what they are talking about anyway."
391,9,Ses05M_impro07_F,neutral,yeah.
392,0,Ses01F_impro05_F,neutral,Sean.  Great. Do you have a badge number or something?
392,1,Ses01F_impro05_M,neutral,"Badge number?  Uh, no.  You can just take my employee number I guess."
392,2,Ses01F_impro05_F,anger,Okay.  I'll do that.
392,3,Ses01F_impro05_M,neutral,Why?  Have I done something wrong?  Have I given you bad service?  I feel like I have done the best I could.
392,4,Ses01F_impro05_F,anger,I don't think you have done everything you could do because I don't have my bag here yet.
392,5,Ses01F_impro05_M,neutral,"If you want, you can write a letter.  I can give you the address. Yes.  An angry--"
392,6,Ses01F_impro05_F,anger,A letter? I'll make a personal phone call.
392,7,Ses01F_impro05_M,neutral,"Or you can make a phone call.  But I think a letter might be a little more-- in my impression, letters have more..."
393,0,Ses01M_script01_3_M,sadness,"You know, that they were bringing something on to this earth, a kind of sacrifice you know."
393,1,Ses01M_script01_3_M,sadness,"I thought I would change everything you know, and I got back here and it was- it was like nothing had changed at all..."
393,2,Ses01M_script01_3_M,sadness,You know.  I went to work with dad and I started that whole rat race again...
393,3,Ses01M_script01_3_M,sadness,And no one had changed it was just like sort of random bus accident to them.
393,4,Ses01M_script01_3_M,sadness,Driving my new car and I felt guilty you know opening my bank book seeing a new refrigerator.
393,5,Ses01M_script01_3_M,sadness,'Cause you can take those things out of a war.  But you have to realize that those things came out of the love that a man can have for another man...
393,6,Ses01M_script01_3_M,sadness,And if you can't see that then it's just loot and there's blood all over it.
393,7,Ses01M_script01_3_M,sadness,I felt ashamed and I didn't want any part of it.  I guess I included you too.
394,0,Ses01M_impro02_M,neutral,"I don't understand, I don't underst--"
394,1,Ses01M_impro02_F,frustration,How can they do that?
394,2,Ses01M_impro02_M,neutral,They can do it.
394,3,Ses01M_impro02_F,frustration,They said you're home for at least four years.
394,4,Ses01M_impro02_M,frustration,"I guess they can do it,"
394,5,Ses01M_impro02_M,sadness,"The National Guard is I guess really spread thin and then everyone has to go.  We all have to go back, my whole companies going back."
394,6,Ses01M_impro02_F,frustration,[BREATHING]
394,7,Ses01M_impro02_F,frustration,That's not fair.
395,0,Ses03F_impro03_F,neutral,"And I'm like freaking out. I'm like what the hell's going on, you know. I don't know what's going on. And so he's like standing there and then all of a sudden they give him a microphone-"
395,1,Ses03F_impro03_F,neutral,and he just starts doing like this little spiel about me and like
395,2,Ses03F_impro03_F,neutral,"he asked me to marry him, like- onstage. I was like, I couldn't believe--and I had to walk up there and I was, like I think I tripped or something."
395,3,Ses03F_impro03_M,neutral,Are you kidding me?
395,4,Ses03F_impro03_M,neutral,"Wha- What'd you say? You said yes, right? [LAUGHTER]"
395,5,Ses03F_impro03_F,neutral,"Yeah, I said yes, but I, yeah, I mean,"
395,6,Ses03F_impro03_F,neutral,"I don't know- it just like took me, took me by surprise."
395,7,Ses03F_impro03_F,happiness,He scored points.
395,8,Ses03F_impro03_M,neutral,Did you get a standing ovation?
396,0,Ses05F_impro07_F,neutral,So guess what.
396,1,Ses05F_impro07_M,neutral,what
396,2,Ses05F_impro07_F,neutral,I got into college.
396,3,Ses05F_impro07_M,neutral,"Shut up.  What'd you get, where'd you get accepted to? please"
396,4,Ses05F_impro07_F,neutral,U.S.C..
396,5,Ses05F_impro07_M,neutral,"Oh, sweet."
396,6,Ses05F_impro07_F,neutral,yeah.
396,7,Ses05F_impro07_M,neutral,So you're not going to leave me.
396,8,Ses05F_impro07_F,neutral,No.
397,0,Ses05M_script01_1_F,sadness,Did you talk to him?
397,1,Ses05M_script01_1_M,sadness,No.  I figured it was best to leave him alone.
397,2,Ses05M_script01_1_F,sadness,He cried hard?
397,3,Ses05M_script01_1_M,neutral,I could hear him right through the floor in my room.
397,4,Ses05M_script01_1_F,neutral,"What was he doing out there at that hour?  He's getting just like after Larry died, walking around at night.  He dreams."
397,5,Ses05M_script01_1_M,neutral,I guess he is.
397,6,Ses05M_script01_1_F,neutral,What's the meaning of that?
397,7,Ses05M_script01_1_M,neutral,"I don't know the meaning of it, but you know one thing Mom, we made a terrible mistake with dad."
398,0,Ses04F_script01_1_M,frustration,"Well if she does, then that's the end of it.  From her letters, I think she's forgotten him.  I'll find out."
398,1,Ses04F_script01_1_M,anger,"and then we'll thrash it out with dad, right mom.  Don't avoid me."
398,2,Ses04F_script01_1_F,frustration,The trouble is you don't see enough women.  You never did.
398,3,Ses04F_script01_1_M,anger,So what I'm not fast with women.
398,4,Ses04F_script01_1_F,anger,I don't see why it has to be Annie.
398,5,Ses04F_script01_1_M,anger,Because it is.
398,6,Ses04F_script01_1_F,anger,Well that's a good answer but it don't answer anything.  You haven't seen her since you went to war.  It's been five years.
398,7,Ses04F_script01_1_M,neutral,I can't help it.  I know her best.  I was brought up next door to her.
398,8,Ses04F_script01_1_M,sadness,"These years when I think of someone for my wife, I think of Annie.  What do you want, a diagram?"
399,0,Ses03M_impro01_M,frustration,"Hey listen here missy, I've been in this line for an hour and now I'm finally here.  So you're going to take my application."
399,1,Ses03M_impro01_F,neutral,Is that a demand sir?
399,2,Ses03M_impro01_M,frustration,It's not a demand it's a request.  Will you just take it?  Come on.
399,3,Ses03M_impro01_F,neutral,I must see it before I just take it.
399,4,Ses03M_impro01_M,neutral,Oh.  Look at it.
399,5,Ses03M_impro01_F,frustration,"Sir, you completely filled this out wrong."
399,6,Ses03M_impro01_F,neutral,No.  You filled out the back part.  You were supposed to fill out the front portion only.
399,7,Ses03M_impro01_M,neutral,What?
400,0,Ses05F_script02_1_M,frustration,Whose is it?
400,1,Ses05F_script02_1_F,neutral,It's ours- our flashlight.  It's yours and mine.
400,2,Ses05F_script02_1_M,frustration,"Well, Sure."
400,3,Ses05F_script02_1_F,frustration,"I mean you keep saying ,my flashlight, as if it's somehow just yours.  How's that suppose to make me feel?"
400,4,Ses05F_script02_1_M,frustration,"No, Of course, you are right.  Our flashlight.  Me flashlight is you flashlight naturally.  How can we not think to bring it?"
400,5,Ses05F_script02_1_M,neutral,"Well, I hope the moon stays out.  Well, I wonder do they always wander during a full moon?  I can't remember, wasn't it full last year?  Do you remember?"
400,6,Ses05F_script02_1_F,neutral,yes.
400,7,Ses05F_script02_1_M,neutral,"Are you cold?  You want my jacket?  We should have bought a blanket.  Our blanket-.  This is great, isn't it?"
401,0,Ses05F_script02_2_M,neutral,"What, you want me to whisper in your ear?"
401,1,Ses05F_script02_2_F,neutral,No.
401,2,Ses05F_script02_2_M,frustration,You want to get married again?
401,3,Ses05F_script02_2_F,neutral,No.
401,4,Ses05F_script02_2_M,frustration,What? What You want a divorce?
401,5,Ses05F_script02_2_F,frustration,No no.
401,6,Ses05F_script02_2_M,frustration,"A vacation? A new carpet, a poodle?  A bag of ice cream, a suicide pack, what what Carla?  What the hell do you want?"
401,7,Ses05F_script02_2_F,neutral,No.
402,0,Ses03M_script02_1_F,frustration,There is no point in coming down here.
402,1,Ses03M_script02_1_M,neutral,Right.
402,2,Ses03M_script02_1_F,frustration,That's my point.
402,3,Ses03M_script02_1_M,frustration,That's my point too...No.  No.  That's not my point.  My point is what's the point if we come down here if we just turn around and leave?
402,4,Ses03M_script02_1_F,neutral,So let's go.
402,5,Ses03M_script02_1_M,neutral,"I mean, don't you want to see it?"
402,6,Ses03M_script02_1_F,neutral,Not particularly.
402,7,Ses03M_script02_1_M,neutral,Why not?
402,8,Ses03M_script02_1_F,neutral,I don't know.  I just don't.
403,0,Ses01M_impro03_F,neutral,"Oh, she just needs to marry you."
403,1,Ses01M_impro03_F,neutral,That's incredible. That's awesome. Where's she from?  Maybe you can get a dual citizenship.
403,2,Ses01M_impro03_M,neutral,That's like twenty five thousand dollar a year for doing nothing. Isn't that awesome?
403,3,Ses01M_impro03_M,neutral,"She's actually from England, I think.  Well she- she spoke English but she had an accent. I didn't even ask."
403,4,Ses01M_impro03_F,neutral,That's so cool. Uh huh.
403,5,Ses01M_impro03_F,neutral,[LAUGHTER] Why did she pick you? Where were you?
403,6,Ses01M_impro03_M,neutral,"Fifty thousand dollars. Fifty thousand dollars. I was just out... I just... she's - well, she's a friend of friend but like..."
403,7,Ses01M_impro03_F,neutral,You were at a party? And she's like hey. You seem unattached she's like.
403,8,Ses01M_impro03_M,neutral,"Yeah.  Can you believe that? Yeah, she's like hey, I'm like sure I'll do it, I don't care. Yeah. I'm like fifty thousand dollars, I'd totally do it for fifty thousand dollars. But the only thing is that's kind of like illegal. So like I could go to jail probably for a long if I get caught, but..."
404,0,Ses01M_script03_1_M,neutral,Well it depends on how well we've played.
404,1,Ses01M_script03_1_F,happiness,If one of us dies...
404,2,Ses01M_script03_1_F,neutral,does the one that's left still laugh?
404,3,Ses01M_script03_1_M,neutral,"Yes, yes with the all his might."
404,4,Ses01M_script03_1_F,neutral,"Well, that's serious enough isn't it?"
404,5,Ses01M_script03_1_M,neutral,"No, no, no, no death is very laughable it's a cunning little mystery, you know.  It's all done with mirrors."
404,6,Ses01M_script03_1_F,happiness,I think you're talking nonsense.
404,7,Ses01M_script03_1_M,neutral,"Ah so is everyone in the long run, huh?"
405,0,Ses01M_script02_1_M,neutral,"Out there, there's like this big mass of silver fish they're heading this way..."
405,1,Ses01M_script02_1_M,neutral,"They don't know why, we don't know why.  No one like sent them an invitation or gave them a map or direction..."
405,2,Ses01M_script02_1_M,neutral,They just all turned at once and they just form this line as long as the California coast.  And they just started swimming...
405,3,Ses01M_script02_1_M,neutral,Like some little time release fire cracker went off inside their little tiny bodies.  And they all turned as one...
405,4,Ses01M_script02_1_M,neutral,"And form the line and started swimming, swimming that would bring them to this point here..."
405,5,Ses01M_script02_1_M,neutral,It's like urgency that's pure urge you know.  It's single-mindedness with no mind.
405,6,Ses01M_script02_1_M,neutral,"It's crazy.  Look at this, I'm giving myself goose bumps, the hairs are standing up on my arm."
405,7,Ses01M_script02_1_F,neutral,That's the wind.
406,0,Ses05F_script02_1_M,neutral,There's There's mystery here and magic.  A little bit of the unexplainable.  I can't understand how you could not be interested.
406,1,Ses05F_script02_1_F,neutral,I am just not.
406,2,Ses05F_script02_1_M,neutral,For real?
406,3,Ses05F_script02_1_F,neutral,Yes.
406,4,Ses05F_script02_1_M,neutral,"I don't get it, the first time we came out here, you said it was the best night of your life and last year I remember distinctly you were so excited that you stuff your toe pushing me out of the door and you didn't notice it until you got into the car."
406,5,Ses05F_script02_1_F,frustration,"Last year you also remember, our shoes got wet and I got sand in my panties and we got into a big fight.  You had a sore throat and we did not see the grunions."
406,6,Ses05F_script02_1_M,frustration,We weren't in a good spot.
406,7,Ses05F_script02_1_F,frustration,We didn't see them the first time either.
407,0,Ses03M_script01_3_F,sadness,How many?
407,1,Ses03M_script01_3_M,sadness,Just about all.
407,2,Ses03M_script01_3_F,sadness,Geez.
407,3,Ses03M_script01_3_M,sadness,Takes a little while to toss that off cause they weren't just men.
407,4,Ses03M_script01_3_M,sadness,"For instance, one time this...it had been raining several days and this one kid, he came up to me, he gave me his last pair of dry socks, put them in my pocket."
407,5,Ses03M_script01_3_M,sadness,"That's just a little thing but that's the kind of guys I had.  They didn't just die, they killed themselves for each other and I mean that exactly."
407,6,Ses03M_script01_3_M,sadness,A little more selfish and they'd still be here today.  And I got this idea watching them go down.  See everything was being destroyed but there was one new thing that was being created.
407,7,Ses03M_script01_3_M,sadness,"It was a kind of responsibility, man for man.  You understand me?"
408,0,Ses05M_script03_1_M,neutral,Horrible thing.  I hated it.
408,1,Ses05M_script03_1_F,neutral,I know you did.  You threw it out the window into the Canal below.  I don't think I'll ever forgive you for that.
408,2,Ses05M_script03_1_M,neutral,How long did that roue last?
408,3,Ses05M_script03_1_F,neutral,It went on intermittently for days.
408,4,Ses05M_script03_1_M,neutral,"Oh, The worst one was in Cannes when your curling iron burnt a hole in my new dressing gown?"
408,5,Ses05M_script03_1_F,neutral,"Oh, It burnt my comb and all the towels in the bathroom."
408,6,Ses05M_script03_1_M,neutral,"[LAUGHTER] That was quit a rouser, wasn't it?"
408,7,Ses05M_script03_1_F,neutral,That was the first time you hit me.
409,0,Ses03M_script01_1_M,anger,I've been a good son too long.  A good sucker and I'm through with it.
409,1,Ses03M_script01_1_F,anger,You're just going to leave the business?  You have a business here.  You can't do that.
409,2,Ses03M_script01_1_M,anger,The business doesn't inspire me.
409,3,Ses03M_script01_1_F,neutral,"Oh, you have to be inspired."
409,4,Ses03M_script01_1_M,anger,Yes.  I like it an hour out of the day.  If I have to grub for money all day long at least at evening I want it beautiful.  I want a family.  I want a wife.  I want some kids.  I want to build something I can give myself to.
409,5,Ses03M_script01_1_M,frustration,Now Annie is in the middle of all that.  Where do I find it?
409,6,Ses03M_script01_1_F,sadness,Tell me something.  You can leave this business?
409,7,Ses03M_script01_1_M,neutral,Yes.  On this I would.
409,8,Ses03M_script01_1_F,neutral,You can't talk like that.
410,0,Ses05F_impro08_M,neutral,oh.
410,1,Ses05F_impro08_F,neutral,I'm sorry that it was an inconvenience.
410,2,Ses05F_impro08_M,happiness,"It was horrible, but you've made it much better, thank you very much. Absolutely"
410,3,Ses05F_impro08_F,neutral,I am glad.
410,4,Ses05F_impro08_F,neutral,Have a good day.
410,5,Ses05F_impro08_M,happiness,"You too, thank you so much, have a wonderful day."
410,6,Ses05F_impro08_F,neutral,bye bye
410,7,Ses05F_impro08_M,neutral,bye
411,0,Ses04M_impro07_F,neutral,Is U.S.C. known for its history program?
411,1,Ses04M_impro07_M,happiness,"Um, you know, I don't think so.  But I think that, you know, it's still a private school"
411,2,Ses04M_impro07_M,happiness,"and right you know it's still- and then, you know, I mean-"
411,3,Ses04M_impro07_F,neutral,I know.  It's a great school and you know
411,4,Ses04M_impro07_M,happiness,"I'm guessing, you know it's like I I checked it out.  And, like, they have a decent history program."
411,5,Ses04M_impro07_F,neutral,It's all about the connections
411,6,Ses04M_impro07_M,happiness,"So -- and like the geology just is awesome.  It rocks, no pun intended. [LAUGHTER]"
411,7,Ses04M_impro07_F,happiness,"Oh, you did not just say that."
411,8,Ses04M_impro07_M,neutral,"Um, but, uh- anyway -- yeah, so that's awesome, though, because you live here and then we're not going to be separated by me going to some other school"
412,0,Ses03F_impro02_F,sadness,Don't do that to me.
412,1,Ses03F_impro02_F,sadness,"It's hard enough already, Brian, I can't."
412,2,Ses03F_impro02_M,neutral,I'm not thinking about just me; I'm thinking about our child.
412,3,Ses03F_impro02_F,sadness,I know.
412,4,Ses03F_impro02_F,sadness,"I didn't expect this to happen. I never planned for this. Some things you just don't plan for, you know."
412,5,Ses03F_impro02_F,sadness,"I'm sorry, babe."
412,6,Ses03F_impro02_F,sadness,I'm so sorry.
412,7,Ses03F_impro02_M,sadness,"All right, then."
413,0,Ses01F_script01_2_F,anger,"Because she knows what I know, that's why.  She's faithful as a rock.  In my darkest moments, I think of her waiting and I know that I'm right."
413,1,Ses01F_script01_2_M,frustration,"Hey look, it's a nice day, huh?  Why are we arguing?"
413,2,Ses01F_script01_2_F,anger,"Nobody in this house dares take away her faith, Joe.  You know strangers might, but not his father, not his brother."
413,3,Ses01F_script01_2_M,frustration,What do you want me to do? What do you want?
413,4,Ses01F_script01_2_F,anger,"I want you to-- I want you to act like he is coming back, both of you.  Don't think I haven't noticed you since Chris invited her here."
413,5,Ses01F_script01_2_F,anger,I won't stand for any nonsense.
413,6,Ses01F_script01_2_M,frustration,Kate.
413,7,Ses01F_script01_2_F,anger,"Because if he's not coming back, I'll kill myself.  Oh laugh, laugh all you like but why does this happen the very night he comes back.  She goes to sleep in his room and his memorial breaks in pieces.  Look at it, Joe, look."
414,0,Ses03M_script03_1_F,neutral,"I mean, it was, it's bound to come out sooner or later."
414,1,Ses03M_script03_1_M,neutral,Hello?  Hello?  What?
414,2,Ses03M_script03_1_F,neutral,That sent shivers up my spine.
414,3,Ses03M_script03_1_M,neutral,"No, wrong number."
414,4,Ses03M_script03_1_M,neutral,What are we to do if they suddenly walk in on us?
414,5,Ses03M_script03_1_F,neutral,Behave exquisitely.
414,6,Ses03M_script03_1_M,neutral,With the most perfect poise?
414,7,Ses03M_script03_1_F,neutral,Certainly.  And I shall probably do a court courtesy.
414,8,Ses03M_script03_1_M,neutral,um- Things that should matter dreadfully don't seem to matter at all when one's happy do they?
415,0,Ses04F_impro07_M,neutral,"Oh, yeah? In a dorm?"
415,1,Ses04F_impro07_F,neutral,"Well, yeah.  I mean that's where you meet people, right.  Everybody lives in the dorms, right."
415,2,Ses04F_impro07_M,neutral,"I hate to break this to you but you meet people by being cool, so-"
415,3,Ses04F_impro07_F,neutral,"Oh, oh, I'm sorry, my bad.  I'll have to, like, sign up for summer lessons from you before I go.  You can teach me how to be cool before I go to college."
415,4,Ses04F_impro07_M,neutral,"No, no, no.  You're right though.  I mean, you know, dorms are definitely the way to meet people.  I know that I was in an apartment off campus"
415,5,Ses04F_impro07_M,neutral,"and I mean, you know, I knew my roommates and stuff but I there wasn't really that sense of community-"
415,6,Ses04F_impro07_F,neutral,Right.
415,7,Ses04F_impro07_M,neutral,"that happened, you know, that was going on."
415,8,Ses04F_impro07_F,neutral,So basically what you're saying is that I was right
415,9,Ses04F_impro07_M,neutral,I was just joking.  Gosh.  You don't have to take everything so- so seriously.
415,10,Ses04F_impro07_F,neutral,"I'm- I'm right, right."
415,11,Ses04F_impro07_M,neutral,"Yes, you're right."
415,12,Ses04F_impro07_F,neutral,That's what you're saying. I'm right. [LAUGHTER]
415,13,Ses04F_impro07_M,neutral,All hail to the
415,14,Ses04F_impro07_F,neutral,me.
415,15,Ses04F_impro07_M,neutral,"to you, yes."
416,0,Ses03F_script01_1_F,frustration,"He thinks he's coming back. You go-go on and marry her, I mean, you're pronouncing her dead. And what's going to happen to your father, huh? I don't know. Do you?"
416,1,Ses03F_script01_1_M,frustration,"Okay. All right, then."
416,2,Ses03F_script01_1_F,frustration,"Just, listen. Give it more thought, is all."
416,3,Ses03F_script01_1_M,frustration,"No, I've given it three years of thought."
416,4,Ses03F_script01_1_M,neutral,And I thought that if I waited then dad would forget about Larry and then we could have a regular wedding and everything happy.
416,5,Ses03F_script01_1_M,neutral,But if I can't have that here then I'll get out.
416,6,Ses03F_script01_1_F,neutral,What the hell is this?
416,7,Ses03F_script01_1_M,neutral,I'll get out. I'll marry her somewhere else. Maybe New York.
416,8,Ses03F_script01_1_F,neutral,You're crazy.
416,9,Ses03F_script01_1_M,neutral,I've been a sucker too long. I'm through with it.
416,10,Ses03F_script01_1_F,frustration,You're what-you're going to leave the business? But you can't do that. What the hell is this?
417,0,Ses02M_script03_2_M,neutral,Turn it off it's driving me mad.
417,1,Ses02M_script03_2_F,anger,You are far too temperamental. Try to control yourself.
417,2,Ses02M_script03_2_M,anger,Turn it off.
417,3,Ses02M_script03_2_F,anger,Stop it. Stop it. I hate you.
417,4,Ses02M_script03_2_M,anger,"Amanda, listen. Listen."
417,5,Ses02M_script03_2_F,anger,"Listen indeed. I'm sick and tired of listening to you, damn sadistic bully."
417,6,Ses02M_script03_2_M,anger,Very amusing indeed.
417,7,Ses02M_script03_2_F,anger,"Stop it. Stop it. I hate you, do you hear? You're overbearing and conceited and utterly impossible."
417,8,Ses02M_script03_2_M,anger,"You're a vile tempered, loose living, wicked little beast and I hope I never see you again as long as I live."
418,0,Ses04F_script01_3_F,neutral,You're the only one I know who loves his parents.
418,1,Ses04F_script01_3_M,neutral,I know it went out of style didn't it?
418,2,Ses04F_script01_3_F,neutral,It's okay.  It's a good thing.
418,3,Ses04F_script01_3_F,neutral,You know it's lovely here.  The air is sweet.
418,4,Ses04F_script01_3_M,neutral,You're not sorry you came.
418,5,Ses04F_script01_3_F,neutral,"Not sorry, no but I'm not staying."
418,6,Ses04F_script01_3_M,neutral,Why?
418,7,Ses04F_script01_3_F,neutral,"In the first place, your mother as much as told me to go."
418,8,Ses04F_script01_3_M,neutral,Well.
419,0,Ses03M_script03_2_M,neutral,Yes.  The real cause of that rile was Peter Burden.
419,1,Ses03M_script03_2_F,neutral,"Oh, come on, you knew there was nothing in that."
419,2,Ses03M_script03_2_M,neutral,I knew nothing of the sort.  You took presents from him.
419,3,Ses03M_script03_2_F,anger,Presents?  A trivial little broach.
419,4,Ses03M_script03_2_M,neutral,Mmm Hmm.  I remember it well.  Bristling with diamonds in the worst possible taste.
419,5,Ses03M_script03_2_F,neutral,Not at all.  It was very pretty.  I still have it and I wear it often.
419,6,Ses03M_script03_2_M,anger,You went out of your way to torture me over Peter Burden.
419,7,Ses03M_script03_2_F,neutral,No I didn't.  You made up the whole thing in your jealous imagination.
419,8,Ses03M_script03_2_M,anger,You must admit he was in love with you.
419,9,Ses03M_script03_2_F,neutral,Just a little perhaps but nothing serious.
420,0,Ses04F_script01_1_F,neutral,He cried hard?
420,1,Ses04F_script01_1_M,sadness,I could hear him right through the floor of my room.
420,2,Ses04F_script01_1_F,frustration,What was he doing out here at that hour?  He's dreaming about him again.  He's walking around at night.
420,3,Ses04F_script01_1_M,neutral,I guess he is.
420,4,Ses04F_script01_1_F,neutral,He's getting just like after he died.
420,5,Ses04F_script01_1_F,neutral,What's the meaning in that?
420,6,Ses04F_script01_1_M,frustration,"I don't know the meaning of this, mom.  But I know one thing you made a terrible mistake with dad."
420,7,Ses04F_script01_1_F,neutral,What?
420,8,Ses04F_script01_1_M,frustration,"Being dishonest with him, that kind of thing always pays off and now it's paying off."
421,0,Ses05F_impro03_F,neutral,It was really beautiful.
421,1,Ses05F_impro03_M,neutral,You've got to love that.
421,2,Ses05F_impro03_F,neutral,"Yeah, we went to a really great jazz show, and um-"
421,3,Ses05F_impro03_M,neutral,"Nice, you love the jazz."
421,4,Ses05F_impro03_F,neutral,"Yeah, and after, we went up to this um, this place like a restaurant on the roof kind of thing."
421,5,Ses05F_impro03_M,neutral,"Oh, okay, yeah."
421,6,Ses05F_impro03_F,neutral,So you know like late dinner and champagne and what not.
421,7,Ses05F_impro03_M,neutral,Were you in Chicago?
421,8,Ses05F_impro03_F,neutral,Mm-hmm.
421,9,Ses05F_impro03_M,neutral,"Downtown, was it beautiful? of course it was beautiful"
421,10,Ses05F_impro03_F,neutral,yeah--
421,11,Ses05F_impro03_F,neutral,"so beautiful, full moon."
421,12,Ses05F_impro03_M,neutral,"What a guy.  I can't believe it.  So okay, so do you know any details?  When's it going to be?  Anything?"
421,13,Ses05F_impro03_F,neutral,I don't know.  I guess next summer.
422,0,Ses03F_script02_1_F,sadness,I don't know. I just don't.
422,1,Ses03F_script02_1_M,neutral,"Honey, this is a natural-this is a natural phenomenon. I mean, it only happens once a year. This is, this is a great opportunity. Think about the people in Kansas. They would have to get a plane ticket and hotel reservation to come and see this. We're only forty minutes away. This is too good to pass up."
422,2,Ses03F_script02_1_F,anger,Pass up what? A bunch of fish. They swim up to the beach and they flop around and they swim away and then they die.
422,3,Ses03F_script02_1_M,neutral,Yeah. But that moment on the beach is the highlight of their little lives. And all that flopping around is laying eggs or what you-spawning or mating or something like that.
422,4,Ses03F_script02_1_M,neutral,"I mean, this is the big night for these guys. Life's last orgy."
422,5,Ses03F_script02_1_F,frustration,"I don't know why you're getting so excited. I mean, it's not like the landing of the moon or something. It's just fish. Fish that nobody eats."
422,6,Ses03F_script02_1_M,neutral,"Yeah, they do."
422,7,Ses03F_script02_1_F,frustration,"Oh, God, Augie."
423,0,Ses05M_impro08_F,neutral,yeah.
423,1,Ses05M_impro08_F,neutral,"It goes- It goes, like, through doorways.  But it goes a long distance."
423,2,Ses05M_impro08_M,neutral,"Okay.  Is it being- Is it being compressed between anything by any chance?  Because sometimes your connection can be you know, disrupted by, you know, the cable being squished."
423,3,Ses05M_impro08_F,neutral,Oh really?
423,4,Ses05M_impro08_M,neutral,"Yeah. That can be- That can create a bad connection.  And it won't always be a bad connection, but it will be bad off and on."
423,5,Ses05M_impro08_F,neutral,"Well, I- I can check that.  Is there anything else we can do, too?  Like, I'll go through and check the line throughout the house, but --"
423,6,Ses05M_impro08_M,neutral,"Yeah, well, absolutely.  What we can -- let's just go ahead and just do a basic diagnostic of your system first off, okay.  Can you go down to your start button?"
423,7,Ses05M_impro08_F,neutral,Uh huh.
423,8,Ses05M_impro08_M,neutral,"Okay, And uh- go ahead and click on run."
424,0,Ses05F_impro07_M,neutral,That's a good idea.
424,1,Ses05F_impro07_F,neutral,Let's go tomorrow.
424,2,Ses05F_impro07_M,neutral,"Tomorrow, tomorrow, tomorrow-"
424,3,Ses05F_impro07_F,neutral,yeah.
424,4,Ses05F_impro07_M,neutral,"Good.  We'll have to have one soon, you're going to have to go to school in a couple of months."
424,5,Ses05F_impro07_F,neutral,Woo-
424,6,Ses05F_impro07_M,neutral,"Oh God, it's awesome... There's going to be tons of places. [garbage]"
424,7,Ses05F_impro07_F,neutral,exciting.
425,0,Ses02M_impro04_M,frustration,"But it's been so long, like what - what am I - what am I waiting -- I should probably just do something else, or"
425,1,Ses02M_impro04_F,neutral,"Well, but you care about what you do, right?"
425,2,Ses02M_impro04_M,frustration,"I don't know, I mean why - why"
425,3,Ses02M_impro04_M,frustration,"Yea, but it's - it's almost like it's not worth it you know, if I'm going to waste to have my life like trying to get a job, I mean once I actually do get the job it's like oh, retirement or something. I don't know, you know."
425,4,Ses02M_impro04_F,neutral,"I understand that it's so frustrating but I know that you're here because you really want it you know and, and uh"
425,5,Ses02M_impro04_M,neutral,"Well, and that's what I begin to question after a while is maybe I just don't want it, maybe it's not even worth it, you know, like"
425,6,Ses02M_impro04_M,frustration,"I don't even know if it's going to be worth it because I can't break myself in, you know like I can't - can't even get a foot in the door you know."
425,7,Ses02M_impro04_F,neutral,"Well, I mean you're still here you've tried for this long so I think that says something all in itself."
426,0,Ses01F_impro04_M,neutral,"Have you tried, uh, Craig's List?"
426,1,Ses01F_impro04_F,neutral,"Uh, what?  Craig's List?  Oh the internet thing?"
426,2,Ses01F_impro04_M,neutral,Yeah.
426,3,Ses01F_impro04_F,neutral,I don't know.  Isn't that-- that's all like escort services and things like that.
426,4,Ses01F_impro04_M,neutral,No.  There's regular jobs on there.
426,5,Ses01F_impro04_F,frustration,"I don't know.  I mean I've been looking for so long that I just figured that--  I mean, I think things like Monster are a lot more reliable than just some random free board."
426,6,Ses01F_impro04_M,neutral,Uh huh.
426,7,Ses01F_impro04_M,neutral,I'm just saying I have a friend that got a good job on it so I was just recommending it.
426,8,Ses01F_impro04_F,neutral,What kind of a job?
427,0,Ses03M_script01_1_F,frustration,he still thinks he's alive still.  I mean you could talk yourself blue in the face and there's no body and there's no grave so where are you?
427,1,Ses03M_script01_1_M,frustration,"Listen mom, just, sit down.  I want to talk to you."
427,2,Ses03M_script01_1_F,anger,No.  It's his god damned newspapers is what it is.  Now every month there's a new boy comes home and Larry's going to be the next one.
427,3,Ses03M_script01_1_M,frustration,Alright. Alright. Alright just listen.
427,4,Ses03M_script01_1_M,neutral,"You know why I asked Annie here, right?"
427,5,Ses03M_script01_1_F,anger,Why?
427,6,Ses03M_script01_1_M,neutral,You know.
427,7,Ses03M_script01_1_F,neutral,Well I have an idea but I don't know.  What's the story?
427,8,Ses03M_script01_1_M,neutral,I want to ask her to marry me.
427,9,Ses03M_script01_1_F,neutral,Well that's your business Chris.
428,0,Ses01F_impro02_F,sadness,Did you get the mail? So you saw my letter?
428,1,Ses01F_impro02_M,neutral,It's not fair.
428,2,Ses01F_impro02_F,sadness,Yeah.  I know.
428,3,Ses01F_impro02_M,sadness,"I don't understand.  You've already done so much, I don't know why do you have to go back."
428,4,Ses01F_impro02_F,sadness,I don't know.  I put in that. request too. They didn't...
428,5,Ses01F_impro02_F,neutral,"I guess, you know, everybody has to make sacrifices."
428,6,Ses01F_impro02_M,neutral,"I don't know, it's just not fair.  I think you've already made your sacrifice."
428,7,Ses01F_impro02_F,sadness,"There's people that have given more though, you know?"
428,8,Ses01F_impro02_M,frustration,I just don't see how they can make you leave when you have a new baby - we have a new kid.
428,9,Ses01F_impro02_F,sadness,I know.
429,0,Ses04M_impro01_M,frustration,Why are you being such a bitch?
429,1,Ses04M_impro01_F,frustration,"I'm sorry, but I can't do that."
429,2,Ses04M_impro01_M,frustration,"Please, will you please -- will you please just grab the form?"
429,3,Ses04M_impro01_F,anger,So go get in the other line or leave.  Or I will have you escorted out by security.
429,4,Ses04M_impro01_F,anger,Would you like to be kicked out of the D.M.V.?  You don't think that'll be a little embarrassing?
429,5,Ses04M_impro01_M,frustration,"Fine, which line is it?"
429,6,Ses04M_impro01_F,frustration,The one you just came from.
429,7,Ses04M_impro01_M,anger,"Okay, fine.  I'll go over there.  Thanks, a lot.  You've been really helpful."
429,8,Ses04M_impro01_F,anger,Yeah.  Thank you.  Have a pleasant day.
430,0,Ses03F_script01_1_M,frustration,The business. The business doesn't inspire me.
430,1,Ses03F_script01_1_F,frustration,"Oh, you have to be inspired."
430,2,Ses03F_script01_1_M,anger,Yes. I like it an hour out of the day. If I have to grub for money all day long at least that evening I want it beautiful. I want a wife. I want a family. I want some kids. I want to build something I can give myself to.
430,3,Ses03F_script01_1_M,anger,"Now, Annie's in the middle of all that."
430,4,Ses03F_script01_1_M,neutral,"Now, where do I find it?"
430,5,Ses03F_script01_1_F,neutral,Tell me something.
430,6,Ses03F_script01_1_F,neutral,You'd leave that business.
430,7,Ses03F_script01_1_M,neutral,Yes. On this I would.
430,8,Ses03F_script01_1_F,frustration,You can't do that.
430,9,Ses03F_script01_1_M,neutral,Then help me stay here.
431,0,Ses02M_impro03_F,neutral,"Do you think you'll get a house or something, like you guys are looking to buy some place or"
431,1,Ses02M_impro03_M,neutral,"Yea, yea, I'm not too sure where yet I guess you know, I kind of got to figure some stuff out here first"
431,2,Ses02M_impro03_F,neutral,Yeah. [LAUGHTER]
431,3,Ses02M_impro03_M,neutral,but like you know it's just - I guess we're just excited right now that we'll get to continue it together.
431,4,Ses02M_impro03_F,neutral,"Oh my Gosh. I cannot believe you're getting married, that is so cool."
431,5,Ses02M_impro03_M,neutral,I know.
431,6,Ses02M_impro03_F,neutral,"Golly, it just makes me all like romantic inside, like I really want that to happen to me. [LAUGHTER]"
431,7,Ses02M_impro03_M,happiness,"Oh, it will, obviously you know. But I know it's something - I don't know, you never really think about it happening, like before hand."
432,0,Ses05F_script01_3_M,sadness,"for instance, there's this one time.  It had been raining for several days.  And this kid came up to me and gave me his last pair of dry socks. you know, He just put them in my pocket."
432,1,Ses05F_script01_3_M,sadness,"I know that- that's not a big thing, but it's just the kind of guys I had. They didn't die. They- They killed themselves for each other."
432,2,Ses05F_script01_3_M,sadness,I mean that exactly that-a little more selfish and they would have still been here today.
432,3,Ses05F_script01_3_M,sadness,"And I got an ideal, watching them all go down.  Everything was being destroyed see and-"
432,4,Ses05F_script01_3_M,sadness,"but it seemed to me that something new was being created at the same time, a kind of responsibility, man for man.  Do you understand me?"
432,5,Ses05F_script01_3_M,sadness,And to show that-to-to bring that back onto the earth again like a- like a monument.  And everyone would have it standing behind them and- and it would make a difference for them.
432,6,Ses05F_script01_3_M,sadness,And then I went home and it was incredible.  It had no meaning here.
432,7,Ses05F_script01_3_M,sadness,"It was all like some kind of bus accident to them.  I went back to work with my dad, in that whole rat race again."
433,0,Ses02F_impro03_F,neutral,I'm so excited.
433,1,Ses02F_impro03_M,neutral,"Well, Tell me about him.  What happened."
433,2,Ses02F_impro03_F,neutral,"Remember how we had that date?  And I was like, oh yeah, this is a date, whatever."
433,3,Ses02F_impro03_F,neutral,"So after we sort of went out dinner and I was already like tired.  I wasn't all that excited and and so he's like let's go down to the beach and I was like no I don't want to the beach, like I'm tired. And he's like no, no we have to go.  And I was like okay, like that's a little weird."
433,4,Ses02F_impro03_F,neutral,"So, he--so we walked down to the pier and there's like these lights--like these little, like lights-- and we're like what's that? And he's like I don't know let's go find out."
433,5,Ses02F_impro03_F,neutral,So we walked down there and there's-[LAUGHTER]-And there's- this huge like ten foot heart in candles on the beach--
433,6,Ses02F_impro03_M,neutral,What?
433,7,Ses02F_impro03_F,neutral,"like all they have And I was like, what's going on?  And he like takes my hand and pulls me into the middle and he's like--you know, get's on his knee and everything--And says will you marry me? And I flipped out."
433,8,Ses02F_impro03_M,neutral,That--that is the most romantic thing I have ever heard.
434,0,Ses04M_script01_3_F,neutral,"Well, kind of embarrassed ever since I got here."
434,1,Ses04M_script01_3_M,neutral,The trouble is I planned on sneaking up on you over a period of a week or so.  But they take it for granted that we're all set.
434,2,Ses04M_script01_3_F,neutral,"I knew they would, your mother, anyway."
434,3,Ses04M_script01_3_M,neutral,How did you know?
434,4,Ses04M_script01_3_F,neutral,"From her point of view, why else would I come?"
434,5,Ses04M_script01_3_M,neutral,Well wouldn't you want to?
434,6,Ses04M_script01_3_M,neutral,I guess you know this is why I asked you to come.
434,7,Ses04M_script01_3_F,neutral,I guess this is why I came.
434,8,Ses04M_script01_3_M,neutral,"Ann, I love you.  I love you a great deal.  I love you."
435,0,Ses05M_script03_2_M,anger,"Oh, you're not going like this."
435,1,Ses05M_script03_2_F,anger,"Yes, I am. Let go with me"
435,2,Ses05M_script03_2_M,anger,"[GARBAGE] No, you're not."
435,3,Ses05M_script03_2_F,anger,"You are a cruel fiend and I-I loath you.  I thank God I realized who you are before I decided to marry you again.  Oh my God, never!"
435,4,Ses05M_script03_2_M,anger,oh! Marry you again? I wouldn't marry you again if you came crawling to me on bended knee.
435,5,Ses05M_script03_2_F,anger,Beast
435,6,Ses05M_script03_2_M,anger,You're a wicked little vampire.  And I pray to God I never set eyes on you again as long as I live.
435,7,Ses05M_script03_2_F,anger,Brute
435,8,Ses05M_script03_2_F,anger,pig
436,0,Ses01M_impro02_F,sadness,Mm hmm.  We'll build a bunker and never come out.
436,1,Ses01M_impro02_M,sadness,"I really don't want to go, I don't want to go..."
436,2,Ses01M_impro02_F,neutral,[LAUGHTER] Mmm.
436,3,Ses01M_impro02_M,neutral,I'm scared.
436,4,Ses01M_impro02_F,sadness,Don't say that.
436,5,Ses01M_impro02_F,neutral,I'll send you a letter every single day.
436,6,Ses01M_impro02_M,sadness,I love you.
436,7,Ses01M_impro02_F,neutral,I love you too.
437,0,Ses01F_script03_2_M,neutral,We were very much younger then.
437,1,Ses01F_script03_2_F,happiness,And very much sillier.
437,2,Ses01F_script03_2_M,neutral,However I believe the real cause of that row was Peter Burden.
437,3,Ses01F_script03_2_F,happiness,Oh.  You knew there was nothing in that.
437,4,Ses01F_script03_2_M,neutral,I knew nothing of the sort.  You took presents from him.
437,5,Ses01F_script03_2_F,happiness,"Presents?  It was only a trivial, little brooch."
437,6,Ses01F_script03_2_M,neutral,"It was bristling with diamonds.  In the worst possible taste, too."
437,7,Ses01F_script03_2_F,neutral,"It was not.  I still have it, and I wear it often.  It is very pretty."
437,8,Ses01F_script03_2_M,neutral,You went out of your way to torture me over Peter Burden.
438,0,Ses03M_impro06_F,sadness,just things happen in life and you just...there's just no explanation you know?  We just don't...
438,1,Ses03M_impro06_M,sadness,It's so fucked up.
438,2,Ses03M_impro06_F,sadness,Yeah.
438,3,Ses03M_impro06_F,sadness,I'm so sorry.
438,4,Ses03M_impro06_M,sadness,Why is that?
438,5,Ses03M_impro06_M,sadness,He was studying to be a doctor.
438,6,Ses03M_impro06_M,sadness,"I mean he was...he wanted to help people in poor countries, that is his goal.  He didn't care about the money.  He just wanted to go and help people."
438,7,Ses03M_impro06_M,sadness,What the...what am I doing?
438,8,Ses03M_impro06_M,sadness,Working for corporate America?  Wow.
439,0,Ses05M_script01_1b_F,sadness,What's he going to say?  Maybe we ought to tell him before he sees it.
439,1,Ses05M_script01_1b_M,neutral,He saw it.
439,2,Ses05M_script01_1b_F,neutral,"What do you mean?  I was the first one up, he was still in bed."
439,3,Ses05M_script01_1b_M,sadness,He was out here when it broke.
439,4,Ses05M_script01_1b_F,neutral,When?
439,5,Ses05M_script01_1b_M,sadness,About four this morning.  I heard it crack and I looked out the window and he was standing right there when it cracked.
439,6,Ses05M_script01_1b_F,neutral,What was he doing out here four in the morning?
439,7,Ses05M_script01_1b_M,sadness,"I don't know.  But after he saw it, he ran back into the house and started crying in the kitchen."
439,8,Ses05M_script01_1b_F,neutral,Did you talk to him?
440,0,Ses04F_impro02_M,sadness,So you're leaving tomorrow.
440,1,Ses04F_impro02_F,sadness,Yeah.  They just called.
440,2,Ses04F_impro02_M,sadness,This is really-this is unfair.
440,3,Ses04F_impro02_F,sadness,I know.
440,4,Ses04F_impro02_M,frustration,I don't see [BREATHING]
440,5,Ses04F_impro02_F,sadness,I don't know what to say.  I don't want to go but I don't have a lot of choice.
440,6,Ses04F_impro02_M,frustration,"I mean we both knew that this was going to happen.  It's just that I feel that, you know, I don't want Susie growing up without a mother."
440,7,Ses04F_impro02_M,sadness,"And, uh, I'm afraid that if you, you know, when you leave, you won't come back."
440,8,Ses04F_impro02_F,sadness,I'm going to come back.  I need you to believe that.
441,0,Ses01F_impro05_F,frustration,I waited the entire baggage- I waited for the whole baggage carousel four times.  They told me to go to the next one.  I waited through that for three planes and now I'm here.
441,1,Ses01F_impro05_M,neutral,Okay.  Great.  I'm really sorry that you had to do that.  What's your last name?  Let's start there.
441,2,Ses01F_impro05_F,frustration,Nash.
441,3,Ses01F_impro05_M,neutral,Okay.
441,4,Ses01F_impro05_F,neutral,No G.
441,5,Ses01F_impro05_M,neutral,all right- okay.  And you lost your bag? Is that- that the issue?
441,6,Ses01F_impro05_F,frustration,Yes.
441,7,Ses01F_impro05_F,anger,Flight seven fourteen.
441,8,Ses01F_impro05_M,neutral,Uh-huh.
442,0,Ses02F_impro02_F,sadness,You could send me pictures.
442,1,Ses02F_impro02_M,neutral,It's not going to be the same.
442,2,Ses02F_impro02_M,frustration,"What if--maybe--what if, uh, we went somewhere over there?  I don't--I don't know--I--I need to figure something out for this because--"
442,3,Ses02F_impro02_F,sadness,"Their not gonna let you.  You have to stay home and I have to go.  I mean, that's all--"
442,4,Ses02F_impro02_F,sadness,"and--I mean, my daughter--I don't want to put her in danger.  You know?  She has to stay."
442,5,Ses02F_impro02_M,frustration,This is gonna be a--a crucial yet--she's--she's growing up.  She's gonna need you.
442,6,Ses02F_impro02_F,sadness,"I know, but, she needs to be safe more.  She needs to be around kids her age--own age.  She needs to be able to play on the streets and--"
442,7,Ses02F_impro02_M,sadness,But she's--you're not gonna--you're not gonna be here for--for her first words.  For her first steps.  I mean--it's something that you're supposed to be here for that--
442,8,Ses02F_impro02_F,sadness,You can just remember it for me.
443,0,Ses01M_impro04_F,neutral,You seem kind of down.
443,1,Ses01M_impro04_M,neutral,I'm just mad.
443,2,Ses01M_impro04_F,neutral,How come?
443,3,Ses01M_impro04_M,frustration,It's--I've been trying to find this job I can't get any job.
443,4,Ses01M_impro04_M,frustration,It's not fair.
443,5,Ses01M_impro04_F,neutral,What do you mean?
443,6,Ses01M_impro04_M,frustration,"I mean I've been looking for a job for like three years and I can't get a job.  I mean like, it's America, right?  I should be able to get a job."
443,7,Ses01M_impro04_F,neutral,There's a lot of people looking for jobs.
443,8,Ses01M_impro04_M,frustration,"I guess.  But three years?  I mean, I like--I went to college even, I mean I didn't finish but I went for like a little bit.  It's not fair, I don't know."
444,0,Ses05M_script03_2_M,anger,I do believe that I have said already that I had three minuet liquor glasses of brandy in the entire evening.  A child of two couldn't get drunk of that.
444,1,Ses05M_script03_2_F,neutral,"Oh, no on the contrary, a child of two could get violently drunk on only one glass."
444,2,Ses05M_script03_2_M,anger,"Oh, really?  How about a child of three, or child of six, what about a child of nine?"
444,3,Ses05M_script03_2_F,anger,Not- Would you shut up.
444,4,Ses05M_script03_2_M,anger,"You know, we could get a really good debate going on about this.  You know intemperate tots."
444,5,Ses05M_script03_2_F,frustration,"You're not very funny, dear.  You better have some more brandy."
444,6,Ses05M_script03_2_M,anger,You know what?  That's a very good idea.  I think I will.
444,7,Ses05M_script03_2_M,anger,"You better turn that off, I think."
444,8,Ses05M_script03_2_F,neutral,Why?
445,0,Ses01F_impro07_M,neutral,Did you get the letter?
445,1,Ses01F_impro07_F,neutral,"Yes.  There's a big envelope it says, you're in. I know."
445,2,Ses01F_impro07_M,neutral,Yeah. That is so awesome.
445,3,Ses01F_impro07_M,neutral,Oh my God. What are you going to do? [LAUGHTER]
445,4,Ses01F_impro07_F,neutral,So I have to move back to the ghetto but...I know.
445,5,Ses01F_impro07_M,neutral,"Oh-Yeah, I bet you're really excited. Oh.  That's what loans are for?  Right? Exactly."
445,6,Ses01F_impro07_F,neutral,"I'm really excited.  Yeah. I don't know how I'm going to pay for anything, but... I also- Yeah.  Loans, too, yeah. I applied, though, for a bunch of grants and scholarships so I'm still waiting to hear on that."
445,7,Ses01F_impro07_M,neutral,"Oh.  Good, good.  That's awesome. Are you going to stay around here?  Or are you going to like get a different neighborhood- you going to move to a different neighborhood?"
445,8,Ses01F_impro07_F,neutral,"Oh- I know, I know, I know, I know."
445,9,Ses01F_impro07_F,neutral,"I don't know.  I spend so much time commuting as it is, I'd rather."
446,0,Ses03F_impro07_M,neutral,"Hey, Isabella."
446,1,Ses03F_impro07_F,neutral,"Hey, how's it going, Joe?"
446,2,Ses03F_impro07_M,neutral,I'm all right.
446,3,Ses03F_impro07_F,happiness,"Uh-, So I got some good news."
446,4,Ses03F_impro07_M,neutral,Yeah?
446,5,Ses03F_impro07_F,neutral,Yep.
446,6,Ses03F_impro07_M,neutral,You're not pregnant or anything.
446,7,Ses03F_impro07_F,neutral,Pregnant? What are you talking about? No.
446,8,Ses03F_impro07_M,neutral,"I know you've been trying to have a baby, right?"
447,0,Ses03M_impro04_M,frustration,-they're evicting me from my apartment.
447,1,Ses03M_impro04_F,neutral,"Well it doesn't make any sense though.  Like, with a Harvard degree you should be able to--"
447,2,Ses03M_impro04_M,neutral,Yeah.  I know.  You'd think I would be able to be C.E.O. of a company right?
447,3,Ses03M_impro04_F,neutral,"Just, you got to hang in there.  Can you ask your parents for help or anybody?"
447,4,Ses03M_impro04_M,frustration,"No.  I'm not going to...yeah, they'd laugh in my face."
447,5,Ses03M_impro04_F,neutral,"Just for a little bit, you know?  Cause I-I guarantee you're going to find something.  When you find something it's just going to be huge and you're going to get money."
447,6,Ses03M_impro04_M,frustration,No. I got a sixteen hundred on my S.A.T..
447,7,Ses03M_impro04_F,neutral,Something-- How are you going...?
447,8,Ses03M_impro04_M,frustration,I'm freaking----typing sixty words a minute.
448,0,Ses03F_script01_2_M,neutral,"Well, so what?"
448,1,Ses03F_script01_2_F,neutral,"What's going on here, Joe?"
448,2,Ses03F_script01_2_M,frustration,"Listen, kid-"
448,3,Ses03F_script01_2_F,anger,She's not Larry's girl. She knows that.
448,4,Ses03F_script01_2_M,neutral,You can't read her mind.
448,5,Ses03F_script01_2_F,neutral,Then why is she married? Then why isn't she married? She's been in New York and there's hundreds of single men there.
448,6,Ses03F_script01_2_F,neutral,"I'm sure hundreds of them asked her and told her that she's foolish, but no."
448,7,Ses03F_script01_2_F,neutral,She's waited.
449,0,Ses03M_impro04_M,anger,Cause I went to Harvard.
449,1,Ses03M_impro04_F,neutral,"Well, that's what?  For what job?  Who...what jobs are you looking for?"
449,2,Ses03M_impro04_M,frustration,I applied as restaurant manager at P.F. Chang.  I applied at----Macy's store manager. Tried to get investment banking job with Deloitte and Touche.  I'm trying everywhere.
449,3,Ses03M_impro04_F,neutral,"But, Listen--"
449,4,Ses03M_impro04_F,neutral,"Yeah.  Well it seems to me, you know, you just got to keep going out there, you know, pushing through.  You got a Harvard degree.  I mean, you can get a job anywhere."
449,5,Ses03M_impro04_M,frustration,You know what?  I've been working at temp jobs for the past six months.  You know how degrading it is?
449,6,Ses03M_impro04_F,sadness,Yeah.
449,7,Ses03M_impro04_M,neutral,To be a receptionist?  Oh I spent forty thousand dollar a year for my college degree and I'm a receptionist.  God.
449,8,Ses03M_impro04_F,sadness,Yeah.
450,0,Ses02M_script02_1_M,neutral,What time is it? They're supposed to run around midnight.
450,1,Ses02M_script02_1_M,neutral,"God, this great, isn't it? Like look at the night we go here, it couldn't be better."
450,2,Ses02M_script02_1_M,neutral,"I would have wanted to go a little further up the coast, get away from the lights and the people but I was afraid we'd miss it."
450,3,Ses02M_script02_1_M,neutral,How you doing?
450,4,Ses02M_script02_1_F,neutral,Fine.
450,5,Ses02M_script02_1_M,neutral,"Is that -- is that, no? Was that just foam? I can't even tell."
450,6,Ses02M_script02_1_M,neutral,"Although, I guess you can't tell it probably isn't them. Probably be unmistakable don't you think?"
450,7,Ses02M_script02_1_M,neutral,How you doing? You know what I forgot? I forgot to bring my flashlight. How - how could I forget to bring my flashlight? How could I be so stupid?
450,8,Ses02M_script02_1_F,neutral,What flashlight?
451,0,Ses05F_script01_1_F,sadness,What's he going to say? Maybe we should tell him before he sees it.
451,1,Ses05F_script01_1_M,sadness,He saw it.
451,2,Ses05F_script01_1_F,neutral,How could he see it?  I was the first one up.  He was still in bed.
451,3,Ses05F_script01_1_M,sadness,He was out here when it broke.
451,4,Ses05F_script01_1_F,neutral,When?
451,5,Ses05F_script01_1_M,sadness,"Around Four this morning, and there was a crack and I looked out.  We're standing right there when I cracked."
451,6,Ses05F_script01_1_F,neutral,What was he doing out here at four in the morning?
451,7,Ses05F_script01_1_M,sadness,I don't know.  but When it cracked he ran back into the house and start to cry in the kitchen.
451,8,Ses05F_script01_1_F,sadness,Did you talk to him?
452,0,Ses03M_impro08b_M,neutral,Oh.  I'm sorry. Um- Did you drop it in water?
452,1,Ses03M_impro08b_F,anger,"Yeah, yeah, yeah you better be sorry."
452,2,Ses03M_impro08b_F,anger,No I did not drop my phone in water.  I'm not five years old and just dropped my phone anywhere I see it.  Okay this is my business.
452,3,Ses03M_impro08b_F,frustration,Okay?  And it [GARBAGE]. My business is failing because my phone isn't working and I don't have a land line and I really can't handle this right now.
452,4,Ses03M_impro08b_M,neutral,Okay.
452,5,Ses03M_impro08b_M,neutral,"Um- well it's probably easy.  Can you any more symptoms either you're not receiving calls----ok, you're not receiving calls, not getting calls."
452,6,Ses03M_impro08b_F,frustration,"the symptoms- This [GARBAGE] a doctor's office. I'm not receiving calls...I can't receive- no, it's, it cuts me off--"
452,7,Ses03M_impro08b_M,neutral,Is the phone turned on?
453,0,Ses04F_script03_2_M,anger,You let him kiss you.  You said you did.
453,1,Ses04F_script03_2_F,anger,What of it?
453,2,Ses04F_script03_2_M,anger,What of it?
453,3,Ses04F_script03_2_F,neutral,It gave him a lot of pleasure and it didn't hurt me.
453,4,Ses04F_script03_2_M,anger,What about me?
453,5,Ses04F_script03_2_F,neutral,"If you hadn't been so nosey, you never would have known a thing about it."
453,6,Ses04F_script03_2_M,anger,"That's a nice point of view, I must say."
453,7,Ses04F_script03_2_F,frustration,"Oh, dear.  I'm bored with this conversation."
453,8,Ses04F_script03_2_M,neutral,So am I.  Bored stiff.  Want some brandy?
454,0,Ses03M_script03_2_F,anger,What?
454,1,Ses03M_script03_2_M,frustration,Nothing.
454,2,Ses03M_script03_2_F,neutral,[BREATHING]
454,3,Ses03M_script03_2_M,frustration,Going out somewhere dear?
454,4,Ses03M_script03_2_F,neutral,"No, just making myself beautiful for you."
454,5,Ses03M_script03_2_M,neutral,That reply has broken my heart.
454,6,Ses03M_script03_2_F,neutral,That's the woman's job to lure the man.  Watch me a moment won't you?
454,7,Ses03M_script03_2_M,neutral,Actually that's perfectly true.
454,8,Ses03M_script03_2_F,neutral,No it isn't.
455,0,Ses02M_impro01_F,neutral,there is nothing I can do.
455,1,Ses02M_impro01_M,neutral,"But my driver's license - I had to have my birth certificate to get my driver's license in the first place right, I mean this - here is my driver's license so"
455,2,Ses02M_impro01_F,frustration,"I know sir, but we have to have two forms. There is nothing I can do about it, I'm sorry."
455,3,Ses02M_impro01_M,frustration,That doesn't make any sense. Why?
455,4,Ses02M_impro01_F,frustration,"I'm sorry, sir. There is nothing I can do."
455,5,Ses02M_impro01_M,anger,You- shouldn't you have like a sign or something maybe like up on the counter when you get the applica- maybe on the application
455,6,Ses02M_impro01_F,frustration,"Well, if you had checked the web site it would have said."
455,7,Ses02M_impro01_F,frustration,If you had checked the website it would have said that you needed two forms of identification.
456,0,Ses05F_script01_1_F,neutral,Well I got an idea.  But what's the story?
456,1,Ses05F_script01_1_M,neutral,I'm going to ask her to marry me.
456,2,Ses05F_script01_1_F,neutral,"Well that's nobody's business but yours, Chris."
456,3,Ses05F_script01_1_M,frustration,You know that's not just my business.
456,4,Ses05F_script01_1_F,neutral,"What- What am - what are you going to do, I mean you're old enough to make up your own mind?"
456,5,Ses05F_script01_1_M,frustration,So it's all right.  I can go ahead with it then?
456,6,Ses05F_script01_1_F,neutral,Well you're want to make sure your father isn't you know going to--lose them
456,7,Ses05F_script01_1_M,neutral,Then it's not only my business.  Sometimes you infuriate me.  You know that?
457,0,Ses02M_script02_1_M,frustration,"You know the flashlight, the silver one, there is only one, isn't there?"
457,1,Ses02M_script02_1_F,frustration,That's not your flashlight.
457,2,Ses02M_script02_1_M,frustration,Who's is it?
457,3,Ses02M_script02_1_F,frustration,It's ours; it's mine too.
457,4,Ses02M_script02_1_M,neutral,"Oh well, sure, yes."
457,5,Ses02M_script02_1_F,frustration,But you kept saying my flashlight as if somehow it's just yours. I mean how is it supposed to make me feel?
457,6,Ses02M_script02_1_M,neutral,"No. No. Of course our flashlight yours and mine. Mi flashlight, es su flashlight, naturally."
457,7,Ses02M_script02_1_M,neutral,How could we forget to bring it?  I hope the moon stays out.
457,8,Ses02M_script02_1_M,neutral,"I wonder do they always run during a full moon? I can't remember if it was full last year, do you remember?"
458,0,Ses03M_script01_3_F,neutral,"Tell me what's wrong.  I mean, even in your letters you seemed ashamed."
458,1,Ses03M_script01_3_M,neutral,"Well, yes I guess I've been ashamed but, it's going from me."
458,2,Ses03M_script01_3_F,neutral,You got to tell me.
458,3,Ses03M_script01_3_M,neutral,I don't know where to start.
458,4,Ses03M_script01_3_F,neutral,Okay.  It wouldn't work like this?
458,5,Ses03M_script01_3_M,sadness,You remember overseas I was in command of a company?
458,6,Ses03M_script01_3_F,neutral,"Yeah, sure."
458,7,Ses03M_script01_3_M,sadness,Well I lost them.
459,0,Ses05F_script01_3_F,happiness,"Like Larry's brother.  Do it like you, Chris.  Chris, what's the matter?"
459,1,Ses05F_script01_3_M,neutral,Let's Let's drive someplace.  I- I want to be alone with you.
459,2,Ses05F_script01_3_F,neutral,"No, what is it, your mother?"
459,3,Ses05F_script01_3_M,neutral,"No, nothing like that."
459,4,Ses05F_script01_3_F,neutral,"What is it?  Even in your letters, there is something ashamed."
459,5,Ses05F_script01_3_M,sadness,"Yeah, I suppose I have been.  But it's going from me."
459,6,Ses05F_script01_3_M,neutral,I don't know how to start.
459,7,Ses05F_script01_3_F,sadness,It wouldn't work like this.
460,0,Ses03F_script01_3_F,neutral,"Yeah, they would. Especially your mom."
460,1,Ses03F_script01_3_M,neutral,"Well, uh- would you want to?"
460,2,Ses03F_script01_3_M,happiness,"I, I guess that's why I asked you to come."
460,3,Ses03F_script01_3_F,happiness,"Well, I mean,"
460,4,Ses03F_script01_3_M,happiness,"Oh, Annie."
460,5,Ses03F_script01_3_F,happiness,"from her opinion, why else would I come here?"
460,6,Ses03F_script01_3_M,happiness,"Annie, I love you."
460,7,Ses03F_script01_3_M,happiness,I love you a great deal.
460,8,Ses03F_script01_3_M,happiness,I-I love you. I have no imagination. That's all I know how to tell it.
461,0,Ses03M_impro02_M,sadness,Hey sweetie.
461,1,Ses03M_impro02_M,sadness,Hey.
461,2,Ses03M_impro02_F,happiness,Um.
461,3,Ses03M_impro02_F,neutral,"How's it- going?  Oh I'm so tired.  Oh, I just woke up. Mmm."
461,4,Ses03M_impro02_F,neutral,What's going on?
461,5,Ses03M_impro02_M,sadness,"Uh, -Um"
461,6,Ses03M_impro02_F,happiness,Why the sad face?
461,7,Ses03M_impro02_M,sadness,they need me out there sooner than I thought
461,8,Ses03M_impro02_F,neutral,Where?  Who?  What are you talking about?
462,0,Ses01M_impro02_F,sadness,You're going with the same ones?
462,1,Ses01M_impro02_M,sadness,Do promise me you're going to take a lot of pictures.
462,2,Ses01M_impro02_F,neutral,"Always, I always do."
462,3,Ses01M_impro02_M,sadness,I know.
462,4,Ses01M_impro02_F,sadness,It's not the same though.
462,5,Ses01M_impro02_M,sadness,I just wish there was something I could do.
462,6,Ses01M_impro02_F,neutral,We could hide away.
462,7,Ses01M_impro02_M,sadness,Run away?
463,0,Ses02M_impro04_M,frustration,"Uhm, I don't know"
463,1,Ses02M_impro04_F,neutral,So how you feeling?
463,2,Ses02M_impro04_M,frustration,I don't know what I'm going to do about this; I mean
463,3,Ses02M_impro04_M,frustration,"I have got to get a job, you know? Like-"
463,4,Ses02M_impro04_F,neutral,"You've been doing a lot of work for it, right?"
463,5,Ses02M_impro04_M,frustration,"Well, yea you know, I get my resumes and I mean I-"
463,6,Ses02M_impro04_F,neutral,"Right, so the fact you doing the best that you can is -"
463,7,Ses02M_impro04_M,frustration,"I go out all the places I can, every place that'll give an interview you know."
463,8,Ses02M_impro04_F,neutral,"you know you shouldn't give yourself a hard time for that, it's the best you can."
464,0,Ses04M_script03_2_M,anger,You're not going like this.
464,1,Ses04M_script03_2_F,anger,"Oh, yes, I am."
464,2,Ses04M_script03_2_M,anger,"No, you're not."
464,3,Ses04M_script03_2_F,anger,"Let go of me.  You're a cruel fiend and I hate and loath you.  Thank God, I discovered in time what you're really like."
464,4,Ses04M_script03_2_M,anger,Shut up. Shut up.
464,5,Ses04M_script03_2_M,anger,"You're a mean, evil minded"
464,6,Ses04M_script03_2_F,anger,Marry you again? Huh.
464,7,Ses04M_script03_2_M,anger,little vampire And I hope to God I never set eyes on you as long as I live.
464,8,Ses04M_script03_2_F,anger,"Never, never, never.  I'd rather die in torment. Beast brute."
464,9,Ses04M_script03_2_M,anger,Whore.
464,10,Ses04M_script03_2_F,anger,Swine.
465,0,Ses05M_impro02_M,sadness,"I'm gonna be in Bagdad, just doing security."
465,1,Ses05M_impro02_F,neutral,"Are you gonna be like in tanks running around?  What- I mean, what does that mean?"
465,2,Ses05M_impro02_M,neutral,"Yeah, it's gonna be everything.  I'm gonna be in the front.  I'll be -- it's not gonna be safe."
465,3,Ses05M_impro02_F,neutral,"Oh, my God."
465,4,Ses05M_impro02_M,sadness,I just want to be honest with you.  I don't want you to .
465,5,Ses05M_impro02_M,sadness,"but, it's gonna be fine.  I'm gonna be fine.  You know I'm good at this.  I can do this.  That's why I trained all this time.  I'm good at this.  Okay?"
465,6,Ses05M_impro02_F,neutral,But so many people have died.
465,7,Ses05M_impro02_M,sadness,"I know.  I know.  I know.  But, you know what?  That doesn't mean it's gonna be me; does it?"
466,0,Ses03M_impro05a_M,neutral,Yes.  You are a Delta representative.
466,1,Ses03M_impro05a_F,neutral,"Yes, I am."
466,2,Ses03M_impro05a_M,anger,What is the matter with you?
466,3,Ses03M_impro05a_F,anger,"Sir, I just...you need to calm down is what needs to happen right now."
466,4,Ses03M_impro05a_M,anger,Don't yell at me.
466,5,Ses03M_impro05a_F,frustration,"Okay.  I'm not.  I'm sorry, I am being--"
466,6,Ses03M_impro05a_F,frustration,"calm.  Sir, okay basically what- what's going to happen here is you're going to give me your contact information and we will contact you--"
466,7,Ses03M_impro05a_M,anger,Oh my God.  I think a blood vessel burst in my head.
467,0,Ses03F_script03_1_F,neutral,"Darling, I believe you're talking nonsense."
467,1,Ses03F_script03_1_M,neutral,So is everyone else in the long run. Let's be superficial and pity the poor philosophers.
467,2,Ses03F_script03_1_M,neutral,"Let's blow strumpets, blow-blow trumpets and squeakers and party as much as we can like small quite idiotic school children. Let's savor the delight of the moment. Come, kiss me darling, before worms pop in and out of your eye sockets."
467,3,Ses03F_script03_1_F,neutral,"Elliott, worms don't pop."
467,4,Ses03F_script03_1_M,neutral,"I don't care what you do, see? As long-you can paint yourself bright green all over and dance naked in the Place Vendome and rush off madly with all the men in the world and I shan't say a word as long as you love me best."
467,5,Ses03F_script03_1_F,neutral,"Thank you, dear. The same applies to you. Except that if I ever so much as catch you looking at another woman I'll kill you."
467,6,Ses03F_script03_1_M,neutral,Remember that awful scene we had in Venice?
467,7,Ses03F_script03_1_F,neutral,Which particular one?
467,8,Ses03F_script03_1_M,neutral,The one when you bought that little painted wooden snake in the Piazza and put it in my bed.
468,0,Ses04M_script03_2_M,neutral,"That was a rouser, wasn't it?"
468,1,Ses04M_script03_2_F,anger,That was the first time you ever hit me.
468,2,Ses04M_script03_2_M,neutral,I didn't hit you very hard.
468,3,Ses04M_script03_2_F,happiness,"The manager came in and found us rolling about on the floor, biting and scratching like panthers.  Oh, dear."
468,4,Ses04M_script03_2_M,neutral,I shall never forget his face.
468,5,Ses04M_script03_2_F,happiness,"How ridiculous.  How utterly, utterly ridiculous."
468,6,Ses04M_script03_2_M,neutral,We were very much younger then.
468,7,Ses04M_script03_2_F,happiness,And very much sillier.
468,8,Ses04M_script03_2_M,frustration,"As a matter of fact, the real cause of that row was Peter Burden."
468,9,Ses04M_script03_2_F,neutral,You knew there was nothing in that.
468,10,Ses04M_script03_2_M,frustration,I knew nothing of the sort.  You took presents from him.
469,0,Ses01M_script01_1_F,anger,"All right but you don't think like that because what the hell is this all for.  This is all for you, what are we working for Chris? The whole shooting match is for you."
469,1,Ses01M_script01_1_M,neutral,"I know, I know."
469,2,Ses01M_script01_1_M,sadness,Then help me stay.
469,3,Ses01M_script01_1_F,anger,"Well, you don't think like that."
469,4,Ses01M_script01_1_M,anger,I am thinking like that.
469,5,Ses01M_script01_1_F,anger,"I don't understand you, do I?"
469,6,Ses01M_script01_1_M,sadness,"No, you don't.  I'm a pretty tough guy."
469,7,Ses01M_script01_1_F,anger,"Well, I can see that."
470,0,Ses04F_impro07_M,neutral,"No, seriously. No, seriously, you should do it."
470,1,Ses04F_impro07_F,neutral,The campus is beautiful. I'm so excited.
470,2,Ses04F_impro07_M,neutral,I know but you should get like a taser or something.  I mean walking around the campus at night-
470,3,Ses04F_impro07_F,neutral,"Do you want to buy me some mace for my, you know, going away present?"
470,4,Ses04F_impro07_M,neutral,I'll get you- I'll get you a bottle of mace.
470,5,Ses04F_impro07_F,neutral,There we go.  Perfect.
470,6,Ses04F_impro07_M,neutral,And a taser and a knife.
470,7,Ses04F_impro07_F,neutral,And a taser.  Excellent.  Just make sure it's a big knife.
470,8,Ses04F_impro07_M,neutral,And you'll be fully loaded.
470,9,Ses04F_impro07_F,neutral,I don't want any of those little puny ones.
470,10,Ses04F_impro07_M,neutral,"So, um- so what are you going to- what are you going to major in?"
470,11,Ses04F_impro07_F,neutral,Well I was thinking maybe underwater basket weaving.
470,12,Ses04F_impro07_M,neutral,"Underwater basket weaving, my god."
470,13,Ses04F_impro07_F,neutral,"U.S.C. has a major in that, right."
470,14,Ses04F_impro07_M,neutral,They have- they have that
470,15,Ses04F_impro07_F,neutral,They have - U.S.C. has everything because U.S.C. is the best school ever.
470,16,Ses04F_impro07_M,neutral,they have that as a major?
471,0,Ses01M_impro01_F,anger,Probably.
471,1,Ses01M_impro01_M,frustration,You're very helpful.  What's your name?
471,2,Ses01M_impro01_F,neutral,Joy.
471,3,Ses01M_impro01_M,neutral,"Hi, Joy."
471,4,Ses01M_impro01_F,neutral,Hi.   You know...
471,5,Ses01M_impro01_M,frustration,So can you help me or not?
471,6,Ses01M_impro01_F,frustration,I am..I don't..I don't understand what you want.  A driver's license or a California ID.
471,7,Ses01M_impro01_M,frustration,Okay. [BREATHING]
472,0,Ses05F_impro02_M,sadness,"Yeah, we'll call them.  We'll figure something out.  I'm sorry, I'm sorry, I'm sorry.  You're right."
472,1,Ses05F_impro02_F,sadness,I'm going to miss their first words.
472,2,Ses05F_impro02_M,sadness,I know.
472,3,Ses05F_impro02_F,sadness,You'll have to send me pictures and letters everyday.
472,4,Ses05F_impro02_M,sadness,"All the time, every day, every day.  They have e-mail over there and stuff like that, right? I can send you pictures."
472,5,Ses05F_impro02_F,neutral,I don't know. I hope so.
472,6,Ses05F_impro02_M,neutral,You have to call me all the time whenever you can.  You have to tell me what you're doing and how you're doing.  Okay?
472,7,Ses05F_impro02_F,sadness,"Yeah, as much as I can."
473,0,Ses04M_impro08_M,frustration,Thank you for calling Sprint.  We care about everybody.  How can I help you?
473,1,Ses04M_impro08_F,frustration,Hi.  I've been on the phone for an hour trying to get a little discrepancy on my bill fixed.  I was charged for two hundred dollars worth of calls that I didn't make.
473,2,Ses04M_impro08_M,neutral,Are you sure you didn't make them?
473,3,Ses04M_impro08_F,frustration,I'm positive.  They came from like another state.
473,4,Ses04M_impro08_M,frustration,"Can I get your phone number, please?"
473,5,Ses04M_impro08_F,frustration,"Uh. Yeah, I just gave it to the automated thing like five times."
473,6,Ses04M_impro08_M,frustration,I'm going to need it again.  I need to look at your file.  If you want me to look at your file--
473,7,Ses04M_impro08_F,frustration,Okay.  three two three six nine seven five zero six six.  Can we move on?
473,8,Ses04M_impro08_M,neutral,Okay.
474,0,Ses01M_impro04_M,anger,What?
474,1,Ses01M_impro04_F,neutral,"Well, you know a little.  If you were to listen to--"
474,2,Ses01M_impro04_M,frustration,"Okay.  You're my friend you can tell me stuff.  You can tell me honestly stuff, okay?  Please."
474,3,Ses01M_impro04_F,neutral,I just don't want you to fly off the handle.
474,4,Ses01M_impro04_M,frustration,"Okay, I'm not flying off the handle I don't think I'm flying off the handle here at all."
474,5,Ses01M_impro04_F,neutral,You kind of have a short fuse.
474,6,Ses01M_impro04_M,frustration,I have a short fuse?
474,7,Ses01M_impro04_F,neutral,Yeah.
474,8,Ses01M_impro04_M,anger,"Okay. Okay no, no, no, no okay no, I need to hear this more. Come on, bring it."
475,0,Ses04F_impro02_F,neutral,You know- you know how this works.  I have to go.
475,1,Ses04F_impro02_M,frustration,Then go.  We'll be here when you get back.
475,2,Ses04F_impro02_F,anger,That's how you want to leave it?
475,3,Ses04F_impro02_M,sadness,"I don't know how else to leave it.  What, do you want me to lie to you?"
475,4,Ses04F_impro02_M,sadness,You want me tell you that I'm okay with it?
475,5,Ses04F_impro02_F,sadness,I want you to be okay with it as much as you can be.  I mean it's not a great situation but we don't have an option here.
475,6,Ses04F_impro02_M,sadness,Well I can't be okay with it the same way you can't not go.  It just doesn't work that way.
475,7,Ses04F_impro02_F,sadness,Fine.
476,0,Ses01F_impro04_M,neutral,I- I-I didn't-- okay.
476,1,Ses01F_impro04_F,anger,Oh.  I'm saving the environment. I'm riding this car because I- I want to.
476,2,Ses01F_impro04_M,neutral,What?  No.
476,3,Ses01F_impro04_M,frustration,What? Oh.  So now you're...
476,4,Ses01F_impro04_F,anger,"The bus, I'm riding the bus because I want to."
476,5,Ses01F_impro04_M,frustration,you know what?  You don't have to take your anger and your hurt out on me.
476,6,Ses01F_impro04_F,anger,I can not-- you are not here by choice.  Nobody would ride this bus by choice.
476,7,Ses01F_impro04_M,neutral,Why not?
477,0,Ses01M_impro07_M,neutral,"Yeah, well I doubt [GARBAGE] ping pong [GARBAGE]"
477,1,Ses01M_impro07_F,neutral,I mean not to denigrate what you are doing.  I think that's great.
477,2,Ses01M_impro07_M,neutral,Oh you mean it's not really sport that what you're saying?
477,3,Ses01M_impro07_F,neutral,"No, no.  I love softball. I played softball all the time."
477,4,Ses01M_impro07_M,neutral,It's totally a sport. What are you talking about?
477,5,Ses01M_impro07_M,neutral,"What, just 'cause I don't play regular baseball doesn't mean I'm like any less of like a sports guy."
477,6,Ses01M_impro07_F,neutral,I am not saying you should be. I'm not no. I think it's great I think you should be incredibly proud yourself especially because you're going to U.S.C for free for doing it. For free.
477,7,Ses01M_impro07_M,neutral,For free that's really what it's about. I mean who cares I mean if I have to play softball all the time?
478,0,Ses04F_impro03_F,neutral,That would work.
478,1,Ses04F_impro03_M,neutral,Yeah?
478,2,Ses04F_impro03_F,neutral,"Throw in a little- little, uh, trim in yellow.  Maybe some yellow flowers."
478,3,Ses04F_impro03_M,neutral,"Okay.  That sounds good. Um, and, uh, we're going to get like a five, uh, story cake, right?"
478,4,Ses04F_impro03_F,neutral,"Yeah.  I hadn't actually thought about the cake yet, but"
478,5,Ses04F_impro03_M,neutral,"I mean, you know, you're going to have at least, like, two hundred and fifty people come.  So we're going to need, you know, just a huge buffet."
478,6,Ses04F_impro03_F,neutral,Yes.
478,7,Ses04F_impro03_M,neutral,"Fried chicken, mashed potatoes."
478,8,Ses04F_impro03_F,neutral,See this is why you have to help.
478,9,Ses04F_impro03_F,neutral,because you're going to take care of everything.  You're going to think of all the details that I forget.
479,0,Ses01M_impro07_M,neutral,But I don't know I want to live in the housing that they give me though 'cause I think I want to you know like get like a nicer place.
479,1,Ses01M_impro07_F,neutral,Oh.
479,2,Ses01M_impro07_F,neutral,"Yeah, that you probably. You should see one of these Victorian houses around by."
479,3,Ses01M_impro07_M,neutral,Where should I move?
479,4,Ses01M_impro07_M,neutral,"That's a really good idea. Or I could go to like Santa Monica. Go beach. Venice beach, yeah a little dirty though. I don't want to go to Venice beach. But - Malibu. All right."
479,5,Ses01M_impro07_F,neutral,Oh. Venice beach.
479,6,Ses01M_impro07_F,neutral,"Oh, you don't like that. You're west-sider?"
479,7,Ses01M_impro07_F,neutral,"Okay. That would be way too much of a commute you can't do that. Especially- I know especially from--I don't know, what I was going to say, I don't know."
479,8,Ses01M_impro07_M,happiness,Professional softball player Malibu. [LAUGHTER]
480,0,Ses02M_script01_1_M,sadness,"I don't know, I'll find out. Then we'll trash it out with dad, right? Mom, don't avoid me."
480,1,Ses02M_script01_1_F,anger,"Trouble is you don't see enough women, you never did."
480,2,Ses02M_script01_1_M,frustration,So what I'm not fast with women.
480,3,Ses02M_script01_1_F,anger,I just don't see why it has to be Annie.
480,4,Ses02M_script01_1_M,frustration,Because it is.
480,5,Ses02M_script01_1_F,frustration,That's a good answer but it doesn't answer anything. I mean you haven't seen her since you went away to war it's five years.
480,6,Ses02M_script01_1_M,frustration,"I can't help it I know her best. I mean lived next door to her my whole life. These years when I think of a wife, I think of Annie."
480,7,Ses02M_script01_1_M,neutral,"What do you want, a diagram?"
480,8,Ses02M_script01_1_F,frustration,"I don't want a diagram. He thinks he's coming back. Chris, you marry this girl you're pronouncing him dead."
481,0,Ses04M_impro08_F,neutral,"Okay, cool."
481,1,Ses04M_impro08_M,neutral,"Umm, Miss Aruckman"
481,2,Ses04M_impro08_F,neutral,Yes.
481,3,Ses04M_impro08_M,neutral,I am seeing the two hundred dollar charge.
481,4,Ses04M_impro08_F,frustration,"Yes, and I've been through all of the menus, pushed one and star and pound and all of that stuff and I'm just trying to get through to a person who can"
481,5,Ses04M_impro08_M,frustration,Well I'm looking at these.
481,6,Ses04M_impro08_F,frustration,"take off the charges that came from like Nebraska or wherever because, obviously, I didn't make those."
481,7,Ses04M_impro08_F,frustration,So can you please refund the mischarged charges
481,8,Ses04M_impro08_M,neutral,So you're saying that you didn't make these calls.
482,0,Ses03M_impro05a_M,anger,"You're the manager? You don't know where you work for, you don't know where you're at and you're the manager?"
482,1,Ses03M_impro05a_F,neutral,Sir I know where I work for but I was checking because you cannot--
482,2,Ses03M_impro05a_M,anger,Whose daughter are you?
482,3,Ses03M_impro05a_F,frustration,Sir?
482,4,Ses03M_impro05a_M,anger,Sir. Sir. Sir. Sir
482,5,Ses03M_impro05a_F,anger,What is your name?
482,6,Ses03M_impro05a_M,anger,My name is Brent Caption.
482,7,Ses03M_impro05a_M,neutral,Now what are you going to do about it?
483,0,Ses05M_script03_2_M,neutral,"Yes, it is."
483,1,Ses05M_script03_2_F,anger,"No, it it is not, be quiet."
483,2,Ses05M_script03_2_M,anger,It's a pity you didn't have a little bit more brandy.  It might have made you a little less disagreeable.
483,3,Ses05M_script03_2_F,neutral,"hum, It doesn't seem to have worked such wonders with you."
483,4,Ses05M_script03_2_M,neutral,"oh, Snap, snap, snap.  Like a little Adder."
483,5,Ses05M_script03_2_F,neutral,"Adders don't snap, they sting."
483,6,Ses05M_script03_2_M,frustration,"Nonsense, they've got a little bag of venom behind their fangs and they snap!"
483,7,Ses05M_script03_2_F,frustration,They sting.
483,8,Ses05M_script03_2_M,anger,They snap.
484,0,Ses03F_script03_1_M,neutral,Who knows?
484,1,Ses03F_script03_1_F,neutral,Shall we always want to bicker and fight?
484,2,Ses03F_script03_1_M,neutral,No. The fire will fade along with our passion.
484,3,Ses03F_script03_1_F,sadness,"Oh dear, well, shall we want that?"
484,4,Ses03F_script03_1_M,neutral,Depends on how well we play it.
484,5,Ses03F_script03_1_F,sadness,"Well, what if happens if one of us is to die? Does the one that's left still laugh?"
484,6,Ses03F_script03_1_M,neutral,"Yes, yes. Yes, he must with all his might."
484,7,Ses03F_script03_1_F,neutral,"Well, that's serious enough."
484,8,Ses03F_script03_1_M,neutral,"No. No, it isn't. Death's very laughable. A cunning little mystery. All done with mirrors."
485,0,Ses01M_script01_3_F,neutral,Well I guess that's why I came.
485,1,Ses01M_script01_3_M,happiness,"Ann, I love you.  I love you."
485,2,Ses01M_script01_3_M,neutral,I love you a great deal.
485,3,Ses01M_script01_3_M,neutral,I'm sorry I don't really have much of an imagination.
485,4,Ses01M_script01_3_F,neutral,"Chris,"
485,5,Ses01M_script01_3_M,neutral,"I'm sorry I'm embarrassing you, aren't I?  See, I didn't want to do it here I didn't on this porch, with this ring--I didn't want to win you away from anything."
485,6,Ses01M_script01_3_F,neutral,"I've been ready a long, long time."
485,7,Ses01M_script01_3_M,neutral,So then he's gone.  You sure?
485,8,Ses01M_script01_3_F,neutral,I almost got married two years ago.
486,0,Ses05F_script02_1_M,neutral,"I didn't even think to bring a six-pack.  A six-pack would be just the thing right about now. I can't believe I forgot.  And look at kid, I am surprise I make it out of the house about flies it."
486,1,Ses05F_script02_1_M,neutral,[LAUGHTER] I wonder if they can hear me talk or if they can feel the vibration in the sand when we are moving around
486,2,Ses05F_script02_1_F,neutral,I am cold.
486,3,Ses05F_script02_1_M,neutral,you want my jacket?
486,4,Ses05F_script02_1_F,neutral,"It's after eleven, let's go home."
486,5,Ses05F_script02_1_M,neutral,"Are you kidding?  We'd miss it. We just got here, what's the point of coming out here if we are just going to leave."
486,6,Ses05F_script02_1_F,frustration,There is no point in coming out here.
486,7,Ses05F_script02_1_M,neutral,Right.
487,0,Ses03F_script01_3_F,happiness,"Well, I guess that's why I came."
487,1,Ses03F_script01_3_M,happiness,"I'm embarrassing you. I didn't want to tell you it here. I wanted to go somewhere that would be brand-new to each other. It feels wrong here, don't you? This yard and this chair."
487,2,Ses03F_script01_3_M,happiness,I don't want to win you from anybody. I want you to be ready for me.
487,3,Ses03F_script01_3_F,happiness,"I've been ready for a long, long time."
487,4,Ses03F_script01_3_M,neutral,Then he's gone forever. You're sure?
487,5,Ses03F_script01_3_F,neutral,Look
487,6,Ses03F_script01_3_F,neutral,I was almost married two years ago.
487,7,Ses03F_script01_3_M,neutral,Why didn't you?
488,0,Ses03M_impro07_M,neutral,Hey.
488,1,Ses03M_impro07_F,happiness,Hey.  How's it going?  I haven't seen you in awhile.
488,2,Ses03M_impro07_M,neutral,Pretty good Susanna.
488,3,Ses03M_impro07_F,happiness,What's going on Joe?
488,4,Ses03M_impro07_M,neutral,Guess who got into U.S.C.?
488,5,Ses03M_impro07_F,neutral,Um--
488,6,Ses03M_impro07_M,neutral,"Me. Yeah, I did."
488,7,Ses03M_impro07_F,neutral,No way. Are you serious? Oh my God.  Congratulations. I'm so excited.
488,8,Ses03M_impro07_M,neutral,Yeah.
489,0,Ses01M_script02_2_F,neutral,"Augie, you brought refreshments."
489,1,Ses01M_script02_2_M,neutral,It's not champagne.
489,2,Ses01M_script02_2_F,happiness,I guess we don't need glasses.
489,3,Ses01M_script02_2_M,neutral,"Are you cold, huh?  Do you want to go home?"
489,4,Ses01M_script02_2_F,happiness,I'm beginning to think you might be right.  I think this might be the spot after all.
489,5,Ses01M_script02_2_F,sadness,"Augie, I'm sorry."
489,6,Ses01M_script02_2_M,happiness,Shh...
489,7,Ses01M_script02_2_M,happiness,"If we are really quiet, the fish might come."
489,8,Ses01M_script02_2_F,neutral,Or not.
489,9,Ses01M_script02_2_M,neutral,Or not.
490,0,Ses05F_script01_3_M,sadness,"It's- It's mixed up with so many other things, I-"
490,1,Ses05F_script01_3_M,sadness,Remember when I was overseas?  I was in command of the company.
490,2,Ses05F_script01_3_F,neutral,yeah sure.
490,3,Ses05F_script01_3_M,sadness,Yeah.  I lost them.
490,4,Ses05F_script01_3_F,sadness,how many?
490,5,Ses05F_script01_3_M,sadness,just about all.
490,6,Ses05F_script01_3_F,sadness,Oh gee.
490,7,Ses05F_script01_3_M,sadness,Takes a little time to toss something like that off you know because they weren't just men-
491,0,Ses02F_script03_1_F,happiness,Charles.  That was his name.  Charles.  He did wriggle so beautifully.
491,1,Ses02F_script03_1_M,neutral,"Ah, horrible thing.  I hated it."
491,2,Ses02F_script03_1_F,happiness,"Yes, I know you did.  You threw it out of the window into the Grand Canal.  I don't think I'll ever forgive you for that."
491,3,Ses02F_script03_1_M,neutral,How long did that row last?
491,4,Ses02F_script03_1_F,happiness,It went in intermittently for days.
491,5,Ses02F_script03_1_M,neutral,The worst one was in Cannes when your curling iron burnt a hole in my new dressing gown.
491,6,Ses02F_script03_1_F,happiness,It burned my comb too and all the towels in the bathroom.
491,7,Ses02F_script03_1_M,neutral,"That was a rouser, wasn't it?"
492,0,Ses04M_impro08_F,neutral,"Right. Um, Thanks for asking, though. I mean, you sound nice, you know."
492,1,Ses04M_impro08_M,neutral,"God, that's like a whole problem with like-- But, no, I mean, hey-- if you ever"
492,2,Ses04M_impro08_M,neutral,"if you ever come out to Montgomery, I mean, you know, just -- just call up, you know, call up the operator and I'll-- I'll be here. So, um."
492,3,Ses04M_impro08_F,neutral,I'll
492,4,Ses04M_impro08_F,neutral,"call up the Sprint call center and, uh, you know. cool"
492,5,Ses04M_impro08_F,neutral,"Wow, alright. Well, thanks. And, uh, you- you have a good one."
492,6,Ses04M_impro08_M,neutral,Alright. Take Care.
492,7,Ses04M_impro08_F,neutral,You too.
493,0,Ses03M_impro06_M,sadness,no one else would talk to me but he would.
493,1,Ses03M_impro06_M,sadness,He was supposed to be the best man at my wedding.
493,2,Ses03M_impro06_F,sadness,I'm so sorry.
493,3,Ses03M_impro06_M,sadness,Yeah.
493,4,Ses03M_impro06_M,sadness,You know I was always the one to tell him to be more wild you know?
493,5,Ses03M_impro06_F,neutral,Yeah.
493,6,Ses03M_impro06_M,sadness,And he just took it overboard.
493,7,Ses03M_impro06_F,sadness,What happened?  What went wrong?
493,8,Ses03M_impro06_M,sadness,You know a stupid case of drunk driving it's just...
494,0,Ses03M_script02_2_F,neutral,What?
494,1,Ses03M_script02_2_M,frustration,"Don't take this wrong but, are you having your period?"
494,2,Ses03M_script02_2_F,anger,"Augie, god dammit, don't ask me that.  You always ask me that.  I hate it when you ask me that.  It's insulting."
494,3,Ses03M_script02_2_M,frustration,What's bugging you then?
494,4,Ses03M_script02_2_F,frustration,"Look, it's pointless.  It's...we're not going to see the Grunions I mean, it's like waiting around to see Santa Claus, you know, it's..."
494,5,Ses03M_script02_2_F,anger,"Listen, I've waiting my entire life on this beach just standing there waiting for this fish to show up and these fish never show up."
494,6,Ses03M_script02_2_M,frustration,I thought you wanted to see it.
494,7,Ses03M_script02_2_F,frustration,"God, you don't understand anything."
494,8,Ses03M_script02_2_M,frustration,"No, of course not."
494,9,Ses03M_script02_2_F,frustration,"I do.  I always do.  I keep thinking, this time will be the time and it never is."
495,0,Ses05F_script03_1_M,neutral,"All the futile mortals who try to make life unbearable.  Laugh at them.  Be flippant.  Laugh at everything, all their sacred shibboleths.  Flippancy brings out the acid in their damned sweetness and light."
495,1,Ses05F_script03_1_F,neutral,"Well, if I laugh at everything, I must laugh at us, too."
495,2,Ses05F_script03_1_M,neutral,Certainly you must.  We're figures of fun alright [LAUGHTER].
495,3,Ses05F_script03_1_F,neutral,"Well, what if-what happens when our love-"
495,4,Ses05F_script03_1_F,neutral,"How long will it last, this overbearing love of ours?"
495,5,Ses05F_script03_1_M,neutral,Who knows?
495,6,Ses05F_script03_1_F,neutral,"Well, shall we always want to bicker and fight?"
495,7,Ses05F_script03_1_M,neutral,"No, that fire will fade along with our passion."
495,8,Ses05F_script03_1_F,neutral,"Oh, dear, shall we like that?"
496,0,Ses04F_impro08_M,anger,"attached to it and you don't send it to me, I'm going to get very upset."
496,1,Ses04F_impro08_F,frustration,"Alright, sir. Sir.  I'm going to transfer you to the address."
496,2,Ses04F_impro08_F,frustration,"Alright.  You know what, sir.  The customer is always right."
496,3,Ses04F_impro08_M,frustration,"You know what.  I- You know what? You know what? No, it's fine. it's fine it's fine You know what?"
496,4,Ses04F_impro08_F,frustration,I will go ahead and I will take- I will take
496,5,Ses04F_impro08_M,frustration,"Hey, Cindy. Cindy, look I know this is not your fault.  Do whatever you want."
496,6,Ses04F_impro08_M,frustration,Send me to whatever operator. I just- You know what?  I'm just done.  I'm just done.  I've lost all hope.
496,7,Ses04F_impro08_F,neutral,"Sir, customer satisfaction is our first goal.  I will go ahead and take your number and your address down myself."
497,0,Ses04F_script02_1_M,neutral,They don't know what drives them.  They don't give it a name or ask question.  They just turn as one and start the swim that brings them here to this place
497,1,Ses04F_script02_1_M,neutral,where we stand for massive celebration of sex and death.
497,2,Ses04F_script02_1_M,neutral,"Ah, I'm giving myself goose bumps.  All my hairs are popping up."
497,3,Ses04F_script02_1_F,frustration,That's the wind.
497,4,Ses04F_script02_1_M,neutral,Well so what do you think?
497,5,Ses04F_script02_1_F,anger,About what?
497,6,Ses04F_script02_1_M,neutral,What I said.
497,7,Ses04F_script02_1_F,anger,It's ridiculous.
498,0,Ses01M_script02_2_F,neutral,"While we were dancing you said the softest most intimate things to me, right into my ears so I could feel them much as hear them."
498,1,Ses01M_script02_2_F,sadness,"And I remember thinking this is it. finally, finally I'm as happy as I'm supposed to be."
498,2,Ses01M_script02_2_M,neutral,"Wait a minute, I've got it."
498,3,Ses01M_script02_2_F,neutral,"Dancing on the beach barefoot, drinking champagne from the bottle."
498,4,Ses01M_script02_2_M,neutral,"It was when we were driving passed that knickerbocker liquor locker and you would said, no you said ""let's get some champagne"" and I said ""no time to wasting"" or something like that.  That's what it is, right?"
498,5,Ses01M_script02_2_M,neutral,"You want this to be like the other times, right?"
498,6,Ses01M_script02_2_F,sadness,I'd rather not remember some things.  I'd rather not hope for some things.
498,7,Ses01M_script02_2_M,neutral,"Oh right sure, of course."
498,8,Ses01M_script02_2_M,neutral,Do you want to dance?
498,9,Ses01M_script02_2_F,sadness,No.
499,0,Ses04M_impro02_F,frustration,You're not really giving me a lot of options.
499,1,Ses04M_impro02_M,frustration,Where I'm going is not the safest place on the earth.  Okay.
499,2,Ses04M_impro02_F,frustration,But I'm supposed to be okay with you going there.
499,3,Ses04M_impro02_M,frustration,But I've been trained.  You have no training.
499,4,Ses04M_impro02_F,neutral,I'm not going to stay here and wait.
499,5,Ses04M_impro02_M,frustration,You have to.  Do you understand me?  You have to.
499,6,Ses04M_impro02_F,neutral,I can't do it.
499,7,Ses04M_impro02_M,frustration,"Well I guess we're at a stalemate then, aren't we?"
500,0,Ses03F_script03_1_M,neutral,"That was a rouser, wasn't it?"
500,1,Ses03F_script03_1_F,happiness,The manager came in and found us rolling on the floor and biting and scratching like panthers. [LAUGHTER]
500,2,Ses03F_script03_1_M,neutral,I didn't hit you very hard.
500,3,Ses03F_script03_1_F,neutral,I know. Oh man. Couldn't believe it.
500,4,Ses03F_script03_1_M,neutral,"Oh, I will never forget his face. Ooh-rah [LAUGHTER]."
500,5,Ses03F_script03_1_M,neutral,We were very much younger then.
500,6,Ses03F_script03_1_F,neutral,"Yeah, and very much sillier."
500,7,Ses03F_script03_1_M,neutral,"Oh, the real cause of that row was Peter Burden."
501,0,Ses02F_script01_1_F,neutral,What's he gonna say?  Maybe we ought to tell him before he sees it.
501,1,Ses02F_script01_1_M,neutral,He saw it.
501,2,Ses02F_script01_1_F,neutral,"How could he see it?  I was the first one up, he was still in bed."
501,3,Ses02F_script01_1_M,neutral,He was out here when it broke.
501,4,Ses02F_script01_1_F,neutral,When?
501,5,Ses02F_script01_1_M,neutral,About four this morning.  I heard it cracking and I woke up and looked out. He was standing right here when it cracked.
501,6,Ses02F_script01_1_F,neutral,What was he doing out here at four in the morning?
501,7,Ses02F_script01_1_M,neutral,"I don't know.  When it cracked, he ran back in the house and cried in the kitchen."
501,8,Ses02F_script01_1_F,sadness,Did you talk to him?
502,0,Ses02F_impro04_M,neutral,"It's not worthless 'cause it's definitely gonna--it's definitely gonna pay off.  I know it.  I mean, I can--I've just--I've seen your work etiquette.  You know, you're a good worker and..."
502,1,Ses02F_impro04_M,neutral,... and there's no reason that--that something won't come up like really soon.  All right?  So you just gotta--
502,2,Ses02F_impro04_F,frustration,And what would make you say that?  There doesn't seem to be any indicators that anything's going to get better.
502,3,Ses02F_impro04_M,neutral,"Because I know you.  You know, and maybe once you get to know some more people, like talking to them and everything, they'll get to know you too and they'll realize they should've hired you three years ago.  You know? but  And- and they'll finally come around and believe me--it'll--you gotta-"
502,4,Ses02F_impro04_F,frustration,"It's just really hard.  I feel like their starting to get like a personal prejudice against me.  You know what I mean?  Like it's like suddenly it starts to feel like it's just you that they say no to and it's not that they're not taking applications and it's not that they're not hiring people, it's just you particularly they have some particular reason for just hating you.  You know?"
502,5,Ses02F_impro04_M,neutral,"Well maybe yeah, but maybe you get to that point where it's like you bug 'em and then they just don't wanna hear from you anymore, but you keep bugging them and bugging them and then it's gonna annoy them so much that they're gonna be like all right fine. you know"
502,6,Ses02F_impro04_F,frustration,Or they'll never talk to me again.
502,7,Ses02F_impro04_M,frustration,"Or, well, no.  Okay. you -[GARBAGE]"
502,8,Ses02F_impro04_F,frustration,"I-I just I think maybe I should try something else.  I mean, I-I don't know.  All growing up this is the only thing that I ever wanted to do and yet I can't.  I'm not physically able apparently.  I mean--"
502,9,Ses02F_impro04_M,neutral,"That obviously that's not true though.  I mean, you've done this before.  You've done all the work like this before, you know, and and you've gotten people saying oh, you're so good and like you know--"
503,0,Ses02F_impro02_M,frustration,I don't know--I don't know--I don't know how--I don't know how this could even be possible for you--I--if I was--
503,1,Ses02F_impro02_F,sadness,"Well, I need--I need you to be able to do this for me 'cause I can't do anything about it."
503,2,Ses02F_impro02_F,sadness,"I mean, it's just as hard for me, but--I know that we can do it, you know"
503,3,Ses02F_impro02_M,frustration,"I mean, you just get to--go off and do your thing.  I mean, yeah, we're both--I don't know--it's bad for both of us, but--"
503,4,Ses02F_impro02_M,frustration,...it would be so much better if we can--if we could stay together somehow.  You know--we could--we could do this together.
503,5,Ses02F_impro02_F,sadness,I don't want you in danger.  And I don't want her in danger.
503,6,Ses02F_impro02_M,neutral,I don't want you in danger.  Where are you going?  You're going over to war.
503,7,Ses02F_impro02_F,sadness,I have no choice. There's nothing I can do.
503,8,Ses02F_impro02_M,sadness,All right.
504,0,Ses04F_script01_3_M,sadness,Yes.  I suppose I have been but it's going from me.
504,1,Ses04F_script01_3_F,neutral,You've got to tell me.
504,2,Ses04F_script01_3_M,frustration,I don't know where to start.
504,3,Ses04F_script01_3_F,neutral,It wouldn't work this way.
504,4,Ses04F_script01_3_M,sadness,There's so many things mixed up.
504,5,Ses04F_script01_3_M,sadness,You remember overseas I was in command of a company?
504,6,Ses04F_script01_3_F,neutral,"Yeah, sure."
504,7,Ses04F_script01_3_M,sadness,Well I lost them.
504,8,Ses04F_script01_3_F,sadness,How many?
505,0,Ses05M_script02_2_F,neutral,[LAUGHTER] No.
505,1,Ses05M_script02_2_M,frustration,"Do you want to get married again?- What?  What, do you want a divorce?"
505,2,Ses05M_script02_2_F,neutral,No.
505,3,Ses05M_script02_2_F,neutral,No.
505,4,Ses05M_script02_2_M,frustration,A vacation?
505,5,Ses05M_script02_2_F,sadness,No.
505,6,Ses05M_script02_2_M,frustration,"A poodle, a backrub, a spa, a suicide pack?  What, Carla, what the hell do you want?"
505,7,Ses05M_script02_2_F,sadness,I just want- I just want things to turn out the way they are supposed to.
506,0,Ses04M_script01_2_F,anger,He's not going to marry her.
506,1,Ses04M_script01_2_M,neutral,How do you know he's even thinking about it?
506,2,Ses04M_script01_2_F,anger,It's got that about it.
506,3,Ses04M_script01_2_M,neutral,Well so what?
506,4,Ses04M_script01_2_F,anger,"What's going on here, Joe?"
506,5,Ses04M_script01_2_M,neutral,Line.
506,6,Ses04M_script01_2_F,neutral,"Now listen, kid. Now, listen."
506,7,Ses04M_script01_2_M,neutral,"Oh.  Now listen, kid."
507,0,Ses02F_script02_1_M,neutral,What time is it?  They're supposed to run around midnight.
507,1,Ses02F_script02_1_M,neutral,"This is great, isn't it?  Look at the night we've got here, couldn't be better."
507,2,Ses02F_script02_1_M,neutral,"I would have liked to have gone a little further up the coast to get away from the lights and the people, but I was afraid we'd miss it."
507,3,Ses02F_script02_1_M,neutral,How you doing?
507,4,Ses02F_script02_1_F,neutral,Fine.
507,5,Ses02F_script02_1_M,neutral,Is that--no--is that just foam?  I can't even tell.
507,6,Ses02F_script02_1_M,neutral,"Well, I guess we can tell, it probably isn't right?  Probably be unmistakable don't you think?"
507,7,Ses02F_script02_1_M,neutral,"How you doing?  Aw, you know what I forgot?  I forgot to bring my flashlight.  Oh, how could I be so stupid?  I should've brought my flashlight."
507,8,Ses02F_script02_1_F,neutral,What flashlight?
508,0,Ses03M_impro08b_F,neutral,Hello.
508,1,Ses03M_impro08b_M,neutral,Hello?
508,2,Ses03M_impro08b_F,frustration,Oh God I finally got...you know how long I've been waiting on line?  You put on hold for like five hours.  Geez.
508,3,Ses03M_impro08b_M,neutral,I'm sorry ma'am.  What's the nature of your problem?  But first can I get you to tell me your first and last name?
508,4,Ses03M_impro08b_F,frustration,I've already been through this five times with these people.  I've been calling every single day.
508,5,Ses03M_impro08b_M,neutral,I know I just need to verify every time.  I'm sorry.
508,6,Ses03M_impro08b_F,frustration,Olivia Brown.
508,7,Ses03M_impro08b_M,neutral,Alright Ms. Brown what's the nature of your problem?
508,8,Ses03M_impro08b_F,frustration,Well my phone isn't working and it hasn't been working for the last five days.
509,0,Ses02M_impro01_F,frustration,"Yes, you did, thank you very much, but we're not responsible if you've forgotten something, and we need to have two forms of ID."
509,1,Ses02M_impro01_M,frustration,Okay. What about - no -- how about you hold that and I'll - I'll go and I can come back-
509,2,Ses02M_impro01_F,frustration,"I'm sorry, but there is a lot of people waiting so you're just going to have to get in line again."
509,3,Ses02M_impro01_M,frustration,I've been waiting for three hours.
509,4,Ses02M_impro01_F,frustration,"It just happens to people all the time, I'm sorry sir, but I can't make an exception for you."
509,5,Ses02M_impro01_M,frustration,This is ridiculous. Come on
509,6,Ses02M_impro01_F,neutral,"I'm sorry, sir."
509,7,Ses02M_impro01_M,frustration,"I cannot go back in that line. I've got stuff I need to do, I mean-"
510,0,Ses03F_script02_2_M,frustration,"No, I know. Me neither."
510,1,Ses03F_script02_2_F,neutral,"I mean, this is, this is everything, and it's a lot, but"
510,2,Ses03F_script02_2_F,sadness,it's not something else. Do you know what I'm trying to say?
510,3,Ses03F_script02_2_M,frustration,"Well, I'm doing the best I can."
510,4,Ses03F_script02_2_F,sadness,"I know you are, Augie, and I know you wanted this evening to be nice, but I can't help thinking of being somewhere else."
510,5,Ses03F_script02_2_M,frustration,"Yeah, maybe if you were with someone else too."
510,6,Ses03F_script02_2_F,sadness,I didn't say that.
510,7,Ses03F_script02_2_M,neutral,"No, I know. But I know I don't make you happy."
510,8,Ses03F_script02_2_F,frustration,"Augie, anything I do I'd rather be doing with you."
510,9,Ses03F_script02_2_M,neutral,Yeah?
511,0,Ses04M_impro03_M,happiness,"Well I didn't want it to be like cheesy, you know."
511,1,Ses04M_impro03_F,neutral,Did she cry?
511,2,Ses04M_impro03_M,happiness,"She didn't cry, but she was laughing a lot and it was very exciting, so..."
511,3,Ses04M_impro03_F,neutral,"Oh, my God.  How long have you been planning on doing this?"
511,4,Ses04M_impro03_M,happiness,"Honestly, it was kind of quickly.  It was actually only in the past couple months."
511,5,Ses04M_impro03_F,neutral,I can't believe this.  You're getting married. It's crazy!
511,6,Ses04M_impro03_M,happiness,"Yeah. Yeah. So- I know.  I know. I know.  It's weird 'cause it's like the beginning of the rest of my life, you know."
511,7,Ses04M_impro03_F,neutral,"Yeah, it is."
511,8,Ses04M_impro03_M,happiness,"But uh- no, I mean, you know.  You know, I really want you to like, you know, sort of"
512,0,Ses03F_impro06_F,sadness,"Turned around for the worst, you know."
512,1,Ses03F_impro06_M,sadness,"I didn't know him, Tricia, but uh- I heard that he was a great man."
512,2,Ses03F_impro06_F,sadness,He was amazing.
512,3,Ses03F_impro06_F,sadness,I loved that boy.
512,4,Ses03F_impro06_F,sadness,"We did everything together, you know."
512,5,Ses03F_impro06_F,sadness,"It's weird, I think. I feel so alone, you know? What am I going to do now? Now that he's gone."
512,6,Ses03F_impro06_F,sadness,He's so young. It seems so--
512,7,Ses03F_impro06_F,sadness,so wrong in so many ways.
513,0,Ses04F_impro01_F,neutral,"Hi.  Um, excuse me I've been to, like, five of the desks here and nobody seems to be able to tell me what it is I need to do.  I've been here for over an hour.  Can you possibly help me?"
513,1,Ses04F_impro01_M,frustration,"Uh, lets- What do you need exactly?"
513,2,Ses04F_impro01_F,frustration,Well I filled out all the forms and I've given them to everyone and they keep sending me to someone else.
513,3,Ses04F_impro01_M,frustration,"You need a new license, is that what you're telling me?"
513,4,Ses04F_impro01_F,frustration,Yes.  I'm just trying to get a new license.
513,5,Ses04F_impro01_M,frustration,Let me see the form. Just let me see the form. Yeah.  You filled this out wrong.  I can't - I can't - I can't do anything with this.
513,6,Ses04F_impro01_F,frustration,Okay.  I did-
513,7,Ses04F_impro01_M,frustration,Ma'am I cannot help you.  You need to fill out a new form and you need to get in the back of the line.
513,8,Ses04F_impro01_F,anger,I did exactly what they told me to do.
514,0,Ses04M_script02_1_F,anger,"Pass up what?  These little fish swim onto the beach, flop around and then they swim away.  And then they die."
514,1,Ses04M_script02_1_M,frustration,"Yeah, but that moment on the beach is the highlight of their little lives.  I mean, all that flopping around is laying eggs or what do you -- spawning or mating, something like that."
514,2,Ses04M_script02_1_M,neutral,There's mystery here and magic.
514,3,Ses04M_script02_1_F,neutral,What are you so excited about?
514,4,Ses04M_script02_1_M,neutral,"Oh, it's a big night for these guys.  Uh, life's last orgy."
514,5,Ses04M_script02_1_F,frustration,This isn't a moon landing we're talking about.  It's fish.  It's fish nobody even eats.
514,6,Ses04M_script02_1_M,neutral,"Yeah, they do. Okay.  But it's fish who do something none of the other fish do; like the swallows are returning to Capistrano; or the lemmings throwing themselves off the cliffs, like that."
514,7,Ses04M_script02_1_M,neutral,There's mystery here and magic; a little bit of the unexplainable.  I don't see how you can not be interested.
515,0,Ses03M_script02_2_M,frustration,I thought you wanted to see it.
515,1,Ses03M_script02_2_F,neutral,It's just...
515,2,Ses03M_script02_2_F,neutral,"Look, we just have different ideas of what this night is supposed to be like."
515,3,Ses03M_script02_2_M,frustration,"There's nothing to it.  The Grunions arrive, they do their little fish business, you know?  We go oh, ahh, look at the fish and they go home and we go home."
515,4,Ses03M_script02_2_F,frustration,"For heavens sake, grow up.  We're not going to see the Grunions."
515,5,Ses03M_script02_2_M,frustration,Why not?
515,6,Ses03M_script02_2_F,frustration,"We never do, do we?  Have we ever?"
515,7,Ses03M_script02_2_M,frustration,"Oh my gosh.  We missed them twice, that's hardly ever."
515,8,Ses03M_script02_2_F,anger,Okay.  Twice is as many times as we've tried and that's ever.
515,9,Ses03M_script02_2_M,frustration,"Carla, can I ask you something?"
516,0,Ses05F_impro01_F,neutral,"Hi, I need an ID."
516,1,Ses05F_impro01_M,neutral,"ahh Yeah, this is the wrong line.  I'm sorry.  You need to go back over to line two B.  That's where you should have started from."
516,2,Ses05F_impro01_F,neutral,No.
516,3,Ses05F_impro01_F,frustration,"Okay, I'm sorry, but I just stood in this line for an hour.  can I Is there any way I can-"
516,4,Ses05F_impro01_M,neutral,"I mean, there's really nothing I can do for you in this line.  This is not the line for new I.D.  This is the line for registration."
516,5,Ses05F_impro01_F,frustration,"No, they told me-I'm sorry, but they told me to be in this line."
516,6,Ses05F_impro01_M,neutral,"Yeah, I understand that ma'am.  I don't know what they said to you, but you need to be in a different line."
516,7,Ses05F_impro01_F,frustration,"What, I mean what... what's the difference?  What do I need to do there that I can't do here?"
516,8,Ses05F_impro01_M,neutral,"Well, I have no camera here.  I can't help you at all here, ma'am.  I have forms for something completely different.  You need to go to a different place."
517,0,Ses03M_script03_1_M,neutral,All the futile moralists who try to make life unbearable.  Laugh at them.  Be flippant.
517,1,Ses03M_script03_1_M,neutral,Laugh at all their sacred shibboleths.  Flippancy brings the acid in their damn sweetness and light.
517,2,Ses03M_script03_1_F,neutral,So if I'm to laugh at everything then I must laugh at us too.
517,3,Ses03M_script03_1_M,neutral,"Oh, certainly, you must.  We're figures of fun alright."
517,4,Ses03M_script03_1_F,neutral,How long will it last?  This ludicrous overbearing love of ours?
517,5,Ses03M_script03_1_M,neutral,Who knows?
517,6,Ses03M_script03_1_F,neutral,Shall we always want to bicker and fight?
517,7,Ses03M_script03_1_M,neutral,No.  That fire will fade along with our passion.
517,8,Ses03M_script03_1_F,neutral,"Well, dear, shall we want that?"
518,0,Ses03M_script01_1_M,frustration,You know it's not just my business.
518,1,Ses03M_script01_1_F,anger,"Well what do you want me to do?  I mean, you're old enough to know your own mind."
518,2,Ses03M_script01_1_M,neutral,Okay.  So then it's alright.  I'll go ahead with it.
518,3,Ses03M_script01_1_F,neutral,"Well, I mean, you got to make sure your dad's not going--"
518,4,Ses03M_script01_1_M,anger,Oh see then it's just not my business. God you infuriate me sometimes.  Isn't my business too if dad throws a fit?  Huh?  God you have such a talent for ignoring things.
518,5,Ses03M_script01_1_F,frustration,Well I'm just saying--
518,6,Ses03M_script01_1_F,neutral,You know I ignore what I got to ignore.
518,7,Ses03M_script01_1_F,neutral,She's not...she's Larry's girl.
518,8,Ses03M_script01_1_M,frustration,She's not Larry's girl.
518,9,Ses03M_script01_1_F,frustration,From your father's point of view he is still alive and if you try and take her that's just not fair.  You can't do that.
519,0,Ses02M_impro07_M,happiness,it was you know I wasn't too sure I mean you know it was kind of last minute for like the application
519,1,Ses02M_impro07_M,happiness,and everything like but
519,2,Ses02M_impro07_F,neutral,"Yeah, totally."
519,3,Ses02M_impro07_M,happiness,"it was good, yeah. I mean-"
519,4,Ses02M_impro07_F,neutral,So you're going to be right here in Los Angeles; that is so cool.
519,5,Ses02M_impro07_M,neutral,"I know, I know, yea. It'll be interesting you know, I've never -- I mean getting out of Vegas and everything but LA"
519,6,Ses02M_impro07_M,neutral,I'm looking forward to it.
519,7,Ses02M_impro07_F,neutral,So can we hang out?
519,8,Ses02M_impro07_M,neutral,"Hey, yes, you know that's - that's what I'm coming for."
520,0,Ses01F_impro05_F,frustration,Hi.
520,1,Ses01F_impro05_M,neutral,Hi.  Thanks for waiting.
520,2,Ses01F_impro05_F,frustration,Yeah. This is the fourth line that I have been in.
520,3,Ses01F_impro05_M,happiness,Can I help you?
520,4,Ses01F_impro05_M,happiness,Uh huh.
520,5,Ses01F_impro05_F,frustration,I need my bag.
520,6,Ses01F_impro05_M,neutral,Okay.
520,7,Ses01F_impro05_F,frustration,"I flew in over three hours ago, I've been in four different lines."
520,8,Ses01F_impro05_M,neutral,Okay.
521,0,Ses03F_impro02_F,sadness,"No, I have to go."
521,1,Ses03F_impro02_F,sadness,"Wait, you can write me and as you know, send me pictures."
521,2,Ses03F_impro02_M,sadness,I don't know if I can handle you going another year.
521,3,Ses03F_impro02_F,sadness,What do you mean?
521,4,Ses03F_impro02_M,sadness,I don't know if I- if I could take it.
521,5,Ses03F_impro02_F,sadness,"Look, I need you to be strong for me. 'Cause I can't be the only one that's strong right now, really, I--"
521,6,Ses03F_impro02_M,sadness,I can't be that strong. A whole year.
521,7,Ses03F_impro02_M,sadness,"me, oh my god."
522,0,Ses04F_script01_3_M,happiness,"Annie, we're going to live now.  I'm going to make you so happy."
522,1,Ses04F_script01_3_F,neutral,Not like that you're not.
522,2,Ses04F_script01_3_M,neutral,I kissed you.
522,3,Ses04F_script01_3_F,neutral,"Like Larry's brother.  Do it like you, Chris."
522,4,Ses04F_script01_3_F,neutral,What is it Chris?
522,5,Ses04F_script01_3_M,neutral,Let's drive some place.  I want to be alone with you.
522,6,Ses04F_script01_3_F,neutral,"No.  What is it Chris, your mother?"
522,7,Ses04F_script01_3_M,sadness,"No, nothing like that."
522,8,Ses04F_script01_3_F,neutral,Well then what's wrong?  Even in your letters there was something ashamed.
523,0,Ses01F_script02_1_F,neutral,I don't see why you're so excited; this isn't a freaking moon landing we are talking about.  It's fish.  It's a fish nobody even eats.
523,1,Ses01F_script02_1_M,frustration,Yeah they do.
523,2,Ses01F_script02_1_F,frustration,Oh Augie
523,3,Ses01F_script02_1_M,neutral,"okay... well, Whatever.  But it's a fish who do something no other fish do.  It's like those swallows returning to Capistrano or like those lemmings that throw themselves off the cliffs."
523,4,Ses01F_script02_1_M,neutral,"There's like mystery here, there's magic.  It's like a little bit of the unexplainable.  I just can't see how you're not interested."
523,5,Ses01F_script02_1_F,neutral,I'm just not.
523,6,Ses01F_script02_1_M,neutral,For real?
523,7,Ses01F_script02_1_F,frustration,Yeah.
523,8,Ses01F_script02_1_M,neutral,"God, I don't get it.  you know the first time we came here, you said it was the best night of your life?"
524,0,Ses05M_script01_1_M,anger,"But if that can't happen, I'll just have to get out."
524,1,Ses05M_script01_1_F,neutral,What the hell is this?
524,2,Ses05M_script01_1_M,anger,"I'll get out.  I'll go get married and live someplace else.  I don't know, maybe New York."
524,3,Ses05M_script01_1_F,anger,Are you crazy?
524,4,Ses05M_script01_1_M,anger,I have been a good son for too long.  A good sucker.  I'm through with it.
524,5,Ses05M_script01_1_F,neutral,"What?  You mean?  Tell me something, you mean that you would leave the business?"
524,6,Ses05M_script01_1_M,anger,"Yes.  On this, I would."
524,7,Ses05M_script01_1_F,neutral,You can't think like that.
525,0,Ses02M_script01_3_M,neutral,You felt something that far back?
525,1,Ses02M_script01_3_F,happiness,Every day since.
525,2,Ses02M_script01_3_M,neutral,"Ann, why didn't you let me know?"
525,3,Ses02M_script01_3_F,neutral,"Well, I was waiting for you.  I mean, till then you never wrote and when you did, what did you say?  I mean, you can sure be ambiguous sometimes, you know?"
525,4,Ses02M_script01_3_M,neutral,"Give me a kiss, Anne.  Give me a-"
525,5,Ses02M_script01_3_M,neutral,"God, I kissed Annie.  How long--how long I've been waiting to kiss you."
525,6,Ses02M_script01_3_F,neutral,"I'll never forgive you.  Why did you wait all these years?  I mean, all I did was sit and wonder if I was crazy for thinking of you."
525,7,Ses02M_script01_3_M,neutral,"Oh, Annie, we're gonna live now.  I'm gonna make you so happy."
526,0,Ses04M_script01_2_F,anger,Why did he invite her here?
526,1,Ses04M_script01_2_M,neutral,"Oh, God, line."
526,2,Ses04M_script01_2_F,neutral,Why does that bother you?
526,3,Ses04M_script01_2_M,neutral,"Why does- why, does that bother you?"
526,4,Ses04M_script01_2_F,anger,"She's been in New York three and a half years.  Why, all of a sudden--"
526,5,Ses04M_script01_2_M,neutral,"Well, maybe- maybe he just wanted to see her."
526,6,Ses04M_script01_2_F,anger,Nobody comes seven hundred miles just to see.
526,7,Ses04M_script01_2_M,frustration,What do you mean?  He grew up next door to the girl all his life.  Why shouldn't he want to -- why shouldn't he want to see her again?
526,8,Ses04M_script01_2_M,neutral,Don't look at me like that.  He didn't tell me anymore than he told you.
527,0,Ses03M_impro05b_F,frustration,Okay sir.  I'm sorry you can--um-
527,1,Ses03M_impro05b_M,anger,Okay.  Get on the phone and figure out where my luggage is and tell me when it's going to get there alright?
527,2,Ses03M_impro05b_F,frustration,We already have been confirmed that it will be arriving in--uh--in about two days.
527,3,Ses03M_impro05b_M,anger,"And and, in about..."
527,4,Ses03M_impro05b_M,frustration,Two days I'll be in San Diego and how's it going to get to me in San Diego?  You going to make sure it gets to the San Diego airport?
527,5,Ses03M_impro05b_F,frustration,"Uh, we can't--"
527,6,Ses03M_impro05b_M,anger,Can you get it to the San Diego airport?  You get someone to drive it to my place alright? Then I get a refund for some...I get a free flight alright? I get free whatever.
527,7,Ses03M_impro05b_F,neutral,"Yes sir, Yes."
528,0,Ses01M_script02_2_M,anger,"A new carpet, a poodle, a suicide pact, ice cream, a back rub, what?  What?  What the hell do you want?"
528,1,Ses01M_script02_2_F,anger,I want something to turn out the way that it's supposed to.
528,2,Ses01M_script02_2_M,frustration,"Well, welcome to the human race."
528,3,Ses01M_script02_2_M,anger,You think nothing turns out how it's supposed to.  You think I had some grand idea going that four years down the line.  We would come to this beach and argue over fish?  No.
528,4,Ses01M_script02_2_M,neutral,"You think there would be times when you'd look at me like I was used Kleenex and then I'd look at you and think ""Holy hell when is the next flight to Alaska."""
528,5,Ses01M_script02_2_M,sadness,"No, no I'm just like you, I thought it was going to be all rosy cheeks and the bills would pay themselves and fish will always come and--"
528,6,Ses01M_script02_2_M,sadness,No.  You know what you get?  You know what you get?  You get this.
528,7,Ses01M_script02_2_F,anger,This what?  What is this?  This isn't even anything.
528,8,Ses01M_script02_2_M,neutral,"Yeah, it is."
528,9,Ses01M_script02_2_F,anger,"Oh, sure this is standing on the beach, this is waiting, fighting."
529,0,Ses01M_script03_1_M,neutral,Good God.
529,1,Ses01M_script03_1_F,neutral,Do you think it's them?
529,2,Ses01M_script03_1_M,neutral,I wonder.
529,3,Ses01M_script03_1_F,neutral,Freda is the only one who knows we are here. She wouldn't ring up.
529,4,Ses01M_script03_1_M,neutral,Must be them then.
529,5,Ses01M_script03_1_F,neutral,What we're going to do?
529,6,Ses01M_script03_1_M,neutral,"We're okay, right darling?  Whatever happens, we're okay?"
529,7,Ses01M_script03_1_F,happiness,Now and always sweet.
529,8,Ses01M_script03_1_M,happiness,I don't care then.
530,0,Ses04M_script02_2_F,frustration,You don't have any idea what I'm saying.
530,1,Ses04M_script02_2_M,frustration,"No, of course, not."
530,2,Ses04M_script02_2_F,anger,"I did want to see it.  I always do.  I keep thinking this time will be the time, but it never is."
530,3,Ses04M_script02_2_M,frustration,It's just fish; nothing to get traumatized over.
530,4,Ses04M_script02_2_F,neutral,"For heaven's sake, this is not about fish."
530,5,Ses04M_script02_2_M,frustration,"I've been trying to work this backwards, but I can't seem to pinpoint the moment when we took a turn for the worse."
530,6,Ses04M_script02_2_M,frustration,"You were fine during the phone call from Marge.  Dinner was okay.  Doing the dishes was no problem.  Let's see, I took a shower.  Uh, you watched the news.  You said the grunions are running tonight.  I said great, let's go.  I feel lucky tonight."
530,7,Ses04M_script02_2_M,frustration,"Uh,okay.  So I'm putting on my jacket; putting out the animals;"
531,0,Ses01M_impro06_F,neutral,Was it an accident?
531,1,Ses01M_impro06_M,sadness,"No, I mean it just came on really quick, you know I mean it was a [GARBAGE] it was a sickness but it just --"
531,2,Ses01M_impro06_F,neutral,how was sick?
531,3,Ses01M_impro06_M,sadness,What?
531,4,Ses01M_impro06_F,neutral,"Well, I'm confused.  He was sick or it was an accident?"
531,5,Ses01M_impro06_M,sadness,"He was sick. He got sick. He got sick but it happened really, really fast, you know."
531,6,Ses01M_impro06_F,neutral,Oh. Really fast? Oh.
531,7,Ses01M_impro06_M,sadness,It was kind of like boom... done
531,8,Ses01M_impro06_F,neutral,Yeah.
532,0,Ses01F_impro01_F,neutral,Who the hell has a birth certificate?
532,1,Ses01F_impro01_F,frustration,"Yes but my wallet was stolen, I don't have anything.  I don't have any credit cards, I don't have my ID.  Don't you have things on file here?"
532,2,Ses01F_impro01_M,frustration,"Yeah.  We keep it on file, but we need an ID to access that file."
532,3,Ses01F_impro01_F,anger,That's out of control.
532,4,Ses01F_impro01_M,anger,I don't understand why this is so complicated for people when they get here.  It's just a simple form.  I just need an ID.
532,5,Ses01F_impro01_F,frustration,How long have you been working here?
532,6,Ses01F_impro01_M,neutral,Actually too long.
532,7,Ses01F_impro01_F,neutral,"Clearly.  You know, do you have like a supervisor or something?"
532,8,Ses01F_impro01_M,anger,Yeah.  Do you want to see my supervisor?  Huh? Yeah.  Do you want to see my supervisor?  Fine.  I'll be right back.
532,9,Ses01F_impro01_F,frustration,That would - I would appreciate that.  Yeah.
533,0,Ses02M_script01_2_F,anger,Why did he invite her here?
533,1,Ses02M_script01_2_M,neutral,Why does that bother you?
533,2,Ses02M_script01_2_F,anger,She's been in New York three and half years why all of a sudden-
533,3,Ses02M_script01_2_M,neutral,"Well, maybe he just wanted to see her again."
533,4,Ses02M_script01_2_F,anger,Nobody comes seven hundred miles just to see.
533,5,Ses02M_script01_2_M,frustration,"What do you mean? He lived next door to the girl all his life, why wouldn't he want to see her again?"
533,6,Ses02M_script01_2_M,frustration,"Don't look at me like that, he didn't tell me any more than he told you."
533,7,Ses02M_script01_2_F,anger,He's not going to marry her.
533,8,Ses02M_script01_2_M,neutral,How do you know he's even thinking of it?
533,9,Ses02M_script01_2_F,neutral,It's got that all about it.
534,0,Ses03M_impro07_M,neutral,Thank you
534,1,Ses03M_impro07_F,happiness,"Well, I'm happy for you but I'm happy for me cause that means you're going to stay."
534,2,Ses03M_impro07_M,neutral,And tonight my parents want to take me out to sushi and they said I could bring you.
534,3,Ses03M_impro07_F,neutral,Oh great. I would love to go.
534,4,Ses03M_impro07_M,neutral,Yeah.
534,5,Ses03M_impro07_M,neutral,Yeah and they said get whatever you want and...
534,6,Ses03M_impro07_F,happiness,Mmmm some miso soup.
534,7,Ses03M_impro07_M,neutral,Some miso soup.  You can get whatever.  You can get a vat full of miso soup.  God.
535,0,Ses03F_script01_1_F,frustration,"All right, but you can't do that. You can't talk like that."
535,1,Ses03F_script01_1_M,neutral,Okay. Just-
535,2,Ses03F_script01_1_F,frustration,"We've worked all our lives for you. Only for you, Chris. The whole shootin' match is for you."
535,3,Ses03F_script01_1_M,frustration,"Yeah, I know, I know, just help me stay here, all right?"
535,4,Ses03F_script01_1_F,neutral,I'm going to.
535,5,Ses03F_script01_1_F,neutral,You just can't talk like that.
535,6,Ses03F_script01_1_M,neutral,I am thinking like that.
535,7,Ses03F_script01_1_F,neutral,"I don't know you, do I?"
535,8,Ses03F_script01_1_M,neutral,"No, you don't. I'm a pretty tough guy."
535,9,Ses03F_script01_1_F,neutral,Yeah. I can see that.
536,0,Ses05M_script03_1_F,neutral,"Oh, dear.  Shall we like that?"
536,1,Ses05M_script03_1_M,neutral,"Well, it depends on how well we played."
536,2,Ses05M_script03_1_F,neutral,"What if one of us dies, does the other one laugh then?"
536,3,Ses05M_script03_1_M,neutral,"Yes, yes, with all his might."
536,4,Ses05M_script03_1_F,neutral,"That's rather serious, isn't it?"
536,5,Ses05M_script03_1_M,neutral,"No, no that is quit laughable.  The cutting little mystery all done with mirrors."
536,6,Ses05M_script03_1_F,neutral,"Darling, I do believe you're talking nonsense."
536,7,Ses05M_script03_1_M,neutral,"So is everyone else in the long run.  Let's be superficial and pity the poor philosophers.  Let's blow trumpets and squeakers and enjoy the party as long as we can, like little quiet idiotic school children."
537,0,Ses01F_impro02_M,frustration,I know.
537,1,Ses01F_impro02_M,sadness,I just don't see why it has to be you.
537,2,Ses01F_impro02_F,sadness,"If not me then, who?"
537,3,Ses01F_impro02_M,sadness,What am I going to do? Huh?
537,4,Ses01F_impro02_F,sadness,"You'll videotape everything, yeah?"
537,5,Ses01F_impro02_M,sadness,Yeah.
537,6,Ses01F_impro02_F,sadness,"Maybe you can send it to me, like stream it, yeah?"
537,7,Ses01F_impro02_M,neutral,Don't you guys have access to computers over there.
537,8,Ses01F_impro02_F,sadness,Last month--  Yeah.
538,0,Ses02F_impro05_F,neutral,How much?
538,1,Ses02F_impro05_M,neutral,"Um, we'd be willing to give you uh fifty dollars for--"
538,2,Ses02F_impro05_F,neutral,"Fifty dollars?  For my suitcase?  I mean, the suitcase itself was like a hundred and fifty dollar just for the suitcase, but all the things inside, all my clothes, all my personal belongings, the sentimental value, not to mention, which is more-more than all of that together."
538,3,Ses02F_impro05_M,neutral,"Right.  Uh We realize, you know, that that it's a bad situation, but I'm sorry, there's nothing that we can really do."
538,4,Ses02F_impro05_F,anger,"That's all, that's all, that's all you're going to do is just give me fifty dollars and say go have fun on your vacation without any of your stuff?"
538,5,Ses02F_impro05_M,neutral,"I think, um, maybe you can file a claim if you want and turn it in to our main office--"
538,6,Ses02F_impro05_F,frustration,"Yes, yes, I would like to file a claim, but what are you gonna--I mean, is it just gonna show up magically out of nowhere?"
538,7,Ses02F_impro05_M,neutral,"Right.  No.  I mean they- they might--they might--if you-if you are argue the case more, maybe they'll reimburse you more, but, right now--"
538,8,Ses02F_impro05_F,neutral,"I need my stuff.  It's--I need my stuff.  I mean, uh..."
539,0,Ses03M_impro08a_F,frustration,"In fact, give me your name sir, what's your name again?"
539,1,Ses03M_impro08a_M,neutral,My name is Sara.
539,2,Ses03M_impro08a_F,frustration,Okay.  Sara what?
539,3,Ses03M_impro08a_M,neutral,Sara Brown.
539,4,Ses03M_impro08a_F,frustration,"Sara Brown.  Sara Brown, um- yeah, I'm going to get off the phone with you. And then I'm going to call back and I'm going to give your supervisor your name because you're obviously incompetent to work here."
539,5,Ses03M_impro08a_M,neutral,Okay.
539,6,Ses03M_impro08a_M,neutral,"You know maam, we record this conversation so anything you say can be proven in a law of court so keep that in mind."
539,7,Ses03M_impro08a_F,frustration,"What are you, what are you a police officer now?  You know, like I'm done, I'm over it.  Goodbye and I hope that you lose your job."
540,0,Ses04F_impro04_F,anger,"Yeah but you weren't unemployed for three years trying to find any job.  I mean at this point I'm going to go drive a cab or, you know, work at the gas station or something.  I don't even- I don't know what to do anymore."
540,1,Ses04F_impro04_M,frustration,I don't know.  I mean whatever.
540,2,Ses04F_impro04_F,frustration,Nothing I'm trying seems to work. Just-
540,3,Ses04F_impro04_M,neutral,Clearly.
540,4,Ses04F_impro04_F,neutral,Okay that's helpful.  Thanks.
540,5,Ses04F_impro04_M,neutral,Look I'm sorry okay. It's just-
540,6,Ses04F_impro04_F,anger,Clearly everything you're doing is completely wrong.
540,7,Ses04F_impro04_M,neutral,"I mean, well I mean i don't know; it doesn't really affect my life, you know."
540,8,Ses04F_impro04_F,frustration,Well don't you understand that this is-
541,0,Ses02F_script01_3_F,neutral,You're the only one I know who loves his parents.
541,1,Ses02F_script01_3_M,neutral,"I know, it went out of style, didn't it?"
541,2,Ses02F_script01_3_F,neutral,It's all right.  It's a good thing.
541,3,Ses02F_script01_3_F,neutral,"You know, it's lovely here, the air is sweet."
541,4,Ses02F_script01_3_M,neutral,You're not sorry you came?
541,5,Ses02F_script01_3_F,neutral,"No, not sorry.  Um, but, I'm- I'm not gonna stay."
541,6,Ses02F_script01_3_M,neutral,Why?
541,7,Ses02F_script01_3_F,neutral,"Well, for one thing, your mother as much as told me to go."
541,8,Ses02F_script01_3_M,neutral,Oh.
542,0,Ses03M_script03_2_M,neutral,I'll have a little I think.
542,1,Ses03M_script03_2_F,anger,I don't know why you want it.  You've already had two glasses.
542,2,Ses03M_script03_2_M,anger,No particular reason.  Anyhow they were very small ones.
542,3,Ses03M_script03_2_F,anger,I don't see what you have to go on and on with this kind of thing.
542,4,Ses03M_script03_2_M,anger,Oh my...just because I just...okay...
542,5,Ses03M_script03_2_M,neutral,...having three small minute liquor glasses in the evening is hardly going on and on and on.
542,6,Ses03M_script03_2_F,neutral,It's become a habit with you.
542,7,Ses03M_script03_2_M,anger,You needn't be so grand just because you don't happen to want any yourself at the moment.
542,8,Ses03M_script03_2_F,neutral,Don't be so stupid.
542,9,Ses03M_script03_2_M,frustration,Really Amanda.
543,0,Ses01F_impro07_M,neutral,"Oh, okay."
543,1,Ses01F_impro07_M,neutral,Ooh. Fancy.
543,2,Ses01F_impro07_F,neutral,Yeah.  I'm not sure.
543,3,Ses01F_impro07_M,neutral,Is this a Masters or a P.h.D.?  Or can you...? Nice
543,4,Ses01F_impro07_F,neutral,Umm...P.h.D. [LAUGHTER]
543,5,Ses01F_impro07_M,neutral,"That's good.  Don't you have to like teach a class, too, when you do that?"
543,6,Ses01F_impro07_F,neutral,"Um, yeah, yeah.  I'm a TA for two sessions. Mmhmm."
543,7,Ses01F_impro07_M,neutral,"Teacher. Mrs. Nash, I have a question."
543,8,Ses01F_impro07_F,neutral,So I get to mold young minds. Mrs.?  That's my mother.
544,0,Ses02M_script01_3_F,neutral,Not like that you're not.
544,1,Ses02M_script01_3_M,neutral,I kissed you.
544,2,Ses02M_script01_3_F,neutral,"Like Larry's brother.  Do it like you, Chris.  What is it?"
544,3,Ses02M_script01_3_M,sadness,Let's drive someplace.  I want to be alone with you.
544,4,Ses02M_script01_3_F,neutral,"No.  What is it, Chris. Your mother?"
544,5,Ses02M_script01_3_M,sadness,No.  Nothing like that.
544,6,Ses02M_script01_3_F,sadness,"Well, what's wrong?  I mean, even in your letters there was some--something ashamed."
544,7,Ses02M_script01_3_M,sadness,"Yeah, I suppose I have been.  But it's going from me."
545,0,Ses01M_script03_1_F,happiness,It had to happen sooner or later.
545,1,Ses01M_script03_1_M,neutral,Yes... Hello?  Hello?  I'm sorry what's that?
545,2,Ses01M_script03_1_M,neutral,"No, it's a wrong number."
545,3,Ses01M_script03_1_F,neutral,"Oh, oh, that sent shivers on my spine."
545,4,Ses01M_script03_1_M,neutral,[BREATHING] [LAUGHTER]
545,5,Ses01M_script03_1_F,neutral,Oh...
545,6,Ses01M_script03_1_M,neutral,[BREATHING]
545,7,Ses01M_script03_1_F,neutral,[BREATHING]
545,8,Ses01M_script03_1_M,neutral,What shall we do if they suddenly walk in on us?
546,0,Ses01M_script02_2_M,neutral,They're out there swimming right now...
546,1,Ses01M_script02_2_M,neutral,...to this spot for this massive celebration of like sex and death...
546,2,Ses01M_script02_2_M,neutral,"Look at this, my hairs are standing up my arm. I'm giving myself goose bumps."
546,3,Ses01M_script02_2_F,neutral,That's the wind.
546,4,Ses01M_script02_2_M,neutral,"Well, so?  What do you think?"
546,5,Ses01M_script02_2_F,neutral,About what?
546,6,Ses01M_script02_2_M,neutral,About what I was saying.
546,7,Ses01M_script02_2_F,frustration,I think it's ridiculous.
546,8,Ses01M_script02_2_M,neutral,It certainly is not.  It's like slightly exaggerated scientific fact.
546,9,Ses01M_script02_2_F,frustration,It's a PR.
546,10,Ses01M_script02_2_F,neutral,Somebody sold you a bill of goods that something amazing is going to happen on the beach.
547,0,Ses04M_script01_1_M,neutral,No.  I - I figured the best thing was to leave him alone.
547,1,Ses04M_script01_1_F,neutral,He cried hard?
547,2,Ses04M_script01_1_M,neutral,I heard him right through the floor of my room.
547,3,Ses04M_script01_1_F,neutral,What was he doing out here at that hour?  He's dreaming about him again.  He's walking around at night.
547,4,Ses04M_script01_1_M,neutral,I guess he is.
547,5,Ses04M_script01_1_F,sadness,He's getting just like after he died.  What's the meaning in that?
547,6,Ses04M_script01_1_M,frustration,"I don't know the meaning of it, mom.  But I know one thing; we made a terrible mistake with dad."
547,7,Ses04M_script01_1_F,neutral,What?
547,8,Ses04M_script01_1_M,neutral,Being dishonest with him.  That kind of thing always pays off and now it's paying off.
548,0,Ses03M_impro08a_F,anger,I want to talk to a supervisor
548,1,Ses03M_impro08a_F,anger,I would like to talk to your supervisor.  Obviously you're incompetent and don't understand what I'm asking.
548,2,Ses03M_impro08a_M,neutral,"Um- Let me connect you to my supervisor.  Actually, he's out right now so I'm supervisor until he comes back. Um-"
548,3,Ses03M_impro08a_F,frustration,What?
548,4,Ses03M_impro08a_M,neutral,"So you could----speak with me some more, you could call back later on maybe."
548,5,Ses03M_impro08a_F,frustration,That's ridiculous.  You know?
548,6,Ses03M_impro08a_F,frustration,"No I don't want to call back, you put me on hold for like hours and hours----and it's money, money, money, money and out of my pocket, out of my pocket--"
548,7,Ses03M_impro08a_M,frustration,I didn't put you on hold.
549,0,Ses04F_script01_2_F,frustration,Just last week a man showed up in Detroit missing longer than Larry.  You read it yourself.
549,1,Ses04F_script01_2_M,frustration,Alright.  Alright.  Calm yourself.
549,2,Ses04F_script01_2_F,frustration,You above all have got to believe.  You.
549,3,Ses04F_script01_2_M,frustration,Why me above all?
549,4,Ses04F_script01_2_F,frustration,Just don't stop believing.
549,5,Ses04F_script01_2_M,anger,"What does that mean, me above all?  Look at you.  You're shaking."
549,6,Ses04F_script01_2_F,frustration,I can't help it.
549,7,Ses04F_script01_2_M,frustration,What have I got to hide?  What the hell is matter with you Kate?
550,0,Ses02M_impro05_M,neutral,Hi. Um-
550,1,Ses02M_impro05_F,neutral,"Hi, can I help you?"
550,2,Ses02M_impro05_M,neutral,It seems that uh- my-my bag didn't make it out on the carousel.
550,3,Ses02M_impro05_F,neutral,"Oh, did you check? Did you make sure as it went around the second time that it-"
550,4,Ses02M_impro05_M,neutral,"Yes, yes, it's gone around like you know twenty times. It's been about a half hour."
550,5,Ses02M_impro05_F,neutral,"Okay. Well, um- the f."
550,6,Ses02M_impro05_F,neutral,"Actually I'm looking here at the information, the flight that you were on we had some trouble with some of the baggage, it looks like a few peoples' bags didn't make it through. Um, so-"
550,7,Ses02M_impro05_M,neutral,Okay. So what-what do I have to get you know
550,8,Ses02M_impro05_F,neutral,"Well, you can fill out this paperwork um- and if for some reason it shows up, we can bring it to you, but-"
551,0,Ses04F_impro07_M,neutral,"Hey, what's up?"
551,1,Ses04F_impro07_F,neutral,Guess what came today?
551,2,Ses04F_impro07_M,neutral,What?
551,3,Ses04F_impro07_F,neutral,My acceptance letter.
551,4,Ses04F_impro07_M,neutral,Get out.
551,5,Ses04F_impro07_F,neutral,From U.S.C..
551,6,Ses04F_impro07_M,neutral,You serious?
551,7,Ses04F_impro07_F,neutral,"Yes, I am."
551,8,Ses04F_impro07_M,neutral,"Oh, my god what happened.  You got in. Otherwise you wouldn't be so happy. [LAUGHTER]"
551,9,Ses04F_impro07_F,neutral,"Well yeah, that's the general idea. [LAUGHTER]"
551,10,Ses04F_impro07_M,neutral,That's awesome.  Congratulations.
551,11,Ses04F_impro07_F,neutral,Big bad acceptance packet with all the information.  I'm going to U.S.C..
551,12,Ses04F_impro07_M,neutral,That's amazing.  Wow.
551,13,Ses04F_impro07_F,neutral,I know. [LAUGHTER]
551,14,Ses04F_impro07_M,neutral,You're going to have to get like a nine millimeter because U.S.C.'s like in South Central.
551,15,Ses04F_impro07_F,neutral,"[LAUGHTER] Yeah, uh. No."
551,16,Ses04F_impro07_F,neutral,[LAUGHTER] It's safe around there.
552,0,Ses01M_script03_2_M,neutral,It was bristling with diamonds in the worst possible taste.
552,1,Ses01M_script03_2_F,neutral,Not at all. It was very pretty. I still wear it often.
552,2,Ses01M_script03_2_M,neutral,You sent out of your way to torture me over Peter Burden.
552,3,Ses01M_script03_2_F,neutral,I did not you worked whole thing up in your jealous imagination.
552,4,Ses01M_script03_2_M,neutral,"Well, you let him kiss you.  You said you did."
552,5,Ses01M_script03_2_F,neutral,"Well, what of it?"
552,6,Ses01M_script03_2_M,neutral,What of it?
552,7,Ses01M_script03_2_F,neutral,"It gave him a lot, a great deal of pleasure and it didn't hurt me."
552,8,Ses01M_script03_2_M,neutral,And what about me?
553,0,Ses03M_impro07_F,neutral,Ah man.
553,1,Ses03M_impro07_M,neutral,This is going to be so great.  I have so many great ideas.
553,2,Ses03M_impro07_F,neutral,Yeah. Did you...I mean do send in like how long after you send in your application did you hear?
553,3,Ses03M_impro07_M,neutral,to start off.
553,4,Ses03M_impro07_M,happiness,"It took them, oh man, it took them like, I mean what it's like April now and any letters that come in April are usually the rejection letters so I was just like..."
553,5,Ses03M_impro07_F,neutral,You were like...
553,6,Ses03M_impro07_M,neutral,I was struck.
553,7,Ses03M_impro07_F,neutral,Oh my God.  I am so proud of you.
554,0,Ses03M_impro04_F,neutral,But you got to be real about it.  You have to...
554,1,Ses03M_impro04_M,frustration,Yeah.  I got eighteen hundred on my S.A.T..
554,2,Ses03M_impro04_F,neutral,Sixteen hundred.
554,3,Ses03M_impro04_M,neutral,Same difference.
554,4,Ses03M_impro04_M,neutral,Twenty-one hundred on my S.A.T..
554,5,Ses03M_impro04_F,neutral,Twenty-one hundred?
554,6,Ses03M_impro04_M,frustration,But I'm doomed.  Yeah I got so good I was over twenty one hundred.  Now what am I doing?
554,7,Ses03M_impro04_M,happiness,"Like, wow you're really smart we're going to give you an extra [GARBAGE]."
555,0,Ses01F_script03_2_F,neutral,I did not.  You worked that whole thing up in your jealous imagination.
555,1,Ses01F_script03_2_M,frustration,"Well, you let him kiss you, huh?  You said you did."
555,2,Ses01F_script03_2_F,neutral,"Well, what of it?"
555,3,Ses01F_script03_2_M,neutral,What of it?
555,4,Ses01F_script03_2_F,neutral,It gave him a lot of pleasure and it didn't hurt me.
555,5,Ses01F_script03_2_M,anger,What about me?
555,6,Ses01F_script03_2_F,neutral,"If you hadn't been so suspicious and nosey, you never would have known a thing about it."
555,7,Ses01F_script03_2_M,neutral,"That's a nice point of view, I must say."
555,8,Ses01F_script03_2_F,frustration,Oh dear.  I'm bored with this conversation.
556,0,Ses04M_impro04_F,neutral,"If you're not willing to try and work with it and find something and, you know, I mean, there are things you could do."
556,1,Ses04M_impro04_M,frustration,"No, but I'm try- but like all the things that I-it's like I apply to all these places and none of them"
556,2,Ses04M_impro04_M,frustration,"-- I mean, I don't understand.  It's like -- I mean, I feel like I'm qualified enough.  I just don't understand.  Like, I mean, it's just like a matter of circumstance, but it's been three years, you know, three years."
556,3,Ses04M_impro04_F,neutral,"Well maybe, you know, your luck it is just down and the market for your particular field is down and maybe you just need to look into doing something else for a while."
556,4,Ses04M_impro04_M,frustration,This is stupid.
556,5,Ses04M_impro04_F,neutral,"I mean, I'm not saying that you should, you know--"
556,6,Ses04M_impro04_M,frustration,"You know what, this is your fault."
556,7,Ses04M_impro04_F,neutral,Excuse me?
556,8,Ses04M_impro04_M,frustration,It's your fault 'cause -cause you always told me to- to do this and I did that instead.  And I didn't take your advice and - and- but you sort of were like were telling--
557,0,Ses03M_impro06_M,sadness,"and the worst part of it is that he was in the car with his girlfriend,"
557,1,Ses03M_impro06_M,sadness,his girlfriend got killed too.
557,2,Ses03M_impro06_F,sadness,Oh man.
557,3,Ses03M_impro06_M,sadness,And the car that he hit was his family.
557,4,Ses03M_impro06_F,sadness,How are they?
557,5,Ses03M_impro06_M,sadness,The mother and father died--
557,6,Ses03M_impro06_M,sadness,and the kids are paralyzed in a coma right now.
557,7,Ses03M_impro06_M,sadness,and just going to the funeral it's-
557,8,Ses03M_impro06_M,sadness,"-do I miss him or do I hate him, you know?"
558,0,Ses04F_impro03_F,neutral,Really?
558,1,Ses04F_impro03_M,neutral,Sure.
558,2,Ses04F_impro03_F,neutral,"Okay.  It's going to be in, like, six months.  So we don't have a really long time."
558,3,Ses04F_impro03_M,neutral,"I'm thinking greens, lots of greens. Greens and browns.  We're nature."
558,4,Ses04F_impro03_F,neutral,Okay.
558,5,Ses04F_impro03_F,neutral,No.  No browns.
558,6,Ses04F_impro03_M,neutral,Why not browns?
558,7,Ses04F_impro03_F,neutral,It's a wedding.
558,8,Ses04F_impro03_M,neutral,"It's a light brown, tanish."
558,9,Ses04F_impro03_F,neutral,Blue for the sky.
558,10,Ses04F_impro03_F,neutral,Come on.
559,0,Ses05F_script03_2_M,frustration,[BREATHING]
559,1,Ses05F_script03_2_M,anger,Did you see much of Peter Burden after the divorce?
559,2,Ses05F_script03_2_F,neutral,"Yes, I did quite a bit."
559,3,Ses05F_script03_2_M,anger,I suppose you let him kiss you a good deal more then.
559,4,Ses05F_script03_2_F,anger,Mind your own business.
559,5,Ses05F_script03_2_M,anger,"You must have a riotous time, no restraint at all, very enjoyable.  I mean, you never had much anyway."
559,6,Ses05F_script03_2_F,anger,"Oh dear, you really are becoming quite insufferable.  I would imagine it's because you're drunk."
559,7,Ses05F_script03_2_M,neutral,I'm not the least bit drunk.
559,8,Ses05F_script03_2_M,neutral,I think I mentioned once before that I had only three-minute liqueur glasses of brandy the entire evening long.  A child of two could not be drunk on that.
560,0,Ses02M_impro08_M,neutral,"and never you know, give it to anyone out, never even give out your number to any like unreliable company that you haven't heard of or anything like that, all right? Because, um, we want to- we definitely want to help you out, but-"
560,1,Ses02M_impro08_F,neutral,"Right, right."
560,2,Ses02M_impro08_F,neutral,"Okay, great."
560,3,Ses02M_impro08_F,neutral,"Yeah, totally."
560,4,Ses02M_impro08_M,neutral,you know it gets- it gets difficult you know so Alright.
560,5,Ses02M_impro08_F,happiness,Well thank you so much. You've been very helpful. I really appreciate it.
560,6,Ses02M_impro08_M,neutral,"Alright Yes, I'm sorry for all the inconvenience but we'll get it taken care of."
560,7,Ses02M_impro08_F,neutral,[BREATHING] Thank you.
560,8,Ses02M_impro08_F,happiness,Thank you very much bye.
561,0,Ses01M_script01_1_F,frustration,"The trouble is you don't see enough women, you never did."
561,1,Ses01M_script01_1_M,frustration,So what?  I'm just--I'm not fast with women.
561,2,Ses01M_script01_1_F,anger,I don't see why it has to be Annie.
561,3,Ses01M_script01_1_M,frustration,Because it is.
561,4,Ses01M_script01_1_F,anger,"That's a good answer but it doesn't answer anything.  You haven't seen her since you went away to war, it's been five years."
561,5,Ses01M_script01_1_M,frustration,"I don't know, it I think of her, I grew up next to her.  She is what I think of when I think of a wife."
561,6,Ses01M_script01_1_F,sadness,"He thinks he's coming back, Chris.  You marry that girl you're pronouncing him dead."
561,7,Ses01M_script01_1_F,anger,"Do you know what that'll do to you, to your father, do you know?  I don't."
561,8,Ses01M_script01_1_M,neutral,All right then.
562,0,Ses03M_impro04_M,anger,I'm smarter than half the people I work for.
562,1,Ses03M_impro04_F,neutral,"Well, what do you...what would ideally like to do, you know?"
562,2,Ses03M_impro04_M,frustration,I don't know astronaut?  I don't know something crazy like that.
562,3,Ses03M_impro04_F,neutral,Well what'd you major in?
562,4,Ses03M_impro04_M,frustration,Biomedical Engineering.
562,5,Ses03M_impro04_F,neutral,"You-You can't be working as a restaurant manager, I mean, come on."
562,6,Ses03M_impro04_M,frustration,"I don't want to do engineering though.  It's so...I had the internship what, last summer,"
562,7,Ses03M_impro04_M,frustration,"and I was pulling my hair out and it was like, oh my God.  So I just had to finish the major so now they're like, why are you an engineering major, and why are you working, trying to work at a restaurant.  And it's like I don't know just give me the damn job."
562,8,Ses03M_impro04_F,neutral,Look I'm sorry-
563,0,Ses04F_impro07_M,neutral,"You'd have to, like go somewhere else, and, you know, we would be apart, and that would suck."
563,1,Ses04F_impro07_F,neutral,I would miss you.
563,2,Ses04F_impro07_F,neutral,Yeah. But now we don't have to.
563,3,Ses04F_impro07_M,neutral,Right.
563,4,Ses04F_impro07_F,neutral,Everything worked out perfectly.
563,5,Ses04F_impro07_M,neutral,That's awesome.
563,6,Ses04F_impro07_F,neutral,I know.  We should have a party.
563,7,Ses04F_impro07_M,neutral,We should have a party.
563,8,Ses04F_impro07_F,neutral,An I got accepted to U.S.C. party.
563,9,Ses04F_impro07_M,neutral,You got accepted-what?  to a U.S.C. party?
563,10,Ses04F_impro07_F,neutral,No.  An I got accepted to U.S.C. party. [LAUGHTER]
563,11,Ses04F_impro07_M,neutral,"Oh, that's right. Okay, I see. Right, right, right."
563,12,Ses04F_impro07_M,neutral,A party celebrating your acceptance.
563,13,Ses04F_impro07_F,neutral,Right.  Now you're with me.
563,14,Ses04F_impro07_M,neutral,That's cool.
563,15,Ses04F_impro07_F,neutral,That is why I got accepted.
563,16,Ses04F_impro07_M,neutral,"Well, that's really cool that you're going to be staying in the same city and everything. so umm"
564,0,Ses03F_script02_1_M,neutral,"We should have brought the blanket. Oh, why didn't we bring the blanket? Our blanket."
564,1,Ses03F_script02_1_M,neutral,"You know what would be good right now? A six-pack. Ah, I can't believe I forgot a six-pack. A six-pack would be just the ticket right about now."
564,2,Ses03F_script02_1_M,neutral,I'm so stupid. I'm like a little kid. I-it's amazing I get out of the house with my fly zipped. Oh- [LAUGHTER].
564,3,Ses03F_script02_1_M,neutral,I wonder if they can hear us talk. Or hear the vibrations in the sand when we move.
564,4,Ses03F_script02_1_F,neutral,I'm cold.
564,5,Ses03F_script02_1_M,neutral,Do you want my jacket?
564,6,Ses03F_script02_1_F,neutral,"It's past eleven, let's go home."
564,7,Ses03F_script02_1_M,neutral,What? Are you kidding me? We just got here. We'd miss it. What's the point of coming down there if we just turn around and go home?
564,8,Ses03F_script02_1_F,neutral,There is no point in coming down here.
565,0,Ses03F_impro08_F,neutral,"Okay, and this is for Verizon? Your provider?"
565,1,Ses03F_impro08_M,neutral,Yeah.
565,2,Ses03F_impro08_F,neutral,"Well, um- we have a little problem with the system going on.  One of our satellites is down, and I-"
565,3,Ses03F_impro08_M,anger,You know what?  I'm just going to- Patient?  I'm a busy man.
565,4,Ses03F_impro08_F,neutral,"You're going to have to just be patient with us, sir, as we"
565,5,Ses03F_impro08_F,neutral,"Well, I know sir, and we all are busy."
565,6,Ses03F_impro08_F,neutral,But I'm going to definitely have to- uh--get your contact information
565,7,Ses03F_impro08_M,anger,"-have to, have to what?"
565,8,Ses03F_impro08_M,anger,What?  It's my phone.  You can't even call me on it. I don't have another phone.
566,0,Ses04M_script02_2_M,neutral,Why not?
566,1,Ses04M_script02_2_F,anger,"We never do, do we?  Have we ever?"
566,2,Ses04M_script02_2_M,neutral,We've missed them twice.
566,3,Ses04M_script02_2_M,neutral,That's not ever.
566,4,Ses04M_script02_2_F,frustration,Twice is every time we've tried.  That's ever.
566,5,Ses04M_script02_2_M,frustration,We'll see them this year.
566,6,Ses04M_script02_2_F,neutral,"No, we won't.  It's pointless.  It's like waiting up to see Santa Claus.  I feel as though my entire life is going to be spent standing on the beach with my eyes wide open and my hands clasped expectantly waiting for the fish to show up.  And the fish won't show up."
566,7,Ses04M_script02_2_M,neutral,I thought you wanted to see them.
567,0,Ses05F_script02_2_F,neutral,"Augie, you bought refreshments."
567,1,Ses05F_script02_2_M,neutral,"Well, it's not champagne."
567,2,Ses05F_script02_2_F,neutral,Well than we don't need glasses.
567,3,Ses05F_script02_2_M,neutral,Are you still cold?  You still want to go home?
567,4,Ses05F_script02_2_F,happiness,"No, I am beginning to think that maybe this is the spot after all."
567,5,Ses05F_script02_2_M,happiness,"Shh, If we're very quiet, the fish might come."
567,6,Ses05F_script02_2_F,neutral,Or not.
567,7,Ses05F_script02_2_M,happiness,Or not.
568,0,Ses05M_impro03_F,neutral,Are you guys gonna have kids?
568,1,Ses05M_impro03_M,happiness,"Of course, we're gonna have kids, like three at least."
568,2,Ses05M_impro03_F,neutral,Yeah?
568,3,Ses05M_impro03_F,neutral,"Whoa, right away?."
568,4,Ses05M_impro03_M,happiness,"She wants like eight- She wants like eight kids and I'm like, no, no, no, no, no.  I am like what Let's do maybe three and we'll go with that."
568,5,Ses05M_impro03_F,neutral,Are you going to start right away?
568,6,Ses05M_impro03_M,neutral,"Well, we're going to take a little bit of time, you know, we need to get acclimated and you know start our lives, make money, you know be comfortable."
568,7,Ses05M_impro03_F,neutral,"Yeah, have you ever like lived with someone else before?"
569,0,Ses05M_impro04_M,frustration,"Uh, God.  I don't know what to do anymore.  Like I said --"
569,1,Ses05M_impro04_F,neutral,What do you mean?
569,2,Ses05M_impro04_M,frustration,"I don't know.  There's nothing for me out there.  I can't get a job.  I haven't gotten a job in a year, three years.  What is it, three years now; right? That I haven't been able to have a job."
569,3,Ses05M_impro04_F,neutral,Really? It's been that long?
569,4,Ses05M_impro04_M,frustration,"Something like that.  I can't even remember anymore. I don't know what to do anymore.  I just get out there everyday -- well, not everyday, almost everyday."
569,5,Ses05M_impro04_F,neutral,Wow.
569,6,Ses05M_impro04_M,frustration,And try to do something. I mean-
569,7,Ses05M_impro04_F,neutral,What have you been trying?
569,8,Ses05M_impro04_M,frustration,"Well, everything.  I'll do temping, you know, office work.  You know, whatever to pay the bills.  You know, I'll do anything."
570,0,Ses04F_script03_2_F,anger,"I don't care, okay.  Do you understand?  I don't care.  I don't mind if they bark and roll about like hoops."
570,1,Ses04F_script03_2_M,neutral,Did you see much of Peter Burden after our divorce?
570,2,Ses04F_script03_2_F,anger,"Yes, I did quite a lot."
570,3,Ses04F_script03_2_M,neutral,I suppose you let him kiss you a good deal more then.
570,4,Ses04F_script03_2_F,anger,Mind your own business.
570,5,Ses04F_script03_2_M,neutral,"You must have had a riotous time.  No restraint at all, very enjoyable, you never had much anyhow."
570,6,Ses04F_script03_2_F,anger,You're quite insufferable.  I expect it's because you're drunk.
570,7,Ses04F_script03_2_M,anger,I'm not in the least drunk.
570,8,Ses04F_script03_2_F,anger,You always had a weak head.
571,0,Ses02M_script03_2_M,neutral,I am not in the least drunk.
571,1,Ses02M_script03_2_M,neutral,"I imagine, as I may have already mentioned, I've had three minute liquor glasses of Brandy the whole evening long a child of two couldn't get drunk on that."
571,2,Ses02M_script03_2_F,neutral,On the contrary a child of two could get violently drunk on only one glass of Brandy.
571,3,Ses02M_script03_2_M,neutral,"Oh very interesting. How about a child of four, a child of six or a child of nine?"
571,4,Ses02M_script03_2_F,anger,Oh be quiet.
571,5,Ses02M_script03_2_M,anger,"We can get a good little debate going about that, don't you think? Intemperate tots."
571,6,Ses02M_script03_2_F,neutral,"Not very funny my dear, you better have some more Brandy."
571,7,Ses02M_script03_2_M,neutral,All right. I will.
571,8,Ses02M_script03_2_M,neutral,Better turn that off I think.
572,0,Ses02F_impro07_M,neutral,I always see people walking around with like U.S.C stuff on--
572,1,Ses02F_impro07_F,neutral,"I know, I get to be one of those now--I'll like walk around and be like a U.S.C..  You know what I mean."
572,2,Ses02F_impro07_M,neutral,You know is like.
572,3,Ses02F_impro07_M,neutral,I know.
572,4,Ses02F_impro07_M,neutral,Ahh. Yeah. [GARBAGE]
572,5,Ses02F_impro07_M,neutral,"You'll be like are you a fan or a student you know? Student. [LAUGHTER] Oh man, that's awesome."
572,6,Ses02F_impro07_F,neutral,And you'll be like...
572,7,Ses02F_impro07_F,neutral,"Student. I'm a student. Yes I am, Thank you very much."
573,0,Ses05F_script01_2_F,frustration,"Nobody in her- this house dares shake her faith.  Strangers might, but not his father, and not his brother."
573,1,Ses05F_script01_2_M,frustration,What do you want me to do? What do you want--
573,2,Ses05F_script01_2_F,anger,I want you to pretend like he's coming back!
573,3,Ses05F_script01_2_M,frustration,"But, Kate..."
573,4,Ses05F_script01_2_F,anger,"Because if he's not coming back, then I'll kill myself."
573,5,Ses05F_script01_2_M,frustration,[LAUGHTER]
573,6,Ses05F_script01_2_F,anger,"Laugh.  Laugh at me, but what happens the night that she goes to sleep in his bed, and his memorial breaks in pieces?"
573,7,Ses05F_script01_2_M,frustration,Calm yourself.
573,8,Ses05F_script01_2_F,neutral,"Believe with me, Joe.  I can't stand alone."
574,0,Ses05F_impro07_M,neutral,"Oh, I bet you're going to love it too.  You always wanted to go to U.S.C.."
574,1,Ses05F_impro07_F,neutral,"I know they have a really, really great program for what I want to do."
574,2,Ses05F_impro07_M,neutral,"You're going to have so much fun.  And there's lo- tons of people, you're going to meet so many people, I'm going to meet so many people too, because we're going to be there together."
574,3,Ses05F_impro07_F,neutral,Can we for real live together?
574,4,Ses05F_impro07_M,neutral,"Sure, why not.  I don't know why not, I'm not doing anything I have no plans, I could live anywhere I want."
574,5,Ses05F_impro07_F,neutral,awesome.
574,6,Ses05F_impro07_F,neutral,So should we get a place near campus? or-
574,7,Ses05F_impro07_M,neutral,That'll be great. That'll be great.
574,8,Ses05F_impro07_M,neutral,"We should try to find, like, a party spot though, like you know where there's going to be a lot of parties, where there are cool people, though.  Do you know any people that might be out there?"
575,0,Ses03F_script01_3_M,neutral,Well-
575,1,Ses03F_script01_3_F,neutral,"Look,"
575,2,Ses03F_script01_3_F,neutral,"you've been acting kind of, well, you know."
575,3,Ses03F_script01_3_M,neutral,What?
575,4,Ses03F_script01_3_F,sadness,"Well, you've been embarrassed ever since I came."
575,5,Ses03F_script01_3_M,neutral,"Yes, I guess I have been. But it's going from me now."
575,6,Ses03F_script01_3_M,happiness,"Oh look, um, well, the thing is, I was planning on, planning on sort of sneaking up on you over a week or so, and they-they take it for granted we're all set."
575,7,Ses03F_script01_3_F,neutral,Yeah.
575,8,Ses03F_script01_3_M,neutral,How did you know?
576,0,Ses03M_impro03_F,neutral,I cannot believe you.  Why do you want to get married?  You're a boy.  You're a little boy.
576,1,Ses03M_impro03_M,neutral,I'm twenty eight years old.
576,2,Ses03M_impro03_F,neutral,You still act like a boy.  And men take a lot longer to grow----I will tell you.
576,3,Ses03M_impro03_M,neutral,Well that's why I'm dating someone who's just eighteen years old. Jesus. I think she's ready to have kids already.
576,4,Ses03M_impro03_F,neutral,Oh man.
576,5,Ses03M_impro03_F,neutral,What?  Eighteen?
576,6,Ses03M_impro03_M,neutral,I'm so excited.  It's going to be great.
576,7,Ses03M_impro03_F,neutral,I can't believe you.  I can't believe it.  Well I'm going to be there.  I'll be at that wedding but I'll be in the back.
577,0,Ses02F_impro03_M,neutral,Okay. You know--you know where?  Or--
577,1,Ses02F_impro03_F,happiness,"I don't know.  I mean, I kinda like the idea of having something outside, but--Like--is a- Yeah,"
577,2,Ses02F_impro03_M,neutral,"Uh, huh. I mean, you know, it's spring--It'll be--"
577,3,Ses02F_impro03_F,neutral,"But It's sort of hard 'cause the weather is so unpredictable and then if it's like cold that day.  Or if it's too hot, you know, it's like--but um--"
577,4,Ses02F_impro03_M,neutral,Spring's nice though.
577,5,Ses02F_impro03_F,neutral,"Yeah, I don't know-[LAUGHTER]-I mean--I can't even--the whole idea of like living--spending my whole life with somebody--that's crazy"
577,6,Ses02F_impro03_M,neutral,"Yeah, that is--how long you guys been together now?"
577,7,Ses02F_impro03_F,neutral,Two and a half years. [LAUGHTER]
578,0,Ses02F_impro08_M,neutral,"Um- You know, window is nice. I guess"
578,1,Ses02F_impro08_F,neutral,"Okay, I can do um- a win- -two like a window and a aisle and a window and an aisle next to each other so that each of you can sit two by two. And switch around maybe?"
578,2,Ses02F_impro08_M,neutral,"All right, Sure.  A yeah, that- that'd be good."
578,3,Ses02F_impro08_F,neutral,Okay.  Great.  What time of the day would you like?
578,4,Ses02F_impro08_M,neutral,"Uh, well, yeah, I think we were just--you know, whenever best available, I guess.  You know--"
578,5,Ses02F_impro08_F,neutral,All right.  Great.  Well we have a very open flight that leaves at nine a.m. and fortunately uh the time change actually goes um backwards from that.
578,6,Ses02F_impro08_F,neutral,"So, it's a five hour flight, but you'll arrive only at eleven a clock in the morning.  So that day, you can have plenty of time to get to your hotel--Rest up and then still have a nice afternoon your first afternoon in Maui."
578,7,Ses02F_impro08_M,neutral,"And, like, there's there's shuttles or something that I can get to the hotel."
579,0,Ses05F_impro08_M,neutral,Absolutely.
579,1,Ses05F_impro08_F,neutral,"Yeah, we- Somebody went in and- and cleared the problem and it looks like you're all paid."
579,2,Ses05F_impro08_M,neutral,Did they take-
579,3,Ses05F_impro08_F,neutral,"You do the direct the direct it um- it's taking right out of your bank account, correct?"
579,4,Ses05F_impro08_M,neutral,"Yes, yes, exactly."
579,5,Ses05F_impro08_F,neutral,Yeah so- That --that did go through.
579,6,Ses05F_impro08_M,neutral,Are you taking the late fee off of my account then?
579,7,Ses05F_impro08_F,neutral,"Um- I can try to do that for you, certainly."
580,0,Ses03M_script03_1_F,neutral,"Elliot, worms don't pop."
580,1,Ses03M_script03_1_M,neutral,"I don't care what you do, you see?  As long, no I don't care what you do, see?"
580,2,Ses03M_script03_1_M,neutral,You can put green paint all over your body and dance naked in the Place Vendome and rush off madly with all the men in the world and I shan't say a word as long as you love me best.
580,3,Ses03M_script03_1_F,neutral,Thank you dear.  The same applies to you...
580,4,Ses03M_script03_1_F,neutral,...only if you ever so much as look at another woman I'll kill you.
580,5,Ses03M_script03_1_M,neutral,Remember that awful scene we had in Venice?
580,6,Ses03M_script03_1_F,neutral,Which particular one?
580,7,Ses03M_script03_1_M,neutral,The one when you bought a little painted wooden snake in the Piazza and put it in my bed.
580,8,Ses03M_script03_1_F,neutral,"Charles, that was his name, Charles.  Oh, God he was so wiggled so beautifully."
581,0,Ses04F_impro07_F,neutral,[LAUGHTER].
581,1,Ses04F_impro07_M,neutral,I dork.
581,2,Ses04F_impro07_F,neutral,"No.  But I'm thinking I might, you know, like audition for a play or something.  I don't really want to do the sorority thing.  I'm not really feeling that vibe with the"
581,3,Ses04F_impro07_M,neutral,"Yeah, you don't want to do the sorority thing because you'll probably get used and abused by"
581,4,Ses04F_impro07_F,neutral,ditsy valley girls and
581,5,Ses04F_impro07_F,neutral,lots of money and
581,6,Ses04F_impro07_M,neutral,lots of drunk frat boys
581,7,Ses04F_impro07_F,neutral,Right.
581,8,Ses04F_impro07_M,neutral,Yeah.
581,9,Ses04F_impro07_M,neutral,"But, hey. They have- they have- they have free, uh"
581,10,Ses04F_impro07_F,neutral,What have you heard about the Greek system?
581,11,Ses04F_impro07_M,neutral,free buffets and free events.
581,12,Ses04F_impro07_F,neutral,Free nothing. 'Cause you have to pay tons of money anyway.
581,13,Ses04F_impro07_M,neutral,"I mean it's not really free because you have to pay for it, but yeah."
581,14,Ses04F_impro07_M,neutral,Well do you think you're going to live on campus or off campus your first year?
581,15,Ses04F_impro07_F,neutral,"I think I'll live on campus the first year cause you  meet more people that way, right?"
582,0,Ses01M_impro02_M,sadness,I guess you're just going to have to have it without me.
582,1,Ses01M_impro02_M,sadness,"Hey listen, it's going to be okay though, all right?"
582,2,Ses01M_impro02_M,sadness,You're going to be fine.
582,3,Ses01M_impro02_F,neutral,Me?  I'm not worried about me.
582,4,Ses01M_impro02_M,sadness,"I'm going to be fine too, okay?"
582,5,Ses01M_impro02_F,neutral,How do you know?
582,6,Ses01M_impro02_M,sadness,I know I have a good... I have a really good group of guys with me.
582,7,Ses01M_impro02_M,sadness,We're going to be okay.
583,0,Ses03M_impro04_F,neutral,How many words a minute?
583,1,Ses03M_impro04_M,frustration,"Sixty words.  Sixty words a minute.  Hey how are you doing Mr. Smith?  Oh, you know, it's just like God, I just want to shoot you Mr. Smith."
583,2,Ses03M_impro04_F,neutral,Sixty words a minute.  That's a min...a word per min uh second.
583,3,Ses03M_impro04_M,neutral,Yeah.  It's alright.  But--
583,4,Ses03M_impro04_F,neutral,You could be an amazing receptionist.
583,5,Ses03M_impro04_M,frustration,I'm not cut to be a receptionist.
583,6,Ses03M_impro04_M,sadness,No.
583,7,Ses03M_impro04_M,frustration,"Oh yeah.  I will be a full time receptionist.  Harvard degree, sixteen hundred on my S.A.T.--"
583,8,Ses03M_impro04_F,neutral,"Well... If you need something, I mean, you're just going to---can get a temporary thing right now and then look for something--"
584,0,Ses04M_impro05_M,neutral,"I'm going to get very upset.  Like, I mean, I'm- I'm upset right now but I'm going to get really upset if you- if you don't do the check thing."
584,1,Ses04M_impro05_F,frustration,I'm very sorry.
584,2,Ses04M_impro05_F,neutral,I'm very sorry.  I understand you're upset.  You just got off a long flight.
584,3,Ses04M_impro05_M,frustration,"You don't understand. You don't understand, actually.  You don't understand because it was my luggage that was lost.  Okay."
584,4,Ses04M_impro05_F,frustration,We really -- we want to work with you. We really -- we want to help.
584,5,Ses04M_impro05_F,neutral,I understand that.  I would know if it was mine. Um-
584,6,Ses04M_impro05_M,anger,"Yeah.  If it was yours, but it's not. It's mine.  Okay. So just--"
584,7,Ses04M_impro05_F,neutral,But it's not.  It's yours.  I understand.
584,8,Ses04M_impro05_F,frustration,I know.  We want to work with you.  We will give you the fifty dollars but I'm--
585,0,Ses04F_script02_2_M,frustration,"No, of course not."
585,1,Ses04F_script02_2_F,frustration,I did want to see it.  I always do.  I keep thinking that this time will be the time but it never is.
585,2,Ses04F_script02_2_M,frustration,It's just a fish.  Nothing to get traumatized over.
585,3,Ses04F_script02_2_F,neutral,"For heaven's sake, this is not about fish."
585,4,Ses04F_script02_2_M,frustration,I've been trying to work this backwards but I can't seem to pinpoint the moment when we took a turn for the worse.  You were fine during the phone call from Marge.  Dinner was okay.  Doing the dishes was no problem.
585,5,Ses04F_script02_2_M,neutral,Let's see I took a shower.  You watched the news.  You said the Grunions are running tonight. I said great let's go.  I feel lucky tonight.
585,6,Ses04F_script02_2_M,neutral,"Okay.  Uh, so I'm putting on my jacket, putting out the animals.  We're getting the car out of the garage."
585,7,Ses04F_script02_2_F,neutral,Do you remember the first time we came to see it?  It was about four years ago right after we got married.
585,8,Ses04F_script02_2_F,sadness,We thought I was pregnant and we had a bottle of champagne but no glasses.  You asked me to dance.  So we took off our shoes
585,9,Ses04F_script02_2_F,sadness,"and you popped the cork and while we were dancing, you said the softest most intimate things to me"
586,0,Ses02M_script02_2_F,neutral,No.
586,1,Ses02M_script02_2_M,neutral,Get married again?
586,2,Ses02M_script02_2_F,frustration,No.
586,3,Ses02M_script02_2_M,frustration,What? What? You want a divorce?
586,4,Ses02M_script02_2_F,frustration,No.
586,5,Ses02M_script02_2_M,frustration,A vacation?
586,6,Ses02M_script02_2_F,frustration,No.
586,7,Ses02M_script02_2_M,frustration,"A new carpet? A poodle, a ice cream, backrub, a suicide pact, what, what Carla, what the hell do you want?"
586,8,Ses02M_script02_2_F,frustration,I want something to turn out the way that it supposed to.
587,0,Ses05F_impro04_M,neutral,Like- What's your ideal job?  What do you want to do?
587,1,Ses05F_impro04_F,neutral,"Well, I'd like to be a working actor."
587,2,Ses05F_impro04_M,neutral,Of course.
587,3,Ses05F_impro04_F,neutral,But um--
587,4,Ses05F_impro04_M,neutral,"Everyone wants to be a working actor, but they all work at something else."
587,5,Ses05F_impro04_F,neutral,Yeah.
587,6,Ses05F_impro04_M,neutral,So what's the something else?
587,7,Ses05F_impro04_F,neutral,"Bartending, catering."
587,8,Ses05F_impro04_M,neutral,"You can't get a catering gig?  Well, I can call some friends.  I- Well, I did call some friends before, but you went in once and then never went back."
588,0,Ses03M_impro03_F,neutral,Because of Chuck E. Cheese?
588,1,Ses03M_impro03_F,neutral,"Oh, man. How old are you? Five?"
588,2,Ses03M_impro03_M,happiness,She wanted...she always wants something spontaneous.
588,3,Ses03M_impro03_F,neutral,"Yeah.  That's, you know, okay."
588,4,Ses03M_impro03_M,happiness,"I couldn't, I couldn't afford the Red Lobster. [LAUGHTER] What anyway?"
588,5,Ses03M_impro03_F,happiness,"Oh god! You are damn cheap, cheap, cheap. Anyways, moving on. It's not like you're poor.  I mean your dad makes... okey"
588,6,Ses03M_impro03_M,happiness,So Okay then and.
588,7,Ses03M_impro03_M,happiness,"I got all the character animals to do a conga line,"
588,8,Ses03M_impro03_M,happiness,"dim down the lights and uh, I got on one of the tables pulled her up."
589,0,Ses04M_script01_3_F,sadness,"Oh, gees."
589,1,Ses04M_script01_3_M,sadness,It takes a little time to toss that off because they weren't just men.
589,2,Ses04M_script01_3_M,sadness,"For instance, one time it'd been raining several days.  And this kid came to me and gave me his last pair of dry socks; put them in my pocket.  That's only a little thing, but that's the kind of guys I had."
589,3,Ses04M_script01_3_M,neutral,They didn't die.  They killed themselves for each other.  I mean that exactly.  A little more selfish and they'd have been here today.
589,4,Ses04M_script01_3_M,sadness,"And I got this idea watching them go down, everything was being destroyed, see?  But, to me, it seemed there was one new thing that was made,"
589,5,Ses04M_script01_3_M,sadness,a kind of responsibility.  Man for man.  You understand me?  And then I went home and it was incredible.
589,6,Ses04M_script01_3_M,sadness,"There was no meaning in it here.  The whole thing to them was some sort of bus accident.  Then I went to work for dad and that whole rat race again.  I felt, what you said, ashamed somehow"
589,7,Ses04M_script01_3_M,sadness,because nobody was changed.  It seemed to make suckers out of a lot of guys.  I felt wrong to be alive;
590,0,Ses02M_impro05_M,frustration,"I mean -- I've been away for a while and- and now I've- I've gifts for- for you know friends and family I mean, I got stuff in the there"
590,1,Ses02M_impro05_F,neutral,Right.
590,2,Ses02M_impro05_M,neutral,It's worth a lot.
590,3,Ses02M_impro05_F,neutral,"I understand that. Um- So I'm going to put down here that you looking for your baggage, but we actually can't, uh this bag is likely not going to show up so what we're going to do-"
590,4,Ses02M_impro05_M,frustration,"Not going to show - well isn't like - wouldn't it just be at the airport, that, like, if it didn't get on the other plane"
590,5,Ses02M_impro05_M,frustration,can they check there?
590,6,Ses02M_impro05_F,neutral,"Sometimes it gets stolen, sometimes it gets misplaced on another plane and"
590,7,Ses02M_impro05_M,neutral,on another-
590,8,Ses02M_impro05_F,neutral,"they - they, it gets shipped to somewhere else and then it's stuck somewhere and then we have no way of tracking that."
591,0,Ses02F_script03_1_M,neutral,"Let's be superficial and pity the poor philosophers.  Let's blow our trumpets and squeakers and enjoy the party as much as we can.  Like quite idiotic, very small school children.  Let's savor the delight of the moment."
591,1,Ses02F_script03_1_M,neutral,"Come and kiss me, darling, before your body rots and worms pop in and out of your eye sockets."
591,2,Ses02F_script03_1_F,happiness,"Elliott, worms don't pop."
591,3,Ses02F_script03_1_M,neutral,"I don't care what you do.  See, you could paint yourself green and dance naked in the Place Vendome and rush off madly with all the men in the world and I shan't say a word.  As long as you love me best."
591,4,Ses02F_script03_1_F,happiness,"Oh, thank you, dear.  The same applies to you except that if I catch so much as looking at another woman, I'll kill you."
591,5,Ses02F_script03_1_M,neutral,You remember that awful scene we had in Venice?
591,6,Ses02F_script03_1_F,happiness,Which particular one?
591,7,Ses02F_script03_1_M,neutral,The one when you bought that little painted wooden snake in the Piazza and put it on my bed.
592,0,Ses01M_impro05_F,neutral,I wouldn't let you?   I was not in Atlanta. I was not in Atlanta.
592,1,Ses01M_impro05_M,neutral,It's a tiny little bag.
592,2,Ses01M_impro05_F,neutral,I had nothing to do with the boarding attendance.  I'm sorry that your seat was wherever it was.
592,3,Ses01M_impro05_M,neutral,"It was right in the middle of five different people.  I had a huge fat lady next me, a crying kid on left I went like can I please get a Bloody Mary, please? Will you bring a Bloody Mary?"
592,4,Ses01M_impro05_F,neutral,"I have some unfortunate news, uh, that your bag isn't going to be--"
592,5,Ses01M_impro05_F,neutral,--arriving any time soon.
592,6,Ses01M_impro05_M,neutral,"Just had a really, really stressful day, okay?  And I need my bag; can you please help me get my bag?"
592,7,Ses01M_impro05_F,neutral,I'm really sorry to tell you this but...
592,8,Ses01M_impro05_M,neutral,Okay.
593,0,Ses03M_impro02_M,neutral,"We'll have internet set up, we'll get web cameras and everything.  My whole family's here too."
593,1,Ses03M_impro02_F,sadness,Carry her for nine months and then yes.
593,2,Ses03M_impro02_M,neutral,Honey.
593,3,Ses03M_impro02_F,sadness,It's not the same thing.  It's not like having you here.
593,4,Ses03M_impro02_F,sadness,I can't do this.
593,5,Ses03M_impro02_M,neutral,"You can do it.  Alright?  You can, you can be strong, you can be strong for both of us alright?"
593,6,Ses03M_impro02_F,sadness,I'm sick of being strong-- --for us.
593,7,Ses03M_impro02_M,sadness,I don't know what to do.
593,8,Ses03M_impro02_M,frustration,I don't want to - I don't- I don't want to go.
594,0,Ses02M_script01_2_F,frustration,"Even last week there was a man who showed up in Detroit missing longer than Larry, you read it yourself."
594,1,Ses02M_script01_2_M,frustration,All right. All right. Calm yourself.
594,2,Ses02M_script01_2_F,frustration,Just you above all need to believe.
594,3,Ses02M_script01_2_M,neutral,"Wait, why my above all?"
594,4,Ses02M_script01_2_F,frustration,Don't stop believing.
594,5,Ses02M_script01_2_M,anger,"What does that mean, me above all?"
594,6,Ses02M_script01_2_M,anger,Look at you -- look at you shaking.
594,7,Ses02M_script01_2_F,frustration,I can't help it.
594,8,Ses02M_script01_2_M,frustration,"What have I got to hide? What the hell is the matter with you, Kate?"
595,0,Ses03M_script01_1_F,frustration,No I don't want a diagram.
595,1,Ses03M_script01_1_F,frustration,"He thinks he's coming back. And you go off and marry that girl and you're just pronouncing him dead and what's going to happen to him?  I don't know.  Do you?  I mean, I don't know."
595,2,Ses03M_script01_1_M,frustration,Alright then.
595,3,Ses03M_script01_1_F,neutral,"Look, just give it some thought okay?"
595,4,Ses03M_script01_1_M,sadness,I've given it three years of thought and I thought that if I waited then dad would forget about Larry and then we could have a regular wedding and everything happy.
595,5,Ses03M_script01_1_M,neutral,But if I can't have that here I'll get out.
595,6,Ses03M_script01_1_F,neutral,What the hell is this?
595,7,Ses03M_script01_1_M,neutral,I'll get out.  I'll marry her somewhere else.  Maybe New York.
595,8,Ses03M_script01_1_F,neutral,Are you crazy?
596,0,Ses04F_impro06_F,sadness,Thank you for being here.
596,1,Ses04F_impro06_M,sadness,You know I think- I think we should celebrate because I think that's what he would have wanted.
596,2,Ses04F_impro06_F,happiness,[LAUGHTER] You're probably right.  He probably would be pissed if we were all sitting around being upset about it. He'd want us to have a party.
596,3,Ses04F_impro06_M,neutral,Yeah.
596,4,Ses04F_impro06_F,happiness,And to drink in his honor. [LAUGHTER]
596,5,Ses04F_impro06_M,sadness,"That's right.  That's right.  I mean he would want us to, you know, celebrate the life that he- that he lived and, you know, enjoy the rest of ours as much as we can."
596,6,Ses04F_impro06_F,sadness,"Yeah, I know."
596,7,Ses04F_impro06_M,sadness,So-
597,0,Ses03M_script01_2_M,neutral,"Well, so what?"
597,1,Ses03M_script01_2_F,neutral,What's going on here Joe?
597,2,Ses03M_script01_2_M,frustration,Now listen kid...
597,3,Ses03M_script01_2_F,anger,No.  She's not his girl Joe and she knows that.
597,4,Ses03M_script01_2_M,neutral,You can't read her mind.
597,5,Ses03M_script01_2_F,neutral,"Then why is still single?  I mean there's plenty of single men in New York.  Why isn't she married by now?  Probably a hundred men has told her that she's foolish but, she's waiting."
597,6,Ses03M_script01_2_M,neutral,How do you know why she's waited?  Hmmm?
597,7,Ses03M_script01_2_F,neutral,"Because she knows what I know, that's why."
597,8,Ses03M_script01_2_F,anger,"I mean, her faith is stronger than a rock."
597,9,Ses03M_script01_2_F,sadness,"My worst times I think about her, you know, and I"
598,0,Ses03F_script02_2_F,sadness,"No, no."
598,1,Ses03F_script02_2_M,frustration,What? What? Do you want me to breathe in your ear?
598,2,Ses03F_script02_2_F,frustration,No.
598,3,Ses03F_script02_2_M,frustration,Do you want to get married again? What? What? Do you want to get a divorce?
598,4,Ses03F_script02_2_F,frustration,No.
598,5,Ses03F_script02_2_F,anger,No.
598,6,Ses03F_script02_2_M,frustration,A vacation?
598,7,Ses03F_script02_2_F,frustration,No.
598,8,Ses03F_script02_2_M,frustration,A new carpet? A poodle?
598,9,Ses03F_script02_2_M,anger,"A-a back rub, some ice cream, a suicide pact. What the hell do you want, Carla?"
599,0,Ses04M_impro08_F,frustration,I did not make the calls from B.F.E. Nebraska.
599,1,Ses04M_impro08_M,frustration,"Well I mean, I'm supposed to use discretion in the situation and, um--"
599,2,Ses04M_impro08_F,frustration,So could you discretion it back?
599,3,Ses04M_impro08_M,neutral,All I can do for you right now is give you a hundred dollars.
599,4,Ses04M_impro08_F,frustration,"Okay, but that's like half"
599,5,Ses04M_impro08_M,neutral,What I can
599,6,Ses04M_impro08_F,frustration,of the money that I was charged that I didn't make those calls.
599,7,Ses04M_impro08_M,neutral,What I can do for you is give you a hundred dollars right now and fill out complaint form
599,8,Ses04M_impro08_M,neutral,which you- which you'll have to go into a local Verizon dealer--  or Sprint.
600,0,Ses04M_impro02_F,sadness,When do you leave?
600,1,Ses04M_impro02_M,frustration,Next week.
600,2,Ses04M_impro02_F,anger,A week.  You're giving me a week to be okay with this.
600,3,Ses04M_impro02_M,frustration,"You can't make it out like I'm happy about this.  I mean, I didn't -- I didn't want to put you in this situation."
600,4,Ses04M_impro02_F,frustration,Well it doesn't seem like you're that bothered by it.
600,5,Ses04M_impro02_M,frustration,"I am.  I mean, I don't know.  I don't know what else to tell -- you know, I mean, I can tell you.  I don't know what else to do. I mean, I've been forced into this situation."
600,6,Ses04M_impro02_F,frustration,"If you really cared so much, you'd find a way out."
600,7,Ses04M_impro02_M,frustration,There's nothing I can do.  I-- I
601,0,Ses05M_script01_1_M,frustration,We have to say it to him.
601,1,Ses05M_script01_1_F,frustration,how are you gonna prove it?  Can you prove it?
601,2,Ses05M_script01_1_M,anger,For Gods sake!  Three years!  Nobody comes back after three years.  That's insane!
601,3,Ses05M_script01_1_F,frustration,"To you it is and to me, but not to him.  Now you can talk yourself until you're blue in the face, Chris, but there's no body and there's no grave.  So where are you?"
601,4,Ses05M_script01_1_M,neutral,"Sit down, mom.  I want to talk to you."
601,5,Ses05M_script01_1_F,anger,"The trouble is the God damn newspapers.  I mean every every week a kid turns up, missing like longer than Larry."
601,6,Ses05M_script01_1_M,frustration,"All right.  All right, mom.  Just listen.  You know why I invited Annie her, don't you?"
601,7,Ses05M_script01_1_F,neutral,Why?
602,0,Ses04M_impro03_F,neutral,Are you going to get married like on the beach barefoot or like fancier?  Like in a church.
602,1,Ses04M_impro03_M,neutral,Barefoot?
602,2,Ses04M_impro03_F,neutral,Well I don't know.  Throwing it out there.
602,3,Ses04M_impro03_M,neutral,"Um, no, no, no.  It'll be in like a park near the beach."
602,4,Ses04M_impro03_F,neutral,Okay.
602,5,Ses04M_impro03_M,neutral,Yeah.  But I'm really excited.  So and everybody's going to come out and it'll be a great time.  And--
602,6,Ses04M_impro03_F,neutral,"Are you going to have a big wedding or like keep it really small like just, you know, family and really close friends?  Or, I mean--"
602,7,Ses04M_impro03_M,neutral,"It'll be kind of small, but not, you know, not tiny, you know.  I want to have, you know, as many people as we can afford to fly out to Hawaii and put up there for--"
603,0,Ses02M_script03_1_M,neutral,Good God.
603,1,Ses02M_script03_1_F,neutral,Do you think it's them?
603,2,Ses02M_script03_1_M,neutral,I wonder.
603,3,Ses02M_script03_1_F,neutral,"Well, nobody knows we're here except Freda and she wouldn't ring up."
603,4,Ses02M_script03_1_M,neutral,Must be them then.
603,5,Ses02M_script03_1_F,neutral,What are we going to do?
603,6,Ses02M_script03_1_M,neutral,"We're all right darling, aren't we whatever happens?"
603,7,Ses02M_script03_1_F,happiness,Now and always sweet.
604,0,Ses02F_impro03_M,happiness,Okay.  All right.  So-[LAUGHTER]-quite a while.  I mean--That's-  That's good.  I'm so happy for you. [LAUGHTER]
604,1,Ses02F_impro03_F,happiness,Thank you. Thank you so much.
604,2,Ses02F_impro03_M,happiness,"Yeah, I'd love to be in that same situation some day, but, wow- so-"
604,3,Ses02F_impro03_F,neutral,"Oh, you will--You'll find just the right girl.  And she'll be perfect for you and everything will be great."
604,4,Ses02F_impro03_M,neutral,You guys are awesome together.  It's definitely a--definitely a good couple.  I can see it. I should've guessed--
604,5,Ses02F_impro03_F,neutral,You approve?  You approve?
604,6,Ses02F_impro03_M,happiness,"Oh, I approve. I-[LAUGHTER]-I more than approve."
604,7,Ses02F_impro03_M,happiness,"I mean, I'm surprised he didn't, ya know--go get a plane to fly over and shine--But candles on the beach, that's okay too I guess--"
605,0,Ses02M_script03_2_M,neutral,"Really, Amanda."
605,1,Ses02M_script03_2_F,anger,What?
605,2,Ses02M_script03_2_M,frustration,Nothing.
605,3,Ses02M_script03_2_F,neutral,No I'm just making myself fascinating for you.
605,4,Ses02M_script03_2_M,neutral,"Going out somewhere, dear?"
605,5,Ses02M_script03_2_F,neutral,It's a woman's job to allure the man
605,6,Ses02M_script03_2_M,neutral,That reply has broken my heart.
605,7,Ses02M_script03_2_F,neutral,"watch me a minute, will you?"
605,8,Ses02M_script03_2_M,neutral,"As a matter of fact, that's perfectly true."
606,0,Ses03F_script02_1_M,neutral,We weren't in a good spot.
606,1,Ses03F_script02_1_F,frustration,"No, for God's sakes, we've never seen the grunions. We're not going to see them."
606,2,Ses03F_script02_1_M,frustration,"We just weren't in a good spot, all right? This is a much better spot. I have a good instinct for these things. Look, is that-"
606,3,Ses03F_script02_1_M,neutral,"no, that's just seaweed, isn't it? This is great, isn't it?"
606,4,Ses03F_script02_1_M,neutral,"I wouldn't miss this for anything. I mean, think about this. Okay, I know you're not interested, but just think about this for a minute."
606,5,Ses03F_script02_1_M,neutral,Somewhere out there there's this huge silver mass of fish heading this way. They don't know why. And we don't know why. Just some little instinctual time-release firecracker went off-went off in their bodies.
606,6,Ses03F_script02_1_M,neutral,"And they all, all as one, turned as one and formed this line as big as the California coast and started swimming this way. Swimming as if that's the only thing that matters."
606,7,Ses03F_script02_1_M,neutral,"You know, they didn't ask it a question. They didn't, they didn't take a vote. They didn't have an invitation or a map; they just started swimming as one."
607,0,Ses02M_script02_1_F,neutral,Yea.
607,1,Ses02M_script02_1_M,neutral,"You cold, you want my jacket? We should've - we should've brought our blanket, our blanket, how could we forget to bring the blanket?"
607,2,Ses02M_script02_1_M,neutral,"Oh, a six-pack, that's, should've brought a -- a six-pack be just the ticket right now. How could I forget,"
607,3,Ses02M_script02_1_M,neutral,"oh man. Like a kid, it's amazing I got out of the house with my fly zipped."
607,4,Ses02M_script02_1_M,neutral,You think they can hear us talk or feel the vibrations in the sand when we move around?
607,5,Ses02M_script02_1_F,neutral,I'm cold.
607,6,Ses02M_script02_1_M,neutral,What you want my jacket?
607,7,Ses02M_script02_1_F,frustration,It's after eleven. Let's just go home.
607,8,Ses02M_script02_1_M,frustration,"Are you kidding, we'd miss it. We, we just got here. What's the point in coming down here if we just turn around and go home?"
608,0,Ses01M_script01_1_F,anger,"What, can you prove it?  What proof do you have?  Can you prove it?"
608,1,Ses01M_script01_1_M,frustration,"For God's sake, three years?  Nobody comes back after three years. It's insane."
608,2,Ses01M_script01_1_F,anger,"To you it is, to me it is.  But to your father?  You can talk yourself 'til you're blue in the face but there's was no grave and there is no body.  So where are you?"
608,3,Ses01M_script01_1_M,frustration,"Okay, all right.  Mom, sit down.  I want to talk to you."
608,4,Ses01M_script01_1_F,anger,The trouble is those god damn news papers.  Every month some boy comes back missing longer then Larry so--
608,5,Ses01M_script01_1_M,frustration,"Yeah, okay all right, all right.  Listen, um, you know why I asked Annie here, right?"
608,6,Ses01M_script01_1_F,anger,Why?
608,7,Ses01M_script01_1_M,neutral,You know.
608,8,Ses01M_script01_1_F,neutral,"Well, I've got an idea but what's the story?"
609,0,Ses04M_script03_1_F,neutral,Who's they?
609,1,Ses04M_script03_1_M,anger,All the futile moralists who try to make life unbearable.  Laugh at them.  Be flippant.  Laugh at everything.  All their sacred shibboleths.  Flippancy brings out the acid- acid in their damn sweetness and light.
609,2,Ses04M_script03_1_F,neutral,"If I laugh at everything, I must laugh at us, too."
609,3,Ses04M_script03_1_M,neutral,Certainly you must.  We're figures of fun alright.
609,4,Ses04M_script03_1_F,neutral,"How long will it last, this ludicrous and overbearing love of ours?"
609,5,Ses04M_script03_1_M,neutral,Who knows.
609,6,Ses04M_script03_1_F,neutral,Shall we always want to bicker and fight?
609,7,Ses04M_script03_1_M,sadness,No.  That fire will fade along with our passion.
610,0,Ses02F_script02_1_M,neutral,We weren't in a good spot.
610,1,Ses02F_script02_1_F,neutral,We didn't see them the first time either.
610,2,Ses02F_script02_1_M,neutral,"We just weren't in a good spot.  This is a much better spot.  Believe me, I've got good instincts for these things."
610,3,Ses02F_script02_1_M,neutral,There is that--no that's just seaweed isn't it?
610,4,Ses02F_script02_1_M,neutral,"Oh man, this is great, isn't it?  I wouldn't miss this for anything.  Here, think about this, all right, I know you're not interested, but think about this."
610,5,Ses02F_script02_1_M,neutral,"Somewhere out there, this huge mass of silver fish swimming this way."
610,6,Ses02F_script02_1_M,neutral,"They don't know why, we don't know why.  Nobody sent them an invitation or a map, it wasn't a decision, just-"
610,7,Ses02F_script02_1_M,neutral,"all as one, this time release instinctual little firecracker went off and they all turned and formed a line as long as the California coast and started swimming.  And they're swimming right now as if that's all that matters."
611,0,Ses05M_script01_3_M,sadness,Lets go for a ride.  I I- I want to be alone with you.
611,1,Ses05M_script01_3_F,neutral,"No.  Chris, what is it?  Is it your mother?"
611,2,Ses05M_script01_3_M,sadness,"No, nothing like that."
611,3,Ses05M_script01_3_F,neutral,You have to tell me.
611,4,Ses05M_script01_3_F,sadness,Even in your letters there was something ashamed.
611,5,Ses05M_script01_3_M,sadness,"Yeah, I suppose I have been.  But it's going for me."
611,6,Ses05M_script01_3_F,sadness,You have to tell me.
611,7,Ses05M_script01_3_M,neutral,I don't I don't know where to start.
611,8,Ses05M_script01_3_F,sadness,It wouldn't work like this.
612,0,Ses03M_impro08b_M,neutral,"So we'll send it- And we'll give you, how about a free year's service?"
612,1,Ses03M_impro08b_F,frustration,"Look, I am on the road all the time.  Do you understand how important?  I'm a woman, a single mother by herself working...what?"
612,2,Ses03M_impro08b_M,neutral,Tell them my name.  My name is Brent Backersen.
612,3,Ses03M_impro08b_F,frustration,"Brent Backersen, I am writing this down, Brent Backersen.  Alright."
612,4,Ses03M_impro08b_M,neutral,Okay.  Tell them my - my ID number is two one three five.
612,5,Ses03M_impro08b_M,neutral,"Tell them that.  You can go in, get a brand new phone, they'll hook you up with service even give you a free three months--"
612,6,Ses03M_impro08b_F,frustration,"I, I, I don't want a contract. Okay. I don't want any contracts."
612,7,Ses03M_impro08b_M,neutral,It will be free.  No contract okay?
613,0,Ses03M_impro03_F,happiness,You had the mouse?
613,1,Ses03M_impro03_F,neutral,Isn't it a rat?  It's a rat.  Chuck E. Cheese?
613,2,Ses03M_impro03_M,happiness,Yeah.
613,3,Ses03M_impro03_M,happiness,"Chucky...I don't know.  I don't know. Anyways, I pull her up and I go, I go Sarah"
613,4,Ses03M_impro03_F,neutral,Okay. [LAUGHTER]
613,5,Ses03M_impro03_M,happiness,"You're my guiding light, then they put on that song the I've had the time of my life, that song."
613,6,Ses03M_impro03_F,neutral,Oh my God.
613,7,Ses03M_impro03_F,happiness,"Okay, that is really cheesy Joe."
614,0,Ses03F_script02_1_F,neutral,That's not your flashlight; it's ours. It's mine too.
614,1,Ses03F_script02_1_M,neutral,"Oh, well, sure."
614,2,Ses03F_script02_1_F,anger,"I don't understand why you're always saying oh, it's mine, it's mine. It's not like it's just your flashlight. I mean, how do you think that makes me feel?"
614,3,Ses03F_script02_1_M,neutral,"No, of course. Yours and mine. Our flashlight. Yours and mine. Mi flashlight is su flashlight. Naturally."
614,4,Ses03F_script02_1_M,neutral,We should have brought our flashlight. I can't believe we forgot to bring it.
614,5,Ses03F_script02_1_M,neutral,I hope the moon stays out.
614,6,Ses03F_script02_1_M,neutral,"Hey, do they always run during a full moon? I can't remember if it was full last year. Do you remember?"
614,7,Ses03F_script02_1_F,neutral,Yes.
614,8,Ses03F_script02_1_M,neutral,Are you cold? Do you want my jacket?
615,0,Ses03M_script03_2_M,neutral,"Mmm, you must've had a riotous time.  No restraint at all, very enjoyable.  You never had much anyhow."
615,1,Ses03M_script03_2_F,anger,You're quite insufferable.  I expect it's because you're drunk.
615,2,Ses03M_script03_2_M,anger,I'm not in the least bit drunk.
615,3,Ses03M_script03_2_F,anger,You've always had a weak head.
615,4,Ses03M_script03_2_M,anger,"Okay, like I mentioned before I had three very small, minute liquor glasses of brandy.  That's not even enough to get a child of two drunk."
615,5,Ses03M_script03_2_F,anger,"On the contrary, a child of two can get violently drunk off just one glass of brandy."
615,6,Ses03M_script03_2_M,anger,"Oh, what an interesting topic.  What about a child of four and a child of six?  A child of nine?"
615,7,Ses03M_script03_2_F,anger,Shut up.
615,8,Ses03M_script03_2_M,anger,We might be able to bring up a splendid little debate about this intemperate tots.
616,0,Ses01F_script02_2_M,frustration,I'm doing the best I can.
616,1,Ses01F_script02_2_F,sadness,"I know you are Augie, I know."
616,2,Ses01F_script02_2_F,sadness,"I know you meant this to be special, I know that you wanted it to be right, but I just can't help thinking that, I can't help wishing that I was somewhere else."
616,3,Ses01F_script02_2_M,sadness,"Maybe if you were with someone else, too."
616,4,Ses01F_script02_2_F,sadness,I didn't say that.
616,5,Ses01F_script02_2_M,sadness,I just- I know I don't make you happy.
616,6,Ses01F_script02_2_F,neutral,"Don't be ridiculous.  Anything that- anything I am doing, I'd rather be doing it with you."
616,7,Ses01F_script02_2_M,neutral,Yeah?
616,8,Ses01F_script02_2_F,neutral,Yeah.  Don't you know that?
616,9,Ses01F_script02_2_F,neutral,For Heaven's sake Augie.
617,0,Ses04F_impro05_M,frustration,you're getting very excited right now
617,1,Ses04F_impro05_F,anger,"Yeah, well that's got everything I have in it."
617,2,Ses04F_impro05_M,frustration,"I understand that, ma'am but there's not really much I can do for you right now."
617,3,Ses04F_impro05_F,anger,Look fifty dollars is unacceptable.  My bag itself cost over a hundred and fifty dollars.  You can't just give me fifty dollar gift certificate to Percoes or whatever the hell and then send me off like that's- that's good enough.  Like that's all I needed was fifty dollars.  My bag is worth more than that.
617,4,Ses04F_impro05_M,frustration,What I need you to do is file another complaint form. There's a form that you can fill out over by the front desk near the baggage claim.
617,5,Ses04F_impro05_M,frustration,If you'd like to take that over to the front desk- Ma'am.
617,6,Ses04F_impro05_M,frustration,We're just talking over each other.
617,7,Ses04F_impro05_M,frustration,We're not going to communicate anything this way.
617,8,Ses04F_impro05_F,anger,I expect your airline who was responsible for my bag to give me the equivalent of the bag and all of the things in it.
618,0,Ses03M_script01_1_M,neutral,Then I guess that's the end of it.
618,1,Ses03M_script01_1_M,sadness,But from her letters I think she's forgotten him.  I'll find out.
618,2,Ses03M_script01_1_M,neutral,"And then we'll thrash it out with dad right?  Mom, don't avoid me."
618,3,Ses03M_script01_1_F,neutral,"Look, you never had seen many, many women.  You know?  I mean..."
618,4,Ses03M_script01_1_M,neutral,Well so what?  I'm just not fast with women.
618,5,Ses03M_script01_1_F,frustration,Well I just don't see why it has to be Annie.
618,6,Ses03M_script01_1_M,frustration,Because it is.
618,7,Ses03M_script01_1_F,neutral,"Well that's a good answer but, it doesn't answer anything.  You haven't seen her since you left to go to the war and it's been five years."
618,8,Ses03M_script01_1_M,frustration,It's just...that's just the way it is.  That's how I feel.  You know these years when I think of someone I want to marry I think of Annie.  What do you want a diagram?
619,0,Ses05M_impro03_M,neutral,Guess what?
619,1,Ses05M_impro03_F,neutral,what?
619,2,Ses05M_impro03_M,neutral,"I did it, I asked her to marry me."
619,3,Ses05M_impro03_F,neutral,What? you did?
619,4,Ses05M_impro03_M,neutral,"Yes, I did it."
619,5,Ses05M_impro03_F,neutral,When?
619,6,Ses05M_impro03_M,neutral,"Oh my god, it was just last weekend."
619,7,Ses05M_impro03_F,neutral,"Oh, what, how- where how did you do it?"
619,8,Ses05M_impro03_M,happiness,"She--,well, she said yes, first of all, let me say that right off the bat. Well, I would like to assume, too.  But you never know these things, right?"
620,0,Ses04F_impro01_M,frustration,"What I need you to do is go to the back of the line,"
620,1,Ses04F_impro01_F,anger,I've been to the back of the line five times.
620,2,Ses04F_impro01_M,frustration,fill out this form and wait
620,3,Ses04F_impro01_M,anger,You're going to have to go back again.
620,4,Ses04F_impro01_F,anger,Okay.  What is it that I did wrong on the form that I have to start all over again?
620,5,Ses04F_impro01_M,neutral,This whole area here you didn't initial
620,6,Ses04F_impro01_M,frustration,and you filled out-
620,7,Ses04F_impro01_F,anger,"Okay.  Well, I can do that right here right now without going to the back of the line again.  See look initialed.  All done. Ready to go."
621,0,Ses03F_script01_1_M,frustration,"Mom, don't avoid me."
621,1,Ses03F_script01_1_F,frustration,"You know, the trouble is you've never had enough women. No, you never did."
621,2,Ses03F_script01_1_M,frustration,So what? I'm not fast with women.
621,3,Ses03F_script01_1_F,frustration,I don't understand why it has to be her.
621,4,Ses03F_script01_1_M,neutral,Because it is.
621,5,Ses03F_script01_1_F,frustration,"That's a good answer, but it doesn't answer anything."
621,6,Ses03F_script01_1_M,frustration,I just-
621,7,Ses03F_script01_1_F,frustration,"I mean, you haven't seen her since the war. I mean, it's been five years."
621,8,Ses03F_script01_1_M,neutral,It just is. I-
621,9,Ses03F_script01_1_M,frustration,"I grew up with her. Okay. All these years, when I think of someone I want to be my wife I think of Annie. What do you want, a diagram?"
621,10,Ses03F_script01_1_F,frustration,"No, I don't want a diagram."
622,0,Ses04M_script02_2_F,sadness,I'd rather not remember some things.  I'd rather not hope for some things.
622,1,Ses04M_script02_2_M,neutral,Sure.  Okay.  Alright.  I've got it.  Listen do you want to dance?
622,2,Ses04M_script02_2_F,sadness,No.
622,3,Ses04M_script02_2_M,neutral,You want to get some champagne?
622,4,Ses04M_script02_2_F,sadness,No.
622,5,Ses04M_script02_2_M,frustration,"What, you want me to breathe in your ear?"
622,6,Ses04M_script02_2_F,frustration,No.
622,7,Ses04M_script02_2_M,frustration,You want to get married again?
623,0,Ses05F_script03_2_F,neutral,"Oh no, on the contrary, a child of two could get violently drunk on only one glass."
623,1,Ses05F_script03_2_M,neutral,"Oh, very interesting.  How about a child of three or a child of six?  How about a child of nine?"
623,2,Ses05F_script03_2_F,frustration,"Oh, You are so insufferable.  Do you stop."
623,3,Ses05F_script03_2_M,frustration,"Oh, This is very interesting.  We- we might get a splendid debate going about this intemperate tots."
623,4,Ses05F_script03_2_F,anger,"Not very funny, dear, you better have some more brandy."
623,5,Ses05F_script03_2_M,neutral,"Oh, very good idea.  I will."
623,6,Ses05F_script03_2_F,frustration,Ugh.
623,7,Ses05F_script03_2_M,frustration,You better turn that off I think.
624,0,Ses02M_script01_3_F,neutral,You're the only one I know who loves his parents.
624,1,Ses02M_script01_3_M,happiness,"I know, it went out of style, didn't it?"
624,2,Ses02M_script01_3_F,happiness,It's all right.  It's a good thing.
624,3,Ses02M_script01_3_F,happiness,"You know, it's lovely here, the air is sweet."
624,4,Ses02M_script01_3_M,neutral,You're not sorry you came?
624,5,Ses02M_script01_3_F,happiness,"No, not sorry.  But, um. But I'm not gonna stay."
624,6,Ses02M_script01_3_M,neutral,Why?
624,7,Ses02M_script01_3_F,neutral,"For one thing, your mother as much as told me to go."
624,8,Ses02M_script01_3_M,neutral,Oh.
625,0,Ses05M_impro05_F,neutral,Okay.
625,1,Ses05M_impro05_M,neutral,"I mean, it's not big or anything like that.  I mean, it's not worth a lot of money or anything."
625,2,Ses05M_impro05_F,neutral,Did you have insurance on your flight?
625,3,Ses05M_impro05_M,neutral,"No.  I mean, don't you get insurance when you buy your ticket or something?"
625,4,Ses05M_impro05_F,neutral,"No, you have to buy it now.  It's like thirty dollar extra."
625,5,Ses05M_impro05_M,frustration,"Well, no one even told me about that.  Like, why would I think to buy insurance?  I was- It's like a three hour flight."
625,6,Ses05M_impro05_F,neutral,"well, it's something that worth"
625,7,Ses05M_impro05_F,neutral,"yeah, I don't know."
625,8,Ses05M_impro05_M,frustration,"How can you lose my luggage like from like, in --"
626,0,Ses04F_script03_1_M,neutral,"Laugh at them, be flippant, laugh at everything, all their sacred shibboleths"
626,1,Ses04F_script03_1_M,neutral,flippancy brings out the acid in their damn sweetness and light.
626,2,Ses04F_script03_1_F,neutral,"If I must laugh at everything, I must laugh at us too."
626,3,Ses04F_script03_1_M,neutral,Certainly you must.  We are figures of fun alright.
626,4,Ses04F_script03_1_F,neutral,"Oh, how long will it last, this ludicrous, over-bearing love of ours?"
626,5,Ses04F_script03_1_M,neutral,Well who knows?
626,6,Ses04F_script03_1_F,neutral,We always want to bicker and fight.
626,7,Ses04F_script03_1_M,neutral,No that fire will fade long with our passion.
626,8,Ses04F_script03_1_F,neutral,"Oh, dear shall we like that?"
627,0,Ses04F_script01_3_F,neutral,You saw that and you- you've been kind of-
627,1,Ses04F_script01_3_M,anger,What?
627,2,Ses04F_script01_3_F,neutral,Well kind of embarrassed ever since I got here.
627,3,Ses04F_script01_3_M,neutral,The trouble is I planned on sneaking up on you over a period of a week or so but they take it for granted that we're all set.
627,4,Ses04F_script01_3_F,neutral,"I knew they would, your mother anyway."
627,5,Ses04F_script01_3_M,neutral,How did you know?
627,6,Ses04F_script01_3_F,neutral,From her point of view why else would I come?
627,7,Ses04F_script01_3_M,neutral,Wouldn't you want to?
627,8,Ses04F_script01_3_M,neutral,I guess you know this is why I asked you to come.
628,0,Ses04M_impro07_F,neutral,"You're not going to -- you're going to go to games, though, right? I mean, you can't go to U.S.C. and not go to a football game."
628,1,Ses04M_impro07_M,neutral,No. Football's boring.
628,2,Ses04M_impro07_F,neutral,"Just one game, though?  I mean, for the experience.  I mean, you don't have to go to all of the games but you gotta go to a game."
628,3,Ses04M_impro07_M,neutral,I'll go to basketball games.
628,4,Ses04M_impro07_F,neutral,"Okay.  Well that's cool, too, but like--"
628,5,Ses04M_impro07_M,neutral,Maybe some golf matches.
628,6,Ses04M_impro07_F,neutral,"Wow, you are a winner and a half. [LAUGHTER]"
628,7,Ses04M_impro07_M,neutral,Do they even have any golf matches? I don't even know.
629,0,Ses04F_impro02_F,anger,Thanks that helps.
629,1,Ses04F_impro02_M,frustration,It's just really unfair.  This is- this is bullshit.
629,2,Ses04F_impro02_F,anger,I feel much better now.
629,3,Ses04F_impro02_M,anger,"You're acting like, you know, you're the one who's going all through, you know, all this shit and it's really- it's really not."
629,4,Ses04F_impro02_F,frustration,I know I'm leaving you here with all the responsibility but at least you get to be with her.
629,5,Ses04F_impro02_M,anger,Yeah.  Of course I do because I didn't enlist in this stupid thing.  Why don't you just get out now and then-
629,6,Ses04F_impro02_F,frustration,I will but I can't right now.
629,7,Ses04F_impro02_M,neutral,Yes- You don't have to go.  What are they going to do?  Huh?  Put a gun to your head?
630,0,Ses01F_script03_1_F,neutral,"Oh dear, should we like that?"
630,1,Ses01F_script03_1_M,neutral,Well it depends on how well we've played.
630,2,Ses01F_script03_1_F,neutral,What happens if one of us dies?  Does the other one still laugh?
630,3,Ses01F_script03_1_M,neutral,Yes.  Yes with all of his might.
630,4,Ses01F_script03_1_F,neutral,"Well that's serious enough, isn't it?"
630,5,Ses01F_script03_1_M,neutral,"No, no, no, no. no.  Death is a very laughable thing.  It's a cunning little mystery, it's all done with mirrors."
630,6,Ses01F_script03_1_F,neutral,I think you are talking nonsense.
630,7,Ses01F_script03_1_M,neutral,"Oh.  So is everyone, in the long run."
630,8,Ses01F_script03_1_M,neutral,"Let's be superficial, and just pity those poor philosophers, huh?  Let's blow trumpets and squeakers and enjoy the party for as long as we can, you know, like small, idiotic school children."
631,0,Ses03M_impro05b_M,frustration,I need you to help me out here.  Can you get on the phone and get the luggage over on the fastest flight you can and then maybe I won't get you fired.
631,1,Ses03M_impro05b_M,frustration,"If not, I'm going to get your name, I'm going to talk to your boss, whoever...I'm never going to fly...my business is never going to fly Delta again."
631,2,Ses03M_impro05b_F,neutral,Okay.
631,3,Ses03M_impro05b_F,neutral,What is your business?
631,4,Ses03M_impro05b_M,neutral,I work for IBM.
631,5,Ses03M_impro05b_F,neutral,"Okay.  Sir?  I am sorry to tell you this but this does happen. Uh- This is not uh- really,"
631,6,Ses03M_impro05b_F,neutral,"I mean, our airline's fault.  I don't know what happened, misplaced, something happened but we will get you--"
631,7,Ses03M_impro05b_M,anger,"You misplace a lot of, eight pieces of luggage."
631,8,Ses03M_impro05b_F,neutral,"Well, the entire flight, sir, the luggage was placed on another plane that never actually left Baltimore."
632,0,Ses05M_script02_1_M,frustration,"Yeah, they do."
632,1,Ses05M_script02_1_F,frustration,Augie.
632,2,Ses05M_script02_1_M,neutral,"All right.  But they are fish that do something no other fish do.  Like the swallows were turning into Capistrano or Lemmings jumping off the cliffs, you know like that. There's- There's magic here and mystery.  And a little bit of the unexplainable.  You know, I can't see how you could not be interested."
632,3,Ses05M_script02_1_F,sadness,I'm just not.
632,4,Ses05M_script02_1_M,frustration,For real?
632,5,Ses05M_script02_1_F,neutral,Yes.
632,6,Ses05M_script02_1_M,frustration,"I don't get it.  I mean, the first time we came you said it was the best night of your life. And last year I remember distinctly you were so excited about coming that you stubbed your toe toe pushing me out the door and you didn't even notice until you got in the car."
632,7,Ses05M_script02_1_F,frustration,"Well, if you also remember last year we- our shoes got wet, I got sand in my panties, we had a big argument, you had a sore throat, and we didn't see the grunion."
632,8,Ses05M_script02_1_M,neutral,We weren't in a good spot.
633,0,Ses03F_script01_2_M,frustration,Calm yourself.
633,1,Ses03F_script01_2_F,anger,"Don't, don't laugh at me, don't laugh at me."
633,2,Ses03F_script01_2_F,anger,"Look at it. Because why, when she came here and she slept in his room, the memorial broke into pieces. Look at it, look at it, Joe."
633,3,Ses03F_script01_2_M,anger,All right. All right. Calm yourself.
633,4,Ses03F_script01_2_F,neutral,"You got to believe, believe with me because I can't stand all alone."
633,5,Ses03F_script01_2_M,frustration,Okay. Just calm yourself.
633,6,Ses03F_script01_2_F,sadness,"No, you've got to believe."
633,7,Ses03F_script01_2_F,neutral,"Believe, Joe. You above all people have got to believe."
634,0,Ses02F_script01_2_F,anger,It's got that all about it.
634,1,Ses02F_script01_2_M,neutral,"Well, so what?"
634,2,Ses02F_script01_2_F,neutral,"What's going on here, Joe?"
634,3,Ses02F_script01_2_M,neutral,"Now, listen Kate."
634,4,Ses02F_script01_2_F,neutral,"She's not his girl, Joe.  She knows she's not."
634,5,Ses02F_script01_2_M,neutral,You can't read her mind.
634,6,Ses02F_script01_2_F,frustration,"Well then why is she still single?  I mean, New York is full of men.  Why isn't she married?  Probably a hundred people told her she's crazy, but she's waited."
634,7,Ses02F_script01_2_M,neutral,How do you know why she's waited?
634,8,Ses02F_script01_2_F,frustration,"She knows what I know, that's why.  She's faithful as a rock.  In my worst moments I think of her waiting and I know again that I'm right."
634,9,Ses02F_script01_2_M,frustration,"Look, it's a nice day.  What are we arguing for?"
635,0,Ses04F_script02_2_F,sadness,right into my ear so that I could hear them as much as- so that I could feel them as much as hear them.
635,1,Ses04F_script02_2_F,sadness,"And I remember thinking this is it.  At last, at last I'm as happy as I'm supposed to be."
635,2,Ses04F_script02_2_M,neutral,Wait a minute.  I've got it.
635,3,Ses04F_script02_2_F,sadness,"Dancing barefoot in the sand, drinking champagne from the bottle."
635,4,Ses04F_script02_2_M,neutral,"It was in the car right.  Driving past the Knickerbocker Liquor Locker, you said let's get some champagne and I said times a wasting or something like that.  Right?"
635,5,Ses04F_script02_2_M,neutral,"That's it, right?  You want this to be like the other time, right.  That's it."
635,6,Ses04F_script02_2_F,sadness,I would rather not remember some things.  I would rather not hope for some things.
635,7,Ses04F_script02_2_M,neutral,Okay.  Right.  I got it.  Sure.  Of course.  Listen you want to dance?
635,8,Ses04F_script02_2_F,neutral,No.
635,9,Ses04F_script02_2_M,neutral,You want me to get some champagne?
636,0,Ses02F_script01_3_M,neutral,You felt something that far back?
636,1,Ses02F_script01_3_F,happiness,Every day since.
636,2,Ses02F_script01_3_M,neutral,"Anne, why didn't you let me know?"
636,3,Ses02F_script01_3_F,neutral,"Well, I was waiting for you.  I mean, till then you never wrote and when you did, I mean, what did you say?  You can sure be ambiguous sometimes."
636,4,Ses02F_script01_3_M,neutral,"Give me a kiss, Anne.  Give me a-"
636,5,Ses02F_script01_3_M,neutral,"oh God, I kissed you.  I kissed Annie.  How long--how long I've been waiting to kiss you."
636,6,Ses02F_script01_3_F,happiness,I will never forgive you.  Why did you wait all these years?  All I did was sit and wonder if I was crazy for thinking of you.
636,7,Ses02F_script01_3_M,neutral,"Oh, Annie, we're gonna live now.  I'm gonna make you so happy."
637,0,Ses03M_impro05a_M,anger,Okay.  What do you want?
637,1,Ses03M_impro05a_F,neutral,How many pieces of luggage do you have checked in?
637,2,Ses03M_impro05a_M,anger,Eight.  And they're all gone.
637,3,Ses03M_impro05a_F,neutral,Eight pieces of luggage.  Okay.
637,4,Ses03M_impro05a_M,anger,And what are you going to do about it?  You going to call someone?  You going to send me somewhere else?
637,5,Ses03M_impro05a_F,frustration,No.  I'm just going to check--
637,6,Ses03M_impro05a_M,anger,It's my mother's funeral tomorrow and the urn is in the suitcase.
637,7,Ses03M_impro05a_F,neutral,I'm sorry sir.
637,8,Ses03M_impro05a_M,anger,Yeah.
638,0,Ses03M_script02_1_M,neutral,Are you cold?  Do you want my jacket?
638,1,Ses03M_script02_1_M,neutral,"We should've brought the blanket, our blanket."
638,2,Ses03M_script02_1_M,neutral,"God.  Oh, you know what would be good right about now?  A six-pack.  A six-pack would be just the ticket."
638,3,Ses03M_script02_1_M,neutral,"I'm so stupid, I should've brought a six-pack.  God, I'm like a little kid.  It's amazing I get out of the house with my fly zipped up. Oh- [LAUGHTER]"
638,4,Ses03M_script02_1_M,neutral,I wonder if they can hear us talk?  Or feel the vibrations in the sand when we move around?
638,5,Ses03M_script02_1_F,neutral,"Look, I'm cold."
638,6,Ses03M_script02_1_M,neutral,Do you want my jacket?
638,7,Ses03M_script02_1_F,frustration,"It's past eleven, let's go."
638,8,Ses03M_script02_1_M,neutral,What?  Are you kidding me?  We just got here.  We miss it.  What's the point of coming down here if we just turn around and go home?
639,0,Ses01F_impro03_F,happiness,Um- Yes.  It was very romantic.
639,1,Ses01F_impro03_F,happiness,It was at the slot machines.
639,2,Ses01F_impro03_M,neutral,Oh.  The Wheel of Fortune slots?
639,3,Ses01F_impro03_F,happiness,"Uhuh, uhuh.  He won big and he-and he realized that the only thing that would make it better was me as his bride."
639,4,Ses01F_impro03_M,neutral,He turned to you and was like...
639,5,Ses01F_impro03_F,neutral,Hey.  Let's get married and I said okay.
639,6,Ses01F_impro03_M,happiness,[LAUGHTER] That's really romantic.
639,7,Ses01F_impro03_F,happiness,"Yeah.  Well.  You know, because he's leaving the next day."
639,8,Ses01F_impro03_M,neutral,Yeah.
640,0,Ses04M_impro07_M,neutral,Forget it. Forget it. Forget it. No way.
640,1,Ses04M_impro07_F,neutral,Maybe one of those megaphones. Pompom.
640,2,Ses04M_impro07_M,neutral,I do -- I will need to get a gun-
640,3,Ses04M_impro07_F,neutral,"There are cheerleaders at football games.  That's girls, scantily clad sexy girls."
640,4,Ses04M_impro07_M,neutral,You've got a point there.
640,5,Ses04M_impro07_F,neutral,I know.
640,6,Ses04M_impro07_M,neutral,I'll take that in consideration.  Alright.
640,7,Ses04M_impro07_F,neutral,I'm just -- I'm watching your back.
641,0,Ses03F_impro08_M,neutral,"Ten hours? So, basically, a day's worth of minutes which I pay forty dollars a month from it."
641,1,Ses03F_impro08_M,neutral,Yeah.
641,2,Ses03F_impro08_F,neutral,"Sir,"
641,3,Ses03F_impro08_M,neutral,So you're giving me a dollar back.
641,4,Ses03F_impro08_F,neutral,"what I would like what I'm advising you to do now is just to write down all of your problems that you-you feel that--You know, haven't been addressed, fax it to us-"
641,5,Ses03F_impro08_M,frustration,"Oh, my God."
641,6,Ses03F_impro08_F,neutral,and we will take care of it if anything happens.  But all we can do now is ask for your patience.
641,7,Ses03F_impro08_F,neutral,Okay? Thank you for calling.  Goodbye.
642,0,Ses04M_impro05_M,frustration,"Just please, will you please just work with me here? Just -- all I'm asking you to do is just work with me. I know -- I know that you get lots of people all day long who give you shit, give you crap, but"
642,1,Ses04M_impro05_F,neutral,"I understand you're frustrated, but--"
642,2,Ses04M_impro05_M,frustration,"um, you know, I -- this is my bag and I need the hundred and fifty dollars. Please."
642,3,Ses04M_impro05_F,neutral,I know. I understand it's personal-- It's personal to you. I get that.
642,4,Ses04M_impro05_M,anger,Please.
642,5,Ses04M_impro05_F,frustration,"But if you want to just sit down, you know, maybe have a cup of tea, calm down a little bit, we'll go ahead and we'll do what we can for you. you okey"
642,6,Ses04M_impro05_M,anger,"I'm already calm. Okay, I'm calm. I'm calm."
642,7,Ses04M_impro05_M,frustration,"Just all I need you to do is just fill out three forms and I'll leave you alone forever, forever.  I'll never -- we'll never see each other again."
642,8,Ses04M_impro05_F,frustration,"And I'm looking forward to that.  However, I can't do that. I would lose my job."
643,0,Ses02M_script01_3_F,neutral,gee.
643,1,Ses02M_script01_3_M,sadness,It takes some time for a guy to toss that off.  'Cause they weren't just men.
643,2,Ses02M_script01_3_M,sadness,"For instance, this one time, it had been raining several days and this kid came to me and gave me his last pair of dry socks.  I put them in pocket.  It's only a little thing, but those are the kind of guys I had."
643,3,Ses02M_script01_3_M,sadness,"They didn't die, they killed themselves for each other.  I mean that exactly.  I mean, a little more selfish and they'd have been here today."
643,4,Ses02M_script01_3_M,sadness,"I got this idea watching 'em go down.  Everything was being destroyed, see, but it seemed that one new thing was made.  A sort of responsibility.  Man for man. You know what I mean?"
643,5,Ses02M_script01_3_M,sadness,"To show that, to bring that onto the Earth again, like some kind of monument and everyone can feel it standing behind him and it would make a difference to him."
643,6,Ses02M_script01_3_M,sadness,"Then I came back and it was incredible.  There was no meaning in it here. I mean, the whole thing to them seemed like it's sort of a bus accident.  I went to work with Dad and that rat race again."
643,7,Ses02M_script01_3_M,sadness,"And I felt what you said, ashamed somehow 'cause nobody had changed at all.  It seemed to make suckers out of a lot of guys.  I felt wrong to be alive to open the new bank book, drive the new car, see the new refrigerator."
644,0,Ses03M_impro01_M,anger,What are you talking about?  It says fill out that part.
644,1,Ses03M_impro01_F,frustration,"No, no, no, no, no.  You're going to have to go back over on the other side-- --second door, up the stairs..."
644,2,Ses03M_impro01_M,frustration,Okay.
644,3,Ses03M_impro01_M,frustration,Oh my God. Can you just transfer it yourself?
644,4,Ses03M_impro01_F,frustration,No I can't just transfer it myself sir.  You got to do this.  Everyone else is doing the same thing.
644,5,Ses03M_impro01_M,frustration,You don't know! you can't write?  You don't know how to write?
644,6,Ses03M_impro01_F,frustration,Excuse me sir?
644,7,Ses03M_impro01_M,frustration,What's wrong with you people?  God.
645,0,Ses04M_script01_2_F,anger,"I want you to act like he's coming back, both of you.  Don't think I haven't noticed you since he invited her here.  I won't stand for any nonsense."
645,1,Ses04M_script01_2_M,frustration,"But, Kate--"
645,2,Ses04M_script01_2_F,anger,"Because if he's not coming back, I'll kill myself."
645,3,Ses04M_script01_2_F,anger,Laugh.  Laugh at me.  But why did that happen the very night that she came here?
645,4,Ses04M_script01_2_F,anger,She goes to sleep in his bed and his memorial breaks in pieces.  Look.  Look at it.  Joe--
645,5,Ses04M_script01_2_M,frustration,Calm yourself.
645,6,Ses04M_script01_2_F,anger,"Believe with me, Joe.  I can't stand all alone"
645,7,Ses04M_script01_2_M,frustration,Calm yourself.
646,0,Ses03M_script02_2_M,neutral,"Well, we're going to see it."
646,1,Ses03M_script02_2_F,anger,"No we won't.  I mean, God, this isn't about the fish Augie."
646,2,Ses03M_script02_2_M,frustration,"What...I've been trying to, I've been trying to figure out the point where we went wrong and I can't seem to pinpoint that moment."
646,3,Ses03M_script02_2_M,neutral,"You were fine during the phone call with Marge, dinner was okay, doing the dishes was no problem."
646,4,Ses03M_script02_2_M,neutral,"Let's see I took a shower, you were watching the news, you said hey, hey the Grunions are running tonight and I said great let's go, I feel lucky tonight."
646,5,Ses03M_script02_2_M,frustration,"And then I'm putting the animals out in the yard, I'm pulling the car out of the garage, putting my jacket on."
646,6,Ses03M_script02_2_F,frustration,"Look, do you remember the first time we came here?"
646,7,Ses03M_script02_2_F,sadness,We thought I was pregnant.
646,8,Ses03M_script02_2_F,neutral,We brought a bottle of champagne and we took off our shoes and danced barefoot in the sand...
646,9,Ses03M_script02_2_F,neutral,Under the moon and you whispered so softly into my ear so I could feel your words.
647,0,Ses04F_script03_2_M,anger,"Really, Amanda."
647,1,Ses04F_script03_2_F,anger,What?
647,2,Ses04F_script03_2_M,anger,Nothing.
647,3,Ses04F_script03_2_M,anger,"Going somewhere, my dear?"
647,4,Ses04F_script03_2_F,frustration,Just making myself fascinating for you.
647,5,Ses04F_script03_2_M,neutral,"Ah, that reply has broken my heart."
647,6,Ses04F_script03_2_F,frustration,The woman's job is to allure the man.  Watch me a minute will you.
647,7,Ses04F_script03_2_M,neutral,"As a matter of fact, that's perfectly true."
647,8,Ses04F_script03_2_F,frustration,"Oh, no it isn't"
648,0,Ses01F_script02_2_F,sadness,"You're the one who probably wishes he was with somebody else.  Somebody who doesn't take things so seriously, who could enjoy herself."
648,1,Ses01F_script02_2_M,neutral,"You know, actually now that you mention it, no I don't."
648,2,Ses01F_script02_2_F,neutral,"So maybe we are in the wrong spot, but we are with the right person."
648,3,Ses01F_script02_2_M,frustration,"I don't know, it seemed like such a good spot to me."
648,4,Ses01F_script02_2_M,neutral,"We have a great view of the moon from here, though, huh?"
648,5,Ses01F_script02_2_F,happiness,"Hmm.  I noticed that, it's pretty. Big old white moon."
648,6,Ses01F_script02_2_M,neutral,[BREATHING]
648,7,Ses01F_script02_2_M,happiness,And look what I got here.
648,8,Ses01F_script02_2_F,happiness,"Augie, you bought refreshments."
649,0,Ses03F_impro04_F,frustration,"I don't know, I just [BREATHING] I get frustrated"
649,1,Ses03F_impro04_M,neutral,What would you do- What would you do if you didn't? You can go to law school.
649,2,Ses03F_impro04_F,frustration,That's the thing. I don't know. I don't know anything.
649,3,Ses03F_impro04_F,frustration,Law school? Maybe.
649,4,Ses03F_impro04_F,neutral,"I don't know. I don't know anything other than this, though, is the problem. This is my life. This is what I built everything about, you know."
649,5,Ses03F_impro04_M,neutral,See? So you can't just quit now.
649,6,Ses03F_impro04_F,neutral,"I mean, I could go to law school, but I'm just not passionate about it, you know? Like I'm not--it doesn't drive me, it doesn't motivate me. I--"
649,7,Ses03F_impro04_M,neutral,Have you been going to auditions and stuff?
650,0,Ses04F_impro04_M,neutral,"Hey, I'd love to help you but I- you don't have the kind of training that I-"
650,1,Ses04F_impro04_F,frustration,I'll get it.  I just need a job.  I don't care what it is.
650,2,Ses04F_impro04_M,frustration,"So, go to McDonalds."
650,3,Ses04F_impro04_F,frustration,Well I mean I need to make a little bit more than the minimum wage fry flipper.
650,4,Ses04F_impro04_M,neutral,Well you've got to start somewhere.  I mean-
650,5,Ses04F_impro04_F,frustration,I did start somewhere.  I worked my way up.  I'm not going to start at the bottom again.
650,6,Ses04F_impro04_M,frustration,Well you're going to have to.  You don't really have an option.  What's your problem?
650,7,Ses04F_impro04_F,anger,What's my problem?  What's my problem? I don't have a job.
651,0,Ses03M_script01_3_M,happiness,We're going to live now.  I'm going to make you so happy.
651,1,Ses03M_script01_3_F,happiness,Not like that you're not.
651,2,Ses03M_script01_3_M,neutral,I kissed you.
651,3,Ses03M_script01_3_F,neutral,Like Larry's brother.  Do it like you Chris.
651,4,Ses03M_script01_3_M,sadness,"Nothing.  Hey, let's drive somewhere.  I want to be alone with you."
651,5,Ses03M_script01_3_F,neutral,What is it?
651,6,Ses03M_script01_3_F,neutral,"No, what is it?  Your mother?"
651,7,Ses03M_script01_3_M,neutral,"No, nothing, nothing like that."
652,0,Ses01F_script01_2_F,anger,It's got that about it.
652,1,Ses01F_script01_2_M,neutral,Oh.  So what.
652,2,Ses01F_script01_2_F,anger,"What is going on here, Joe?"
652,3,Ses01F_script01_2_M,frustration,Now listen.
652,4,Ses01F_script01_2_F,anger,She is not his girl.  She knows she's not.
652,5,Ses01F_script01_2_M,frustration,You can't read her mind.
652,6,Ses01F_script01_2_F,anger,"Then why is she still single?  New York is full of men, why is she still single?  Probably a hundred people told her she's foolish, but she waited."
652,7,Ses01F_script01_2_M,neutral,How do you know why she waited?
653,0,Ses02F_script03_1_M,neutral,All those futile moralists that try to make life unbearable.  Laugh at them.  Be flippant.  Laugh at everything.  All their sacred shibboleths.
653,1,Ses02F_script03_1_M,neutral,Flippancy brings out the acid in their damn sweetness and light.
653,2,Ses02F_script03_1_F,neutral,"If I laugh at everything, then I must laugh at us too."
653,3,Ses02F_script03_1_M,neutral,"Certainly, you must.  We're figures of fun, alright."
653,4,Ses02F_script03_1_F,neutral,"Well how long will it last us, this ludicrous overbearing love of ours."
653,5,Ses02F_script03_1_M,neutral,Who knows.
653,6,Ses02F_script03_1_F,neutral,"Well, shall we always want to bicker and fight?"
653,7,Ses02F_script03_1_M,neutral,"No, that desire will fade.  Along with our passion."
654,0,Ses03F_script03_2_F,neutral,"Just a little perhaps, but it was nothing serious."
654,1,Ses03F_script03_2_M,anger,You let him kiss you. You said so.
654,2,Ses03F_script03_2_F,neutral,"Well, what of it?"
654,3,Ses03F_script03_2_M,neutral,What of it?
654,4,Ses03F_script03_2_F,neutral,"Oh come on, it gave him a lot of pleasure and it didn't harm me."
654,5,Ses03F_script03_2_M,anger,What about me?
654,6,Ses03F_script03_2_F,neutral,"Well, if you hadn't been so suspicious and nosey you'd have never known anything about it."
654,7,Ses03F_script03_2_M,anger,"That's a nice point of view, I must say."
654,8,Ses03F_script03_2_F,neutral,"Well, it's true."
655,0,Ses05M_impro03_M,happiness,"And I pop up out of the water -- and I had planned it already, you know? I pop up out of the water and I [BREATHING] and I like, grab her hand, you know.  and that In my hand, I've got the ring."
655,1,Ses05M_impro03_M,happiness,"And she's like- she feels it you know and she doesn't know what it is.  And she you know helps me get out and I won't let go of her hand.  And she's like, what are you doing?  I and said, You saved my life, now will you marry me?"
655,2,Ses05M_impro03_F,neutral,"Oh, my God.  That's so dramatic."
655,3,Ses05M_impro03_M,happiness,Wasn't that great? I didn't want it to be too hokey.but- but- She liked it.She liked it.
655,4,Ses05M_impro03_F,happiness,so cute.
655,5,Ses05M_impro03_F,happiness,"No, it's totally original, though."
655,6,Ses05M_impro03_F,happiness,oh.
655,7,Ses05M_impro03_M,happiness,"Yeah.  And she said yes.  And she cried, of course."
655,8,Ses05M_impro03_F,happiness,"Oh, Then you had a whole weekend of camping?"
656,0,Ses04F_impro08_M,frustration,"of getting my sixteen dollars back. It fine, no honestly."
656,1,Ses04F_impro08_M,frustration,"No, Cindy just don't even-look don't even.  Cuz I- look Cindy I know you don't care about me, okay.  I know that I'm just like another person who calls-"
656,2,Ses04F_impro08_F,neutral,Wait. But I-
656,3,Ses04F_impro08_F,anger,But I'm giving you what you want.
656,4,Ses04F_impro08_M,frustration,No it doesn't matter.  It's fine.  It's fine.  Just send me to the next operator.  That's fine.
656,5,Ses04F_impro08_F,frustration,"Okay.  If that's what you want, you want to go to the next person?"
656,6,Ses04F_impro08_M,neutral,Yes.
656,7,Ses04F_impro08_F,frustration,Okay.  Great.
657,0,Ses04F_script03_1_M,neutral,It all depends on how well we've played.
657,1,Ses04F_script03_1_F,neutral,What happens if one of us dies?  Does the one that's left still laugh?
657,2,Ses04F_script03_1_M,neutral,Yes.  Yes.  with all his might.
657,3,Ses04F_script03_1_F,neutral,"Well that's serious enough, isn't it?"
657,4,Ses04F_script03_1_M,neutral,"No, no it isn't.  Death is very laughable such a cunning little mystery.  All done with mirrors."
657,5,Ses04F_script03_1_F,neutral,"Darling, I believe you're talking nonsense."
657,6,Ses04F_script03_1_M,neutral,So is everyone else in the long run.  Let's be superficial and pity the poor philosophers.
657,7,Ses04F_script03_1_M,neutral,Let's blow trumpets and squeakers and enjoy the party as much as we can like small quite idiotic little school children.
658,0,Ses03F_script01_3_M,neutral,"[LAUGHTER]. God, I kissed Annie. I kissed Annie. How long, how long I've been waiting to kiss you."
658,1,Ses03F_script01_3_F,happiness,I don't know if I ever can forgive you for that. Why'd you wait so long? I sat in my room wondering if I was crazy for thinking about you.
658,2,Ses03F_script01_3_M,happiness,We're going to live now. I'm going to make you so happy.
658,3,Ses03F_script01_3_F,neutral,"Not like that, you're not."
658,4,Ses03F_script01_3_M,happiness,I kissed you.
658,5,Ses03F_script01_3_F,happiness,"Like Larry's brother. Do it like you, Chris."
658,6,Ses03F_script01_3_F,neutral,What is it?
658,7,Ses03F_script01_3_M,sadness,Let's drive somewhere. I want to be alone with you.
659,0,Ses04M_script02_1_M,neutral,"What time is it?  They're supposed to run around midnight.  This is great, isn't it?  Look at this night we've got here; couldn't be better."
659,1,Ses04M_script02_1_M,neutral,"Actually, I wanted to go a little farther up the coast, get away from the lights and the people, but I was afraid we'd miss it.  How you doing?"
659,2,Ses04M_script02_1_F,neutral,Fine.
659,3,Ses04M_script02_1_M,neutral,"Is that, is that - is that just foam?  I can't even tell.  Although, if you can't tell, it's probably isn't them.  It'll probably be unmistakable, don't you think?"
659,4,Ses04M_script02_1_M,neutral,"How you doing?  Oh, no, you know what I did?  I forgot to bring my flashlight.  How could I be so stupid?  I should have brought my flashlight."
659,5,Ses04M_script02_1_F,neutral,What flashlight?
659,6,Ses04M_script02_1_M,neutral,"The flashlight; the silver one.  There's only one, isn't there?"
659,7,Ses04M_script02_1_F,anger,It's not yours.
660,0,Ses03F_script03_2_M,anger,You had a riotous-must have had a riotous time. No restraint at all. Very enjoyable. You never had much anyhow.
660,1,Ses03F_script03_2_F,anger,You are quite insufferable. I suppose it's because you're drunk.
660,2,Ses03F_script03_2_M,anger,I'm not in the least bit drunk.
660,3,Ses03F_script03_2_F,frustration,You've always had a weak head.
660,4,Ses03F_script03_2_M,anger,"Okay. As I mentioned before, I said I had three very minute liquor glasses. That's hardly enough to get a child of two drunk."
660,5,Ses03F_script03_2_F,neutral,"On the contrary, a child of two can get violently drunk on only one glass of brandy."
660,6,Ses03F_script03_2_M,neutral,"Oh, very interesting indeed. How about a child of four or a child of six or a child of nine. We might have a splendid little debate about this intemperate tots."
660,7,Ses03F_script03_2_F,frustration,Do shut up. Shut up.
660,8,Ses03F_script03_2_F,frustration,I don't want to talk about this anymore.
661,0,Ses05M_impro04_M,frustration,It's that simple.
661,1,Ses05M_impro04_F,neutral,"Okay.  Well, fine. we won't- I won't argue with you about that."
661,2,Ses05M_impro04_M,frustration,yeah.
661,3,Ses05M_impro04_F,frustration,What else?  I can't -- uh.  I'm drawing a blank here.
661,4,Ses05M_impro04_M,frustration,You and me both.
661,5,Ses05M_impro04_F,neutral,"That's rough.  I'm really sorry, Ryan."
661,6,Ses05M_impro04_M,neutral,"Yeah, life sucks."
661,7,Ses05M_impro04_F,neutral,"Well, um, is that kinda like the side of you that you let people see when you go into these job interviews?"
662,0,Ses01F_script03_1_M,happiness,"It's strange; things that ought to matter dreadfully, they just don't matter at all when one's happy.  Do they?"
662,1,Ses01F_script03_1_F,neutral,Hmm.  The pity is that one can't stay happy.
662,2,Ses01F_script03_1_M,neutral,"Darling, don't say that."
662,3,Ses01F_script03_1_F,neutral,It's true.  I think the whole thing's a cruel joke.
662,4,Ses01F_script03_1_M,neutral,What?  This beautiful and sacred thing - love?
662,5,Ses01F_script03_1_F,happiness,Yes.  Meaning just that.
662,6,Ses01F_script03_1_M,happiness,"Well what does it all mean?  That's what I ask myself in my quest for ultimate truth.  Dear God, what does it all mean?"
662,7,Ses01F_script03_1_F,happiness,Don't laugh at me.  I'm being serious.
662,8,Ses01F_script03_1_M,neutral,"Oh darling, you mustn't be serious.  It's just what they want."
663,0,Ses01F_script01_1_M,frustration,"I've been a good son for too long, a good sucker."
663,1,Ses01F_script01_1_F,anger,You have a business here.  What the hell is this?
663,2,Ses01F_script01_1_M,frustration,The business?  The business doesn't inspire me.
663,3,Ses01F_script01_1_F,anger,Oh.  Must you be inspired?
663,4,Ses01F_script01_1_M,frustration,"Yes.  I like it for an hour a day.  I don't care if I have to grub for money all day long, when I come home I want it happy."
663,5,Ses01F_script01_1_M,frustration,"I want some kids, I want a family, I want somebody that I can give myself to and Annie is in the center of that.  Now it's just where to find it."
663,6,Ses01F_script01_1_F,frustration,You mean to tell me that you would leave the business over this?
663,7,Ses01F_script01_1_M,neutral,"On this, I would."
663,8,Ses01F_script01_1_F,frustration,Well you don't want to think like that.
664,0,Ses03M_impro05a_F,neutral,"Please, please"
664,1,Ses03M_impro05a_F,neutral,"sir, listen to me.  Your luggage is still in Baltimore."
664,2,Ses03M_impro05a_M,anger,What?
664,3,Ses03M_impro05a_F,neutral,Okay.  We can get it here in about seven to ten business days.
664,4,Ses03M_impro05a_M,anger,What?  Are you kidding me?
664,5,Ses03M_impro05a_F,neutral,"Yes.  Well, because--"
664,6,Ses03M_impro05a_M,anger,Give- Give me your manager right now.
664,7,Ses03M_impro05a_F,neutral,I am the manager sir.
665,0,Ses05M_script03_1_M,neutral,"Oh, I didn't hit you very hard."
665,1,Ses05M_script03_1_F,neutral,"And then the manager came in and saw us all rolling all over the floor, biting and scratching one another. [LAUGHTER]"
665,2,Ses05M_script03_1_M,neutral,I should never forget his face. [LAUGHTER]
665,3,Ses05M_script03_1_F,neutral,"How ridiculous, utterly ridiculous"
665,4,Ses05M_script03_1_M,neutral,We were very much younger then.
665,5,Ses05M_script03_1_F,neutral,Very much sillier.
665,6,Ses05M_script03_1_M,neutral,"Come to think of it, the real cause of that roues was Peter Burden."
665,7,Ses05M_script03_1_F,neutral,You knew there was nothing in that.
666,0,Ses02F_script01_1_M,anger,"For God sakes, it's been three years.  Nobody comes back after three years.  It's insane."
666,1,Ses02F_script01_1_F,frustration,"To you it is and to me, but not to him.  I mean, you can talk yourself blue in the face, but he--there's no body and no grave so where are you?"
666,2,Ses02F_script01_1_M,neutral,"Sit down, Mom.  I want to talk to you."
666,3,Ses02F_script01_1_F,neutral,"Trouble is the God damn newspapers.  Every month or so a boy turns up out of nowhere so, you know, the next one is gonna be Larry."
666,4,Ses02F_script01_1_M,frustration,All right.  All right.  Listen to me.  You know why I brought Annie here don't you?
666,5,Ses02F_script01_1_F,neutral,Why?
666,6,Ses02F_script01_1_M,neutral,You know.
666,7,Ses02F_script01_1_F,sadness,"I've got an idea, but what's the story?"
666,8,Ses02F_script01_1_M,neutral,I'm gonna ask her to marry me.
667,0,Ses05F_script01_3_M,sadness,And I felt what you said- ashamed somehow-because nobody had changed at all.  It seemed to make suckers out of a whole lot of guys. and
667,1,Ses05F_script01_3_M,sadness,"It felt wrong to be alive-to open that bank-book; to buy that new car; to look at that new refrigerator.  I mean, you can take those things out of the war, but if you drive that car, you have to know that that comes from the love that a man has for a man.  And you've got to be a little bit better than that!"
667,2,Ses05F_script01_3_M,neutral,"And if you're not, then it's all just loot and it's got blood on it, and I don't want any of it!  And, I guess that included you."
667,3,Ses05F_script01_3_F,neutral,Do you still feel like that?
667,4,Ses05F_script01_3_M,neutral,"I I want you now, Annie."
667,5,Ses05F_script01_3_F,sadness,"Because you can't feel like that anymore Chris, you hear me?  I mean everything that you have, you deserve.  And that includes me.  And your father?  Your father put hundreds of planes in the air, you should be proud.  A man should be paid for that."
667,6,Ses05F_script01_3_M,happiness,"Oh Annie.  Annie, I am going to make you a fortune!"
667,7,Ses05F_script01_3_F,happiness,What would I do with a fortune?
668,0,Ses03F_impro04_F,frustration,"I don't know, Brian, if they uh--it's been three years."
668,1,Ses03F_impro04_M,neutral,"Hey, you just got to keep on going."
668,2,Ses03F_impro04_F,frustration,"No, I don't know, I--maybe this isn't for me. You know, maybe this isn't the right business for me."
668,3,Ses03F_impro04_M,neutral,"No, don't think like that."
668,4,Ses03F_impro04_F,sadness,"I just, I see all these other people getting commercials and work and it's like I'm not getting anything."
668,5,Ses03F_impro04_F,frustration,I have no money behind me. Nothing. I'm twenty five and--
668,6,Ses03F_impro04_M,neutral,Russel Crowe wasn't forty until he got his big stuff.
668,7,Ses03F_impro04_M,neutral,"If you really want to do it-I mean,"
669,0,Ses01F_impro01_F,neutral,Excuse me.
669,1,Ses01F_impro01_M,frustration,Do you have your forms?
669,2,Ses01F_impro01_F,neutral,Yeah.
669,3,Ses01F_impro01_M,frustration,Let me see them.
669,4,Ses01F_impro01_F,neutral,Is there a problem?
669,5,Ses01F_impro01_M,frustration,Who told you to get in this line?
669,6,Ses01F_impro01_F,neutral,You did.
669,7,Ses01F_impro01_F,neutral,You were standing at the beginning and you directed me.
669,8,Ses01F_impro01_M,frustration,Okay. But I didn't tell you to get in this line if you are filling out this particular form.
669,9,Ses01F_impro01_F,neutral,Well what's the problem?  Let me change it.
670,0,Ses02F_impro08_F,neutral,Absolutely.  That actually goes in on the same package with our hotel.  You just give me your address.  We'll come and pick up a time that allows you to get to your flight with plenty of time to spare.
670,1,Ses02F_impro08_F,neutral,And a there will also be a shuttle waiting for you to take you to the appropriate hotel.
670,2,Ses02F_impro08_M,neutral,"Okay.  Wow.  Sounds good then, I guess.  Thank you very much. It's a lot better than talking to a machine."
670,3,Ses02F_impro08_F,neutral,Yeah--I completely understand.  It's a difficult process sometimes and we want to make traveling as easy as possible.
670,4,Ses02F_impro08_M,neutral,All right.  So we're confirmed then or do you--All right.
670,5,Ses02F_impro08_F,neutral,Absolutely. Thank you so much for calling and we hope that you will come to us again.
670,6,Ses02F_impro08_M,neutral,Okay.
670,7,Ses02F_impro08_F,neutral,Thank you.
671,0,Ses04M_script03_2_M,anger,"No restraint at all, very enjoyable.  You never had much anyhow."
671,1,Ses04M_script03_2_F,anger,You're quite insufferable.  I expected it's because you're drunk.
671,2,Ses04M_script03_2_M,anger,I'm not in the least drunk.
671,3,Ses04M_script03_2_F,anger,You always had a weak head.
671,4,Ses04M_script03_2_M,frustration,I think I mentioned once before that I've only had three minute liquor glasses of brandy this whole evening.  That's hardly enough to get a child of two drunk.
671,5,Ses04M_script03_2_F,anger,"On the contrary, a child of two could get violently drunk on only one glass of brandy."
671,6,Ses04M_script03_2_M,anger,Very interesting.  And how about a child of four and a child of six and a child of nine?
671,7,Ses04M_script03_2_F,anger,"Oh, shut up."
671,8,Ses04M_script03_2_M,neutral,"We might get up a splendid little- a splendid little debate about this, you know, intemperate tots."
671,9,Ses04M_script03_2_F,anger,"Not very funny, dear.  You'd better have some more brandy."
671,10,Ses04M_script03_2_M,anger,Very good idea.  I will
672,0,Ses03M_script03_2_F,anger,"Not very funny dear.  In fact, maybe you better have some more brandy."
672,1,Ses03M_script03_2_M,anger,"Oh, thanks.  I think I will."
672,2,Ses03M_script03_2_M,anger,You better turn that off.
672,3,Ses03M_script03_2_F,neutral,Why?
672,4,Ses03M_script03_2_M,neutral,Because people upstairs will get annoyed.
672,5,Ses03M_script03_2_F,neutral,There aren't any people upstairs.  This is a photographer's studio.
672,6,Ses03M_script03_2_M,neutral,Well there are people downstairs I suppose.
672,7,Ses03M_script03_2_F,neutral,They are away in Tunis.
672,8,Ses03M_script03_2_M,neutral,"Oh, this is no time to be in here for Tunis."
673,0,Ses02M_script01_1_F,neutral,What do you mean dishonest?
673,1,Ses02M_script01_1_M,frustration,You know that Larry is not coming back and I know it. Why do we allow him to go on thinking that we believe with him?
673,2,Ses02M_script01_1_F,frustration,"What do you want to do, argue with him?"
673,3,Ses02M_script01_1_M,frustration,"No I don't want to argue with him, but it's about time he realized that nobody believes Larry is alive anymore."
673,4,Ses02M_script01_1_M,frustration,"Why -- why shouldn't he dream of him? Walk around, waiting for him at night I mean do we contradict him, do we say straight out that we don't have any hope anymore that we haven't had hope for years now?"
673,5,Ses02M_script01_1_F,frustration,You can't say that to him.
673,6,Ses02M_script01_1_M,anger,We've got to say it to him.
673,7,Ses02M_script01_1_F,frustration,"Can you prove it, how can you prove it?"
673,8,Ses02M_script01_1_M,anger,"For God sakes it's been three years, nobody comes back after three years, that's insane."
674,0,Ses02F_script01_3_F,sadness,"Oh, gee."
674,1,Ses02F_script01_3_M,sadness,It takes some time for a guy to toss that off.  'Cause they weren't just men.
674,2,Ses02F_script01_3_M,sadness,"For instance, one time, it had been raining several days and this kid came to me and gave me his last pair of dry socks.  I put them in pocket.  It's only a little thing, but that's the kind of guys I had."
674,3,Ses02F_script01_3_M,sadness,"They didn't die, they killed themselves for each other.  I mean that exactly.  A little more selfish and they'd have been here today."
674,4,Ses02F_script01_3_M,sadness,"I got this idea watching them go down.  Everything was being destroyed, see, but it seemed that there was one new thing being made.  A sort of responsibility.  Man for man."
674,5,Ses02F_script01_3_M,sadness,"You know what I mean?  To show that, to bring that onto the Earth again, like some kind of monument and everyone would feel it standing behind him and it would make a difference to him."
674,6,Ses02F_script01_3_M,sadness,Then I came back and it was incredible.  There was no meaning in it here.  The whole thing to them seemed like sort of a bus accident.  I went to work with Dad and that rat race again.
674,7,Ses02F_script01_3_M,sadness,"And I felt what you said, ashamed somehow 'cause nobody was changed at all.  It seemed to make suckers out of a lot of guys.  I felt wrong to be alive to open the new bank book, drive the new car, see the new refrigerator."
675,0,Ses04F_impro03_F,neutral,You know what? You know what?
675,1,Ses04F_impro03_M,neutral,Give me the browns.
675,2,Ses04F_impro03_F,neutral,"You can't ruin my mood today.  If you want to wear a brown tux, you go ahead and wear a brown tux"
675,3,Ses04F_impro03_M,neutral,Okay.  Fine.  So green and what?
675,4,Ses04F_impro03_F,neutral,but bridesmaids aren't wearing brown and I'm not wearing brown.
675,5,Ses04F_impro03_M,neutral,Blue?
675,6,Ses04F_impro03_F,neutral,Maybe
675,7,Ses04F_impro03_M,neutral,"Okay, fine. Greens and blues."
675,8,Ses04F_impro03_F,neutral,I like blue.
675,9,Ses04F_impro03_M,neutral,Greens and blues and maybe a little light yellow?
676,0,Ses02F_script03_2_F,anger,You are far too temperamental.  Try to control yourself.
676,1,Ses02F_script03_2_M,anger,Turn it off.
676,2,Ses02F_script03_2_F,anger,Stop it.  Go away.  I hate you.
676,3,Ses02F_script03_2_M,anger,"Amanda, listen. listen"
676,4,Ses02F_script03_2_F,anger,"Listen?  Listen, indeed.  I am sick and tired of listening to you, damn sadistic bully."
676,5,Ses02F_script03_2_M,frustration,"Very amusing, indeed."
676,6,Ses02F_script03_2_F,anger,"I hate you.  Stop it.  Stop it.  I hate you, do you hear?  You're conceited and overbearing and utterly impossible."
676,7,Ses02F_script03_2_M,anger,"You're a vile, tempered, loose living, wicked little beast and I hope to never see you again as long as I live."
676,8,Ses02F_script03_2_F,anger,This is the end.  Finally and forever.  Do you hear me?  The end.
677,0,Ses02M_script02_1_M,neutral,"Okay. But it's fish that do something none of the other fish do. Like the swallows returning to Capistrano, or the Lemmings throwing themselves off the cliffs"
677,1,Ses02M_script02_1_M,neutral,"you know there is like, there is a certain mystery here, a magic, a bit of the unexplainable. I don't see how you cannot be interested."
677,2,Ses02M_script02_1_F,sadness,I'm just not.
677,3,Ses02M_script02_1_M,neutral,For real?
677,4,Ses02M_script02_1_F,neutral,Yes.
677,5,Ses02M_script02_1_M,neutral,I don't get it. The first time we came here you said it was the best night of your life.
677,6,Ses02M_script02_1_M,frustration,"And then last year I remember specifically you were so excited that you stubbed your toe on the way pushing me out of the house, and you didn't even notice until we got in the car."
677,7,Ses02M_script02_1_F,anger,"Last year you'll also remember our shoes got wet, I got sand in my panties, you got a sore throat, we got into a big fight over nothing, and we didn't see the Grunions."
678,0,Ses01M_script01_1_M,anger,Business?  The business doesn't inspire me.
678,1,Ses01M_script01_1_F,anger,"Oh, must you be inspired."
678,2,Ses01M_script01_1_M,anger,"Yes, yes I like it for one hour a day.  I don't care if I have to grub for money all day long when I come home I want it nice, I want a family, I want to kids and Annie is in the center of that."
678,3,Ses01M_script01_1_M,frustration,If that can't happen here...
678,4,Ses01M_script01_1_F,neutral,You mean to tell me you would leave the business for this.
678,5,Ses01M_script01_1_M,neutral,"Yes, on this I would."
678,6,Ses01M_script01_1_F,anger,"Well, you don't want to think like that."
678,7,Ses01M_script01_1_M,sadness,Then help me stay here mom.
679,0,Ses05M_script02_2_F,frustration,"I'm sorry.  It's just, it's it's just fish to me."
679,1,Ses05M_script02_2_M,neutral,"uh, Carla Can I ask you a question?  no, don't get upset, but are you having your period?"
679,2,Ses05M_script02_2_F,anger,"God damn it, Augie.  Seriously, you always ask me that.  Why do you ask me that?  I hate it.  It's so insulting."
679,3,Ses05M_script02_2_M,frustration,What's bugging you then?
679,4,Ses05M_script02_2_F,frustration,I just - We just have different ideas of what this night is suppose to look like.
679,5,Ses05M_script02_2_M,frustration,"It's not that complicated.  We come down here, the grunions arrive, they do their little fish thing.  We say ooh, awe, look at the little fish.  And then they go home and we go home."
679,6,Ses05M_script02_2_F,neutral,"For God's sake, Augie.  It's- Grow up, we're not going to see the grunion."
679,7,Ses05M_script02_2_M,neutral,Why not?
680,0,Ses05M_script02_2_M,sadness,"Now, I know.  Me either"
680,1,Ses05M_script02_2_F,sadness,"This is just this.  I mean, it's a lot and everything.  But it's not, you know, something else.  Am I making any sense?"
680,2,Ses05M_script02_2_M,sadness,I'm trying the best I can.
680,3,Ses05M_script02_2_F,sadness,"I know that, Augie.  I do.  I know that. And and I know that this meant a lot to you and and it's special, you know, with the sand and the moon but."
680,4,Ses05M_script02_2_F,sadness,But I just couldn't help thinking about being somewhere else.
680,5,Ses05M_script02_2_M,sadness,"Maybe if you're with somebody else, too?"
680,6,Ses05M_script02_2_F,sadness,I didn't say that.
680,7,Ses05M_script02_2_M,sadness,"No, I know.  But I know I don't make you happy."
681,0,Ses04F_script01_3_M,sadness,I guess that included you.
681,1,Ses04F_script01_3_F,neutral,And do you still feel that way?
681,2,Ses04F_script01_3_M,neutral,"I want you now, Annie."
681,3,Ses04F_script01_3_F,neutral,"Because you mustn't feel that way anymore because you have a right to whatever you have, Chris, do you understand, everything"
681,4,Ses04F_script01_3_F,neutral,that includes me.  And your money there's nothing wrong in your money.  Your father put hundreds of planes in the air.
681,5,Ses04F_script01_3_F,neutral,You should be proud.  A man should be paid for that.
681,6,Ses04F_script01_3_M,happiness,"Annie, Annie I'm going to make a fortune for you."
681,7,Ses04F_script01_3_F,happiness,What'll I do with a fortune?
682,0,Ses01M_impro01_M,frustration,"Okay, okay let's keep our voices down, okay?  I didn't come here to get in yelling match."
682,1,Ses01M_impro01_F,neutral,I'm perfectly calm.
682,2,Ses01M_impro01_M,frustration,"I did not come in here to get in a yelling match with you, all right?"
682,3,Ses01M_impro01_F,neutral,Uh huh.  I didn't come here get in yelling match either.
682,4,Ses01M_impro01_M,frustration,Just try and help me.
682,5,Ses01M_impro01_F,neutral,They don't pay me enough to deal people like you.
682,6,Ses01M_impro01_M,neutral,"People like me, what is that supposed to mean?  You know, this is ridiculous.  Is there like a manager here, is there someone else that I can talk to?"
682,7,Ses01M_impro01_F,neutral,Why?
683,0,Ses02F_impro07_M,neutral,Yeah. Hey. Prestigious school.
683,1,Ses02F_impro07_M,neutral,"So, what, do you have to send in your deposit now?  Or what you-?"
683,2,Ses02F_impro07_F,neutral,"Yeah, I mean there's all the money stuff and my mom's helping me with the financial aid and stuff.  But, it'll be fine--"
683,3,Ses02F_impro07_F,neutral,"Like, now that I'm accepted, it's just, like, such a huge load off my mind."
683,4,Ses02F_impro07_M,neutral,That's great.
683,5,Ses02F_impro07_F,neutral,I don't mind worrying about all the paperwork.  You know--
683,6,Ses02F_impro07_M,neutral,Yeah.
683,7,Ses02F_impro07_M,neutral,So...
684,0,Ses03M_impro07_F,neutral,We can party.  We can have fun.
684,1,Ses03M_impro07_M,neutral,This will be like high school but even better.
684,2,Ses03M_impro07_F,happiness,Yeah.  Hopefully it won't be like high school.
684,3,Ses03M_impro07_F,neutral,"Oh man I am so proud of you, that is...how did you get...I mean what did you do?  How did you find out or what...?"
684,4,Ses03M_impro07_M,neutral,I-I came home and my mom was like Joe uh-
684,5,Ses03M_impro07_M,neutral,"I have some bad news.  I was like what?  She's like not really you got into U.S.C. and I was like, I was like oh my God.  I was about to tear my own hair out."
684,6,Ses03M_impro07_F,happiness,Oh man.
684,7,Ses03M_impro07_M,happiness,Yeah.  This is so crazy.  I mean I didn't get into any other school but I got into the school I wanted.
684,8,Ses03M_impro07_F,happiness,Did you say yes yet?  I mean have you sent in your answer?
685,0,Ses05F_impro02_M,neutral,How long do we have?  When do you leave?
685,1,Ses05F_impro02_F,sadness,"""sigh"" Three weeks."
685,2,Ses05F_impro02_M,neutral,Three weeks?
685,3,Ses05F_impro02_F,sadness,Yeah.
685,4,Ses05F_impro02_M,neutral,"I don't Okay.  Okay, we can do this.  We can do this.  It's okay.  We'll make it work."
685,5,Ses05F_impro02_F,sadness,Yeah.
685,6,Ses05F_impro02_M,sadness,I love you.
685,7,Ses05F_impro02_F,sadness,"I love you.  I'm going to miss you so much. ""sigh"""
686,0,Ses03M_impro08a_F,frustration,Well you're not helping me at all.  God this is so frustrating.
686,1,Ses03M_impro08a_M,neutral,"What I can do for you, if you want to make a call right now I could contact you through our computer.  I can call through my phone and you can speak through me."
686,2,Ses03M_impro08a_F,frustration,What?  No.  That's way too complicated.  Look--
686,3,Ses03M_impro08a_F,frustration,you need to fix my phone.  I don't care what you have to do--
686,4,Ses03M_impro08a_M,neutral,I'm sorry it has to do with an electrical power outage and stuff--
686,5,Ses03M_impro08a_F,neutral,"Well then go up the freaking pole and fix it like, you need to help me.  You don't understand I'm in dire, dire need of a phone right now."
686,6,Ses03M_impro08a_M,neutral,"Well, okay I'm going to give you a free phone card that you can use at any payphone and that's on us. Okay?"
686,7,Ses03M_impro08a_F,frustration,"Yeah yeah, woman going out in South Central on the payphone at night.  Oh that's real safe."
687,0,Ses04F_script02_2_M,neutral,"Carla, can I ask you something?  Don't take this the wrong way but are you having your period?"
687,1,Ses04F_script02_2_F,anger,Goddamn it Augie don't ask me that.  You always ask me that.  I hate it when you ask me that.  It's insulting.
687,2,Ses04F_script02_2_M,frustration,Well then what's bugging you?
687,3,Ses04F_script02_2_F,anger,We just have different ideas about what this evening is supposed to look like.
687,4,Ses04F_script02_2_M,frustration,"There's nothing to it.  We come down here.  The grunions arrive.  They do their little fish business.  We go oh, ah look at the fish.  They go home.  We go home."
687,5,Ses04F_script02_2_F,anger,"For heaven's sake, this is not about fish."
687,6,Ses04F_script02_2_M,frustration,Why not?
687,7,Ses04F_script02_2_F,neutral,We totally skipped. Right.
687,8,Ses04F_script02_2_M,neutral,"There's nothing to it.  We come down here.  The grunions arrive.  They do the little fish business.  We go oh, ah look at the fish.  They go home.  We go home."
687,9,Ses04F_script02_2_F,anger,"For heaven's sake, grow up we are not going to see the Grunions."
688,0,Ses02M_impro07_M,neutral,What?
688,1,Ses02M_impro07_M,neutral,[LAUGHTER] I know. I mean part of-
688,2,Ses02M_impro07_F,happiness,"[LAUGHTER] like a- like a- [LAUGHTER] No, but I mean like everywhere you go people know who you are."
688,3,Ses02M_impro07_M,neutral,Yeah. Right. A cult. I'm looking forward to being in the cult.
688,4,Ses02M_impro07_M,neutral,"Right I know, like you, it won't hurt, I mean national champions last year, wow, you know"
688,5,Ses02M_impro07_M,neutral,Maybe we'll do it again this year.
688,6,Ses02M_impro07_F,happiness,So you know what you are going to do there?
688,7,Ses02M_impro07_M,happiness,"What's that? ahh Well, you know I'm I'm thinking um I'm leaning towards like communications"
688,8,Ses02M_impro07_M,happiness,"I-I don't know. Kind of a broad,"
689,0,Ses03F_impro07_M,neutral,"Oh, my God. That's--I heard it's top five-- --in the Grauman scale or something."
689,1,Ses03F_impro07_F,happiness,Yeah. It's really cool.
689,2,Ses03F_impro07_F,neutral,Yeah.
689,3,Ses03F_impro07_F,happiness,Top five in the nation.
689,4,Ses03F_impro07_M,neutral,Who-whooooo. Miss Acti- Acting Pants.
689,5,Ses03F_impro07_F,neutral,"Acting Pants? So what are you going to do? Are you--you're be--you're going to stay here, right?"
689,6,Ses03F_impro07_M,neutral,Acti- acting pants.
689,7,Ses03F_impro07_M,neutral,I got into film school at the Art Academy.
690,0,Ses03F_script01_2_M,neutral,How do you know why she's waited?
690,1,Ses03F_script01_2_F,neutral,"Because she thinks like me, that's why."
690,2,Ses03F_script01_2_F,sadness,"She's faithful as a rock, don't you know. In my worst moments I can think of her-"
690,3,Ses03F_script01_2_F,neutral,"I think again, that I'm-I'm right."
690,4,Ses03F_script01_2_M,neutral,"Look, it's a nice day. What are we arguing for?"
690,5,Ses03F_script01_2_F,anger,"Nobody in my house better ever dare-dare to challenge her faith. Maybe strangers, but not his father, not his brother."
690,6,Ses03F_script01_2_M,neutral,Calm yourself.
690,7,Ses03F_script01_2_F,neutral,Because he's not coming back. Then what do I got to live for? I'll kill myself.
691,0,Ses01M_script01_3_M,sadness,I don't know it's--it's complicated. But it's going from me now.
691,1,Ses01M_script01_3_F,sadness,You got to tell me.
691,2,Ses01M_script01_3_M,sadness,I don't know.
691,3,Ses01M_script01_3_M,sadness,It's kind of all mixed up with all these other things.
691,4,Ses01M_script01_3_F,sadness,Wouldn't work like this.
691,5,Ses01M_script01_3_M,sadness,you know over seas I was in command of the company?
691,6,Ses01M_script01_3_F,sadness,"Yeah, sure."
691,7,Ses01M_script01_3_M,sadness,Well I lost them.
692,0,Ses03F_script01_3_F,neutral,'Cause you started to write me.
692,1,Ses03F_script01_3_M,happiness,You felt something that far back?
692,2,Ses03F_script01_3_F,happiness,Every day since.
692,3,Ses03F_script01_3_M,happiness,Why didn't you let me know?
692,4,Ses03F_script01_3_F,neutral,"Well, I don't know, you didn't write until then and then when you did, what'd you say?"
692,5,Ses03F_script01_3_F,neutral,You always can be so ambiguous.
692,6,Ses03F_script01_3_M,happiness,"Give me a kiss, Annie."
692,7,Ses03F_script01_3_M,happiness,Give me-
693,0,Ses05M_script03_2_F,frustration,Don't be stupid.
693,1,Ses05M_script03_2_M,anger,"Amanda, really."
693,2,Ses05M_script03_2_F,neutral,What?
693,3,Ses05M_script03_2_M,frustration,"Nothing.  Are you going out somewhere, darling?"
693,4,Ses05M_script03_2_F,neutral,Just making myself fascinating for you.
693,5,Ses05M_script03_2_M,frustration,"Um- Well, that reply has just broken my heart."
693,6,Ses05M_script03_2_F,neutral,"It's a woman's job to allure the man.  Watch me a moment, won't you?"
693,7,Ses05M_script03_2_M,neutral,"Oh, as a matter of fact, that's perfectly true."
693,8,Ses05M_script03_2_F,anger,"No, it isn't."
694,0,Ses05M_impro04_M,frustration,I can juggle.
694,1,Ses05M_impro04_F,neutral,"Well, maybe we can find you something with juggling."
694,2,Ses05M_impro04_M,frustration,I've tried.
694,3,Ses05M_impro04_F,neutral,Have you checked out Craig's List and stuff?
694,4,Ses05M_impro04_M,frustration,Yes!  Nobody wants a juggler.  I am not going to -- I'm not going to dress up like a clown. I'm not going to dress up like a freaking clown. No.
694,5,Ses05M_impro04_F,neutral,"What if you do kids parties? oh, come on."
694,6,Ses05M_impro04_M,frustration,"No, it's demeaning.  I am not a clown.  I have talent.  Clowns don't have talent."
694,7,Ses05M_impro04_F,neutral,Okay.  All right.
695,0,Ses04F_script02_1_F,anger,We didn't see them the first time either.
695,1,Ses04F_script02_1_M,anger,We just weren't in a good spot.  This is a much better spot.
695,2,Ses04F_script02_1_M,neutral,"I've got good instincts for these things.  Look there. What's that.  Is that?  Is that, is that-no it's just seaweed isn't it."
695,3,Ses04F_script02_1_M,neutral,"Ah, man this is great.  I wouldn't miss this for anything.  I mean think about this.  I know you're not interested but just think about this for a minute."
695,4,Ses04F_script02_1_M,neutral,Out there someplace there's this huge mass of silver fish heading this way.  They don't know why.  We don't know why.  It wasn't a decision.  They didn't take a vote.
695,5,Ses04F_script02_1_M,neutral,No one sent them a map or an invitation.  Just some little instinctual time release firecracker went off in their little bodies and all as one. They turned and formed a line as long as the California coast and started swimming.
695,6,Ses04F_script02_1_M,neutral,They're swimming right now as if that's the only thing that matters.
695,7,Ses04F_script02_1_M,neutral,It's single mindedness with no mind.  Urgency that's pure urge.
696,0,Ses01M_script03_1_M,sadness,"Darling, don't say that."
696,1,Ses01M_script03_1_F,neutral,It's true.  I think the whole things a very poor joke.
696,2,Ses01M_script03_1_M,neutral,"What, this sacred and beautiful thing, love?"
696,3,Ses01M_script03_1_F,happiness,"Oh, yes meaning just that."
696,4,Ses01M_script03_1_M,happiness,"Oh, dear god what is that all mean, dear god?"
696,5,Ses01M_script03_1_F,happiness,[LAUGHTER] Don't laugh at me I'm being serious.
696,6,Ses01M_script03_1_M,happiness,"You mustn't be so serious, darling, it just what they want."
696,7,Ses01M_script03_1_F,neutral,Oh whose they?
696,8,Ses01M_script03_1_M,neutral,"Oh you know all those superficial philosophers. We must laugh at them, be flippant."
697,0,Ses04F_script03_1_F,neutral,It was bound to come sooner or later.
697,1,Ses04F_script03_1_M,neutral,Hello.  Hello.  What?  Wrong number.
697,2,Ses04F_script03_1_F,neutral,Ahh.  It sent shivers up my spine.
697,3,Ses04F_script03_1_M,neutral,What shall we do if they suddenly walk in on us?
697,4,Ses04F_script03_1_F,neutral,Behave exquisitely.
697,5,Ses04F_script03_1_M,neutral,With the most perfect poise.
697,6,Ses04F_script03_1_F,neutral,Certainly I shall probably do a court curtsy.
697,7,Ses04F_script03_1_M,neutral,"Things that ought to matter dreadfully don't matter at all when one's happy, do they?"
697,8,Ses04F_script03_1_F,neutral,What is so horrible is that one can't stay happy.
698,0,Ses04M_impro06_M,sadness,"[BREATHING] I mean, there's nothing really to talk about.  He's gone and I'll never see him again."
698,1,Ses04M_impro06_F,sadness,"Well I know it's not a lot of help or anything, but at least you got to know him.  I mean, at least you had the time with him that you did."
698,2,Ses04M_impro06_M,sadness,Yeah.
698,3,Ses04M_impro06_F,sadness,"I mean, we can be grateful for that."
698,4,Ses04M_impro06_M,sadness,"Yeah, I don't know.  Sometimes I wish I didn't know him.  So I wouldn't--"
698,5,Ses04M_impro06_F,sadness,You feel that way now because you're upset.  But you don't really think that.
698,6,Ses04M_impro06_F,sadness,"It'll get better.  I know it doesn't help, but it will get better and you will remember all of the good things that you guys had; all of the memories that you have with him that were happy and you'll be grateful for those."
698,7,Ses04M_impro06_M,sadness,This is just -- this is a terrible life.  I just don't understand.
699,0,Ses05M_script03_1_M,neutral,"[garbage] Darling, kiss me before your body rots and worms start popping in and out of your eye sockets."
699,1,Ses05M_script03_1_F,neutral,"Elliott, worms don't pop."
699,2,Ses05M_script03_1_M,neutral,"I don't care what you do.  See, you could paint your body bright green and and run naked through the Place Vendome and run with every man in the world and I shan't say a word.  As long as I know that you love me best."
699,3,Ses05M_script03_1_F,neutral,"Uhh, Thank you, darling.  And the same goes for you, except that if I ever see you so much as look at another woman, I'll kill you."
699,4,Ses05M_script03_1_M,neutral,Do you remember that awful scene we had in Venice?
699,5,Ses05M_script03_1_F,neutral,Which particular one?
699,6,Ses05M_script03_1_M,neutral,The one where you bought that little painted wooden stake and you put it on my bed.
699,7,Ses05M_script03_1_F,neutral,"Awe, Charles.  That was his name.  He did wriggle so beautifully."
700,0,Ses05M_impro07_M,neutral,"But, uh--"
700,1,Ses05M_impro07_F,neutral,How are you going to pay for school? Did- did you--?
700,2,Ses05M_impro07_M,neutral,"Loans, scholarships, I've got a lot of scholarships-- Yeah, yeah. I'm- I'm half Native American so I get all those scholarships, too. yeah."
700,3,Ses05M_impro07_F,happiness,"You've got a lot- oh, awesome."
700,4,Ses05M_impro07_F,happiness,Oh cool.
700,5,Ses05M_impro07_M,neutral,"So it comes Indian like. And you know I'm kind of smart, so."
700,6,Ses05M_impro07_F,neutral,Yeah.
700,7,Ses05M_impro07_M,neutral,"That helps, right?  Get some academic scholarships. And uh-"
700,8,Ses05M_impro07_F,neutral,totally.
700,9,Ses05M_impro07_F,happiness,good for you.
701,0,Ses04F_script03_1_M,neutral,Let's savor the delight of the moment.  Come and kiss me darling before your body rots and worms pop in and out of your eye sockets.
701,1,Ses04F_script03_1_F,neutral,"Elliott, worms don't pop."
701,2,Ses04F_script03_1_M,neutral,"I don't mind what you do, see. you can paint yourself green all over"
701,3,Ses04F_script03_1_M,neutral,and dance naked in the place Place Vendome and rush away with all the men in the world and I shan't say a word as long as you love me best.
701,4,Ses04F_script03_1_F,neutral,"Thank you, dear.  The same applies to you except that if I catch you so much as looking at another woman, I'll kill you."
701,5,Ses04F_script03_1_M,neutral,Do you remember that awful scene in Venice?
701,6,Ses04F_script03_1_F,neutral,Which particular one?
701,7,Ses04F_script03_1_M,neutral,The one where you bought that little painted wooden snake and put it on my bed.
702,0,Ses02M_script01_1_F,neutral,"What's he going to say, maybe we ought to tell him before he sees it."
702,1,Ses02M_script01_1_M,neutral,He saw it.
702,2,Ses02M_script01_1_F,neutral,How could he see it? I was the first one up he was still in bed.
702,3,Ses02M_script01_1_M,neutral,He was out here when it broke.
702,4,Ses02M_script01_1_F,neutral,When?
702,5,Ses02M_script01_1_M,neutral,About four this morning. I heard it cracking and I woke up and looked out. He was standing right here when it cracked.
702,6,Ses02M_script01_1_F,neutral,What was he doing out here at four in the morning?
702,7,Ses02M_script01_1_M,sadness,I don't know. When it cracked he ran into the house and cried in the kitchen.
702,8,Ses02M_script01_1_F,neutral,So you talked to him?
703,0,Ses03F_impro06_M,sadness,We need more people like him.
703,1,Ses03F_impro06_F,sadness,"Joe, do you think he knew I loved him?"
703,2,Ses03F_impro06_M,sadness,I don't know.
703,3,Ses03F_impro06_F,sadness,"I never told him, I love you, but-"
703,4,Ses03F_impro06_F,sadness,I loved him so much.
703,5,Ses03F_impro06_M,sadness,I don't know if Benny was smart like that- but-
703,6,Ses03F_impro06_M,sadness,I'm sure he loved you too. He just didn't know it.
703,7,Ses03F_impro06_F,neutral,"Yeah, man."
704,0,Ses01M_impro06_M,sadness,"Exactly, you know, and like he had so many plans and he was going to do..."
704,1,Ses01M_impro06_F,neutral,It leaves a hole for you too.
704,2,Ses01M_impro06_M,sadness,"so many things, you know?"
704,3,Ses01M_impro06_F,neutral,"It leaves a hole for you too, in your plans together."
704,4,Ses01M_impro06_M,sadness,What?
704,5,Ses01M_impro06_M,sadness,Yeah.
704,6,Ses01M_impro06_F,neutral,It gets better.
704,7,Ses01M_impro06_M,sadness,"He was a really, really good guy."
705,0,Ses02F_impro03_F,neutral,"Oh my God.  Guess what, guess what, guess what, guess what, guess what, guess what?"
705,1,Ses02F_impro03_M,neutral,What?
705,2,Ses02F_impro03_F,neutral,"Well, guess.  Guess, guess, guess, guess."
705,3,Ses02F_impro03_M,neutral,"Um, you--"
705,4,Ses02F_impro03_F,neutral,Don't look at my left hand.
705,5,Ses02F_impro03_M,neutral,No.  Let me see.
705,6,Ses02F_impro03_M,neutral,"Oh, no way."
705,7,Ses02F_impro03_F,neutral,"He proposed.  He proposed.  Well, and I said yes, of course. [LAUGHTER]"
705,8,Ses02F_impro03_M,happiness,That is great.  You look radiant.  I should've guess.
706,0,Ses01F_script02_2_F,frustration,[BREATHING]
706,1,Ses01F_script02_2_M,frustration,"No I'm just like you.  I thought it was going to be all roses and peaches and the bills would just pay themselves.  And we'll have three, fat rosy cheeked children.  Huh, baby, the joke's on us.  Because you know what you get?"
706,2,Ses01F_script02_2_M,frustration,Do you know what you get?  You get this.
706,3,Ses01F_script02_2_F,frustration,This? What is this?  This is nothing.  This isn't even anything.
706,4,Ses01F_script02_2_M,neutral,Yes it is.
706,5,Ses01F_script02_2_F,neutral,Sure.  This is standing on the beach waiting.  This is fighting.
706,6,Ses01F_script02_2_M,neutral,Right
706,7,Ses01F_script02_2_F,frustration,"I mean this is a lot of things, but it's just..."
706,8,Ses01F_script02_2_M,frustration,[BREATHING]
706,9,Ses01F_script02_2_F,frustration,Do you understand what I am saying?
707,0,Ses05M_impro01_F,neutral,Can I help you?
707,1,Ses05M_impro01_M,neutral,"Yes, I'm um- just getting my I.D.  I need a new I.D."
707,2,Ses05M_impro01_F,neutral,"Oh, this- this form that you have is the wrong form.  You need to go over to the other line on the other side of the D.M.V.."
707,3,Ses05M_impro01_M,neutral,What do you mean?  I filled out my forms and I rushed to get my I.D.
707,4,Ses05M_impro01_F,neutral,"Right, but this is the wrong form.  Somebody gave you the wrong form."
707,5,Ses05M_impro01_M,neutral,The wrong form?
707,6,Ses05M_impro01_F,neutral,"Yeah.  So, I can't -- I can't do anything-"
707,7,Ses05M_impro01_M,neutral,What's wrong about this form?  It says new I.D. on it.
707,8,Ses05M_impro01_F,neutral,"No, but this is for um- replacements and you need a new -- whole new license as a California --"
707,9,Ses05M_impro01_M,frustration,What's the difference?  What's the difference between that form and this form?
708,0,Ses04M_script02_2_F,frustration,No.
708,1,Ses04M_script02_2_M,frustration,"What, you want a divorce?"
708,2,Ses04M_script02_2_F,frustration,No.
708,3,Ses04M_script02_2_M,frustration,A vacation?
708,4,Ses04M_script02_2_F,anger,No.
708,5,Ses04M_script02_2_M,neutral,"A new carpet?  A poodle?  An ice cream?  A back rub?  A suicide pact?  What?  What, Carla?  What the hell do you want?"
708,6,Ses04M_script02_2_F,anger,I want something to turn out the way it's supposed to.
708,7,Ses04M_script02_2_M,anger,"Well welcome to the human race.  You think this is what I had in mind?  You think that when I proposed, I had this great fantasy going that four years down the line, we'd come to the beach and yell at each other over fish?  No."
709,0,Ses01M_impro01_M,anger,Why?
709,1,Ses01M_impro01_F,neutral,Yeah.
709,2,Ses01M_impro01_F,neutral,"So you're not going to send me a thank you card, is that a problem? Is your are not going..."
709,3,Ses01M_impro01_M,anger,"Why, because I'm sick of talking to you."
709,4,Ses01M_impro01_M,anger,"'Cause you're obviously not talking to me, you're just yelling at me, berating me and telling me I can't fill out forms right."
709,5,Ses01M_impro01_F,neutral,"Oh, dear. Oh, boo-foo-woo, foo-foo."
709,6,Ses01M_impro01_M,frustration,"Oh, no honey. And you're going to miss the Christmas card too. It's a shame. It's going to be a good, nice picture."
709,7,Ses01M_impro01_F,neutral,Sit back down.
710,0,Ses05M_script01_1_M,anger,"Well, you help me stay here."
710,1,Ses05M_script01_1_F,anger,"All right.  But don't think like that.  Because what the hell did we work for, Chris?  I mean, this whole thing, it's all for you."
710,2,Ses05M_script01_1_M,frustration,"I know that, mom.  Just, you help me stay here."
710,3,Ses05M_script01_1_F,anger,Just don't think that way.  Do you hear me?
710,4,Ses05M_script01_1_M,neutral,I am thinking that way.
710,5,Ses05M_script01_1_F,frustration,"I don't understand you, do I?"
710,6,Ses05M_script01_1_M,frustration,"No, you don't.  I'm a pretty tough guy."
710,7,Ses05M_script01_1_F,frustration,"Yeah, I can see that."
711,0,Ses04F_impro01_M,neutral,I can't help you right now.  Do you understand that?
711,1,Ses04F_impro01_F,anger,I mean look she's -she's perfectly nice.  She doesn't mind waiting for a couple of minutes because I've been here all day. I have a job to get back to.  I have kids to pick up from school.  I can't just stay here.
711,2,Ses04F_impro01_M,neutral,Look I'm going on my lunch break right now.  So you're just going to have to take this form and go to the back of the line.
711,3,Ses04F_impro01_F,neutral,No.  No.  No. No. You have to help me.
711,4,Ses04F_impro01_M,anger,like I said before right now.
711,5,Ses04F_impro01_F,anger,This is your job is to help people like me who need to get a new license.
711,6,Ses04F_impro01_F,neutral,That's like the whole purpose of you being here.
711,7,Ses04F_impro01_M,frustration,Ma'am you are testing my patience.  Do you understand me?
712,0,Ses01M_impro06_F,neutral,Mmhmm.
712,1,Ses01M_impro06_M,sadness,A lot of people loved him.
712,2,Ses01M_impro06_F,neutral,MMhmm.
712,3,Ses01M_impro06_M,sadness,"You know, it's like affecting a lot of people it's not just me, you know?"
712,4,Ses01M_impro06_F,neutral,Mmhmm.
712,5,Ses01M_impro06_F,neutral,How long did you know each other?
712,6,Ses01M_impro06_M,sadness,Umm...
712,7,Ses01M_impro06_M,sadness,For like eight years.
713,0,Ses02M_script02_2_M,neutral,Yeah?
713,1,Ses02M_script02_2_F,happiness,Don't be ridiculous. I mean don't you know that?
713,2,Ses02M_script02_2_F,sadness,"You're the one who probably wishes he was with someone else, someone who knew how to enjoy herself and didn't take everything so hard."
713,3,Ses02M_script02_2_M,happiness,"Now that you mention it. No, I don't."
713,4,Ses02M_script02_2_F,neutral,"Okay.  Fine, so we're in the wrong spot but we're with the right person."
713,5,Ses02M_script02_2_M,happiness,I don't know it seemed like a pretty good spot to me. Look at the moon - view the moon view I got from here.
713,6,Ses02M_script02_2_F,neutral,"Yes, I noticed that. It looks pretty on the water doesn't it? Big old white moon."
713,7,Ses02M_script02_2_M,happiness,What have we got here?
713,8,Ses02M_script02_2_F,neutral,"Augie, you brought refreshments."
714,0,Ses03M_script03_2_F,anger,"Adders don't snap, they sting."
714,1,Ses03M_script03_2_M,neutral,Yes they do.  They have a bag of venom behind their fangs and they snap.
714,2,Ses03M_script03_2_F,anger,They sting.
714,3,Ses03M_script03_2_M,frustration,They snap.
714,4,Ses03M_script03_2_F,neutral,I don't care.  I don't care.  Do you understand?  I don't care if they roll around and bark like hoops.
714,5,Ses03M_script03_2_M,neutral,Did you see much of Peter Burden after our divorce?
714,6,Ses03M_script03_2_F,neutral,"Yes, I did.  Quite a lot."
714,7,Ses03M_script03_2_M,neutral,I suppose you let him kiss you a great deal more then?
714,8,Ses03M_script03_2_F,anger,Mind your business.
715,0,Ses03F_script01_3_M,sadness,And I guess that included you.
715,1,Ses03F_script01_3_F,sadness,And you still feel that way?
715,2,Ses03F_script01_3_M,neutral,"I want you now, Annie."
715,3,Ses03F_script01_3_F,sadness,"Because you can't feel that way, never again, Chris. You hear me? Never. I mean, the money and me too."
715,4,Ses03F_script01_3_F,neutral,"I mean, there's nothing wrong in that money, and your father put good planes up in the air and you should be proud of that. A man should be paid for that."
715,5,Ses03F_script01_3_M,happiness,"Annie,"
715,6,Ses03F_script01_3_M,happiness,"Annie, I'm going to make a fortune for you."
715,7,Ses03F_script01_3_F,happiness,What am I going to do with a fortune?
716,0,Ses05M_impro03_M,happiness,"Oh, yeah, yeah, yeah, yeah I mean, actually we lived together awhile back when we -- Yeah, back in college for a little while. yeah."
716,1,Ses05M_impro03_F,neutral,"Oh, did you?  I didn't know that."
716,2,Ses05M_impro03_F,neutral,oh.
716,3,Ses05M_impro03_M,happiness,But that- so we are really used to each other. We took the time apart and now we're going to get back together.  We're going to move in soon.
716,4,Ses05M_impro03_F,neutral,Oooh
716,5,Ses05M_impro03_M,happiness,it's great. I'm a lucky man.
716,6,Ses05M_impro03_F,happiness,"That's incredible yeah ,Congratulations."
716,7,Ses05M_impro03_M,happiness,Thank you.
717,0,Ses02M_script03_2_M,anger,You let him kiss you; you said you did.
717,1,Ses02M_script03_2_F,neutral,What of it?
717,2,Ses02M_script03_2_M,neutral,What of it?
717,3,Ses02M_script03_2_F,neutral,"It gave him a lot of pleasure, it didn't hurt me any."
717,4,Ses02M_script03_2_M,anger,What about me?
717,5,Ses02M_script03_2_F,neutral,"Well, if you hadn't been so nosey and suspicious you never wouldn't have known anything about it."
717,6,Ses02M_script03_2_M,neutral,That's a nice point of view I must say.
717,7,Ses02M_script03_2_F,frustration,I'm bored of this conversation.
717,8,Ses02M_script03_2_M,neutral,"Yes, me too, bored stiff. You want some Brandy?"
718,0,Ses05M_script03_2_M,frustration,He let him kiss you.  You said you did.
718,1,Ses05M_script03_2_F,neutral,"Well, what of it."
718,2,Ses05M_script03_2_M,neutral,what of it?
718,3,Ses05M_script03_2_F,neutral,Well it gave him a lot of pleasure and it didn't hurt me.
718,4,Ses05M_script03_2_M,neutral,What about me?
718,5,Ses05M_script03_2_F,neutral,"Well, if you hadn't been so nosey and suspicious you never would have known about it."
718,6,Ses05M_script03_2_M,anger,"Well, that's a nice point of view I must say."
718,7,Ses05M_script03_2_F,frustration,I'm getting very bored with this conversation.
718,8,Ses05M_script03_2_M,anger,"Me, too, bored stiff."
719,0,Ses05F_impro01_M,frustration,"I don't have those forms, ma'am.  I can't help you.  That's why you need to go to line two A."
719,1,Ses05F_impro01_F,frustration,And how long is that going to take?
719,2,Ses05F_impro01_M,frustration,"Ma'am, obviously I have no idea how long it's taking.  There seems to be a bit of a line there.  It looks like thirty forty people.  It could take four to five hours.  I'm sorry."
719,3,Ses05F_impro01_F,frustration,I don't-
719,4,Ses05F_impro01_M,frustration,"There's nothing I can do for you, ma'am."
719,5,Ses05F_impro01_F,frustration,"I don't have time for this today, and-"
719,6,Ses05F_impro01_M,frustration,"But, obviously I don't have time for you to stand here and waste my time in this line.  There are other people who need service behind you who are waiting for the right things."
719,7,Ses05F_impro01_F,frustration,"Is there anything you can do?  Please, have some compassion.  Is there something you can do?"
720,0,Ses05M_script01_3_M,neutral,What?
720,1,Ses05M_script01_3_F,neutral,You've been sort of embarrassed since I got here.
720,2,Ses05M_script01_3_M,neutral,"Well, I planned on kind of sneaking up on you in a period of a week or so, but they all take it for granted that we're set."
720,3,Ses05M_script01_3_F,neutral,"I figured they would, your mother at least."
720,4,Ses05M_script01_3_M,neutral,How did you know?
720,5,Ses05M_script01_3_F,neutral,"Well, from her perspective, I mean, why else would I come here?"
720,6,Ses05M_script01_3_M,neutral,"Well, so would you want to?  I mean, I guess you know that's why I asked you to come."
720,7,Ses05M_script01_3_F,neutral,"Yes, that's why I came."
720,8,Ses05M_script01_3_M,neutral,"Annie, I love you.  I love you a great deal.  I love you. -I"
721,0,Ses02M_script01_2_F,frustration,"Nobody in this house dares take her faith away Joe. Strangers might, but not his father, not his brother."
721,1,Ses02M_script01_2_M,frustration,What do you want me to do about it?
721,2,Ses02M_script01_2_F,anger,"I want you to act like he's coming back, both of you. Don't you think I haven't noticed since he invited her, I won't stand for any nonsense"
721,3,Ses02M_script01_2_M,frustration,But Kate
721,4,Ses02M_script01_2_F,frustration,"Because if he's not coming back, I'll kill myself. And laugh -- laugh at me but"
721,5,Ses02M_script01_2_F,neutral,"why did that happen the very night she came back she sleeps in his room and suddenly his memorial breaks to pieces, just look at it, look."
721,6,Ses02M_script01_2_M,frustration,Calm yourself.
721,7,Ses02M_script01_2_F,sadness,I need you to believe with me; I can't stand all alone.
721,8,Ses02M_script01_2_M,frustration,Calm yourself.
722,0,Ses02F_script03_2_M,neutral,I think I'll have some.
722,1,Ses02F_script03_2_F,neutral,Don't see why you want any.  You've already had two glasses.
722,2,Ses02F_script03_2_M,neutral,No particular reason.  Anyhow they were very small ones.
722,3,Ses02F_script03_2_F,neutral,Just seems so silly to go on and on and on with such a thing.
722,4,Ses02F_script03_2_M,frustration,You can hardly call three liquor glasses in a whole evening going on and on and on.
722,5,Ses02F_script03_2_F,neutral,"Well, it's become a habit with you."
722,6,Ses02F_script03_2_M,anger,"You needn't be so grand, just because you don't happen to want any yourself at the moment."
722,7,Ses02F_script03_2_F,anger,Don't be so stupid.
722,8,Ses02F_script03_2_M,neutral,"Really, Amanda."
723,0,Ses01M_impro05_F,neutral,I come here every single day.
723,1,Ses01M_impro05_M,anger,You work here.
723,2,Ses01M_impro05_F,neutral,"Details, Details.  Well, anyhow can I--"
723,3,Ses01M_impro05_F,neutral,so you flew in from Atlanta...
723,4,Ses01M_impro05_M,frustration,My bag from Atlanta.
723,5,Ses01M_impro05_F,neutral,Four...Four hours ago.
723,6,Ses01M_impro05_M,frustration,It's a little black bag with wheels.
723,7,Ses01M_impro05_F,neutral,Do you have any i-?
723,8,Ses01M_impro05_M,neutral,That you wouldn't let me put in the overhead compartment.  You said I had to check it.
724,0,Ses02F_impro03_F,neutral,"I know.  I was like, how did he get--like he must have called someone or had them set--like, I have no idea."
724,1,Ses02F_impro03_M,neutral,"Wow.  Yeah, 'cause yeah I don't know I'm sure if he--oh yeah he definitely had--would have had to have someone else--"
724,2,Ses02F_impro03_F,neutral,'Cause- 'Cause he was with me. You didn't do it did you?
724,3,Ses02F_impro03_M,happiness,"Yeah.  I mean candles wouldn't stay--No, I didn't--I didn't know anything about it."
724,4,Ses02F_impro03_F,neutral,You didn't know anything?
724,5,Ses02F_impro03_M,happiness,No. I'm just as happy as you are.  This is--
724,6,Ses02F_impro03_F,neutral,"I was just--it was so like I thought this might happen eventually, but like not yet, you know what I mean?  Like--"
724,7,Ses02F_impro03_M,happiness,"So, I mean--it's good though."
725,0,Ses05F_impro02_M,neutral,She likes you.  She likes the kids.
725,1,Ses05F_impro02_M,neutral,"I no I can't- ""sigh"""
725,2,Ses05F_impro02_F,frustration,You can't what?
725,3,Ses05F_impro02_M,neutral,I can't let you go.  I can't let you go.  I'll call them.  I'll say something.  I'll do anything.  I'll tell them something different.
725,4,Ses05F_impro02_F,sadness,I don't think there's anything we can do.
725,5,Ses05F_impro02_M,sadness,I'll tell them I'm sick and that you can't leave something.
725,6,Ses05F_impro02_F,neutral,"Well, we can try it.  Baby, don't beg me.  I mean, if there were anything that I could do, I would do it.  Believe me.  This is not what I want."
725,7,Ses05F_impro02_M,sadness,It's not fair.
726,0,Ses03F_impro02_M,frustration,God.
726,1,Ses03F_impro02_M,frustration,You know what happened to my cousin. She went and she never came back.
726,2,Ses03F_impro02_F,sadness,"Honey, I'm going to come back. It's not like that."
726,3,Ses03F_impro02_F,sadness,But it- it is for a year.
726,4,Ses03F_impro02_M,frustration,Oh
726,5,Ses03F_impro02_F,sadness,"Babe, I'm sorry. But I don't want to do."
726,6,Ses03F_impro02_M,frustration,I can't-
726,7,Ses03F_impro02_F,sadness,"You know as much as -as much as me that I-I want to stay here with you and Amy so bad, but I can't."
726,8,Ses03F_impro02_M,neutral,You remember the last time you went? You know how hard it was for me? Now we have a kid.
727,0,Ses03M_impro05a_M,anger,Is it there?
727,1,Ses03M_impro05a_M,anger,Yes.
727,2,Ses03M_impro05a_F,neutral,Okay and this is direct flight?
727,3,Ses03M_impro05a_M,anger,You don't know where we're at?
727,4,Ses03M_impro05a_M,anger,God.
727,5,Ses03M_impro05a_F,frustration,I'm asking you if this is direct flight from Baltimore to LAX or if you have to stop--
727,6,Ses03M_impro05a_M,neutral,You know I've been waiting here for four hours for my luggage
727,7,Ses03M_impro05a_M,neutral,"and it's not here, they told me to go to this person, go to this person.  Now I'm at this person."
727,8,Ses03M_impro05a_F,neutral,You're at me and I'm going to try to help you out sir but you just have to cooperate with me--
728,0,Ses03F_impro03_F,happiness,"Oh, yeah. Everyone--yeah. And people--friends of ours were in the audience, I didn't know about, like family members."
728,1,Ses03F_impro03_F,neutral,Yeah. It was great.
728,2,Ses03F_impro03_M,neutral,Are you serious?
728,3,Ses03F_impro03_F,neutral,"It was--I cried,"
728,4,Ses03F_impro03_M,happiness,"No, you deserve to cry. I mean, tears of happiness."
728,5,Ses03F_impro03_F,happiness,"like a loser, I cried."
728,6,Ses03F_impro03_F,happiness,"But, I don't know, I--it's so weird to think I'm marrying somebody 'cause I feel so young, you know?"
728,7,Ses03F_impro03_M,neutral,So where- where- where is this--have you talked about where it's going to be?
728,8,Ses03F_impro03_F,happiness,No. No plans. or any- and probably
729,0,Ses01F_script02_1_M,neutral,"What time is it?  I think it's supposed to run around midnight, right?  God, this is great, isn't it, Carla?  Look at this night we got here, huh."
729,1,Ses01F_script02_1_M,neutral,"Actually I want to get a little further up the coast, get away from all like the lights and the people, but...  How are you doing?"
729,2,Ses01F_script02_1_F,neutral,Fine.
729,3,Ses01F_script02_1_M,neutral,"Okay.  Is that, is that--"
729,4,Ses01F_script02_1_M,neutral,No.  That's just foam.  I don't know.  I can't tell.
729,5,Ses01F_script02_1_F,frustration,[BREATHING]
729,6,Ses01F_script02_1_M,neutral,"I don't know, probably if you can't tell, though, it's probably not them, right?  It's probably going to be like this unmistakable thing, right?"
729,7,Ses01F_script02_1_M,neutral,Oh no.  you know what I forgot?
729,8,Ses01F_script02_1_F,neutral,What?
730,0,Ses04F_script01_3_M,neutral,There was no meaning in it here.
730,1,Ses04F_script01_3_M,neutral,The whole thing to them was sort of a bus accident. Then I went to work with father and that whole rat race again.
730,2,Ses04F_script01_3_M,sadness,"I felt, what you said, ashamed somehow"
730,3,Ses04F_script01_3_M,sadness,because nobody was changed at all.  It seemed to make suckers out of a lot of guys.
730,4,Ses04F_script01_3_M,sadness,"I felt wrong to be alive, to open the new bank book, to drive the new car, to see the new refrigerator."
730,5,Ses04F_script01_3_M,neutral,I mean you can take those things out of war but
730,6,Ses04F_script01_3_M,sadness,"when you drive the new car, you have to know that it came out of the love a man can have for a man.  You've got to be a little better because of that."
730,7,Ses04F_script01_3_M,sadness,Otherwise what you have is really just loot and there's blood on it.  I didn't want to take any of it.
731,0,Ses04M_impro06_F,sadness,"Seems like if the whole world's sad, then it's okay for you to be."
731,1,Ses04M_impro06_M,sadness,Yeah.
731,2,Ses04M_impro06_M,sadness,I just wish there was some way to just bring him back to life magically.
731,3,Ses04M_impro06_F,sadness,I know.
731,4,Ses04M_impro06_M,sadness,"Just, you know, some thing; some genie. I need to find a genie bottle."
731,5,Ses04M_impro06_F,sadness,"I don't have any magic answers.  But,"
731,6,Ses04M_impro06_F,sadness,"I mean, as- as cliche as it is, as long as people who loved him remember him, then it's not a waste, you know."
731,7,Ses04M_impro06_M,sadness,I know.
732,0,Ses05F_script02_2_F,frustration,I am sorry.  It's just fish to me.
732,1,Ses05F_script02_2_M,neutral,"Carla, can I ask you a question?  Now don't be upset, are you having a period?"
732,2,Ses05F_script02_2_F,anger,"God damn it, Augie.  Why do you always ask things like that?  It's so insulting."
732,3,Ses05F_script02_2_M,frustration,What's bugging you?
732,4,Ses05F_script02_2_F,frustration,I just had a different idea of what this evening is going to look like.
732,5,Ses05F_script02_2_M,frustration,"There's nothing to it.  We come down here.  The grunion arrives and they do their little fish thing.  And we say, Oh, wow.  Look at the little fish.  They go home, we go home."
732,6,Ses05F_script02_2_F,frustration,"For heaven's sake Augie, grow up we are not going to see the grunions."
732,7,Ses05F_script02_2_M,frustration,Why not?
732,8,Ses05F_script02_2_F,frustration,We never do.  Have we ever?  We never have.
733,0,Ses05F_impro04_F,frustration,"Oh come on, that's not what I envisioned for myself. Honestly, would you settle for being a manager at McDonalds?"
733,1,Ses05F_impro04_M,neutral,"Well, of course not--"
733,2,Ses05F_impro04_M,neutral,"[GARBAGE] No, I wouldn't, but I--"
733,3,Ses05F_impro04_F,frustration,This is humiliating.
733,4,Ses05F_impro04_M,neutral,"Well, you know what?  Life gets humili... humiliating at times."
733,5,Ses05F_impro04_F,frustration,"No, I don't I don't want to accept that.  I think that's bullshit."
733,6,Ses05F_impro04_M,neutral,"Well, what are you going to do about it to make it different?"
733,7,Ses05F_impro04_F,frustration,I don't know.  I feel like I've tried everything.
733,8,Ses05F_impro04_M,neutral,Have you?  There's got to be something else.
734,0,Ses05F_impro06_F,sadness,"Yeah, I'm just going to miss him."
734,1,Ses05F_impro06_M,neutral,"Of course. If there's anything I can do, you just let me know.  Okay?"
734,2,Ses05F_impro06_F,sadness,Thank you.
734,3,Ses05F_impro06_M,neutral,Of course.
734,4,Ses05F_impro06_M,neutral,Is there a funeral planned? or-
734,5,Ses05F_impro06_F,sadness,"Yeah, they're going to do some sort of memorial service or something."
734,6,Ses05F_impro06_M,neutral,"Cool, Well, If you want me to go with you, I will."
734,7,Ses05F_impro06_F,sadness,Thanks.
735,0,Ses01M_impro01_M,neutral,Did you even look at the form?  I've already answered these question.
735,1,Ses01M_impro01_F,anger,Don't talk to me like I'm a child.
735,2,Ses01M_impro01_M,frustration,Okay.
735,3,Ses01M_impro01_F,anger,Do you know how long I've been working here? How long have you lived in California?
735,4,Ses01M_impro01_M,frustration,If it makes you stop acting like a child.
735,5,Ses01M_impro01_M,neutral,I have been to California my whole--
735,6,Ses01M_impro01_F,anger,"Maybe you never been to the D.M.V. before, maybe you should get back in line.  You know what?  sit in line again and if you get my number ask for different one."
735,7,Ses01M_impro01_M,anger,I am not...I'm not getting to back that line.
736,0,Ses01F_script01_3_F,happiness,[BREATHING]
736,1,Ses01F_script01_3_M,happiness,"I love you. Annie, I love you."
736,2,Ses01F_script01_3_F,happiness,[LAUGHTER]
736,3,Ses01F_script01_3_M,happiness,"I don't really have any imagination, that's all I know how to say."
736,4,Ses01F_script01_3_F,happiness,[LAUGHTER]
736,5,Ses01F_script01_3_M,happiness,"Am I embarrassing you? Are you - See, I didn't want to do it here with this yard, on this porch.  I wanted it to be somewhere new, some place fresh for both of us."
736,6,Ses01F_script01_3_F,happiness,No. No
736,7,Ses01F_script01_3_M,neutral,"You feel uncomfortable here, you feel that it's wrong here somehow.  I just...I don't...I didn't want...I didn't want to take you away from anything."
736,8,Ses01F_script01_3_F,neutral,"Chris, I've been ready a long, long, time."
737,0,Ses02M_script03_2_F,frustration,"Oh, no it isn't."
737,1,Ses02M_script03_2_M,neutral,Yes it is.
737,2,Ses02M_script03_2_F,anger,Be quiet.
737,3,Ses02M_script03_2_M,neutral,It's a pity you didn't have any more Brandy it might have made you a little less disagreeable.
737,4,Ses02M_script03_2_F,neutral,It doesn't seem to work such wonders with you.
737,5,Ses02M_script03_2_M,frustration,"Snap, snap, snap, like a little adder."
737,6,Ses02M_script03_2_F,neutral,Adders don't snap they sting.
737,7,Ses02M_script03_2_M,frustration,Oh nonsense they have a little bag of venom behind their fangs and they snap.
737,8,Ses02M_script03_2_F,neutral,They sting.
738,0,Ses04M_script01_1_F,neutral,What's he going to say?  Maybe we ought to tell him before he sees it.
738,1,Ses04M_script01_1_M,neutral,He saw it.
738,2,Ses04M_script01_1_F,neutral,How could he see it?  I was the first one up.  He was still in bed.
738,3,Ses04M_script01_1_M,neutral,He was out here when it broke.
738,4,Ses04M_script01_1_F,neutral,When?
738,5,Ses04M_script01_1_M,neutral,About four this morning.  I heard it cracking and I woke up and looked out.  He was standing right there when it cracked.
738,6,Ses04M_script01_1_F,neutral,What was he doing out here at four in the morning?
738,7,Ses04M_script01_1_M,neutral,"I don't know.  After it cracked, he ran back in the house and cried in the kitchen."
738,8,Ses04M_script01_1_F,neutral,Did you talk to him?
739,0,Ses03M_script01_3_M,neutral,"So, would you want to?"
739,1,Ses03M_script01_3_M,happiness,"I mean, that's the reason why I asked you here."
739,2,Ses03M_script01_3_F,happiness,"Well,"
739,3,Ses03M_script01_3_M,neutral,Oh Annie.  I love you.  I love you a great deal.
739,4,Ses03M_script01_3_M,happiness,I love you.
739,5,Ses03M_script01_3_F,happiness,I guess that's why I came.
739,6,Ses03M_script01_3_M,neutral,I don't...I have no imagination that's the only way I know how to tell it.
739,7,Ses03M_script01_3_M,neutral,I'm embarrassing you.  I didn't want to tell you this here.  I wanted to drive someplace brand new where we'd be brand new to each other.  It feels wrong here don't you?
740,0,Ses05F_script03_1_M,neutral,"Horrible thing, I hate it."
740,1,Ses05F_script03_1_F,neutral,I know.  You threw him out the window into the canal.  I don't think I'll ever forgive you for that.
740,2,Ses05F_script03_1_M,neutral,How long did that row last?
740,3,Ses05F_script03_1_F,neutral,It went on intermittently for days.
740,4,Ses05F_script03_1_M,neutral,The worst one was in Cannes when your curling irons burnt a hole in my new dressing gown.
740,5,Ses05F_script03_1_F,neutral,"Uh- It burned all the towels in the bathroom, too."
740,6,Ses05F_script03_1_M,neutral,"Oh, that was quite a rouser, wasn't it?"
740,7,Ses05F_script03_1_F,neutral,That was the first time you ever hit me.
741,0,Ses04M_script03_1_F,neutral,It was bound to come sooner or later.
741,1,Ses04M_script03_1_M,neutral,"Hello, hello.  What?  Wrong number."
741,2,Ses04M_script03_1_F,neutral,"Oh, it sent shivers up my spine."
741,3,Ses04M_script03_1_M,neutral,What shall we do if they suddenly walk in on us?
741,4,Ses04M_script03_1_F,neutral,Behave exquisitely.
741,5,Ses04M_script03_1_M,neutral,With the mo- with the most perfect poise?
741,6,Ses04M_script03_1_F,neutral,Certainly.  I shall probably do a court curtsey.
741,7,Ses04M_script03_1_M,neutral,"Ah.  Things that ought to matter dreadfully don't matter when one's happy, do they?"
742,0,Ses03F_impro01_F,frustration,I don't know. Some lady. Sonya or something.
742,1,Ses03F_impro01_M,neutral,She- she probably doesn't even work here.
742,2,Ses03F_impro01_F,frustration,"Excuse me? No, no. I waited in the line over there.."
742,3,Ses03F_impro01_M,neutral,All right  Uh-
742,4,Ses03F_impro01_F,frustration,and she told me to come over here and she said to fill out everything on the application and I did that.
742,5,Ses03F_impro01_M,frustration,It's not right.
742,6,Ses03F_impro01_F,frustration,"Look, I-- No, no, no, I--you don't understand. I have to go back to work."
742,7,Ses03F_impro01_M,frustration,You just take--all right.
743,0,Ses04M_impro07_F,neutral,"Okay. Well, that's a good plan. Shower shoes. Two thumbs up."
743,1,Ses04M_impro07_M,neutral,"Yeah, yeah.  But um, so, yeah.  So it's pretty sweet, huh?  You should go there, too."
743,2,Ses04M_impro07_F,neutral,Wow. I- I was looking at U.C.L.A.
743,3,Ses04M_impro07_M,neutral,"Ouch.  That's, um -- oh, wow."
743,4,Ses04M_impro07_F,neutral,"But, congrats on the U.S.C. thing."
743,5,Ses04M_impro07_M,neutral,"No, no, I mean, I didn't know -- I didn't know that about you. Um, I feel like --"
743,6,Ses04M_impro07_F,neutral,"The -- what, the- I mean--"
743,7,Ses04M_impro07_M,neutral,"No, I'm just messing with you. I mean, I'm not going to, you know, I mean, I'm not even really a football fan anyway.  So or- or a basketball-"
744,0,Ses04F_script01_2_F,neutral,"I want you to act like he's coming back, both of you.  Don't think I haven't noticed you since he invited her.  I won't stand for any nonsense."
744,1,Ses04F_script01_2_M,frustration,But Kate-
744,2,Ses04F_script01_2_F,frustration,"Because if he's not coming back, I'll kill myself."
744,3,Ses04F_script01_2_F,neutral,"Laugh, laugh at me, but why did that happen the very night she came back?"
744,4,Ses04F_script01_2_F,anger,"She goes to sleep in his room and his memorial breaks in pieces.  Look, look at it.  Joe-"
744,5,Ses04F_script01_2_M,frustration,Calm yourself.
744,6,Ses04F_script01_2_F,frustration,"Believe with me, Joe.  I can't stand alone."
744,7,Ses04F_script01_2_M,frustration,Calm yourself.
745,0,Ses03F_impro07_M,neutral,Yeah.
745,1,Ses03F_impro07_F,happiness,I'm just so excited to start my life.
745,2,Ses03F_impro07_M,neutral,We should uh- go to Little Ethiopia.
745,3,Ses03F_impro07_F,neutral,"Oh, and you sit down and you have the sponge bread-- --and eat the--drink the beer. Ugh, I love that stuff. I'm so excited."
745,4,Ses03F_impro07_M,neutral,Yeah.
745,5,Ses03F_impro07_F,neutral,Are you going to come stay in my dorm with me sometime?
745,6,Ses03F_impro07_M,neutral,"Hell, yeah. Pass out."
745,7,Ses03F_impro07_F,neutral,Yeah. I'll get like one of those little--
746,0,Ses04F_script01_1_F,anger,To you it is and to me but not to him.  You can talk yourself blue in the face but there's no body and no grave so where are you?
746,1,Ses04F_script01_1_M,frustration,Sit down mom.  I want to talk to you.
746,2,Ses04F_script01_1_F,anger,The trouble is the goddamn newspapers.  Every month some boy turns up from nowhere so the next one is going to be Larry.
746,3,Ses04F_script01_1_M,frustration,"Alright, alright, alright.  Listen. You know why I asked Annie here don't you?"
746,4,Ses04F_script01_1_F,neutral,Why?
746,5,Ses04F_script01_1_M,neutral,You know why.
746,6,Ses04F_script01_1_F,neutral,Well I got an idea but what's the story?
746,7,Ses04F_script01_1_M,neutral,I'm going to ask her to marry me.
746,8,Ses04F_script01_1_F,neutral,"Well that's only your business, Chris."
747,0,Ses03F_impro08_F,neutral,"Well, I don't-"
747,1,Ses03F_impro08_F,neutral,"Okay, well, if you would like, um- we will be turning on the systems in probably about ten hours."
747,2,Ses03F_impro08_M,anger,What?  Are you kidding me?
747,3,Ses03F_impro08_F,neutral,"Sir, I'm very sorry, but this is the way it is.  This- We have no control over it.  It's going to take-  -but you have to be patient with us.  You can use a calling card.  We will give you a free calling card to use."
747,4,Ses03F_impro08_M,anger,"Oh, my God."
747,5,Ses03F_impro08_M,anger,I- I'm going to kill myself right now.
747,6,Ses03F_impro08_M,anger,A free calling card?
747,7,Ses03F_impro08_F,neutral,"Do you have a land line, sir?"
747,8,Ses03F_impro08_M,neutral,"No, I don't have a land line."
748,0,Ses01M_impro01_M,frustration,But that's...
748,1,Ses01M_impro01_M,frustration,"That's why I'm here, that's why I was waiting in this line.  I need to get another form of ID."
748,2,Ses01M_impro01_F,neutral,"Well, do you have your passport?"
748,3,Ses01M_impro01_M,neutral,"No, I don't have a passport."
748,4,Ses01M_impro01_F,frustration,You have a birth certificate?
748,5,Ses01M_impro01_M,frustration,"I don't where it is though, I don't have with me.  Can I get it from somewhere?  I mean..."
748,6,Ses01M_impro01_F,anger,What do you expect me to do?
748,7,Ses01M_impro01_M,frustration,I probably have to go wait another line to get my birth certificate don't I?
749,0,Ses04M_impro03_M,neutral,"So, um, well, I just -- I kind of wanted to, you know, tell you that I'm actually -- I proposed to Kate and we're going to get married."
749,1,Ses04M_impro03_F,neutral,"Wait, what?"
749,2,Ses04M_impro03_M,neutral,"Yeah. Yeah, I proposed to her yesterday. We're getting -- we're engaged now and we're going to -- we're going to get married in about eight months."
749,3,Ses04M_impro03_F,neutral,"Oh, my God.  Congratulations."
749,4,Ses04M_impro03_M,neutral,"Yeah, it's pretty amazing, huh?"
749,5,Ses04M_impro03_F,neutral,I can't -- how did you do it?  What happened?
749,6,Ses04M_impro03_M,neutral,Well I decided to take her sailing
749,7,Ses04M_impro03_M,neutral,"and we were just out on the water and, you know, I just -- I had the ring with me.  And I was like let's do this.  And she was like okay and then we're getting married."
749,8,Ses04M_impro03_F,neutral,[LAUGHTER] Well you paint a romantic picture.
750,0,Ses01F_script01_1_F,neutral,Well you want to make sure that your father is not going to --
750,1,Ses01F_script01_1_M,frustration,Then it's not just my business.
750,2,Ses01F_script01_1_F,neutral,I'm just saying.
750,3,Ses01F_script01_1_M,anger,"You know sometimes you infuriate me.  you know that?  Isn't it your business if I tell father and he throws a fit about it?  God, you have such a talent for ignoring things."
750,4,Ses01F_script01_1_F,neutral,Oh.  I ignore what I got to ignore.  That girl is Larry's girl.
750,5,Ses01F_script01_1_M,frustration,She's not Larry's girl.
750,6,Ses01F_script01_1_F,frustration,"From your father's point of view, he is not dead and- Chris he still thinks he's still alive.  The girl is Larry's girl."
750,7,Ses01F_script01_1_F,frustration,"Now you can go on from there if you know where to go, but I'm telling you, I don't know where to go."
750,8,Ses01F_script01_1_M,frustration,"I don't know why it is, but every time I reach out for something I have to pull back because I am afraid other people will suffer. My whole bloody life, time after time."
751,0,Ses03M_impro08a_M,neutral,Hello.  This is Viacom Services.  How can I help you?
751,1,Ses03M_impro08a_F,frustration,"Hello?  God finally somebody, look, this is ridiculous.  I've been waiting online for like a half an hour now."
751,2,Ses03M_impro08a_M,neutral,"I'm sorry ma'am, what can I help you with?"
751,3,Ses03M_impro08a_F,frustration,"Look my, my phone isn't working.  I don't understand what's going on.  I am trying to call out.  I'm not receiving any calls"
751,4,Ses03M_impro08a_F,frustration,"and I need assistance with my...not only is my work phone, it's my home phone and look,"
751,5,Ses03M_impro08a_F,frustration,this is my business.  This is how I make money is through my phone.  It needs to be working.  Can you please help me?
751,6,Ses03M_impro08a_M,neutral,Okay.  Can you give me the last four digits of your social security number so I can verify who I'm speaking with?
751,7,Ses03M_impro08a_F,neutral,two two six six.
751,8,Ses03M_impro08a_M,neutral,Okay.  And your name is?
752,0,Ses02M_impro06_F,sadness,Even if you still do she'll- she'll be there.
752,1,Ses02M_impro06_M,sadness,Yes.  [BREATHING] God.
752,2,Ses02M_impro06_F,sadness,Are you going to be okay?
752,3,Ses02M_impro06_M,sadness,"I just -- I just don't get it, like there is just nothing you can do about it you know, it's like just out of your control and it"
752,4,Ses02M_impro06_M,sadness,"just makes it that much harder to deal 'cause as much as you want to, you know, make her better, see her not in any pain, it's like, just I don't know, just has a mind of its own."
752,5,Ses02M_impro06_M,sadness,Then she's gone.
752,6,Ses02M_impro06_F,sadness,"It's going to be okay, I promise."
752,7,Ses02M_impro06_M,sadness,"Well, you know I appreciate you coming over and talking to me, I mean it definitely helps"
753,0,Ses05F_impro02_M,neutral,"They're six months old. Six months old, they're tiny."
753,1,Ses05F_impro02_M,neutral,I can't do this.  I've never done this before.  I don't know anything about this.
753,2,Ses05F_impro02_F,frustration,"Well, maybe you should move in with my mom and she can help."
753,3,Ses05F_impro02_M,neutral,"Your Your mom, you want me to move in with your mom?"
753,4,Ses05F_impro02_F,frustration,"I don't know, I'm just--I'm trying to think of something."
753,5,Ses05F_impro02_M,neutral,She doesn't even like me.  She's never liked me. No.
753,6,Ses05F_impro02_F,neutral,"She likes you. Of course, she likes you."
753,7,Ses05F_impro02_M,neutral,
754,0,Ses02M_script03_2_M,neutral,"As a matter of fact, the real cause of that row was Peter Burden."
754,1,Ses02M_script03_2_F,neutral,You knew there was nothing in that.
754,2,Ses02M_script03_2_M,anger,I knew nothing of the sort. You took presents from him.
754,3,Ses02M_script03_2_F,neutral,"Presents, just a trivial little broach."
754,4,Ses02M_script03_2_M,neutral,"Yes, I remember it well, bristling with diamonds in the worst possible taste."
754,5,Ses02M_script03_2_F,neutral,No it wasn't. It was very pretty I still have it and I wear it often.
754,6,Ses02M_script03_2_M,anger,You went out of your way to torture me over Peter Burden.
754,7,Ses02M_script03_2_F,neutral,"No I didn't, you worked the whole thing up in your jealous imagination."
754,8,Ses02M_script03_2_M,neutral,"You must admit he was in love with you, wasn't he?"
754,9,Ses02M_script03_2_F,neutral,"Just a little perhaps, nothing serious."
755,0,Ses01F_script02_2_F,frustration,"No, no. Nothing."
755,1,Ses01F_script02_2_M,neutral,Then what?
755,2,Ses01F_script02_2_M,happiness,Do you want to get married again?
755,3,Ses01F_script02_2_F,neutral,No.
755,4,Ses01F_script02_2_M,neutral,What?  What?  Do you want a divorce?
755,5,Ses01F_script02_2_M,neutral,A vacation?
755,6,Ses01F_script02_2_F,frustration,No.
755,7,Ses01F_script02_2_M,neutral,Like a new carpet?  A poodle?  A back rub?  Ice cream?  A suicide pact?  What do you want?  What the hell do you want?
755,8,Ses01F_script02_2_F,neutral,I just want something to turn out like I expected it to.
755,9,Ses01F_script02_2_M,neutral,"Well welcome to the human race, huh?  Do you think I had some grand fantasy going that four years down the line we would come to this beach and be arguing over fish?  No."
756,0,Ses04F_script02_2_M,neutral,Well look at what we got here.
756,1,Ses04F_script02_2_F,happiness,"Oh, Augie you brought refreshments."
756,2,Ses04F_script02_2_M,neutral,It's not champagne.
756,3,Ses04F_script02_2_F,happiness,Well then I guess we don't need glasses.
756,4,Ses04F_script02_2_M,neutral,You still cold?  Do you want to go home?
756,5,Ses04F_script02_2_F,happiness,I'm beginning to think you might be right.  I think this may be the spot after all.  Augie I'm sorry.
756,6,Ses04F_script02_2_M,neutral,"Shh.  If we're very quiet, the fish might come."
756,7,Ses04F_script02_2_F,neutral,Or not.
756,8,Ses04F_script02_2_M,neutral,Or not.
757,0,Ses03M_impro08a_M,neutral,No.  Okay.  We're not charging you for any of these months.  We're going to give you three months free.
757,1,Ses03M_impro08a_F,frustration,Well you better.  You better give me a whole freaking new phone that's what you better do.
757,2,Ses03M_impro08a_M,neutral,We can give you a new phone--
757,3,Ses03M_impro08a_F,frustration,I want a camera phone actually.
757,4,Ses03M_impro08a_M,neutral,We can do that.  We can do that.  You just have to sign a one-year contract though with the--
757,5,Ses03M_impro08a_F,frustration,"No, no, no...  I'm done with these contract business because this is what can happen."
757,6,Ses03M_impro08a_F,anger,"You sign the contract and then down the line the phone doesn't work and you're stuck, you can't go to a new...no.  No contracts for me.  You give me a new phone."
757,7,Ses03M_impro08a_M,frustration,"Besides, it's sort of out of hands at the moment----The whole electrical power outage."
758,0,Ses05M_impro07_M,neutral,"Yeah, yeah.  I- I don't- I don't know.  Do you have any suggestions?"
758,1,Ses05M_impro07_F,neutral,Um-
758,2,Ses05M_impro07_M,neutral,You know the area better than I do.
758,3,Ses05M_impro07_F,neutral,"Yeah.  I mean, I know, I know, like the- the housing surrounding the campus pretty well."
758,4,Ses05M_impro07_M,neutral,"yeah, yeah?"
758,5,Ses05M_impro07_F,neutral,Um- How many people do you want to live with?
758,6,Ses05M_impro07_M,neutral,"Not a lot.  I mean, I wouldn't want to live with more than three other people.  So, like four of us total, right?"
758,7,Ses05M_impro07_F,neutral,All dudes?
758,8,Ses05M_impro07_M,neutral,I don't care. I don't care.
758,9,Ses05M_impro07_F,neutral,Um- I think I have some friends.
759,0,Ses02M_script01_3_F,neutral,You've gotta tell me.
759,1,Ses02M_script01_3_M,neutral,I don't know how to start.
759,2,Ses02M_script01_3_F,sadness,It wouldn't work this way.
759,3,Ses02M_script01_3_M,neutral,"It's all mixed up with so many other things.  You remember overseas, I was in charge of a company?"
759,4,Ses02M_script01_3_F,neutral,"Yeah, sure."
759,5,Ses02M_script01_3_M,sadness,"Well, I lost them."
759,6,Ses02M_script01_3_F,neutral,How many?
759,7,Ses02M_script01_3_M,sadness,Just about all.
760,0,Ses02M_script02_2_M,neutral,"Well, we'll see them this year."
760,1,Ses02M_script02_2_F,frustration,"No we won't; it's pointless. It's like waiting up to see Santa Claus,"
760,2,Ses02M_script02_2_F,anger,I mean I feel like my whole life is going to be spent standing on the beach waiting for the fish to show up with my eyes open and my hands clasped expectantly and the fish won't show up.
760,3,Ses02M_script02_2_M,frustration,I thought you wanted to see them.
760,4,Ses02M_script02_2_F,frustration,You don't understand anything I'm saying.
760,5,Ses02M_script02_2_M,frustration,No of course not.
760,6,Ses02M_script02_2_F,anger,"I did want to see them, I always do. I mean I keep thinking that this is going to be the time and it never is."
760,7,Ses02M_script02_2_M,neutral,"It's just fish, I mean nothing to get traumatized over."
760,8,Ses02M_script02_2_F,frustration,For heavens sake this isn't about fish.
760,9,Ses02M_script02_2_M,frustration,All right. I've been trying to work this backwards but I cannot seem to pinpoint the moment that we took a turn for the worst.
761,0,Ses04F_script03_2_F,anger,You're far too temperamental.  Try to control yourself.
761,1,Ses04F_script03_2_M,neutral,Turn it off.
761,2,Ses04F_script03_2_F,anger,"Go away, go away.  I hate you."
761,3,Ses04F_script03_2_M,anger,"Amanda, listen."
761,4,Ses04F_script03_2_F,anger,Listen? Listen indeed.  I'm sick and tired of listening to you.  You damn sadistic bully.
761,5,Ses04F_script03_2_F,anger,Stop.
761,6,Ses04F_script03_2_M,anger,Very amusing.
761,7,Ses04F_script03_2_F,anger,"Stop, stop.  I hate you.  Do you hear?  You're conceited and overbearing and utterly impossible."
761,8,Ses04F_script03_2_M,anger,"You're a vile tempered, loose living, wicked little beast. And I hope I never see you again as long as I live."
762,0,Ses05M_script02_2_M,neutral,"Well, so, what do you think?"
762,1,Ses05M_script02_2_F,neutral,About what?
762,2,Ses05M_script02_2_M,neutral,What I was just saying.
762,3,Ses05M_script02_2_F,neutral,It's ridiculous.
762,4,Ses05M_script02_2_M,frustration,It certainly is not.  It's slightly exaggerated scientific fact.
762,5,Ses05M_script02_2_F,neutral,It's P.R. somebody sold you a bill of goods that this magical thing would be happening on the beach.
762,6,Ses05M_script02_2_M,neutral,"I'm not the only one, look at all these people."
762,7,Ses05M_script02_2_F,neutral,"Sure.  Everybody is told the same thing, it keeps us all excited.  It keeps us all coming back for more.  It keeps us thinking that life is gonna start now any minute if we can just find the right spot and get in on the action."
762,8,Ses05M_script02_2_M,neutral,Are we talking about the same thing?
763,0,Ses05F_impro05_M,neutral,Right.
763,1,Ses05F_impro05_F,anger,It's not like I can go to Kmart and buy another.
763,2,Ses05F_impro05_M,frustration,"I understand that, ma'am, but things get lost.  There's nothing I can do about that.  Things happen.  Accidents happen."
763,3,Ses05F_impro05_M,neutral,"And while I really would love to be able to hand you your bag right now, obviously I can't do that."
763,4,Ses05F_impro05_F,neutral,okay fine.
763,5,Ses05F_impro05_M,neutral,So you'd like the fifty dollar voucher?
763,6,Ses05F_impro05_F,frustration,"Yeah, I'll take your fifty dollar voucher."
763,7,Ses05F_impro05_M,neutral,"Okay, just fill out these three forms, and um- you'll- we'll have that sent to you within the next three weeks and, of course, we'll definitely keep an eye out for your bag."
763,8,Ses05F_impro05_F,frustration,Thanks.
763,9,Ses05F_impro05_M,neutral,You have a wonderful day.
764,0,Ses03M_script03_1_M,neutral,Good God.
764,1,Ses03M_script03_1_F,neutral,Do you think it's them?
764,2,Ses03M_script03_1_M,neutral,I wonder.
764,3,Ses03M_script03_1_F,neutral,And nobody knows we're here except for Freda and she wouldn't ring up.
764,4,Ses03M_script03_1_M,neutral,Well it must be them then.
764,5,Ses03M_script03_1_F,neutral,What are you going to do?
764,6,Ses03M_script03_1_M,neutral,We're fine right?  Aren't we?  Whatever happens darling.
764,7,Ses03M_script03_1_F,neutral,Now and always sweet.
764,8,Ses03M_script03_1_M,neutral,I don't care then.
765,0,Ses05F_impro04_F,frustration,"Yeah, I don't intend to stop trying.  I just--I don't when is when enough is enough."
765,1,Ses05F_impro04_M,neutral,"And you've got to think--well, ask yourself why are they not hiring you?"
765,2,Ses05F_impro04_F,frustration,I don't know.
765,3,Ses05F_impro04_M,neutral,I mean are you going in for interviews?
765,4,Ses05F_impro04_F,frustration,"Yeah, and I look nice and I'm you know--"
765,5,Ses05F_impro04_M,neutral,Are you presenting-
765,6,Ses05F_impro04_F,frustration,charismatic.
765,7,Ses05F_impro04_M,neutral,putting your best foot forward? or you
765,8,Ses05F_impro04_F,frustration,"yah, to-totally, and I'm not--"
766,0,Ses02F_script03_2_M,frustration,Because it's late and it'll annoy the people upstairs.
766,1,Ses02F_script03_2_F,frustration,There aren't any people upstairs.  It's a photographer's studio.
766,2,Ses02F_script03_2_M,frustration,There are people downstairs I suppose?
766,3,Ses02F_script03_2_F,neutral,They're away in Tunis.
766,4,Ses02F_script03_2_M,frustration,This is no time of the year for Tunis.
766,5,Ses02F_script03_2_F,anger,"Turn it on again, please."
766,6,Ses02F_script03_2_M,anger,I'll do no such thing.
766,7,Ses02F_script03_2_F,anger,"Very well, if you insist on being boorish and idiotic."
766,8,Ses02F_script03_2_M,anger,Turn it off.  It's driving me mad.
767,0,Ses05F_impro01_F,anger,"Right, well, last time they told me, it was this line, and obviously, it's not true."
767,1,Ses05F_impro01_M,frustration,I don't know who told you that but they were wrong.  I'm sorry.
767,2,Ses05F_impro01_F,frustration,Do you have a manager I could speak with?
767,3,Ses05F_impro01_M,neutral,I am the manager.
767,4,Ses05F_impro01_F,frustration,Are you being straight with me?
767,5,Ses05F_impro01_M,frustration,"I'm being very straight with you, ma'am.  There is nothing I can do for you.  You need to stand in line two A."
767,6,Ses05F_impro01_F,frustration,Fine.
767,7,Ses05F_impro01_M,neutral,Thank you very much.  You have a wonderful day.
768,0,Ses03F_script03_1_F,neutral,"Yes. Now and always, sweet."
768,1,Ses03F_script03_1_M,neutral,Then I don't care.
768,2,Ses03F_script03_1_F,neutral,It was bound to come sooner or later.
768,3,Ses03F_script03_1_M,neutral,"Hello? Hello? What? Ugh, wrong number."
768,4,Ses03F_script03_1_F,neutral,"[LAUGHTER] God, it sent shivers up my spine."
768,5,Ses03F_script03_1_M,neutral,"things that should matter dreadfully don't seem to matter at all when one's happy, do they?"
768,6,Ses03F_script03_1_F,neutral,"Um terrible thing is one can't stay happy. Well, it's true. I mean, the whole business is a very poor joke."
768,7,Ses03F_script03_1_M,neutral,"Ooh darling, don't say that."
768,8,Ses03F_script03_1_M,neutral,"You mean that sacred and beautiful thing, love?"
769,0,Ses01M_impro04_F,neutral,"Right, sure."
769,1,Ses01M_impro04_F,neutral,"But I mean you kind of got to, you got to fake it 'til you feel it, right?"
769,2,Ses01M_impro04_M,frustration,"I guess I just getting really hard to fake, you know."
769,3,Ses01M_impro04_F,neutral,I'm just saying that if I was looking to hire somebody in the--or kind of... No. No. No.
769,4,Ses01M_impro04_M,frustration,"Are you hiring? Wait, do you know of a job? Seriously, do you know, like do you know of anything though?  Like, oh please, do you know of anything?"
769,5,Ses01M_impro04_F,neutral,No.  I'm just saying though that if I was a person who was hiring somebody I-- --would not hire someone who was angry or upset.
769,6,Ses01M_impro04_M,frustration,Yeah.
769,7,Ses01M_impro04_M,frustration,I come across angry?
769,8,Ses01M_impro04_F,neutral,No.
770,0,Ses01M_script02_2_M,neutral,Right.
770,1,Ses01M_script02_2_F,sadness,This isn't anything like I thought anything would be.
770,2,Ses01M_script02_2_M,sadness,I know me neither.
770,3,Ses01M_script02_2_F,sadness,This is just this.  I mean it includes a lot and everything but it's--do you understand what I'm saying?
770,4,Ses01M_script02_2_M,sadness,I'm doing the best I can.
770,5,Ses01M_script02_2_F,sadness,"I know that Augie, I really do."
770,6,Ses01M_script02_2_F,sadness,"I just can't help wishing that I was somebody, somewhere else."
770,7,Ses01M_script02_2_M,sadness,Maybe if you were with somebody else too?
770,8,Ses01M_script02_2_F,sadness,I didn't say that.
770,9,Ses01M_script02_2_M,sadness,"No, I know but--I know I don't make you happy."
771,0,Ses02M_impro02_M,neutral,"and it'll work out you know, go there and do that. Yeah, I'll be back"
771,1,Ses02M_impro02_F,sadness,"Will you write me letters, paper ones?"
771,2,Ses02M_impro02_M,neutral,"Yeah, of course. I don't know if we'll have computers or anything like that you know, so probably my only option then."
771,3,Ses02M_impro02_M,neutral,"Yeah, I'll write you every day 'cause you're the only thing that's going to be on my mind."
771,4,Ses02M_impro02_F,sadness,"Our baby needs a dad; you can't leave. Okay, you can't disappear."
771,5,Ses02M_impro02_M,sadness,"Our baby has a dad, alright. Daddy is going to be back soon."
771,6,Ses02M_impro02_M,sadness,"I want you to, you know, take lots of video; pictures and I can see you when I get back or while I'm there. I'm going to miss you."
771,7,Ses02M_impro02_F,sadness,I'll miss you too.
772,0,Ses02F_impro07_F,neutral,[BREATHING]
772,1,Ses02F_impro07_M,neutral,A U.S.C. graduate now. You're set.
772,2,Ses02F_impro07_F,neutral,I know.  I'm excited.
772,3,Ses02F_impro07_F,neutral,"Well, that'll take a while. [GARBAGE]"
772,4,Ses02F_impro07_M,neutral,"I know, that's a ways down the road. That's cool."
772,5,Ses02F_impro07_F,neutral,That's going to be a lot of work.
772,6,Ses02F_impro07_F,neutral,"But, it'll be fine, I mean.  I'm so excited. It's going to be so fun."
772,7,Ses02F_impro07_M,neutral,In LA. Oh man.
773,0,Ses01F_impro03_M,neutral,"like, wait, but it's just pennies.  You're like, wait a minute I'm on to you."
773,1,Ses01F_impro03_F,neutral,Yeah.
773,2,Ses01F_impro03_F,happiness,Well so now we're married. We have cat children.
773,3,Ses01F_impro03_M,neutral,Awesome.
773,4,Ses01F_impro03_M,happiness,[LAUGHTER] Cat babies.
773,5,Ses01F_impro03_F,happiness,"We renamed Brenda, Lumber Janet."
773,6,Ses01F_impro03_M,neutral,That's fair enough.
773,7,Ses01F_impro03_F,happiness,She needs a new name each state that we go into. [LAUGHTER]
774,0,Ses03M_impro05b_F,neutral,"Like the luggage, the luggage on the flight."
774,1,Ses03M_impro05b_M,neutral,Wow.  This is an incompetent airline isn't it?  Are you--?
774,2,Ses03M_impro05b_F,neutral,No actually it was...this is the first time this has ever happened.  I don't know what happened--
774,3,Ses03M_impro05b_M,frustration,"Are you going to refund us for our luggage, refund us for our tickets for this?"
774,4,Ses03M_impro05b_F,neutral,We- I mean-
774,5,Ses03M_impro05b_F,neutral,"Well, we can give you um- hotel lodging for a night if that--"
774,6,Ses03M_impro05b_M,anger,I'm going to San Diego tomorrow to stay with my family.  What do I need hotel lodging for hmmm?  Can you tell me that?
774,7,Ses03M_impro05b_F,neutral,For tonight- For tonight sir.  Would you need to stay somewhere tonight?
774,8,Ses03M_impro05b_M,neutral,Tonight no.  I'm driving tomorrow.  Tonight I'm staying with a friend alright?  I don't need hotel reservations...where?  What hotel?
775,0,Ses02M_script02_1_M,neutral,"It's single mindedness, with no mind, it's urgency that's pure urge, they don't know what drives them. They don't ask it a name or ask it a question,"
775,1,Ses02M_script02_1_M,neutral,"they just turn as one and start the swim and brings them right here to this spot where we stand, for a massive celebration of sex and death."
775,2,Ses02M_script02_1_M,neutral,Look at me; I'm giving myself goose bumps all my hairs are popping up.
775,3,Ses02M_script02_1_F,neutral,That's the wind.
775,4,Ses02M_script02_1_M,neutral,"Well, so what do you think?"
775,5,Ses02M_script02_1_F,neutral,About what?
775,6,Ses02M_script02_1_M,neutral,What I was saying.
775,7,Ses02M_script02_1_F,frustration,It's ridiculous.
776,0,Ses04F_impro06_M,sadness,"Hey, I'm, uh. I'm really sorry about what happened.  I don't um- I mean what you can you do?  I mean it's-"
776,1,Ses04F_impro06_F,sadness,Thanks.
776,2,Ses04F_impro06_M,sadness,"When I was seven, my- my grandmother died and I really- I don't know, I mean it was really hard to let go but the important thing is- is that you do let go and your realize that, you know, they- you know, they- this person had fun while they were- while they were here and, uh, you know, you work- you work through it."
776,3,Ses04F_impro06_F,sadness,"You know it's just, I just, you know, I mean it just happened.  I just, like- I just keep expecting him to walk in, you know."
776,4,Ses04F_impro06_M,sadness,Mmhmm. Yeah.  Yeah.  I mean it's- it's hard.  It's hard.
776,5,Ses04F_impro06_F,sadness,"I just- I just thought he would have longer, you know, because I'm- I mean when he found out he was sick, we knew that wasn't good but I just- I just thought that it would take longer, you know?"
776,6,Ses04F_impro06_M,sadness,Yeah.
776,7,Ses04F_impro06_M,neutral,"Well I mean, you know, I mean it was I mean with that kind of condition,"
776,8,Ses04F_impro06_F,sadness,Yeah. I know. I know.
777,0,Ses05F_script01_1_M,sadness,No.  I figured it was best to leave him alone.
777,1,Ses05F_script01_1_F,sadness,He cried hard.
777,2,Ses05F_script01_1_M,sadness,I could hear him right through the floor of my room.
777,3,Ses05F_script01_1_F,sadness,He is thinking about him again.
777,4,Ses05F_script01_1_F,sadness,"It's getting just like after Larry died, he's having dreams, he's walking around at night."
777,5,Ses05F_script01_1_M,sadness,"I guess, he is."
777,6,Ses05F_script01_1_F,sadness,What's the meaning of that?
777,7,Ses05F_script01_1_M,sadness,I don't know the meaning of it.  But I know one thing mom did.  We made a terrible mistake with dad.
777,8,Ses05F_script01_1_F,neutral,What?
778,0,Ses03M_script02_2_M,frustration,Do you want me to get some champagne?
778,1,Ses03M_script02_2_F,frustration,No.
778,2,Ses03M_script02_2_M,frustration,Take off our shoes?
778,3,Ses03M_script02_2_F,frustration,No.
778,4,Ses03M_script02_2_M,frustration,What?  Do you want me to breathe in your ear?
778,5,Ses03M_script02_2_F,frustration,No.
778,6,Ses03M_script02_2_M,neutral,Do you want to get married again? What? What?  Do you want a divorce? A vacation? What?  A carpet?  A poodle?  A basket of fruit?  What?  A suicide pact?  What the hell do you want Carla?
778,7,Ses03M_script02_2_F,frustration,No...No...No...
778,8,Ses03M_script02_2_F,frustration,No...
778,9,Ses03M_script02_2_F,anger,I want things to turn out the way that they're supposed to be.
779,0,Ses04M_impro08_F,happiness,"Oh, my God, thank you so much."
779,1,Ses04M_impro08_M,neutral,You're welcome.
779,2,Ses04M_impro08_F,happiness,"I really appreciate this. I know it's not policy or whatever but, seriously"
779,3,Ses04M_impro08_M,neutral,"No, no, no, it's cool.  It's cool.  It's cool.  So, um"
779,4,Ses04M_impro08_F,happiness,make my life a lot easier.
779,5,Ses04M_impro08_M,neutral,"You know, so- I mean, are you doing anything later?  Or um"
779,6,Ses04M_impro08_F,neutral,Really?
779,7,Ses04M_impro08_M,neutral,"Oh, I don't know.  I mean, I don't know.  I just thought, you know, maybe you want to get some co--I mean, I'm actually -- wait, where do you live?  Oh, you're in Los Angeles, I see.  Oh, no, that sucks 'cause I'm in, actually in Alabama."
780,0,Ses05F_impro02_M,frustration,The kids-
780,1,Ses05F_impro02_F,sadness,I know.  I know.
780,2,Ses05F_impro02_M,neutral,Nobody's even here.  Your parents live on the other side of the country.
780,3,Ses05F_impro02_F,sadness,"I know.  Well, we'll have to figure all that out.  I mean, I think the Army's going to provide childcare and help us out with that. um."
780,4,Ses05F_impro02_M,anger,Where do you have to go?  Where are you going?
780,5,Ses05F_impro02_F,sadness,Iraq.
780,6,Ses05F_impro02_M,neutral,What are you going to do there?  Is it going to be dangerous?  What are you-?
780,7,Ses05F_impro02_F,sadness,I think infantry.  I'm not sure.
780,8,Ses05F_impro02_M,neutral,It's--
781,0,Ses05F_impro05_M,frustration,"I am sorry, ma'am."
781,1,Ses05F_impro05_M,neutral,"Let's- Let's just relax for a moment, ma'am.  You understand, obviously, we're going to do everything we can to keep all of your luggage here."
781,2,Ses05F_impro05_M,neutral,"Obviously, we're not trying to lose your luggage.  Do you really believe that we're trying to lose your luggage ma'am?"
781,3,Ses05F_impro05_F,anger,"No, but I mean like why can't- why can't you find it?  Where did it go?  Who lost it?"
781,4,Ses05F_impro05_M,neutral,"Well, if I knew that, then I'd know where it was, wouldn't I?"
781,5,Ses05F_impro05_F,anger,"Well, I just-I paid so much money for this ticket.  I feel like you guys should be able to get-to offer me more than a fifty dollar voucher."
781,6,Ses05F_impro05_M,neutral,"Well, we're talking about one bag.  You personally made it here, didn't you?"
781,7,Ses05F_impro05_F,anger,"Yeah, meaning I didn't die in a fiery plane crash.  How convenient, but um- I paid two thousand dollar to ride your airline, and I would really appreciate getting my bags there to my destination in one place."
781,8,Ses05F_impro05_M,frustration,That's what the cost of the ticket was for.
781,9,Ses05F_impro05_M,frustration,"Ma'am, international flights are not cheap and there's many reasons for that.  It does not have solely to do with your baggage or-"
782,0,Ses05M_script01_3_M,sadness,And I guess that included you.
782,1,Ses05M_script01_3_F,sadness,Do you still feel like that?
782,2,Ses05M_script01_3_M,sadness,"I want you now, Annie."
782,3,Ses05M_script01_3_F,sadness,"Because you can't feel like that anymore, Chris.  Because everything you have, you have a right to, me included."
782,4,Ses05M_script01_3_F,neutral,"And you father, he put hundreds of planes in the air and you should be proud.  A man should be paid for that."
782,5,Ses05M_script01_3_M,neutral,"Oh, Annie,"
782,6,Ses05M_script01_3_F,happiness,[LAUGHTER] What will I do with a fortune?
782,7,Ses05M_script01_3_M,happiness,Annie I am going to make you a fortune.
783,0,Ses05F_impro07_M,neutral,I'll have to make money and support us.
783,1,Ses05F_impro07_F,neutral,"[LAUGHTER] Oh, I'm going to be working too, I mean."
783,2,Ses05F_impro07_M,neutral,"Well, yeah, of course, but you're going to be working on your school stuff too, and partying that takes up a lot of time, right, especially at U.S.C., I hear it's a big party college."
783,3,Ses05F_impro07_F,neutral,I- I hear the same.
783,4,Ses05F_impro07_M,neutral,Woo- I I do.
783,5,Ses05F_impro07_F,neutral,"I don't know how I feel about that, but-"
783,6,Ses05F_impro07_M,neutral,I know exactly how you feel about that. I think you feel really excited about it.  I know you are. I can tell. I know you.
783,7,Ses05F_impro07_F,neutral,oh yeah.
784,0,Ses05F_script03_2_F,anger,Why?
784,1,Ses05F_script03_2_M,neutral,It's very late and it will disturb the people upstairs.
784,2,Ses05F_script03_2_F,anger,There aren't any people upstairs; it's a photographer's studio.
784,3,Ses05F_script03_2_M,neutral,"Well, there are people downstairs I suppose."
784,4,Ses05F_script03_2_F,anger,They're away in Tunis.
784,5,Ses05F_script03_2_M,neutral,It is not time of year for Tunis.
784,6,Ses05F_script03_2_F,anger,Turn it on again.
784,7,Ses05F_script03_2_M,neutral,I'll do no such thing.
785,0,Ses05M_impro02_F,neutral,What?
785,1,Ses05M_impro02_M,sadness,I know.
785,2,Ses05M_impro02_M,sadness,I don't want to -- the kids.  You've got to take care of them.  You've got- you've got to-
785,3,Ses05M_impro02_M,sadness,"tell them about me and show them pictures of me and everything like that, because they are not going to see me for such a long time.  And it's such an important time and I just don't want to miss it."
785,4,Ses05M_impro02_F,frustration,There's got to be something we can do.  You can't just go.
785,5,Ses05M_impro02_M,neutral,I don't know what to-
785,6,Ses05M_impro02_M,sadness,I don't have -- I know.  What are we gonna- What are we- just run away?  What can I do?  Where can we go?
785,7,Ses05M_impro02_F,frustration,Why don't we do that- Can we- Can we just leave the country?
785,8,Ses05M_impro02_M,neutral,Where are we gonna go?
786,0,Ses04F_impro04_M,neutral,"Yeah, I understand, but-"
786,1,Ses04F_impro04_F,anger,I don't even- I mean you have to have some kind of an idea.  Something you could possibly throw out there that I could maybe use.
786,2,Ses04F_impro04_M,neutral,"I don't know. Well like, I don't know. I mean-"
786,3,Ses04F_impro04_F,anger,I mean it's not like this is an
786,4,Ses04F_impro04_F,anger,extreme request.  I want to find a job.  Everybody wants to find a job. It's really not that.
786,5,Ses04F_impro04_M,neutral,Clearly- cle- clearly you're doing something wrong.
786,6,Ses04F_impro04_F,anger,"Okay. Okay, Fine."
786,7,Ses04F_impro04_M,neutral,"'Cause if you've been looking, you've been applying for jobs for three years. And-"
786,8,Ses04F_impro04_F,anger,Okey So I'm doing something wrong.  What am I doing wrong?
787,0,Ses03F_impro07_F,neutral,Yeah. Those little-- --mattresses. I'll put it by my bed.
787,1,Ses03F_impro07_M,neutral,-drunk.
787,2,Ses03F_impro07_M,neutral,"No, I'll sleep in your bed. Cuddle up."
787,3,Ses03F_impro07_F,neutral,"Oh, I don't think so. Hmm-mm. No."
787,4,Ses03F_impro07_M,neutral,Uh-oh.
787,5,Ses03F_impro07_F,neutral,That's going to--that'll be reserved for somebody else.
787,6,Ses03F_impro07_M,neutral,"Oh, hey. Freshman slut. That's you gona need."
787,7,Ses03F_impro07_F,happiness,[LAUGHTER] Hello? I am not.
788,0,Ses04M_script02_1_M,neutral,"no, it's just seaweed, isn't it?  Oh, man, this is great.  I wouldn't miss this for anything.  I mean, think about this.  I know you're not interested, but just think about this for a minute."
788,1,Ses04M_script02_1_M,neutral,Out there someplace is this huge mass of silver fish heading this way.  They don't know why.  We don't know why.  It wasn't a decision.  They didn't take a vote.  No one sent them an invitation or a map;
788,2,Ses04M_script02_1_M,neutral,"just some little instinctual time release firecracker went off in their little bodies and all as one, they turned and formed a line as long as the California coast and started swimming."
788,3,Ses04M_script02_1_M,neutral,They're swimming right now as if that's the only thing that matters.  It's single mindedness with no mind.  Urgency that's pure urge.
788,4,Ses04M_script02_1_M,neutral,"They don't know what drives them.  They don't give it a name or ask a question.  They just turn, as one, and start the swim that brings them here; to this place, where we stand, for a massive celebration of sex and death.  Oh, man, I'm giving myself goose bumps.  All my hairs are popping up."
788,5,Ses04M_script02_1_F,frustration,That's the wind.
788,6,Ses04M_script02_1_M,neutral,Well so what did you think?
788,7,Ses04M_script02_1_F,frustration,About what?
789,0,Ses03F_script01_3_M,sadness,"And I, and I thought something watching them go down."
789,1,Ses03F_script01_3_M,sadness,"Everything was being destroyed, see, but there was one new thing that was being created. A kind of responsibility, man for man. You understand me?"
789,2,Ses03F_script01_3_M,sadness,And to show that-to bring that onto the earth like some sort of monument standing right behind us where everyone could feel it and it would make a difference to him.
789,3,Ses03F_script01_3_M,sadness,And I came back here and it was incredible. There was no meaning in that here. The whole thing to them was a bus accident.
789,4,Ses03F_script01_3_M,sadness,And I went to work with dad and that rat race again. And I felt what you said-ashamed somehow. Because nobody was changed at all. It seemed to make a sucker out of a lot of guys.
789,5,Ses03F_script01_3_M,sadness,"And I felt wrong to be alive. To drive the car, to see the new checkbook, to see the new refrigerator. I mean, you can take those things out of the war. But you got to know that when you drive that car that that came out of the love a man can have for another man. And you got to be a little bit better because of that."
789,6,Ses03F_script01_3_M,sadness,"Otherwise, what you have here is loot; and there's blood on it."
789,7,Ses03F_script01_3_M,sadness,And I didn't want to take any of it.
790,0,Ses01M_script03_2_F,anger,"You're quite insufferable, I expect it's because you're drunk."
790,1,Ses01M_script03_2_M,anger,I am not in the least bit drunk.
790,2,Ses01M_script03_2_F,anger,You always had a weak head.
790,3,Ses01M_script03_2_M,anger,I think I told you once before that I had three minute liquor glasses the whole evening long.  A Child of two cannot get drunk on that.
790,4,Ses01M_script03_2_F,anger,"On the contrary, a child two could get violently drunk on only one glass of brandy."
790,5,Ses01M_script03_2_M,anger,"Oh very, very interesting Amanda.  How about the child of uh... four, six or maybe nine---you know, we could work up a splendid little debate about it, you know?  Intemperate tots."
790,6,Ses01M_script03_2_F,anger,Shut up.
790,7,Ses01M_script03_2_F,anger,Not very funny darling.  Why don't you have some more brandy?
791,0,Ses04F_script02_2_F,sadness,No.
791,1,Ses04F_script02_2_M,neutral,Take off our shoes?
791,2,Ses04F_script02_2_F,frustration,No.  No.
791,3,Ses04F_script02_2_M,frustration,Well what?  Want me to breath in your ear?
791,4,Ses04F_script02_2_F,frustration,No.
791,5,Ses04F_script02_2_M,frustration,Want to get married again?
791,6,Ses04F_script02_2_F,frustration,No.
791,7,Ses04F_script02_2_M,frustration,What?  What do you want a divorce?
791,8,Ses04F_script02_2_F,frustration,No.
791,9,Ses04F_script02_2_M,frustration,A vacation?
792,0,Ses04F_impro05_F,anger,"Lost it just, like, I mean,"
792,1,Ses04F_impro05_M,frustration,"Ma'am, I understand that."
792,2,Ses04F_impro05_F,anger,it's not like it just disappeared into thin air. Somebody wasn't paying attention
792,3,Ses04F_impro05_F,anger,"because my bag was very easy to keep track of.  It's got big, you know, rainbow colored crap all over it and no one was paying attention because now it's just gone."
792,4,Ses04F_impro05_M,frustration,"I understand that.  The best I can do for you, at this moment, is give you fifty dollar check courtesy of Northwest Airlines for inconveniencing you in losing your luggage."
792,5,Ses04F_impro05_F,neutral,Wait.  What?
792,6,Ses04F_impro05_M,frustration,"At this moment in time, all I can do for you is give you-"
792,7,Ses04F_impro05_F,anger,No. No. I heard- I heard what you said.
792,8,Ses04F_impro05_F,anger,"You're kidding me, right.  You're going to give me fifty dollars to completely cover my bag, everything that was in it, the inconvenience that I've gone through.  I paid for my ticket.  All I expect is to safely get to my destination with my stuff.  Is that so much to ask?  I mean I really don't think that's that big a deal to ask you guys to have my bag in the place where I leave and then put my bag where I end up."
793,0,Ses02M_impro05_F,neutral,"we can give you fifty dollar to sort of make up for it, to compensate, and we can definitely let you know if it shows up but likely, more than likely-"
793,1,Ses02M_impro05_M,anger,I mean you're not helping me here. What do I have to do here? Do I need to sue the airline company is that what I should do
793,2,Ses02M_impro05_M,frustration,because this is ridiculous?
793,3,Ses02M_impro05_F,neutral,I'm sorry. I don't- I-
793,4,Ses02M_impro05_F,frustration,I don't believe you should sue the airline company but we do have a policy uh- in which we can reimburse you and that's all we can do and I'm sorry I've done everything I can-
793,5,Ses02M_impro05_M,frustration,All right. I'm sick- I'm sick of this all right. I'm sick of you and keep your fifty dollar.
793,6,Ses02M_impro05_F,frustration,There's other people waiting-
793,7,Ses02M_impro05_F,neutral,Fine.
794,0,Ses04M_script03_1_M,neutral,"Let's savor the delight of the moment.  Come and kiss me, darling, before your body rots and worms pop in and out of your eye sockets."
794,1,Ses04M_script03_1_F,neutral,"Elliot, worms don't pop."
794,2,Ses04M_script03_1_M,neutral,"I don't mind what you do, see?  You can paint yourself bright green all over and dance naked in the Place Vendome and rush off madly with all the men in the world and I shan't say a word as long as you love me best."
794,3,Ses04M_script03_1_F,neutral,"Thank you, dear.  The same applies to you, except that if I catch you so much as looking at another woman, I will kill you."
794,4,Ses04M_script03_1_M,neutral,Do you remember that awful scene we had in Venice?
794,5,Ses04M_script03_1_F,neutral,Which particular one?
794,6,Ses04M_script03_1_M,neutral,The one when you bought that little painted wooded snake and put it on my bed?
794,7,Ses04M_script03_1_F,neutral,"Oh, Charles; that was his name, Charles.  Oh, he did wriggle so beautifully."
795,0,Ses05F_impro06_F,sadness,I know.
795,1,Ses05F_impro06_F,sadness,And he could of...  He was pretty awesome
795,2,Ses05F_impro06_M,sadness,Yeah?  What'd he do?  What did they do?  How'd you know him?
795,3,Ses05F_impro06_F,sadness,"Uh,  We grew up together."
795,4,Ses05F_impro06_M,sadness,yeah.
795,5,Ses05F_impro06_M,neutral,"Is he an actor too, or-?"
795,6,Ses05F_impro06_F,sadness,"Yeah, he kind of did a lot of things, but we acted together, sometimes."
795,7,Ses05F_impro06_F,sadness,"I feel really bad for his family, you know."
796,0,Ses03F_impro04_F,frustration,So I'll have to wait twenty five years-
796,1,Ses03F_impro04_M,neutral,you got to do.
796,2,Ses03F_impro04_F,frustration,"-just going and auditioning and auditioning and rejection after refection, it's like--"
796,3,Ses03F_impro04_M,neutral,You could. You could. We just--
796,4,Ses03F_impro04_M,neutral,we're just pooling our funds together.
796,5,Ses03F_impro04_F,frustration,"I know, I just don't know if I can handle it. I mean, you're helping me so much financially it's like I can't survive on my own without you. I don't like that."
796,6,Ses03F_impro04_M,neutral,You don't owe me anything.
796,7,Ses03F_impro04_F,frustration,I feel like I'm not doing anything. Like I'm not giving anything into this world.
797,0,Ses02M_script03_2_F,anger,"This is the end, do you hear? The end finally and forever."
797,1,Ses02M_script03_2_M,anger,You're not going like this.
797,2,Ses02M_script03_2_F,anger,Oh yes I am.
797,3,Ses02M_script03_2_M,anger,You're not.
797,4,Ses02M_script03_2_F,anger,"Yes, I am. Let go of me you're cruel fiend and I hate and loathe you. Thank God I realized who you really are before I would ever, ever marry you again. I would never marry you again. I'd rather die in torment."
797,5,Ses02M_script03_2_M,anger,Shut up.
797,6,Ses02M_script03_2_M,anger,Shut up.
797,7,Ses02M_script03_2_M,anger,I wouldn't marry you again if you came to me on your bended knees. You're a evil minded little vampire. I hope to God I never see you again as long as I live.
797,8,Ses02M_script03_2_F,anger,You're a beast. I hate you. Stop it. Stop it.
798,0,Ses03M_impro04_M,frustration,Why all these questions?
798,1,Ses03M_impro04_F,neutral,"You know if you need any help finding a place I can, I can talk to my work you know I work at that law firm downtown and I can ask if they're looking for anybody."
798,2,Ses03M_impro04_M,neutral,Oh yeah?  What kind of jobs they got?
798,3,Ses03M_impro04_F,neutral,I am...just like a law clerk.
798,4,Ses03M_impro04_M,neutral,I don't want to be a law clerk.
798,5,Ses03M_impro04_F,neutral,Yeah.
798,6,Ses03M_impro04_F,neutral,"Well, I'm moving up.  I mean it could be..."
798,7,Ses03M_impro04_M,frustration,"To be a lawyer?  You go to law school now?  God this is, all these dead ends."
798,8,Ses03M_impro04_M,frustration,And plus my car is breaking down-
799,0,Ses04M_impro05_F,neutral,I thought you lost your luggage.
799,1,Ses04M_impro05_M,frustration,"It was lost.  I waited on the conveyor -- near the conveyor belt to see, you know, where -- then the baggage claim and see if it would- it would come out."
799,2,Ses04M_impro05_M,frustration,"Didn't come out.  I spoke to somebody, a local authority figure."
799,3,Ses04M_impro05_M,frustration,"And he told me to come to this desk here so I can, uh, at least get, uh, the hundred- hundred and fifty dollars that- that I'm owed for my loss."
799,4,Ses04M_impro05_M,frustration,'Cause that's roughly how much the bag plus all its contents was worth.
799,5,Ses04M_impro05_F,neutral,"Uh. Okay.  I -- first of all, I'm very sorry you lost your bag."
799,6,Ses04M_impro05_F,neutral,"Um, but, actually, our policy is a fifty dollar"
799,7,Ses04M_impro05_M,anger,fifty dollars?
799,8,Ses04M_impro05_F,neutral,refund--coverage of the bag that was lost. yes
800,0,Ses04F_script01_1_F,neutral,What do you mean dishonest?
800,1,Ses04F_script01_1_M,anger,You know that Larry's not coming back and I know it.  Why do we allow him to go on thinking that we believe with him?
800,2,Ses04F_script01_1_F,anger,"What do you want to do, argue with him?"
800,3,Ses04F_script01_1_M,anger,I don't want to argue with him but it's time that he realizes that Larry's not coming back anymore.
800,4,Ses04F_script01_1_M,neutral,"Why shouldn't he dream of him?  Walk the nights waiting for him?  Do we contradict him?  Do we say straight out that we have no hope anymore, that we haven't had any hope for years now?"
800,5,Ses04F_script01_1_F,anger,You can't say that to him.
800,6,Ses04F_script01_1_M,anger,We've got to say it to him.
800,7,Ses04F_script01_1_F,anger,How are you going to prove it?  Can you prove it?
800,8,Ses04F_script01_1_M,anger,For God's sake three years.  Nobody comes back after three years.  It's insane.
801,0,Ses05F_impro04_M,neutral,"Do they seem to like you? I mean, Can you get any read from them?"
801,1,Ses05F_impro04_F,frustration,"Yeah, I always think so, but I- I just feel like it's a lot of lip service everywhere I go."
801,2,Ses05F_impro04_M,neutral,Have you ever called them back and asked why you didn't get the job?
801,3,Ses05F_impro04_F,frustration,"Yeah, I follow up."
801,4,Ses05F_impro04_M,neutral,Do they give you any specifics as to why they didn't go with you?
801,5,Ses05F_impro04_F,frustration,It's just like- it's a matter of-
801,6,Ses05F_impro04_F,frustration,"not tall enough, not pretty enough, not--you know how this place is."
801,7,Ses05F_impro04_M,neutral,"Yeah, I understand. maybe What jobs are we talking about?"
801,8,Ses05F_impro04_F,frustration,"I mean, anything."
802,0,Ses01M_script02_2_F,frustration,You don't understand anything I'm saying.
802,1,Ses01M_script02_2_M,frustration,and figure out where we took a turn to the worst thing.
802,2,Ses01M_script02_2_M,frustration,Of course not.
802,3,Ses01M_script02_2_F,neutral,"I did want to see it I still do, I always do.  I keep thinking that this time will be the time but it just never is."
802,4,Ses01M_script02_2_M,frustration,"Okay.  I'm trying to work this backwards here and I'm trying to figure out the exact moment that you took a turn for the worst here, now."
802,5,Ses01M_script02_2_M,neutral,"you were fine during the phone call from Marge, dinner was okay, doing the dishes was fine."
802,6,Ses01M_script02_2_M,neutral,"Let's see, uh, I took a shower and, um, you were watching the news and you said the ""the Grunions are running tonight,"" and I said ""okay great, let's go."""
802,7,Ses01M_script02_2_M,neutral,So I'm putting the animals out we're getting the car to the garage and--
802,8,Ses01M_script02_2_F,neutral,Do you remember the first year we came here? It's about four years ago right after we got married.
802,9,Ses01M_script02_2_F,neutral,We thought I was pregnant we had this bottle of champagne but no glasses.  You asked me to dance so we took off our shoes.
803,0,Ses02M_impro01_M,neutral,"Uh, sorry, I forgot them. I mean I've got to -"
803,1,Ses02M_impro01_F,neutral,Well
803,2,Ses02M_impro01_M,neutral,well is the dri-driver's license going to work?
803,3,Ses02M_impro01_F,neutral,I- I can take your driver's license but I need another form of ID in order to process this paper work.
803,4,Ses02M_impro01_M,frustration,"Okay, so what are you saying? What-"
803,5,Ses02M_impro01_F,neutral,"Um, that you would need to go home and get another form of ID and come back."
803,6,Ses02M_impro01_M,anger,"What? I- You telling me I waited in that huge line to go and sit down and get my number called, like after"
803,7,Ses02M_impro01_F,frustration,"Well, I'm sorry sir but"
804,0,Ses01F_impro05_M,neutral,Yes.
804,1,Ses01F_impro05_M,neutral,I know.
804,2,Ses01F_impro05_F,anger,We flew in from Paris.  I've been shopping for three weeks.
804,3,Ses01F_impro05_M,neutral,"I'm very sorry.  But if you see the sign that's right behind me here, it spells it out really clearly that we are not held liable--"
804,4,Ses01F_impro05_F,anger,I don't care what you're freaking sign says.  Somebody- Somebody needs to replace everything I've got there and give me money for my inconvenience.
804,5,Ses01F_impro05_M,neutral,Okay. Calm-
804,6,Ses01F_impro05_M,neutral,"Actually, we are not necessarily liable to give you- to even give you this fifty dollars so... it's actually- it's actually really"
804,7,Ses01F_impro05_F,anger,Do you understand who my husband is?
805,0,Ses01M_impro01_F,anger,Next.
805,1,Ses01M_impro01_M,frustration,"Yes, me. Okay, okay here we go."
805,2,Ses01M_impro01_F,anger,My window is open.
805,3,Ses01M_impro01_M,frustration,"Okay, so filled out all these forms  --"
805,4,Ses01M_impro01_F,neutral,This is... Your last- Your first name is Jones?
805,5,Ses01M_impro01_M,frustration,and I have This form of ID here so...
805,6,Ses01M_impro01_M,neutral,"Yes, Jones."
805,7,Ses01M_impro01_F,neutral,That's just strange I figured you filled in wrong sections.
805,8,Ses01M_impro01_M,neutral,Well...
806,0,Ses01M_impro03_M,neutral,I'll make her pay for that.  I hear she's like totally wealthy. She's like royalty- --or something like and- --whatever like removed or something but yeah.
806,1,Ses01M_impro03_F,neutral,[GARBAGE] She's got to be loaded.  fifty thousand dollars.  That's incredible.
806,2,Ses01M_impro03_F,neutral,Incredible.
806,3,Ses01M_impro03_M,neutral,I'm going to marry a blue blood. [LAUGHTER]
806,4,Ses01M_impro03_F,neutral,"you're a lucky, lucky, lucky man."
806,5,Ses01M_impro03_M,neutral,Will you help me plan?
806,6,Ses01M_impro03_F,neutral,"Oh, totally. Yeah."
806,7,Ses01M_impro03_M,neutral,Good.
807,0,Ses05M_script01_1b_M,frustration,"All right.  All right, just listen."
807,1,Ses05M_script01_1b_M,neutral,"You know why I invited Annie, right?"
807,2,Ses05M_script01_1b_F,neutral,Why?
807,3,Ses05M_script01_1b_M,neutral,You know.
807,4,Ses05M_script01_1b_F,neutral,"Well, I've got an idea but what's the story?"
807,5,Ses05M_script01_1b_M,neutral,I'm gonna ask her to marry me.
807,6,Ses05M_script01_1b_F,neutral,"Well, that's your business, Chris."
807,7,Ses05M_script01_1b_M,frustration,You know it's not just my business.
808,0,Ses03M_impro01_M,neutral,Okey This is a new one.  Take the new one.
808,1,Ses03M_impro01_M,neutral,Do you own the D.M.V.?
808,2,Ses03M_impro01_M,frustration,I'm sorry she's--these people they just want to get their license--
808,3,Ses03M_impro01_F,frustration,"No, You cannot get your license.  You filled out the wrong part of the form."
808,4,Ses03M_impro01_M,neutral,What are you talking about?  Just transfer it over.  I filled out the new one.
808,5,Ses03M_impro01_F,anger,"This entire time you're fighting with me sir, you could've finished the form and already been half way-- No.  Get out."
808,6,Ses03M_impro01_M,anger,I did finish one.  Take it.
808,7,Ses03M_impro01_M,anger,What is wrong with you?
809,0,Ses01M_impro06_F,neutral,You okay?
809,1,Ses01M_impro06_M,sadness,"Yeah, I'm just-- yeah"
809,2,Ses01M_impro06_M,sadness,"Just kind of feel numb, you know."
809,3,Ses01M_impro06_F,neutral,What's happened?
809,4,Ses01M_impro06_M,sadness,You didn't even hear?
809,5,Ses01M_impro06_M,sadness,[BREATHING] Umm.
809,6,Ses01M_impro06_M,sadness,God I've told this story so many times. Umm.
809,7,Ses01M_impro06_F,neutral,You don't have to if you don't want to.
809,8,Ses01M_impro06_M,sadness,I just...I just basically lost someone that was really close to me.
810,0,Ses01M_script01_3_F,happiness,I'll never forgive you for waiting so long.  All I did was sit around and wonder if I was crazy for thinking about you.
810,1,Ses01M_script01_3_M,happiness,I kissed you.
810,2,Ses01M_script01_3_F,neutral,"Like Larry's brother.  Do what like you, Chris."
810,3,Ses01M_script01_3_F,sadness,"Chris, what's the matter?"
810,4,Ses01M_script01_3_M,sadness,Do you want to go somewhere?  Let's go.
810,5,Ses01M_script01_3_F,sadness,"No, what is it?  Is your mother?"
810,6,Ses01M_script01_3_M,sadness,"No, no, it's nothing like that."
810,7,Ses01M_script01_3_F,neutral,"Well, then what?  You know, even in your letter you seem kind of ashamed."
811,0,Ses02F_script01_3_F,sadness,You've gotta tell me.
811,1,Ses02F_script01_3_M,sadness,I don't know how to start.
811,2,Ses02F_script01_3_F,sadness,It wouldn't work this way.
811,3,Ses02F_script01_3_M,sadness,"It's all mixed up with so many other things.  You remember overseas, I was in command of a company?"
811,4,Ses02F_script01_3_F,sadness,"Yeah, sure."
811,5,Ses02F_script01_3_M,sadness,"Well, I lost them."
811,6,Ses02F_script01_3_F,sadness,How many?
811,7,Ses02F_script01_3_M,sadness,Just about all.
812,0,Ses01M_script02_1_M,neutral,My flashlight.  How could I forget my flashlight?  God--
812,1,Ses01M_script02_1_F,neutral,What flashlight?
812,2,Ses01M_script02_1_M,neutral,Flashlight the silver one.  There's only one isn't there?
812,3,Ses01M_script02_1_F,neutral,That's not your flashlight.
812,4,Ses01M_script02_1_M,neutral,Whose is it?
812,5,Ses01M_script02_1_F,neutral,"It's ours; it's my flashlight, too."
812,6,Ses01M_script02_1_M,neutral,"Oh, well, yeah of course."
812,7,Ses01M_script02_1_F,anger,"You keep saying ""my flashlight"" like somehow it's just yours. How's that supposed to make me feel?"
813,0,Ses02F_script01_1_F,anger,"Well, you don't want to think like that."
813,1,Ses02F_script01_1_M,neutral,Then help me stay here.
813,2,Ses02F_script01_1_F,neutral,"All right, but just don't go thinkin' like that 'cause otherwise what did we work for?  I mean, the whole thing is for you, Chris.  The whole shootin' match is for you."
813,3,Ses02F_script01_1_M,frustration,"I know.  I know, Mom.  Just help me stay here."
813,4,Ses02F_script01_1_F,frustration,"All right.  Just-- just don't go thinkin' that way, you hear me?"
813,5,Ses02F_script01_1_M,neutral,I am thinkin' that way.
813,6,Ses02F_script01_1_F,frustration,"I don't understand you, do I?"
813,7,Ses02F_script01_1_M,neutral,"No, you don't.  I'm a pretty tough guy."
813,8,Ses02F_script01_1_F,sadness,I can see that.
814,0,Ses04M_impro07_M,neutral,"Okay.  Um, but, no, I, uh, I do need to get a gun soon, though, 'cause I mean"
814,1,Ses04M_impro07_F,neutral,Excuse me?
814,2,Ses04M_impro07_M,neutral,I need to get like a -- just a small little gun just 'cause -- or like a taser or something or just like a butterfly knife
814,3,Ses04M_impro07_F,neutral,No.
814,4,Ses04M_impro07_M,neutral,"'cause, you know, I mean, it's like If I ever want to go south of campus"
814,5,Ses04M_impro07_F,neutral,Well just don't go south of campus.  Don't get a gun. That's stupid. I mean-
814,6,Ses04M_impro07_M,neutral,Well I need to defend myself from
814,7,Ses04M_impro07_F,neutral,Why don't you take kung fu?
815,0,Ses02F_script01_2_F,neutral,Why did he invite her here?
815,1,Ses02F_script01_2_M,neutral,Why does that bother you?
815,2,Ses02F_script01_2_F,neutral,She's been in New York for three and half years.  Why all of a sudden?
815,3,Ses02F_script01_2_M,neutral,"Well, maybe he just wanted to see her again."
815,4,Ses02F_script01_2_F,neutral,Nobody comes seven hundred miles just to see.
815,5,Ses02F_script01_2_M,neutral,What do you mean?  He lived next door to the girl all his life.  Why wouldn't he want to see her again?
815,6,Ses02F_script01_2_M,neutral,Don't look at me like that.  He didn't tell me anymore than he told you.
815,7,Ses02F_script01_2_F,neutral,She's not-
815,8,Ses02F_script01_2_M,neutral,How do you know he's even thinking of it?
815,9,Ses02F_script01_2_F,neutral,-he's not gonna marry her.
816,0,Ses04F_script01_1_M,neutral,I've been a good son too long.  A good sucker I'm through with it.
816,1,Ses04F_script01_1_F,anger,You've got a business here.  What the hell is this?
816,2,Ses04F_script01_1_M,anger,"The business, the business doesn't inspire me."
816,3,Ses04F_script01_1_F,anger,Must you be inspired?
816,4,Ses04F_script01_1_M,frustration,"Yes, I like it an hour a day.  If I have to grub for money all day long, at least at evening I want it beautiful."
816,5,Ses04F_script01_1_M,frustration,I want- I want a family.  I want some kids.  I want to build something I give myself to.  Annie is in the middle of that.  Now where do I find it?
816,6,Ses04F_script01_1_F,frustration,You mean-tell me something you mean you'd really leave the business?
816,7,Ses04F_script01_1_M,neutral,Yes on this I would.
816,8,Ses04F_script01_1_F,neutral,Well you don't want to think that way.
817,0,Ses04M_impro02_F,neutral,Don't go.
817,1,Ses04M_impro02_M,frustration,I can't do that.  I have to go.
817,2,Ses04M_impro02_F,frustration,"Do you want to -- do you want to leave us behind?  I mean, I don't understand why you have to do this."
817,3,Ses04M_impro02_M,frustration,I've made a pledge.  I can't not do this at this point.
817,4,Ses04M_impro02_F,neutral,"You've made a pledge to us, too.  Remember that day, we stood in front of each other and said 'til death do us part.  Put on some rings and it's supposed to mean something."
817,5,Ses04M_impro02_M,frustration,I know that. I know that. I know that.
817,6,Ses04M_impro02_M,neutral,"There's nothing I can do.  I mean, I have to go."
817,7,Ses04M_impro02_M,frustration,"And this is what I do.  This is -- I mean, this is my life.  And I know that you're part of my life, too, and I mean, it's only -- it's just going to be a year.  I'll be back."
817,8,Ses04M_impro02_F,frustration,Can't you ask them?  Can't you go back and ask them if you could -- I don't know if you could change  assignments or something and you could stay here?
818,0,Ses05M_impro05_F,neutral,Chances are it's probably just you know -- taking time being um- unloaded from the airplane.
818,1,Ses05M_impro05_M,neutral,-- four hundred miles?
818,2,Ses05M_impro05_M,frustration,"I should hope so.  You know, I need that today."
818,3,Ses05M_impro05_F,neutral,"Um, well, there's not much I can do.  I can, you can file this report and we'll call you when it comes in."
818,4,Ses05M_impro05_M,frustration,"Let me explain to you what the problem is.  My grandfather's remains are in that bag.  And I have to, like, distribute them today.  We're suppose to, you know, throw them out to the sea today."
818,5,Ses05M_impro05_F,neutral,wow.
818,6,Ses05M_impro05_F,neutral,"Wow.  Well, that's really important, obviously.  But, um --"
818,7,Ses05M_impro05_M,frustration,"Yeah.  I mean, if you have a suggestion, like, it would be great to help me out here."
818,8,Ses05M_impro05_F,neutral,"Uh- Actually, I don't know that that's legal. Um- it is the issue"
819,0,Ses01M_script03_2_M,anger,I will do no such thing.
819,1,Ses01M_script03_2_F,anger,Very well if you insist on being boorish and idiotic.
819,2,Ses01M_script03_2_M,anger,Turn it off. It's driving me mad.
819,3,Ses01M_script03_2_F,anger,I won't.
819,4,Ses01M_script03_2_M,anger,Turn it off.
819,5,Ses01M_script03_2_F,anger,Stop it. No. Go away.
819,6,Ses01M_script03_2_M,anger,Amanda listen. Listen.
819,7,Ses01M_script03_2_F,anger,"listen Oh I'm sick and tired of listening to you, you damn sadistic bully."
